Date,HomeTeam,AwayTeam,FTHG,FTAG,FTR,HC,AC,HY,AY,HST,AST,HF,AF,HS,AS,Referee
03/08/2013,Barnsley,Wigan,0.0,4.0,A,5.0,8.0,1.0,1.0,0.0,9.0,10.0,8.0,6.0,15.0,G Eltrigham
03/08/2013,Birmingham,Watford,0.0,1.0,A,9.0,5.0,4.0,1.0,1.0,6.0,10.0,8.0,5.0,9.0,P Tierney
03/08/2013,Bournemouth,Charlton,2.0,1.0,H,7.0,2.0,1.0,0.0,8.0,2.0,12.0,11.0,14.0,11.0,A D'Urso
03/08/2013,Burnley,Bolton,1.0,1.0,D,10.0,6.0,0.0,1.0,3.0,3.0,9.0,8.0,12.0,13.0,M Clattenburg
03/08/2013,Doncaster,Blackpool,1.0,3.0,A,5.0,5.0,2.0,3.0,3.0,4.0,8.0,6.0,10.0,8.0,K Woolmer
03/08/2013,Leeds,Brighton,2.0,1.0,H,8.0,6.0,3.0,1.0,3.0,6.0,6.0,6.0,10.0,7.0,J Adcock
03/08/2013,Middlesbrough,Leicester,1.0,2.0,A,4.0,4.0,1.0,0.0,5.0,7.0,4.0,5.0,15.0,12.0,A Madley
03/08/2013,Millwall,Yeovil,0.0,1.0,A,3.0,5.0,1.0,2.0,5.0,2.0,10.0,10.0,12.0,6.0,D Whitestone
03/08/2013,Nott'm Forest,Huddersfield,1.0,0.0,H,4.0,3.0,0.0,2.0,3.0,1.0,8.0,12.0,10.0,5.0,G Salisbury
03/08/2013,QPR,Sheffield Weds,2.0,1.0,H,6.0,1.0,1.0,2.0,10.0,1.0,10.0,11.0,15.0,9.0,S Mathieson
03/08/2013,Reading,Ipswich,2.0,1.0,H,6.0,1.0,1.0,2.0,5.0,5.0,14.0,14.0,8.0,6.0,D Coote
04/08/2013,Derby,Blackburn,1.0,1.0,D,7.0,7.0,1.0,2.0,5.0,4.0,11.0,15.0,15.0,20.0,S Attwell
10/08/2013,Blackburn,Nott'm Forest,0.0,1.0,A,7.0,3.0,1.0,3.0,2.0,2.0,12.0,15.0,6.0,11.0,A Madley
10/08/2013,Blackpool,Barnsley,1.0,0.0,H,7.0,6.0,0.0,0.0,0.0,0.0,13.0,11.0,8.0,8.0,S Martin
10/08/2013,Bolton,Reading,1.0,1.0,D,3.0,12.0,2.0,2.0,5.0,4.0,14.0,6.0,16.0,12.0,C Boyeson
10/08/2013,Brighton,Derby,1.0,2.0,A,6.0,6.0,3.0,5.0,4.0,2.0,14.0,14.0,10.0,8.0,A D'Urso
10/08/2013,Charlton,Middlesbrough,0.0,1.0,A,6.0,8.0,1.0,2.0,3.0,3.0,12.0,7.0,9.0,15.0,P Tierney
10/08/2013,Huddersfield,QPR,1.0,1.0,D,1.0,3.0,1.0,1.0,2.0,6.0,9.0,11.0,6.0,17.0,A Haines
10/08/2013,Ipswich,Millwall,3.0,0.0,H,8.0,4.0,1.0,2.0,5.0,0.0,7.0,10.0,8.0,5.0,G Salisbury
10/08/2013,Sheffield Weds,Burnley,1.0,2.0,A,7.0,3.0,3.0,3.0,5.0,4.0,10.0,12.0,14.0,10.0,D Webb
10/08/2013,Watford,Bournemouth,6.0,1.0,H,2.0,4.0,2.0,1.0,11.0,4.0,9.0,7.0,14.0,8.0,J Adcock
10/08/2013,Yeovil,Birmingham,0.0,1.0,A,2.0,4.0,2.0,4.0,3.0,5.0,9.0,13.0,11.0,10.0,T Robinson
11/08/2013,Leicester,Leeds,0.0,0.0,D,7.0,9.0,3.0,1.0,2.0,0.0,9.0,11.0,13.0,10.0,K Stroud
16/08/2013,Doncaster,Blackburn,2.0,0.0,H,2.0,7.0,1.0,2.0,6.0,1.0,9.0,10.0,9.0,15.0,G Eltrigham
17/08/2013,Barnsley,Charlton,2.0,2.0,D,8.0,5.0,1.0,1.0,7.0,5.0,10.0,10.0,18.0,6.0,J Simpson
17/08/2013,Birmingham,Brighton,0.0,1.0,A,2.0,3.0,2.0,2.0,2.0,4.0,8.0,15.0,12.0,8.0,S Hooper
17/08/2013,Bournemouth,Wigan,1.0,0.0,H,3.0,7.0,4.0,2.0,5.0,1.0,12.0,10.0,8.0,8.0,G Scott
17/08/2013,Burnley,Yeovil,2.0,0.0,H,3.0,5.0,3.0,2.0,7.0,3.0,10.0,11.0,21.0,10.0,S Duncan
17/08/2013,Derby,Leicester,0.0,1.0,A,7.0,4.0,0.0,2.0,5.0,3.0,10.0,13.0,15.0,8.0,R Madley
17/08/2013,Leeds,Sheffield Weds,1.0,1.0,D,9.0,6.0,0.0,2.0,5.0,3.0,12.0,11.0,13.0,10.0,R East
17/08/2013,Middlesbrough,Blackpool,1.0,1.0,D,5.0,5.0,0.0,2.0,3.0,2.0,6.0,11.0,14.0,4.0,T Kettle
17/08/2013,Millwall,Huddersfield,0.0,1.0,A,11.0,4.0,1.0,1.0,3.0,4.0,11.0,7.0,13.0,8.0,O Langford
17/08/2013,Nott'm Forest,Bolton,3.0,0.0,H,8.0,3.0,1.0,4.0,4.0,2.0,7.0,7.0,12.0,7.0,M Haywood
17/08/2013,QPR,Ipswich,1.0,0.0,H,12.0,5.0,0.0,1.0,3.0,4.0,10.0,8.0,14.0,7.0,M Naylor
17/08/2013,Reading,Watford,3.0,3.0,D,5.0,10.0,2.0,2.0,5.0,6.0,11.0,13.0,8.0,12.0,M Jones
20/08/2013,Wigan,Doncaster,2.0,2.0,D,6.0,4.0,0.0,3.0,7.0,3.0,12.0,9.0,20.0,13.0,C Boyeson
24/08/2013,Blackburn,Barnsley,5.0,2.0,H,6.0,1.0,0.0,2.0,9.0,3.0,11.0,10.0,19.0,5.0,M Haywood
24/08/2013,Blackpool,Reading,1.0,0.0,H,3.0,5.0,1.0,1.0,4.0,2.0,10.0,8.0,9.0,5.0,D Webb
24/08/2013,Bolton,QPR,0.0,1.0,A,6.0,8.0,1.0,6.0,3.0,3.0,18.0,12.0,11.0,6.0,J Adcock
24/08/2013,Brighton,Burnley,2.0,0.0,H,0.0,5.0,1.0,1.0,3.0,5.0,7.0,7.0,14.0,8.0,D Sheldrake
24/08/2013,Huddersfield,Bournemouth,5.0,1.0,H,6.0,8.0,2.0,2.0,8.0,3.0,11.0,9.0,13.0,11.0,D Bond
24/08/2013,Ipswich,Leeds,1.0,2.0,A,13.0,3.0,0.0,1.0,5.0,3.0,4.0,9.0,16.0,9.0,M Dean
24/08/2013,Leicester,Birmingham,3.0,2.0,H,12.0,4.0,0.0,1.0,4.0,4.0,7.0,5.0,13.0,6.0,E Ilderton
24/08/2013,Sheffield Weds,Millwall,2.0,2.0,D,7.0,4.0,1.0,1.0,5.0,1.0,10.0,10.0,8.0,4.0,S Attwell
24/08/2013,Yeovil,Derby,0.0,3.0,A,8.0,6.0,1.0,2.0,3.0,7.0,14.0,14.0,6.0,11.0,K Hill
25/08/2013,Watford,Nott'm Forest,1.0,1.0,D,7.0,4.0,1.0,5.0,7.0,8.0,8.0,20.0,19.0,18.0,O Langford
25/08/2013,Wigan,Middlesbrough,2.0,2.0,D,1.0,6.0,1.0,0.0,5.0,7.0,14.0,12.0,7.0,11.0,D Coote
31/08/2013,Barnsley,Huddersfield,2.0,1.0,H,1.0,4.0,1.0,1.0,3.0,2.0,8.0,13.0,11.0,7.0,L Mason
31/08/2013,Birmingham,Ipswich,1.0,1.0,D,4.0,7.0,1.0,1.0,3.0,8.0,8.0,7.0,8.0,12.0,D Drysdale
31/08/2013,Blackburn,Bolton,4.0,1.0,H,5.0,1.0,1.0,2.0,6.0,5.0,9.0,8.0,15.0,9.0,K Stroud
31/08/2013,Blackpool,Watford,1.0,0.0,H,8.0,4.0,4.0,3.0,4.0,6.0,10.0,18.0,10.0,19.0,G Eltrigham
31/08/2013,Brighton,Millwall,1.0,1.0,D,7.0,3.0,2.0,1.0,2.0,2.0,6.0,13.0,14.0,5.0,R Madley
31/08/2013,Charlton,Leicester,2.0,1.0,H,11.0,3.0,3.0,2.0,8.0,5.0,6.0,12.0,15.0,8.0,D Deadman
31/08/2013,Derby,Burnley,0.0,3.0,A,7.0,1.0,1.0,2.0,3.0,5.0,9.0,12.0,14.0,10.0,A Madley
31/08/2013,Doncaster,Bournemouth,0.0,1.0,A,7.0,7.0,3.0,2.0,2.0,2.0,14.0,11.0,11.0,12.0,S Hooper
31/08/2013,Leeds,QPR,0.0,1.0,A,8.0,4.0,0.0,1.0,2.0,4.0,11.0,5.0,11.0,16.0,S Attwell
31/08/2013,Middlesbrough,Sheffield Weds,1.0,1.0,D,8.0,8.0,0.0,1.0,6.0,2.0,5.0,10.0,22.0,6.0,C Sarginson
31/08/2013,Wigan,Nott'm Forest,2.0,1.0,H,6.0,5.0,1.0,2.0,2.0,2.0,10.0,15.0,5.0,9.0,C Pawson
31/08/2013,Yeovil,Reading,0.0,1.0,A,5.0,4.0,1.0,0.0,4.0,1.0,18.0,10.0,13.0,5.0,J Linington
14/09/2013,Bolton,Leeds,0.0,1.0,A,4.0,7.0,3.0,0.0,1.0,2.0,13.0,13.0,16.0,11.0,A D'Urso
14/09/2013,Bournemouth,Blackpool,1.0,2.0,A,7.0,1.0,0.0,2.0,3.0,2.0,4.0,11.0,14.0,10.0,O Langford
14/09/2013,Burnley,Blackburn,1.0,1.0,D,5.0,12.0,3.0,1.0,4.0,4.0,21.0,17.0,10.0,10.0,C Pawson
14/09/2013,Huddersfield,Doncaster,0.0,0.0,D,3.0,7.0,2.0,1.0,6.0,4.0,16.0,10.0,14.0,23.0,P Tierney
14/09/2013,Ipswich,Middlesbrough,3.0,1.0,H,5.0,6.0,2.0,1.0,5.0,3.0,13.0,10.0,13.0,7.0,J Linington
14/09/2013,Leicester,Wigan,2.0,0.0,H,6.0,6.0,0.0,2.0,4.0,3.0,17.0,7.0,10.0,10.0,D Webb
14/09/2013,Millwall,Derby,1.0,5.0,A,1.0,6.0,3.0,5.0,1.0,6.0,16.0,14.0,3.0,9.0,K Stroud
14/09/2013,Nott'm Forest,Barnsley,3.0,2.0,H,13.0,6.0,2.0,2.0,8.0,2.0,15.0,10.0,21.0,7.0,I Williamson
14/09/2013,QPR,Birmingham,1.0,0.0,H,3.0,2.0,1.0,4.0,2.0,1.0,17.0,14.0,10.0,9.0,M Jones
14/09/2013,Sheffield Weds,Yeovil,1.0,1.0,D,5.0,7.0,3.0,1.0,4.0,6.0,10.0,10.0,9.0,17.0,G Eltrigham
14/09/2013,Watford,Charlton,1.0,1.0,D,3.0,4.0,3.0,2.0,4.0,2.0,14.0,9.0,15.0,5.0,K Woolmer 
15/09/2013,Reading,Brighton,0.0,0.0,D,5.0,8.0,3.0,3.0,4.0,5.0,11.0,13.0,10.0,20.0,G Scott
17/09/2013,Bolton,Derby,2.0,2.0,D,9.0,2.0,3.0,2.0,4.0,8.0,14.0,8.0,22.0,14.0,S Mathieson
17/09/2013,Bournemouth,Barnsley,1.0,0.0,H,7.0,3.0,0.0,1.0,4.0,2.0,9.0,10.0,14.0,10.0,B Malone
17/09/2013,Burnley,Birmingham,3.0,0.0,H,5.0,4.0,0.0,0.0,4.0,1.0,8.0,6.0,16.0,9.0,M Brown
17/09/2013,Huddersfield,Charlton,2.0,1.0,H,3.0,4.0,1.0,3.0,2.0,3.0,9.0,9.0,12.0,13.0,S Attwell
17/09/2013,Ipswich,Yeovil,2.0,1.0,H,7.0,3.0,0.0,0.0,7.0,3.0,8.0,8.0,18.0,6.0,D Deadman
17/09/2013,Leicester,Blackburn,2.0,1.0,H,7.0,7.0,1.0,3.0,6.0,3.0,11.0,12.0,17.0,12.0,S Hooper
17/09/2013,Millwall,Blackpool,3.0,1.0,H,5.0,1.0,1.0,1.0,4.0,3.0,12.0,15.0,6.0,7.0,S Bratt
17/09/2013,Nott'm Forest,Middlesbrough,2.0,2.0,D,7.0,2.0,3.0,4.0,6.0,5.0,7.0,9.0,21.0,12.0,P Dowd
17/09/2013,Watford,Doncaster,2.0,1.0,H,6.0,1.0,2.0,2.0,5.0,2.0,8.0,6.0,13.0,11.0,D Drysdale
18/09/2013,QPR,Brighton,0.0,0.0,D,7.0,7.0,1.0,2.0,3.0,1.0,9.0,21.0,12.0,5.0,A Madley
18/09/2013,Reading,Leeds,1.0,0.0,H,7.0,1.0,2.0,1.0,5.0,1.0,10.0,14.0,16.0,12.0,N Swarbrick
21/09/2013,Barnsley,Watford,1.0,5.0,A,5.0,4.0,0.0,1.0,5.0,9.0,6.0,12.0,17.0,17.0,R Clark
21/09/2013,Birmingham,Sheffield Weds,4.0,1.0,H,6.0,3.0,2.0,1.0,6.0,3.0,17.0,22.0,12.0,10.0,K Hill
21/09/2013,Blackburn,Huddersfield,0.0,0.0,D,8.0,4.0,1.0,1.0,1.0,2.0,10.0,9.0,14.0,8.0,S Martin
21/09/2013,Blackpool,Leicester,2.0,2.0,D,4.0,7.0,0.0,1.0,1.0,2.0,10.0,13.0,10.0,15.0,S Duncan
21/09/2013,Brighton,Bolton,3.0,1.0,H,10.0,7.0,2.0,3.0,2.0,5.0,8.0,12.0,17.0,14.0,M Jones
21/09/2013,Charlton,Millwall,0.0,1.0,A,3.0,3.0,1.0,1.0,2.0,3.0,5.0,7.0,6.0,12.0,A D'Urso
21/09/2013,Derby,Reading,1.0,3.0,A,8.0,5.0,1.0,2.0,8.0,5.0,12.0,11.0,15.0,11.0,T Robinson
21/09/2013,Doncaster,Nott'm Forest,2.0,2.0,D,5.0,10.0,2.0,0.0,5.0,10.0,7.0,8.0,8.0,19.0,A Haines
21/09/2013,Leeds,Burnley,1.0,2.0,A,6.0,6.0,2.0,1.0,5.0,8.0,10.0,12.0,22.0,16.0,L Probert
21/09/2013,Middlesbrough,Bournemouth,3.0,3.0,D,3.0,5.0,2.0,3.0,6.0,0.0,11.0,9.0,20.0,7.0,G Salisbury
21/09/2013,Yeovil,QPR,0.0,1.0,A,6.0,4.0,2.0,1.0,6.0,0.0,16.0,10.0,13.0,7.0,G Ward
22/09/2013,Wigan,Ipswich,2.0,0.0,H,3.0,10.0,0.0,2.0,3.0,5.0,10.0,9.0,13.0,20.0,J Adcock
27/09/2013,Huddersfield,Blackpool,1.0,1.0,D,6.0,5.0,0.0,4.0,1.0,2.0,14.0,14.0,8.0,7.0,S Mathieson
28/09/2013,Bolton,Yeovil,1.0,1.0,D,5.0,7.0,1.0,2.0,5.0,6.0,5.0,11.0,18.0,11.0,T Harrington
28/09/2013,Bournemouth,Blackburn,1.0,3.0,A,4.0,4.0,2.0,3.0,4.0,5.0,13.0,12.0,9.0,20.0,R Lewis
28/09/2013,Burnley,Charlton,3.0,0.0,H,3.0,1.0,1.0,1.0,3.0,2.0,13.0,10.0,13.0,10.0,D Coote
28/09/2013,Ipswich,Brighton,2.0,0.0,H,2.0,2.0,0.0,1.0,2.0,0.0,17.0,13.0,10.0,7.0,S Martin
28/09/2013,Leicester,Barnsley,2.0,1.0,H,7.0,7.0,0.0,1.0,6.0,6.0,13.0,10.0,17.0,15.0,P Gibbs
28/09/2013,Millwall,Leeds,2.0,0.0,H,2.0,1.0,1.0,1.0,3.0,2.0,11.0,13.0,11.0,8.0,C Foy
28/09/2013,Nott'm Forest,Derby,1.0,0.0,H,7.0,5.0,4.0,1.0,5.0,2.0,26.0,8.0,13.0,12.0,S Hooper
28/09/2013,QPR,Middlesbrough,2.0,0.0,H,7.0,3.0,2.0,3.0,6.0,5.0,7.0,12.0,16.0,19.0,D Deadman
28/09/2013,Reading,Birmingham,2.0,0.0,H,2.0,4.0,0.0,2.0,5.0,5.0,7.0,12.0,11.0,17.0,J Adcock
28/09/2013,Sheffield Weds,Doncaster,0.0,1.0,A,11.0,4.0,2.0,3.0,5.0,5.0,14.0,12.0,18.0,8.0,J Moss
28/09/2013,Watford,Wigan,1.0,0.0,H,3.0,2.0,2.0,1.0,4.0,3.0,9.0,9.0,11.0,8.0,A Madley
01/10/2013,Barnsley,Reading,1.0,1.0,D,7.0,3.0,3.0,3.0,8.0,3.0,12.0,11.0,23.0,9.0,C Sarginson
01/10/2013,Birmingham,Millwall,4.0,0.0,H,5.0,3.0,0.0,1.0,10.0,1.0,13.0,15.0,14.0,7.0,A Woolmer
01/10/2013,Blackburn,Watford,1.0,0.0,H,3.0,4.0,2.0,2.0,4.0,2.0,12.0,9.0,17.0,12.0,S Duncan
01/10/2013,Blackpool,Bolton,0.0,0.0,D,6.0,2.0,1.0,0.0,4.0,2.0,11.0,10.0,16.0,11.0,N Swarbrick
01/10/2013,Brighton,Sheffield Weds,1.0,1.0,D,5.0,2.0,3.0,4.0,4.0,5.0,17.0,13.0,14.0,7.0,K Stroud
01/10/2013,Charlton,Nott'm Forest,1.0,1.0,D,7.0,8.0,0.0,1.0,8.0,4.0,8.0,10.0,24.0,11.0,F Graham
01/10/2013,Derby,Ipswich,4.0,4.0,D,8.0,6.0,1.0,5.0,6.0,5.0,14.0,15.0,14.0,14.0,T Kettle
01/10/2013,Doncaster,Burnley,0.0,2.0,A,7.0,9.0,2.0,1.0,3.0,10.0,8.0,5.0,10.0,16.0,R East
01/10/2013,Leeds,Bournemouth,2.0,1.0,H,6.0,3.0,2.0,2.0,7.0,2.0,7.0,7.0,17.0,5.0,D Coote
01/10/2013,Middlesbrough,Huddersfield,1.0,1.0,D,9.0,5.0,0.0,2.0,8.0,1.0,11.0,10.0,20.0,8.0,J Simpson
01/10/2013,Yeovil,Leicester,1.0,2.0,A,5.0,7.0,0.0,1.0,5.0,8.0,5.0,12.0,21.0,24.0,B Malone
05/10/2013,Birmingham,Bolton,1.0,2.0,A,6.0,4.0,0.0,2.0,5.0,2.0,14.0,16.0,15.0,9.0,D Coote
05/10/2013,Bournemouth,Millwall,5.0,2.0,H,3.0,3.0,1.0,2.0,8.0,4.0,4.0,16.0,21.0,8.0,L Collins
05/10/2013,Brighton,Nott'm Forest,1.0,3.0,A,2.0,3.0,1.0,4.0,3.0,6.0,11.0,19.0,21.0,11.0,C Pawson
05/10/2013,Burnley,Reading,2.0,1.0,H,8.0,3.0,0.0,2.0,8.0,3.0,7.0,8.0,21.0,7.0,M Jones
05/10/2013,Charlton,Blackpool,0.0,0.0,D,3.0,5.0,0.0,2.0,2.0,1.0,15.0,10.0,9.0,12.0,K Hill
05/10/2013,Derby,Leeds,3.0,1.0,H,8.0,5.0,2.0,1.0,4.0,3.0,15.0,16.0,16.0,11.0,G Eltrigham
05/10/2013,Doncaster,Leicester,1.0,0.0,H,3.0,4.0,0.0,1.0,3.0,3.0,7.0,6.0,11.0,11.0,M Heywood
05/10/2013,Huddersfield,Watford,1.0,2.0,A,6.0,7.0,1.0,2.0,5.0,7.0,9.0,7.0,17.0,18.0,D Webb
05/10/2013,Middlesbrough,Yeovil,4.0,1.0,H,7.0,3.0,0.0,2.0,9.0,4.0,6.0,19.0,22.0,15.0,D Whitestone
05/10/2013,QPR,Barnsley,2.0,0.0,H,7.0,4.0,0.0,2.0,5.0,1.0,11.0,8.0,20.0,9.0,D Phillips
05/10/2013,Sheffield Weds,Ipswich,1.0,1.0,D,6.0,3.0,1.0,1.0,3.0,3.0,13.0,13.0,6.0,13.0,A Haines
06/10/2013,Wigan,Blackburn,2.0,1.0,H,15.0,3.0,2.0,4.0,6.0,2.0,9.0,16.0,20.0,11.0,S Attwell
19/10/2013,Barnsley,Middlesbrough,3.0,2.0,H,3.0,7.0,0.0,0.0,3.0,5.0,8.0,11.0,11.0,17.0,O Langford
19/10/2013,Blackburn,Charlton,0.0,1.0,A,5.0,2.0,2.0,0.0,2.0,3.0,9.0,11.0,12.0,11.0,K Wright
19/10/2013,Blackpool,Wigan,1.0,0.0,H,5.0,5.0,0.0,1.0,5.0,2.0,13.0,8.0,14.0,22.0,M Haywood
19/10/2013,Bolton,Sheffield Weds,1.0,1.0,D,5.0,3.0,2.0,1.0,7.0,4.0,17.0,12.0,13.0,15.0,C Foy
19/10/2013,Ipswich,Burnley,0.0,1.0,A,4.0,5.0,0.0,0.0,2.0,3.0,7.0,9.0,13.0,5.0,G Scott
19/10/2013,Leicester,Huddersfield,2.0,1.0,H,10.0,7.0,1.0,1.0,7.0,6.0,10.0,11.0,21.0,15.0,J Adcock
19/10/2013,Millwall,QPR,2.0,2.0,D,4.0,3.0,0.0,0.0,2.0,3.0,7.0,9.0,8.0,11.0,M Dean
19/10/2013,Nott'm Forest,Bournemouth,1.0,1.0,D,10.0,5.0,4.0,2.0,5.0,4.0,11.0,9.0,21.0,14.0,P Gibbs
19/10/2013,Reading,Doncaster,4.0,1.0,H,8.0,5.0,1.0,1.0,7.0,5.0,12.0,13.0,17.0,13.0,A D'Urso
19/10/2013,Watford,Derby,2.0,3.0,A,4.0,4.0,3.0,3.0,3.0,5.0,18.0,11.0,15.0,10.0,J Linington
19/10/2013,Yeovil,Brighton,0.0,0.0,D,3.0,5.0,4.0,3.0,5.0,2.0,18.0,12.0,16.0,16.0,G Sutton
20/10/2013,Leeds,Birmingham,4.0,0.0,H,2.0,8.0,1.0,1.0,9.0,3.0,10.0,10.0,18.0,14.0,P Tierney
25/10/2013,Middlesbrough,Doncaster,4.0,0.0,H,6.0,5.0,1.0,1.0,8.0,1.0,12.0,10.0,21.0,7.0,M Naylor
26/10/2013,Barnsley,Sheffield Weds,1.0,1.0,D,8.0,8.0,1.0,2.0,2.0,4.0,10.0,9.0,11.0,15.0,R Madley
26/10/2013,Blackpool,Blackburn,2.0,2.0,D,4.0,6.0,2.0,3.0,4.0,4.0,11.0,13.0,11.0,14.0,P Tierney
26/10/2013,Bolton,Ipswich,1.0,1.0,D,8.0,3.0,1.0,1.0,4.0,4.0,8.0,10.0,14.0,12.0,D Webb
26/10/2013,Burnley,QPR,2.0,0.0,H,5.0,3.0,2.0,4.0,3.0,1.0,16.0,13.0,9.0,6.0,S Hooper
26/10/2013,Derby,Birmingham,1.0,1.0,D,6.0,9.0,1.0,3.0,7.0,4.0,13.0,19.0,15.0,12.0,R East
26/10/2013,Huddersfield,Leeds,3.0,2.0,H,5.0,5.0,1.0,2.0,4.0,4.0,14.0,13.0,15.0,13.0,N Swarbrick
26/10/2013,Leicester,Bournemouth,2.0,1.0,H,9.0,3.0,1.0,1.0,5.0,1.0,17.0,8.0,20.0,11.0,A Davies
26/10/2013,Reading,Millwall,1.0,1.0,D,4.0,8.0,2.0,3.0,4.0,3.0,13.0,10.0,13.0,11.0,D Phillips
26/10/2013,Yeovil,Nott'm Forest,3.0,1.0,H,8.0,10.0,4.0,3.0,7.0,13.0,12.0,16.0,16.0,26.0,M Russell
27/10/2013,Charlton,Wigan,0.0,0.0,D,3.0,3.0,1.0,0.0,3.0,3.0,18.0,10.0,9.0,18.0,S Martin
28/10/2013,Brighton,Watford,1.0,1.0,D,7.0,7.0,1.0,3.0,4.0,6.0,10.0,13.0,11.0,13.0,K Hill
30/10/2013,Wigan,QPR,0.0,0.0,D,5.0,6.0,0.0,0.0,1.0,1.0,12.0,14.0,11.0,9.0,M Naylor
01/11/2013,Ipswich,Barnsley,1.0,1.0,D,6.0,7.0,0.0,0.0,3.0,3.0,8.0,11.0,14.0,14.0,A D'Urso
02/11/2013,Birmingham,Charlton,0.0,1.0,A,2.0,2.0,0.0,0.0,2.0,7.0,8.0,8.0,5.0,14.0,S Mathieson
02/11/2013,Blackburn,Middlesbrough,1.0,0.0,H,7.0,6.0,1.0,5.0,5.0,3.0,6.0,12.0,13.0,9.0,C Boyeson
02/11/2013,Bournemouth,Bolton,0.0,2.0,A,10.0,3.0,2.0,4.0,4.0,4.0,6.0,11.0,20.0,14.0,D Deadman
02/11/2013,Doncaster,Brighton,1.0,3.0,A,7.0,5.0,1.0,3.0,4.0,6.0,9.0,11.0,12.0,13.0,F Graham
02/11/2013,Leeds,Yeovil,2.0,0.0,H,5.0,8.0,0.0,2.0,4.0,2.0,18.0,12.0,13.0,16.0,R Clark
02/11/2013,Millwall,Burnley,2.0,2.0,D,5.0,5.0,2.0,3.0,7.0,3.0,13.0,12.0,12.0,10.0,P Gibbs
02/11/2013,Nott'm Forest,Blackpool,0.0,1.0,A,6.0,6.0,0.0,2.0,3.0,6.0,10.0,11.0,11.0,17.0,M Naylor
02/11/2013,QPR,Derby,2.0,1.0,H,6.0,5.0,2.0,4.0,4.0,4.0,18.0,17.0,17.0,8.0,J Moss
02/11/2013,Sheffield Weds,Reading,5.0,2.0,H,4.0,2.0,1.0,1.0,7.0,4.0,10.0,4.0,18.0,16.0,E Ilderton
02/11/2013,Watford,Leicester,0.0,3.0,A,6.0,3.0,2.0,1.0,5.0,4.0,10.0,10.0,19.0,14.0,R East
02/11/2013,Wigan,Huddersfield,2.0,1.0,H,5.0,6.0,1.0,1.0,4.0,3.0,14.0,15.0,15.0,9.0,T Harrington
09/11/2013,Barnsley,Doncaster,0.0,0.0,D,5.0,3.0,1.0,2.0,5.0,0.0,10.0,14.0,16.0,7.0,K Friend
09/11/2013,Blackpool,Ipswich,2.0,3.0,A,5.0,5.0,0.0,1.0,4.0,3.0,9.0,9.0,8.0,11.0,I Williamson
09/11/2013,Bolton,Millwall,3.0,1.0,H,1.0,7.0,1.0,0.0,5.0,3.0,14.0,16.0,15.0,9.0,G Scott
09/11/2013,Brighton,Blackburn,3.0,0.0,H,6.0,9.0,2.0,2.0,6.0,8.0,9.0,15.0,15.0,18.0,A D'Urso
09/11/2013,Burnley,Bournemouth,1.0,1.0,D,7.0,3.0,0.0,4.0,8.0,4.0,8.0,11.0,20.0,11.0,M Russell
09/11/2013,Charlton,Leeds,2.0,4.0,A,6.0,1.0,2.0,2.0,4.0,4.0,12.0,13.0,18.0,9.0,K Stroud
09/11/2013,Derby,Sheffield Weds,3.0,0.0,H,10.0,5.0,1.0,4.0,5.0,1.0,17.0,11.0,23.0,10.0,D Webb
09/11/2013,Huddersfield,Birmingham,1.0,3.0,A,3.0,3.0,2.0,1.0,3.0,7.0,7.0,13.0,17.0,12.0,G Ward
09/11/2013,Leicester,Nott'm Forest,0.0,2.0,A,5.0,1.0,3.0,2.0,2.0,5.0,8.0,17.0,15.0,8.0,L Mason
09/11/2013,Middlesbrough,Watford,2.0,2.0,D,6.0,1.0,2.0,4.0,6.0,6.0,10.0,11.0,16.0,11.0,P Tierney
09/11/2013,Reading,QPR,1.0,1.0,D,8.0,1.0,1.0,1.0,3.0,7.0,8.0,7.0,12.0,15.0,A Taylor
10/11/2013,Yeovil,Wigan,0.0,1.0,A,12.0,8.0,1.0,4.0,6.0,6.0,14.0,12.0,13.0,23.0,J Linington
22/11/2013,Doncaster,Yeovil,2.0,1.0,H,5.0,7.0,1.0,1.0,6.0,6.0,10.0,14.0,12.0,12.0,S Attwell
23/11/2013,Birmingham,Blackpool,1.0,1.0,D,3.0,6.0,3.0,3.0,6.0,5.0,16.0,16.0,10.0,12.0,C Pawson
23/11/2013,Blackburn,Reading,0.0,0.0,D,3.0,8.0,1.0,3.0,6.0,1.0,13.0,19.0,15.0,10.0,G Eltrigham
23/11/2013,Bournemouth,Derby,0.0,1.0,A,8.0,6.0,2.0,2.0,3.0,8.0,9.0,11.0,14.0,16.0,S Martin
23/11/2013,Ipswich,Leicester,1.0,2.0,A,1.0,7.0,1.0,0.0,6.0,5.0,7.0,8.0,17.0,14.0,O Langford
23/11/2013,Leeds,Middlesbrough,2.0,1.0,H,5.0,2.0,1.0,3.0,7.0,4.0,13.0,16.0,19.0,9.0,P Gibbs
23/11/2013,Millwall,Barnsley,1.0,0.0,H,4.0,3.0,2.0,2.0,2.0,3.0,15.0,12.0,11.0,9.0,K Hill
23/11/2013,Nott'm Forest,Burnley,1.0,1.0,D,6.0,4.0,1.0,1.0,5.0,2.0,11.0,7.0,19.0,6.0,C Boyeson
23/11/2013,QPR,Charlton,1.0,0.0,H,7.0,2.0,1.0,1.0,7.0,2.0,11.0,9.0,21.0,8.0,D Whitestone
23/11/2013,Sheffield Weds,Huddersfield,1.0,2.0,A,4.0,3.0,2.0,4.0,7.0,3.0,11.0,16.0,14.0,9.0,R East
23/11/2013,Watford,Bolton,0.0,1.0,A,7.0,5.0,2.0,1.0,1.0,3.0,10.0,10.0,19.0,9.0,B Malone
23/11/2013,Wigan,Brighton,0.0,1.0,A,7.0,1.0,2.0,2.0,4.0,6.0,23.0,15.0,16.0,11.0,I Williamson
26/11/2013,Charlton,Doncaster,2.0,0.0,H,2.0,0.0,1.0,1.0,5.0,2.0,11.0,10.0,14.0,7.0,L Collins
29/11/2013,Nott'm Forest,Reading,2.0,3.0,A,7.0,6.0,3.0,1.0,3.0,4.0,16.0,14.0,15.0,10.0,S Attwell
30/11/2013,Barnsley,Birmingham,0.0,3.0,A,4.0,4.0,2.0,1.0,4.0,8.0,11.0,17.0,14.0,16.0,K Wright
30/11/2013,Blackburn,Leeds,1.0,0.0,H,8.0,5.0,0.0,3.0,5.0,2.0,5.0,15.0,13.0,6.0,C Pawson
30/11/2013,Blackpool,Sheffield Weds,2.0,0.0,H,11.0,1.0,3.0,2.0,6.0,1.0,17.0,10.0,18.0,9.0,S Hooper
30/11/2013,Bournemouth,Brighton,1.0,1.0,D,6.0,3.0,0.0,1.0,4.0,3.0,9.0,13.0,16.0,11.0,J Moss
30/11/2013,Charlton,Ipswich,0.0,1.0,A,5.0,6.0,1.0,2.0,4.0,6.0,5.0,9.0,11.0,15.0,S Duncan
30/11/2013,Doncaster,QPR,2.0,1.0,H,7.0,6.0,2.0,2.0,4.0,1.0,8.0,10.0,13.0,17.0,O Langford
30/11/2013,Huddersfield,Burnley,2.0,1.0,H,1.0,1.0,1.0,1.0,4.0,2.0,9.0,16.0,18.0,13.0,E Ilderton
30/11/2013,Leicester,Millwall,3.0,0.0,H,11.0,7.0,1.0,1.0,13.0,1.0,11.0,6.0,31.0,10.0,A Haines
30/11/2013,Middlesbrough,Bolton,1.0,0.0,H,5.0,5.0,2.0,1.0,1.0,1.0,13.0,9.0,11.0,7.0,M Brown
30/11/2013,Watford,Yeovil,0.0,3.0,A,15.0,2.0,0.0,2.0,1.0,5.0,11.0,14.0,27.0,10.0,S Mathieson
01/12/2013,Wigan,Derby,1.0,3.0,A,8.0,2.0,4.0,2.0,7.0,3.0,22.0,23.0,15.0,7.0,D Coote
03/12/2013,Birmingham,Doncaster,1.0,1.0,D,5.0,4.0,0.0,0.0,5.0,3.0,11.0,11.0,15.0,16.0,B Malone
03/12/2013,Bolton,Huddersfield,0.0,1.0,A,7.0,7.0,1.0,2.0,5.0,1.0,9.0,17.0,14.0,15.0,G Eltrigham
03/12/2013,Brighton,Barnsley,1.0,2.0,A,6.0,2.0,0.0,5.0,6.0,3.0,9.0,9.0,15.0,8.0,J Linington
03/12/2013,Burnley,Watford,0.0,0.0,D,10.0,6.0,0.0,2.0,7.0,4.0,9.0,13.0,12.0,10.0,M Naylor
03/12/2013,Ipswich,Blackburn,3.0,1.0,H,5.0,9.0,2.0,3.0,3.0,3.0,11.0,6.0,12.0,11.0,F Graham
03/12/2013,Millwall,Nott'm Forest,2.0,2.0,D,2.0,4.0,2.0,1.0,4.0,2.0,7.0,13.0,10.0,8.0,D Whitestone
03/12/2013,QPR,Bournemouth,3.0,0.0,H,2.0,7.0,1.0,1.0,5.0,3.0,10.0,14.0,11.0,15.0,A Woolmer
03/12/2013,Reading,Charlton,1.0,0.0,H,4.0,7.0,2.0,1.0,5.0,1.0,11.0,17.0,13.0,13.0,D Sheldrake
03/12/2013,Sheffield Weds,Leicester,2.0,1.0,H,4.0,4.0,1.0,0.0,4.0,8.0,10.0,8.0,11.0,16.0,M Brown
03/12/2013,Yeovil,Blackpool,1.0,0.0,H,3.0,3.0,3.0,1.0,3.0,5.0,11.0,18.0,12.0,20.0,C Sarginson
04/12/2013,Derby,Middlesbrough,2.0,1.0,H,12.0,1.0,0.0,1.0,7.0,4.0,11.0,13.0,17.0,8.0,A Madley
04/12/2013,Leeds,Wigan,2.0,0.0,H,8.0,7.0,2.0,1.0,7.0,2.0,10.0,14.0,14.0,13.0,G Scott
07/12/2013,Birmingham,Middlesbrough,2.0,2.0,D,2.0,7.0,1.0,1.0,4.0,7.0,8.0,12.0,12.0,10.0,D Bond
07/12/2013,Bolton,Doncaster,3.0,0.0,H,12.0,4.0,1.0,0.0,8.0,1.0,13.0,14.0,19.0,3.0,R Clark
07/12/2013,Brighton,Leicester,3.0,1.0,H,2.0,4.0,2.0,4.0,4.0,8.0,8.0,14.0,18.0,15.0,R Madley
07/12/2013,Burnley,Barnsley,1.0,0.0,H,8.0,9.0,1.0,1.0,4.0,3.0,10.0,11.0,16.0,14.0,J Adcock
07/12/2013,Derby,Blackpool,5.0,1.0,H,10.0,1.0,0.0,1.0,6.0,2.0,12.0,17.0,19.0,6.0,A Haines
07/12/2013,Ipswich,Huddersfield,2.0,1.0,H,2.0,3.0,0.0,0.0,4.0,6.0,12.0,7.0,12.0,12.0,G Sutton
07/12/2013,Leeds,Watford,3.0,3.0,D,6.0,4.0,1.0,1.0,9.0,7.0,7.0,11.0,22.0,10.0,T Kettle
07/12/2013,Millwall,Wigan,2.0,1.0,H,5.0,6.0,1.0,1.0,4.0,7.0,8.0,11.0,16.0,21.0,S Duncan
07/12/2013,QPR,Blackburn,0.0,0.0,D,7.0,3.0,0.0,4.0,3.0,3.0,12.0,11.0,15.0,6.0,D Drysdale
07/12/2013,Reading,Bournemouth,1.0,2.0,A,12.0,2.0,3.0,4.0,2.0,4.0,14.0,16.0,10.0,16.0,D Coote
07/12/2013,Sheffield Weds,Nott'm Forest,0.0,1.0,A,9.0,3.0,2.0,1.0,3.0,1.0,9.0,11.0,14.0,8.0,L Probert
07/12/2013,Yeovil,Charlton,2.0,2.0,D,4.0,4.0,3.0,3.0,5.0,4.0,13.0,14.0,13.0,9.0,C Pawson
14/12/2013,Barnsley,Yeovil,1.0,1.0,D,4.0,3.0,2.0,3.0,9.0,2.0,7.0,16.0,22.0,12.0,L Probert
14/12/2013,Blackburn,Millwall,3.0,2.0,H,6.0,9.0,1.0,2.0,8.0,5.0,11.0,8.0,13.0,15.0,D Webb
14/12/2013,Blackpool,QPR,0.0,2.0,A,3.0,3.0,0.0,0.0,4.0,6.0,6.0,12.0,13.0,11.0,S Attwell
14/12/2013,Bournemouth,Birmingham,0.0,2.0,A,14.0,3.0,1.0,5.0,9.0,2.0,11.0,15.0,27.0,7.0,M Naylor
14/12/2013,Charlton,Derby,0.0,2.0,A,3.0,4.0,2.0,1.0,4.0,4.0,11.0,16.0,11.0,10.0,A Davies
14/12/2013,Doncaster,Leeds,0.0,3.0,A,6.0,1.0,2.0,2.0,2.0,4.0,9.0,12.0,12.0,9.0,P Dowd
14/12/2013,Huddersfield,Reading,0.0,1.0,A,4.0,4.0,1.0,1.0,8.0,4.0,14.0,9.0,27.0,10.0,O Langford
14/12/2013,Leicester,Burnley,1.0,1.0,D,7.0,2.0,1.0,1.0,3.0,3.0,11.0,9.0,19.0,14.0,A D'Urso
14/12/2013,Middlesbrough,Brighton,0.0,1.0,A,10.0,5.0,0.0,1.0,3.0,3.0,9.0,6.0,13.0,7.0,M Haywood
14/12/2013,Nott'm Forest,Ipswich,0.0,0.0,D,7.0,4.0,2.0,1.0,6.0,3.0,8.0,9.0,18.0,10.0,S Mathieson
14/12/2013,Watford,Sheffield Weds,0.0,1.0,A,7.0,4.0,0.0,4.0,2.0,1.0,14.0,15.0,10.0,2.0,P Gibbs
15/12/2013,Wigan,Bolton,3.0,2.0,H,5.0,10.0,2.0,1.0,5.0,9.0,14.0,9.0,14.0,16.0,K Friend
21/12/2013,Birmingham,Nott'm Forest,0.0,0.0,D,6.0,5.0,4.0,2.0,3.0,2.0,12.0,13.0,16.0,5.0,R Madley
21/12/2013,Bolton,Charlton,1.0,1.0,D,6.0,6.0,2.0,2.0,5.0,4.0,8.0,11.0,18.0,9.0,P Gibbs
21/12/2013,Brighton,Huddersfield,0.0,0.0,D,10.0,5.0,2.0,3.0,2.0,2.0,11.0,12.0,14.0,10.0,J Adcock
21/12/2013,Burnley,Blackpool,2.0,1.0,H,8.0,8.0,2.0,1.0,4.0,3.0,7.0,8.0,17.0,13.0,R East
21/12/2013,Derby,Doncaster,3.0,1.0,H,4.0,4.0,0.0,0.0,6.0,4.0,11.0,11.0,13.0,12.0,N Miller
21/12/2013,Ipswich,Watford,1.0,1.0,D,5.0,1.0,1.0,3.0,5.0,2.0,10.0,7.0,17.0,5.0,G Scott
21/12/2013,Leeds,Barnsley,0.0,0.0,D,5.0,5.0,4.0,3.0,7.0,3.0,19.0,6.0,14.0,11.0,K Stroud
21/12/2013,Millwall,Middlesbrough,0.0,2.0,A,4.0,10.0,1.0,2.0,2.0,5.0,15.0,7.0,3.0,10.0,J Linington
21/12/2013,QPR,Leicester,0.0,1.0,A,4.0,5.0,2.0,1.0,6.0,2.0,14.0,12.0,20.0,9.0,P Tierney
21/12/2013,Reading,Wigan,1.0,2.0,A,7.0,4.0,1.0,5.0,4.0,4.0,11.0,16.0,21.0,13.0,G Sutton
21/12/2013,Sheffield Weds,Bournemouth,1.0,2.0,A,5.0,3.0,1.0,1.0,3.0,5.0,10.0,13.0,16.0,11.0,J Simpson
21/12/2013,Yeovil,Blackburn,0.0,1.0,A,5.0,12.0,3.0,0.0,4.0,10.0,13.0,10.0,11.0,25.0,I Williamson
26/12/2013,Barnsley,Bolton,0.0,1.0,A,6.0,7.0,0.0,0.0,8.0,7.0,7.0,10.0,16.0,17.0,A Haines
26/12/2013,Blackburn,Sheffield Weds,0.0,0.0,D,4.0,4.0,2.0,0.0,4.0,1.0,13.0,13.0,12.0,4.0,D Coote
26/12/2013,Blackpool,Leeds,1.0,1.0,D,5.0,4.0,0.0,0.0,2.0,1.0,10.0,9.0,12.0,8.0,S Mathieson
26/12/2013,Bournemouth,Yeovil,3.0,0.0,H,6.0,5.0,1.0,4.0,8.0,2.0,9.0,14.0,25.0,13.0,C Pawson
26/12/2013,Charlton,Brighton,3.0,2.0,H,2.0,8.0,0.0,2.0,3.0,4.0,4.0,14.0,12.0,17.0,M Russell
26/12/2013,Doncaster,Ipswich,0.0,3.0,A,2.0,5.0,1.0,0.0,2.0,8.0,14.0,19.0,6.0,13.0,T Harrington
26/12/2013,Huddersfield,Derby,1.0,1.0,D,10.0,2.0,4.0,0.0,5.0,6.0,12.0,11.0,24.0,10.0,C Boyeson
26/12/2013,Leicester,Reading,1.0,0.0,H,1.0,7.0,1.0,2.0,7.0,1.0,13.0,9.0,21.0,7.0,M Naylor
26/12/2013,Middlesbrough,Burnley,1.0,0.0,H,5.0,6.0,1.0,2.0,5.0,3.0,7.0,7.0,12.0,10.0,M Clattenburg
26/12/2013,Nott'm Forest,QPR,2.0,0.0,H,4.0,9.0,1.0,1.0,7.0,2.0,13.0,11.0,17.0,13.0,K Stroud
26/12/2013,Watford,Millwall,4.0,0.0,H,2.0,7.0,2.0,2.0,7.0,2.0,9.0,8.0,19.0,4.0,S Martin
26/12/2013,Wigan,Birmingham,0.0,0.0,D,4.0,5.0,2.0,0.0,3.0,1.0,10.0,10.0,12.0,7.0,A D'Urso
29/12/2013,Barnsley,Derby,1.0,2.0,A,3.0,3.0,2.0,1.0,3.0,4.0,16.0,12.0,19.0,14.0,M Heywood
29/12/2013,Blackburn,Birmingham,2.0,3.0,A,8.0,5.0,2.0,2.0,6.0,6.0,4.0,10.0,25.0,11.0,S Duncan
29/12/2013,Blackpool,Brighton,0.0,1.0,A,6.0,3.0,2.0,0.0,1.0,4.0,11.0,14.0,13.0,10.0,A Taylor
29/12/2013,Bournemouth,Ipswich,1.0,1.0,D,16.0,9.0,0.0,1.0,7.0,4.0,5.0,13.0,20.0,15.0,P Gibbs
29/12/2013,Charlton,Sheffield Weds,1.0,1.0,D,4.0,4.0,2.0,2.0,1.0,5.0,10.0,5.0,10.0,21.0,F Graham
29/12/2013,Doncaster,Millwall,0.0,0.0,D,4.0,3.0,1.0,1.0,3.0,3.0,8.0,14.0,11.0,20.0,K Wright
29/12/2013,Huddersfield,Yeovil,5.0,1.0,H,3.0,7.0,0.0,1.0,12.0,4.0,9.0,16.0,29.0,12.0,K Hill
29/12/2013,Leicester,Bolton,5.0,3.0,H,4.0,2.0,2.0,3.0,5.0,5.0,4.0,9.0,13.0,11.0,M Russell
29/12/2013,Middlesbrough,Reading,3.0,0.0,H,3.0,6.0,3.0,2.0,9.0,2.0,14.0,14.0,22.0,5.0,P Tierney
29/12/2013,Nott'm Forest,Leeds,2.0,1.0,H,3.0,4.0,1.0,3.0,6.0,1.0,15.0,10.0,17.0,10.0,J Linington
29/12/2013,Watford,QPR,0.0,0.0,D,2.0,3.0,2.0,2.0,4.0,1.0,11.0,13.0,10.0,10.0,N Swarbrick
29/12/2013,Wigan,Burnley,0.0,0.0,D,4.0,3.0,1.0,1.0,4.0,2.0,6.0,13.0,17.0,10.0,M Jones
01/01/2014,Birmingham,Barnsley,1.0,1.0,D,4.0,3.0,0.0,0.0,4.0,8.0,9.0,7.0,13.0,18.0,C Foy
01/01/2014,Bolton,Middlesbrough,2.0,2.0,D,3.0,2.0,1.0,1.0,3.0,3.0,7.0,9.0,15.0,15.0,C Sarginson
01/01/2014,Brighton,Bournemouth,1.0,1.0,D,10.0,2.0,2.0,1.0,8.0,3.0,13.0,9.0,25.0,11.0,S Hooper
01/01/2014,Burnley,Huddersfield,3.0,2.0,H,5.0,5.0,1.0,2.0,5.0,5.0,13.0,6.0,14.0,16.0,D Coote
01/01/2014,Derby,Wigan,0.0,1.0,A,6.0,6.0,0.0,3.0,1.0,2.0,12.0,15.0,7.0,9.0,D Webb
01/01/2014,Ipswich,Charlton,1.0,1.0,D,6.0,9.0,3.0,3.0,4.0,3.0,6.0,9.0,11.0,11.0,S Attwell
01/01/2014,Leeds,Blackburn,1.0,2.0,A,4.0,4.0,4.0,1.0,4.0,5.0,7.0,8.0,13.0,13.0,A Taylor
01/01/2014,Millwall,Leicester,1.0,3.0,A,4.0,1.0,2.0,2.0,6.0,4.0,9.0,13.0,15.0,12.0,T Robinson
01/01/2014,QPR,Doncaster,2.0,1.0,H,5.0,4.0,2.0,1.0,6.0,2.0,17.0,8.0,19.0,14.0,G Scott
01/01/2014,Reading,Nott'm Forest,1.0,1.0,D,4.0,4.0,4.0,3.0,4.0,7.0,14.0,14.0,6.0,13.0,M Oliver
01/01/2014,Sheffield Weds,Blackpool,2.0,0.0,H,3.0,6.0,2.0,1.0,8.0,0.0,14.0,15.0,22.0,8.0,D Whitestone
10/01/2014,Leicester,Derby,4.0,1.0,H,6.0,7.0,0.0,1.0,8.0,1.0,16.0,14.0,25.0,9.0,D Coote
11/01/2014,Blackburn,Doncaster,1.0,0.0,H,4.0,5.0,2.0,4.0,3.0,3.0,16.0,11.0,14.0,10.0,J Simpson
11/01/2014,Blackpool,Middlesbrough,0.0,2.0,A,8.0,3.0,2.0,1.0,5.0,3.0,3.0,13.0,16.0,8.0,M Russell
11/01/2014,Bolton,Nott'm Forest,1.0,1.0,D,6.0,3.0,2.0,4.0,8.0,4.0,14.0,17.0,17.0,13.0,M Naylor
11/01/2014,Brighton,Birmingham,1.0,0.0,H,8.0,6.0,3.0,3.0,7.0,1.0,11.0,10.0,17.0,6.0,R East
11/01/2014,Huddersfield,Millwall,1.0,0.0,H,5.0,5.0,0.0,3.0,5.0,3.0,5.0,13.0,17.0,10.0,P Tierney
11/01/2014,Ipswich,QPR,1.0,3.0,A,5.0,4.0,1.0,1.0,4.0,6.0,7.0,9.0,16.0,11.0,P Dowd
11/01/2014,Sheffield Weds,Leeds,6.0,0.0,H,3.0,1.0,3.0,1.0,8.0,1.0,13.0,8.0,19.0,5.0,L Probert
11/01/2014,Watford,Reading,0.0,1.0,A,5.0,3.0,2.0,4.0,5.0,1.0,16.0,13.0,19.0,15.0,K Stroud
11/01/2014,Wigan,Bournemouth,3.0,0.0,H,4.0,8.0,1.0,0.0,10.0,5.0,10.0,7.0,22.0,14.0,G Eltrigham
11/01/2014,Yeovil,Burnley,1.0,2.0,A,6.0,3.0,1.0,0.0,2.0,9.0,13.0,8.0,15.0,19.0,S Martin
18/01/2014,Barnsley,Blackpool,2.0,0.0,H,3.0,2.0,1.0,4.0,5.0,4.0,13.0,14.0,12.0,10.0,R Lewis
18/01/2014,Birmingham,Yeovil,0.0,2.0,A,11.0,4.0,0.0,1.0,7.0,4.0,7.0,17.0,24.0,15.0,F Graham
18/01/2014,Bournemouth,Watford,1.0,1.0,D,8.0,5.0,2.0,1.0,6.0,2.0,10.0,7.0,21.0,8.0,C Boyeson
18/01/2014,Burnley,Sheffield Weds,1.0,1.0,D,10.0,2.0,1.0,4.0,6.0,3.0,6.0,15.0,23.0,9.0,S Attwell
18/01/2014,Derby,Brighton,1.0,0.0,H,3.0,3.0,5.0,3.0,2.0,2.0,16.0,14.0,8.0,10.0,A Haines
18/01/2014,Doncaster,Wigan,3.0,0.0,H,7.0,7.0,2.0,1.0,5.0,1.0,13.0,12.0,10.0,7.0,K Hill
18/01/2014,Leeds,Leicester,0.0,1.0,A,4.0,4.0,1.0,3.0,4.0,1.0,15.0,19.0,14.0,10.0,M Dean
18/01/2014,Middlesbrough,Charlton,1.0,0.0,H,1.0,3.0,3.0,0.0,6.0,2.0,10.0,8.0,13.0,7.0,K Stroud
18/01/2014,Millwall,Ipswich,1.0,0.0,H,3.0,7.0,1.0,2.0,3.0,5.0,8.0,12.0,11.0,9.0,E Ilderton
18/01/2014,Nott'm Forest,Blackburn,4.0,1.0,H,4.0,8.0,2.0,2.0,9.0,5.0,11.0,10.0,20.0,16.0,D Deadman
18/01/2014,QPR,Huddersfield,2.0,1.0,H,13.0,3.0,3.0,0.0,6.0,6.0,13.0,11.0,19.0,15.0,S Hooper
18/01/2014,Reading,Bolton,7.0,1.0,H,7.0,7.0,0.0,3.0,8.0,2.0,15.0,17.0,17.0,9.0,A Davies
25/01/2014,Blackburn,Derby,1.0,1.0,D,2.0,6.0,1.0,2.0,5.0,3.0,12.0,13.0,16.0,17.0,T Harrington
25/01/2014,Blackpool,Doncaster,1.0,1.0,D,7.0,3.0,1.0,1.0,5.0,4.0,15.0,8.0,20.0,9.0,D Coote
25/01/2014,Ipswich,Reading,2.0,0.0,H,4.0,7.0,2.0,1.0,6.0,3.0,12.0,7.0,13.0,14.0,A Madley
25/01/2014,Leicester,Middlesbrough,2.0,0.0,H,7.0,3.0,0.0,1.0,4.0,1.0,8.0,12.0,13.0,9.0,S Martin
28/01/2014,Barnsley,Blackburn,2.0,2.0,D,6.0,6.0,1.0,1.0,4.0,6.0,11.0,7.0,14.0,20.0,S Stockbridge
28/01/2014,Birmingham,Leicester,1.0,2.0,A,4.0,13.0,1.0,4.0,3.0,6.0,6.0,20.0,7.0,21.0,C Boyeson
28/01/2014,Bournemouth,Huddersfield,2.0,1.0,H,6.0,4.0,1.0,3.0,7.0,5.0,4.0,10.0,14.0,12.0,G Horwood
28/01/2014,Burnley,Brighton,0.0,0.0,D,9.0,2.0,0.0,1.0,6.0,5.0,7.0,16.0,14.0,11.0,O Langford
28/01/2014,Derby,Yeovil,3.0,2.0,H,5.0,3.0,1.0,4.0,9.0,3.0,10.0,20.0,36.0,8.0,J Simpson
28/01/2014,Doncaster,Charlton,3.0,0.0,H,7.0,1.0,0.0,1.0,7.0,0.0,9.0,16.0,20.0,3.0,P Tierney
28/01/2014,Leeds,Ipswich,1.0,1.0,D,6.0,6.0,0.0,1.0,3.0,4.0,9.0,8.0,8.0,10.0,D Webb
28/01/2014,Middlesbrough,Wigan,0.0,0.0,D,4.0,5.0,2.0,2.0,3.0,3.0,15.0,12.0,11.0,11.0,M Naylor
28/01/2014,Millwall,Sheffield Weds,1.0,1.0,D,7.0,4.0,2.0,1.0,6.0,3.0,11.0,7.0,13.0,9.0,L Probert
28/01/2014,QPR,Bolton,2.0,1.0,H,10.0,5.0,0.0,0.0,3.0,3.0,10.0,11.0,12.0,14.0,A D'Urso
28/01/2014,Reading,Blackpool,5.0,1.0,H,8.0,5.0,1.0,2.0,8.0,2.0,12.0,14.0,17.0,8.0,K Friend
30/01/2014,Nott'm Forest,Watford,4.0,2.0,H,9.0,8.0,1.0,2.0,10.0,4.0,7.0,10.0,19.0,17.0,S Hooper
01/02/2014,Birmingham,Derby,3.0,3.0,D,5.0,8.0,1.0,4.0,4.0,9.0,17.0,12.0,11.0,19.0,C Pawson
01/02/2014,Blackburn,Blackpool,2.0,0.0,H,6.0,4.0,1.0,2.0,2.0,1.0,9.0,18.0,13.0,12.0,M Naylor
01/02/2014,Bournemouth,Leicester,0.0,1.0,A,5.0,7.0,3.0,1.0,1.0,7.0,8.0,7.0,12.0,23.0,D Drysdale
01/02/2014,Doncaster,Middlesbrough,0.0,0.0,D,9.0,1.0,1.0,1.0,1.0,1.0,6.0,18.0,12.0,12.0,A Davies
01/02/2014,Ipswich,Bolton,1.0,0.0,H,12.0,2.0,1.0,0.0,4.0,3.0,12.0,11.0,19.0,12.0,C Breakspear
01/02/2014,Leeds,Huddersfield,5.0,1.0,H,3.0,5.0,2.0,1.0,6.0,4.0,9.0,13.0,15.0,21.0,G Salisbury
01/02/2014,Millwall,Reading,0.0,3.0,A,6.0,5.0,2.0,2.0,5.0,8.0,14.0,8.0,8.0,13.0,D Sheldrake
01/02/2014,QPR,Burnley,3.0,3.0,D,5.0,3.0,2.0,1.0,5.0,3.0,13.0,8.0,13.0,11.0,R East
01/02/2014,Sheffield Weds,Barnsley,1.0,0.0,H,11.0,5.0,1.0,1.0,4.0,3.0,10.0,15.0,19.0,7.0,A Marriner
01/02/2014,Wigan,Charlton,2.0,1.0,H,14.0,3.0,2.0,1.0,7.0,2.0,7.0,14.0,28.0,5.0,M Bull
02/02/2014,Nott'm Forest,Yeovil,3.0,1.0,H,9.0,5.0,0.0,0.0,4.0,4.0,7.0,14.0,20.0,17.0,G Scott
02/02/2014,Watford,Brighton,2.0,0.0,H,3.0,4.0,2.0,1.0,5.0,1.0,17.0,15.0,11.0,15.0,D Webb
08/02/2014,Barnsley,Ipswich,2.0,2.0,D,2.0,10.0,0.0,0.0,3.0,8.0,13.0,8.0,10.0,23.0,D Bond
08/02/2014,Blackpool,Nott'm Forest,1.0,1.0,D,8.0,6.0,0.0,0.0,6.0,1.0,12.0,12.0,16.0,5.0,C Boyeson
08/02/2014,Bolton,Bournemouth,2.0,2.0,D,6.0,10.0,1.0,1.0,3.0,4.0,12.0,11.0,14.0,14.0,A Madley
08/02/2014,Brighton,Doncaster,1.0,0.0,H,8.0,2.0,1.0,4.0,6.0,2.0,9.0,13.0,17.0,5.0,G Ward
08/02/2014,Burnley,Millwall,3.0,1.0,H,10.0,3.0,1.0,2.0,11.0,2.0,10.0,11.0,22.0,7.0,K Stroud
08/02/2014,Charlton,Birmingham,0.0,2.0,A,4.0,3.0,2.0,3.0,8.0,4.0,7.0,12.0,21.0,11.0,J Adcock
08/02/2014,Huddersfield,Wigan,1.0,0.0,H,12.0,13.0,1.0,0.0,2.0,1.0,9.0,12.0,13.0,11.0,M Brown
08/02/2014,Leicester,Watford,2.0,2.0,D,10.0,6.0,1.0,3.0,3.0,3.0,9.0,10.0,18.0,9.0,M Atkinson
08/02/2014,Middlesbrough,Blackburn,0.0,0.0,D,16.0,3.0,2.0,0.0,6.0,1.0,10.0,8.0,14.0,6.0,S Attwell
08/02/2014,Reading,Sheffield Weds,0.0,2.0,A,2.0,6.0,1.0,4.0,0.0,8.0,9.0,13.0,4.0,20.0,K Hill
08/02/2014,Yeovil,Leeds,1.0,2.0,A,7.0,6.0,1.0,1.0,1.0,5.0,14.0,13.0,11.0,20.0,P Tierney
10/02/2014,Derby,QPR,1.0,0.0,H,10.0,6.0,2.0,4.0,2.0,3.0,17.0,14.0,9.0,10.0,M Naylor
11/02/2014,Bolton,Burnley,0.0,1.0,A,11.0,3.0,1.0,1.0,4.0,3.0,7.0,5.0,13.0,8.0,G Salisbury
11/02/2014,Brighton,Leeds,1.0,0.0,H,2.0,2.0,1.0,3.0,2.0,4.0,15.0,10.0,16.0,9.0,D Deadman
11/02/2014,Huddersfield,Nott'm Forest,0.0,3.0,A,6.0,2.0,2.0,1.0,1.0,5.0,7.0,6.0,18.0,15.0,N Miller
11/02/2014,Sheffield Weds,Wigan,0.0,3.0,A,6.0,3.0,2.0,2.0,7.0,5.0,9.0,12.0,17.0,11.0,D Webb
11/02/2014,Watford,Birmingham,1.0,0.0,H,8.0,4.0,2.0,0.0,3.0,3.0,16.0,5.0,10.0,9.0,M Haywood
11/02/2014,Yeovil,Millwall,1.0,1.0,D,8.0,6.0,2.0,3.0,9.0,5.0,16.0,14.0,16.0,14.0,A Woolmer
15/02/2014,Birmingham,Huddersfield,1.0,2.0,A,1.0,3.0,1.0,4.0,6.0,6.0,7.0,13.0,8.0,12.0,D Deadman
15/02/2014,Bournemouth,Burnley,1.0,1.0,D,8.0,4.0,2.0,0.0,6.0,1.0,12.0,9.0,13.0,7.0,G Scott
15/02/2014,Doncaster,Barnsley,2.0,2.0,D,5.0,8.0,0.0,1.0,6.0,5.0,15.0,14.0,18.0,13.0,A D'Urso
15/02/2014,Ipswich,Blackpool,0.0,0.0,D,3.0,3.0,0.0,3.0,2.0,3.0,10.0,12.0,13.0,11.0,M Haywood
15/02/2014,Millwall,Bolton,1.0,1.0,D,10.0,2.0,3.0,2.0,6.0,2.0,14.0,11.0,22.0,10.0,S Hooper
15/02/2014,Watford,Middlesbrough,1.0,0.0,H,2.0,7.0,2.0,1.0,4.0,4.0,13.0,10.0,11.0,15.0,O Langford
16/02/2014,QPR,Reading,1.0,3.0,A,3.0,10.0,4.0,3.0,6.0,4.0,16.0,18.0,16.0,6.0,D Coote
18/02/2014,Sheffield Weds,Derby,0.0,1.0,A,11.0,2.0,3.0,3.0,4.0,2.0,21.0,11.0,18.0,9.0,D Bond
18/02/2014,Wigan,Barnsley,2.0,0.0,H,6.0,3.0,1.0,3.0,5.0,2.0,12.0,6.0,12.0,16.0,N Miller
18/02/2014,Yeovil,Watford,0.0,0.0,D,8.0,5.0,2.0,1.0,4.0,2.0,12.0,13.0,12.0,10.0,J Adcock
19/02/2014,Nott'm Forest,Leicester,2.0,2.0,D,9.0,9.0,2.0,2.0,6.0,5.0,11.0,8.0,16.0,19.0,A Taylor
22/02/2014,Barnsley,Millwall,1.0,0.0,H,4.0,4.0,1.0,2.0,4.0,4.0,11.0,14.0,14.0,17.0,M Brown
22/02/2014,Blackpool,Birmingham,1.0,2.0,A,4.0,5.0,2.0,0.0,7.0,7.0,13.0,9.0,13.0,12.0,A Haines
22/02/2014,Bolton,Watford,2.0,0.0,H,5.0,6.0,1.0,3.0,9.0,5.0,9.0,15.0,16.0,12.0,F Graham
22/02/2014,Brighton,Wigan,1.0,2.0,A,10.0,4.0,0.0,1.0,6.0,2.0,8.0,7.0,23.0,7.0,A Davies
22/02/2014,Burnley,Nott'm Forest,3.0,1.0,H,7.0,3.0,0.0,2.0,6.0,4.0,9.0,13.0,16.0,11.0,A D'Urso
22/02/2014,Charlton,QPR,1.0,0.0,H,5.0,2.0,1.0,0.0,3.0,0.0,8.0,10.0,14.0,12.0,E Ilderton
22/02/2014,Derby,Bournemouth,1.0,0.0,H,8.0,4.0,2.0,4.0,2.0,1.0,10.0,10.0,13.0,10.0,M Heywood
22/02/2014,Huddersfield,Sheffield Weds,0.0,2.0,A,5.0,3.0,2.0,3.0,4.0,2.0,12.0,20.0,16.0,12.0,N Swarbrick
22/02/2014,Leicester,Ipswich,3.0,0.0,H,4.0,2.0,1.0,1.0,5.0,1.0,8.0,9.0,15.0,10.0,J Linington
22/02/2014,Middlesbrough,Leeds,0.0,0.0,D,6.0,2.0,1.0,1.0,3.0,0.0,7.0,8.0,11.0,7.0,A Taylor
22/02/2014,Reading,Blackburn,0.0,1.0,A,9.0,4.0,3.0,4.0,1.0,3.0,12.0,20.0,17.0,6.0,G Scott
22/02/2014,Yeovil,Doncaster,1.0,0.0,H,6.0,6.0,0.0,3.0,5.0,2.0,14.0,12.0,12.0,14.0,D Drysdale
01/03/2014,Bolton,Blackburn,4.0,0.0,H,5.0,0.0,1.0,1.0,9.0,4.0,13.0,12.0,24.0,12.0,P Tierney
01/03/2014,Bournemouth,Doncaster,5.0,0.0,H,10.0,0.0,0.0,3.0,11.0,2.0,8.0,11.0,26.0,8.0,D Sheldrake
01/03/2014,Burnley,Derby,2.0,0.0,H,5.0,3.0,2.0,1.0,3.0,3.0,10.0,8.0,13.0,15.0,R Madley
01/03/2014,Huddersfield,Barnsley,5.0,0.0,H,8.0,6.0,0.0,4.0,9.0,2.0,16.0,13.0,22.0,6.0,D Coote
01/03/2014,Ipswich,Birmingham,1.0,0.0,H,3.0,5.0,1.0,2.0,7.0,1.0,14.0,10.0,13.0,4.0,K Stroud
01/03/2014,Leicester,Charlton,3.0,0.0,H,3.0,0.0,1.0,2.0,8.0,1.0,9.0,8.0,18.0,5.0,J Simpson
01/03/2014,Millwall,Brighton,0.0,1.0,A,5.0,4.0,1.0,2.0,4.0,2.0,5.0,13.0,10.0,5.0,G Eltrigham
01/03/2014,Nott'm Forest,Wigan,1.0,4.0,A,2.0,7.0,1.0,1.0,2.0,6.0,11.0,9.0,10.0,20.0,S Attwell
01/03/2014,QPR,Leeds,1.0,1.0,D,3.0,3.0,2.0,3.0,4.0,4.0,9.0,18.0,8.0,8.0,C Foy
01/03/2014,Reading,Yeovil,1.0,1.0,D,21.0,4.0,2.0,3.0,8.0,3.0,12.0,14.0,29.0,8.0,S Mathieson
01/03/2014,Sheffield Weds,Middlesbrough,1.0,0.0,H,6.0,5.0,2.0,1.0,6.0,4.0,11.0,22.0,18.0,7.0,A D'Urso
01/03/2014,Watford,Blackpool,4.0,0.0,H,8.0,4.0,1.0,1.0,7.0,2.0,9.0,12.0,15.0,12.0,J Linington
08/03/2014,Barnsley,Nott'm Forest,1.0,0.0,H,6.0,7.0,4.0,2.0,2.0,4.0,13.0,12.0,14.0,19.0,K Stroud
08/03/2014,Birmingham,QPR,0.0,2.0,A,4.0,1.0,2.0,0.0,5.0,4.0,11.0,11.0,12.0,12.0,G Scott
08/03/2014,Blackpool,Bournemouth,0.0,1.0,A,6.0,2.0,3.0,0.0,3.0,5.0,14.0,8.0,17.0,12.0,G Ward
08/03/2014,Brighton,Reading,1.0,1.0,D,2.0,10.0,2.0,3.0,1.0,5.0,11.0,10.0,6.0,26.0,F Graham
08/03/2014,Derby,Millwall,0.0,1.0,A,9.0,0.0,0.0,2.0,3.0,5.0,7.0,12.0,14.0,8.0,M Russell
08/03/2014,Doncaster,Huddersfield,2.0,0.0,H,7.0,7.0,0.0,0.0,4.0,2.0,8.0,16.0,14.0,7.0,M Haywood
08/03/2014,Leeds,Bolton,1.0,5.0,A,12.0,2.0,1.0,1.0,5.0,8.0,13.0,5.0,19.0,13.0,K Hill
08/03/2014,Middlesbrough,Ipswich,2.0,0.0,H,10.0,4.0,1.0,2.0,3.0,1.0,14.0,8.0,14.0,7.0,I Williamson
08/03/2014,Yeovil,Sheffield Weds,2.0,0.0,H,0.0,5.0,1.0,3.0,4.0,1.0,11.0,18.0,10.0,14.0,D Sheldrake
09/03/2014,Blackburn,Burnley,1.0,2.0,A,7.0,3.0,2.0,1.0,6.0,4.0,13.0,9.0,14.0,12.0,M Dean
11/03/2014,Barnsley,Leicester,0.0,3.0,A,3.0,7.0,0.0,0.0,0.0,10.0,7.0,9.0,7.0,24.0,M Heywood
11/03/2014,Blackpool,Millwall,1.0,0.0,H,6.0,5.0,4.0,1.0,3.0,6.0,23.0,18.0,13.0,17.0,A Madley
11/03/2014,Brighton,QPR,2.0,0.0,H,4.0,8.0,1.0,0.0,3.0,8.0,13.0,7.0,6.0,21.0,R Madley
11/03/2014,Derby,Bolton,0.0,0.0,D,10.0,3.0,0.0,2.0,6.0,4.0,7.0,16.0,18.0,8.0,G Scott
11/03/2014,Doncaster,Watford,2.0,1.0,H,5.0,2.0,3.0,4.0,7.0,2.0,11.0,12.0,18.0,10.0,C Sarginson
11/03/2014,Leeds,Reading,2.0,4.0,A,4.0,7.0,1.0,0.0,8.0,6.0,12.0,13.0,15.0,14.0,O Langford
11/03/2014,Middlesbrough,Nott'm Forest,1.0,1.0,D,5.0,6.0,0.0,1.0,3.0,3.0,9.0,10.0,16.0,16.0,R East
11/03/2014,Yeovil,Ipswich,0.0,1.0,A,3.0,8.0,1.0,2.0,1.0,6.0,12.0,19.0,8.0,18.0,S Hooper
12/03/2014,Birmingham,Burnley,3.0,3.0,D,3.0,8.0,2.0,1.0,6.0,4.0,10.0,10.0,11.0,22.0,J Linington
12/03/2014,Blackburn,Bournemouth,0.0,1.0,A,12.0,6.0,0.0,1.0,4.0,6.0,6.0,8.0,14.0,15.0,D Webb
12/03/2014,Charlton,Huddersfield,0.0,0.0,D,12.0,6.0,1.0,1.0,4.0,5.0,10.0,8.0,14.0,11.0,B Malone
12/03/2014,Wigan,Sheffield Weds,1.0,0.0,H,11.0,4.0,2.0,1.0,4.0,1.0,14.0,15.0,14.0,7.0,A Haines
15/03/2014,Bolton,Brighton,0.0,2.0,A,12.0,1.0,0.0,0.0,3.0,5.0,7.0,12.0,21.0,14.0,S Duncan
15/03/2014,Bournemouth,Middlesbrough,0.0,0.0,D,10.0,4.0,1.0,3.0,3.0,1.0,13.0,13.0,18.0,5.0,F Graham
15/03/2014,Burnley,Leeds,2.0,1.0,H,6.0,7.0,1.0,1.0,1.0,4.0,14.0,20.0,13.0,15.0,S Hooper
15/03/2014,Huddersfield,Blackburn,2.0,4.0,A,6.0,4.0,0.0,1.0,6.0,9.0,9.0,14.0,17.0,12.0,M Russell
15/03/2014,Ipswich,Wigan,1.0,3.0,A,7.0,3.0,2.0,2.0,3.0,3.0,10.0,17.0,12.0,9.0,D Coote
15/03/2014,Leicester,Blackpool,3.0,1.0,H,6.0,1.0,2.0,2.0,8.0,1.0,10.0,8.0,25.0,5.0,N Miller
15/03/2014,Millwall,Charlton,0.0,0.0,D,6.0,7.0,3.0,3.0,3.0,3.0,8.0,16.0,15.0,12.0,P Dowd
15/03/2014,Nott'm Forest,Doncaster,0.0,0.0,D,8.0,6.0,1.0,3.0,7.0,3.0,8.0,8.0,14.0,13.0,E Ilderton
15/03/2014,QPR,Yeovil,3.0,0.0,H,7.0,3.0,0.0,3.0,8.0,1.0,11.0,16.0,21.0,13.0,M Brown
15/03/2014,Reading,Derby,0.0,0.0,D,2.0,7.0,2.0,2.0,2.0,3.0,16.0,13.0,12.0,17.0,M Jones
15/03/2014,Sheffield Weds,Birmingham,4.0,1.0,H,4.0,1.0,1.0,1.0,5.0,2.0,13.0,15.0,12.0,9.0,S Martin
15/03/2014,Watford,Barnsley,3.0,0.0,H,4.0,1.0,1.0,2.0,7.0,1.0,17.0,8.0,11.0,10.0,G Salisbury
18/03/2014,Charlton,Bournemouth,1.0,0.0,H,5.0,7.0,4.0,1.0,6.0,3.0,13.0,17.0,11.0,10.0,J Linington
18/03/2014,Sheffield Weds,QPR,3.0,0.0,H,9.0,1.0,1.0,0.0,7.0,2.0,15.0,7.0,24.0,5.0,P Tierney
18/03/2014,Wigan,Yeovil,3.0,3.0,D,5.0,2.0,3.0,3.0,8.0,4.0,13.0,14.0,15.0,12.0,A D'Urso
22/03/2014,Barnsley,Bournemouth,0.0,1.0,A,6.0,13.0,2.0,1.0,3.0,9.0,15.0,5.0,11.0,22.0,S Mathieson
22/03/2014,Birmingham,Reading,1.0,2.0,A,8.0,2.0,1.0,1.0,6.0,4.0,11.0,10.0,20.0,18.0,D Whitestone
22/03/2014,Blackburn,Leicester,1.0,1.0,D,12.0,5.0,1.0,1.0,5.0,3.0,10.0,9.0,14.0,17.0,E Ilderton
22/03/2014,Blackpool,Huddersfield,1.0,0.0,H,2.0,4.0,0.0,4.0,6.0,3.0,11.0,16.0,14.0,11.0,R Lewis
22/03/2014,Brighton,Ipswich,0.0,2.0,A,9.0,5.0,1.0,1.0,5.0,4.0,9.0,14.0,23.0,11.0,D Drysdale
22/03/2014,Charlton,Burnley,0.0,3.0,A,4.0,2.0,0.0,0.0,2.0,6.0,8.0,13.0,7.0,14.0,O Langford
22/03/2014,Derby,Nott'm Forest,5.0,0.0,H,4.0,5.0,1.0,3.0,8.0,1.0,11.0,21.0,19.0,10.0,M Naylor
22/03/2014,Doncaster,Sheffield Weds,1.0,0.0,H,3.0,6.0,0.0,1.0,5.0,2.0,7.0,17.0,6.0,9.0,M Dean
22/03/2014,Leeds,Millwall,2.0,1.0,H,3.0,8.0,2.0,1.0,3.0,6.0,14.0,13.0,12.0,14.0,S Attwell
22/03/2014,Middlesbrough,QPR,1.0,3.0,A,4.0,8.0,3.0,5.0,5.0,7.0,4.0,11.0,14.0,14.0,K Hill
22/03/2014,Wigan,Watford,2.0,1.0,H,6.0,4.0,1.0,3.0,7.0,2.0,4.0,9.0,15.0,11.0,S Duncan
22/03/2014,Yeovil,Bolton,2.0,2.0,D,5.0,6.0,0.0,2.0,7.0,6.0,8.0,10.0,19.0,16.0,D Deadman
25/03/2014,Bolton,Blackpool,1.0,0.0,H,6.0,3.0,0.0,0.0,5.0,1.0,10.0,6.0,17.0,12.0,M Clattenburg
25/03/2014,Bournemouth,Leeds,4.0,1.0,H,3.0,8.0,0.0,0.0,8.0,1.0,9.0,11.0,13.0,14.0,J Adcock
25/03/2014,Burnley,Doncaster,2.0,0.0,H,7.0,5.0,1.0,2.0,9.0,1.0,9.0,11.0,27.0,7.0,T Harrington
25/03/2014,Huddersfield,Middlesbrough,2.0,2.0,D,5.0,4.0,1.0,3.0,5.0,2.0,16.0,10.0,15.0,11.0,J Linington
25/03/2014,Ipswich,Derby,2.0,1.0,H,2.0,5.0,2.0,4.0,3.0,4.0,8.0,16.0,9.0,14.0,F Graham
25/03/2014,Leicester,Yeovil,1.0,1.0,D,10.0,3.0,0.0,1.0,8.0,4.0,8.0,14.0,31.0,10.0,A Madley
25/03/2014,Millwall,Birmingham,2.0,3.0,A,6.0,2.0,5.0,3.0,6.0,3.0,11.0,16.0,14.0,5.0,S Mathieson
25/03/2014,Nott'm Forest,Charlton,0.0,1.0,A,6.0,1.0,2.0,0.0,2.0,1.0,15.0,9.0,17.0,12.0,A Haines
25/03/2014,QPR,Wigan,1.0,0.0,H,3.0,5.0,1.0,1.0,5.0,7.0,12.0,14.0,12.0,17.0,S Hooper
25/03/2014,Reading,Barnsley,1.0,3.0,A,4.0,2.0,0.0,2.0,4.0,6.0,12.0,18.0,12.0,18.0,S Martin
25/03/2014,Sheffield Weds,Brighton,1.0,0.0,H,3.0,6.0,0.0,1.0,4.0,2.0,7.0,14.0,16.0,9.0,A Taylor
25/03/2014,Watford,Blackburn,3.0,3.0,D,6.0,6.0,1.0,3.0,3.0,6.0,10.0,14.0,10.0,17.0,D Sheldrake
29/03/2014,Birmingham,Bournemouth,2.0,4.0,A,8.0,6.0,2.0,1.0,4.0,6.0,11.0,9.0,12.0,13.0,M Russell
29/03/2014,Bolton,Wigan,1.0,1.0,D,10.0,9.0,3.0,3.0,8.0,6.0,12.0,9.0,22.0,14.0,D Drysdale
29/03/2014,Brighton,Middlesbrough,0.0,2.0,A,7.0,2.0,0.0,1.0,6.0,7.0,5.0,10.0,14.0,14.0,G Scott
29/03/2014,Burnley,Leicester,0.0,2.0,A,4.0,7.0,0.0,0.0,3.0,2.0,12.0,8.0,11.0,14.0,M Jones
29/03/2014,Derby,Charlton,3.0,0.0,H,10.0,7.0,0.0,0.0,7.0,4.0,5.0,8.0,24.0,11.0,M Haywood
29/03/2014,Ipswich,Nott'm Forest,1.0,1.0,D,10.0,3.0,1.0,4.0,6.0,3.0,9.0,21.0,16.0,7.0,A Madley
29/03/2014,Leeds,Doncaster,1.0,2.0,A,11.0,1.0,3.0,3.0,4.0,2.0,14.0,10.0,13.0,6.0,D Bond
29/03/2014,Millwall,Blackburn,2.0,2.0,D,5.0,5.0,1.0,1.0,7.0,6.0,13.0,7.0,18.0,13.0,J Linington
29/03/2014,QPR,Blackpool,1.0,1.0,D,7.0,1.0,0.0,1.0,8.0,1.0,12.0,11.0,24.0,7.0,C Boyeson
29/03/2014,Reading,Huddersfield,1.0,1.0,D,4.0,6.0,1.0,3.0,5.0,10.0,16.0,11.0,13.0,22.0,K Stroud
29/03/2014,Sheffield Weds,Watford,1.0,4.0,A,13.0,1.0,1.0,3.0,7.0,9.0,11.0,13.0,19.0,14.0,M Heywood
29/03/2014,Yeovil,Barnsley,1.0,4.0,A,7.0,3.0,1.0,1.0,4.0,6.0,16.0,12.0,9.0,15.0,R East
01/04/2014,Blackburn,Brighton,3.0,3.0,D,6.0,5.0,0.0,2.0,7.0,4.0,11.0,15.0,12.0,7.0,K Hill
01/04/2014,Leeds,Charlton,0.0,1.0,A,4.0,5.0,4.0,1.0,3.0,7.0,13.0,12.0,7.0,10.0,S Duncan
01/04/2014,Wigan,Leicester,2.0,2.0,D,9.0,5.0,11.0,1.0,8.0,7.0,7.0,7.0,24.0,15.0,J Moss
04/04/2014,Leicester,Sheffield Weds,2.0,1.0,H,4.0,6.0,1.0,2.0,3.0,6.0,10.0,13.0,10.0,13.0,G Scott
05/04/2014,Barnsley,Brighton,0.0,0.0,D,3.0,5.0,1.0,3.0,3.0,1.0,16.0,20.0,15.0,10.0,T Harrington
05/04/2014,Blackburn,Ipswich,2.0,0.0,H,5.0,3.0,2.0,2.0,5.0,4.0,14.0,15.0,19.0,12.0,K Stroud
05/04/2014,Blackpool,Yeovil,1.0,2.0,A,7.0,1.0,0.0,0.0,3.0,6.0,11.0,10.0,17.0,16.0,O Langford
05/04/2014,Bournemouth,QPR,2.0,1.0,H,6.0,8.0,1.0,2.0,8.0,5.0,5.0,10.0,17.0,11.0,J Moss
05/04/2014,Charlton,Reading,0.0,1.0,A,4.0,6.0,2.0,1.0,2.0,3.0,12.0,11.0,7.0,9.0,A Madley
05/04/2014,Doncaster,Birmingham,1.0,3.0,A,4.0,2.0,1.0,3.0,4.0,6.0,9.0,15.0,12.0,16.0,D Webb
05/04/2014,Huddersfield,Bolton,0.0,1.0,A,11.0,5.0,1.0,1.0,8.0,4.0,14.0,13.0,22.0,11.0,J Simpson
05/04/2014,Middlesbrough,Derby,1.0,0.0,H,7.0,2.0,2.0,2.0,2.0,2.0,11.0,11.0,12.0,12.0,A Haines
05/04/2014,Nott'm Forest,Millwall,1.0,2.0,A,2.0,4.0,3.0,2.0,1.0,5.0,14.0,19.0,6.0,10.0,M Brown
05/04/2014,Watford,Burnley,1.0,1.0,D,9.0,2.0,1.0,0.0,5.0,3.0,12.0,8.0,17.0,11.0,S Attwell
05/04/2014,Wigan,Leeds,1.0,0.0,H,2.0,3.0,3.0,2.0,3.0,1.0,7.0,16.0,10.0,8.0,N Swarbrick
08/04/2014,Barnsley,Burnley,0.0,1.0,A,2.0,3.0,2.0,1.0,0.0,3.0,14.0,13.0,5.0,7.0,N Swarbrick
08/04/2014,Blackburn,QPR,2.0,0.0,H,8.0,8.0,0.0,1.0,5.0,1.0,7.0,13.0,9.0,10.0,J Adcock
08/04/2014,Blackpool,Derby,1.0,3.0,A,7.0,3.0,5.0,1.0,3.0,6.0,16.0,12.0,10.0,12.0,D Webb
08/04/2014,Bournemouth,Reading,3.0,1.0,H,3.0,5.0,1.0,1.0,7.0,3.0,18.0,16.0,14.0,4.0,A Woolmer
08/04/2014,Charlton,Yeovil,3.0,2.0,H,3.0,4.0,0.0,3.0,8.0,4.0,7.0,18.0,10.0,14.0,G Scott
08/04/2014,Doncaster,Bolton,1.0,2.0,A,11.0,5.0,0.0,1.0,6.0,10.0,12.0,11.0,16.0,13.0,G Sutton
08/04/2014,Huddersfield,Ipswich,0.0,2.0,A,3.0,5.0,1.0,1.0,1.0,7.0,16.0,14.0,6.0,10.0,M Brown
08/04/2014,Leicester,Brighton,1.0,4.0,A,8.0,4.0,2.0,1.0,4.0,6.0,8.0,15.0,10.0,11.0,C Pawson
08/04/2014,Middlesbrough,Birmingham,3.0,1.0,H,8.0,7.0,1.0,2.0,9.0,4.0,16.0,8.0,20.0,16.0,C Boyeson
08/04/2014,Nott'm Forest,Sheffield Weds,3.0,3.0,D,6.0,3.0,3.0,3.0,5.0,5.0,9.0,11.0,12.0,12.0,S Duncan
08/04/2014,Watford,Leeds,3.0,0.0,H,4.0,1.0,1.0,2.0,4.0,4.0,10.0,6.0,6.0,8.0,G Ward
08/04/2014,Wigan,Millwall,0.0,1.0,A,7.0,3.0,0.0,3.0,2.0,5.0,9.0,10.0,18.0,9.0,K Hill
12/04/2014,Bolton,Barnsley,1.0,0.0,H,2.0,7.0,1.0,1.0,6.0,3.0,13.0,11.0,16.0,17.0,J Adcock
12/04/2014,Brighton,Charlton,3.0,0.0,H,7.0,2.0,2.0,1.0,5.0,0.0,16.0,8.0,16.0,2.0,R East
12/04/2014,Burnley,Middlesbrough,0.0,1.0,A,14.0,5.0,0.0,2.0,8.0,4.0,7.0,19.0,27.0,10.0,D Whitestone
12/04/2014,Derby,Huddersfield,3.0,1.0,H,9.0,0.0,0.0,1.0,6.0,4.0,12.0,12.0,16.0,6.0,D Deadman
12/04/2014,Ipswich,Doncaster,2.0,1.0,H,8.0,10.0,1.0,3.0,6.0,5.0,17.0,11.0,17.0,6.0,G Scott
12/04/2014,Leeds,Blackpool,2.0,0.0,H,5.0,1.0,0.0,1.0,5.0,3.0,13.0,17.0,12.0,11.0,D Coote
12/04/2014,Millwall,Watford,2.0,2.0,D,13.0,3.0,2.0,3.0,7.0,6.0,11.0,11.0,19.0,18.0,K Stroud
12/04/2014,QPR,Nott'm Forest,5.0,2.0,H,2.0,11.0,0.0,0.0,7.0,7.0,10.0,11.0,17.0,13.0,O Langford
12/04/2014,Sheffield Weds,Blackburn,3.0,3.0,D,6.0,2.0,4.0,4.0,8.0,6.0,14.0,11.0,19.0,18.0,F Graham
12/04/2014,Yeovil,Bournemouth,1.0,1.0,D,4.0,1.0,1.0,2.0,5.0,2.0,15.0,7.0,12.0,12.0,R Madley
14/04/2014,Reading,Leicester,1.0,1.0,D,7.0,7.0,0.0,1.0,3.0,5.0,11.0,15.0,13.0,18.0,S Hooper
15/04/2014,Charlton,Barnsley,1.0,2.0,A,4.0,2.0,2.0,2.0,2.0,4.0,14.0,11.0,17.0,9.0,I Williamson
18/04/2014,Blackburn,Yeovil,0.0,0.0,D,3.0,4.0,2.0,2.0,5.0,0.0,10.0,10.0,21.0,7.0,T Harrington
18/04/2014,Blackpool,Burnley,0.0,1.0,A,6.0,2.0,2.0,3.0,1.0,5.0,10.0,11.0,10.0,9.0,M Oliver
18/04/2014,Bournemouth,Sheffield Weds,2.0,4.0,A,6.0,6.0,2.0,1.0,7.0,6.0,7.0,14.0,16.0,11.0,T Robinson
18/04/2014,Charlton,Bolton,0.0,0.0,D,5.0,6.0,0.0,1.0,4.0,5.0,7.0,5.0,18.0,16.0,B Malone
18/04/2014,Doncaster,Derby,0.0,2.0,A,6.0,6.0,2.0,2.0,2.0,5.0,10.0,13.0,13.0,9.0,S Hooper
18/04/2014,Huddersfield,Brighton,1.0,1.0,D,5.0,7.0,4.0,3.0,5.0,2.0,15.0,12.0,6.0,7.0,A Davies
18/04/2014,Wigan,Reading,3.0,0.0,H,4.0,2.0,1.0,2.0,10.0,1.0,11.0,15.0,17.0,6.0,C Pawson
19/04/2014,Barnsley,Leeds,0.0,1.0,A,1.0,1.0,1.0,2.0,3.0,3.0,8.0,13.0,13.0,9.0,D Webb
19/04/2014,Leicester,QPR,1.0,0.0,H,4.0,7.0,1.0,2.0,5.0,3.0,10.0,10.0,17.0,13.0,S Duncan
19/04/2014,Middlesbrough,Millwall,1.0,2.0,A,2.0,8.0,2.0,3.0,4.0,7.0,7.0,10.0,14.0,16.0,D Bond
19/04/2014,Nott'm Forest,Birmingham,1.0,0.0,H,2.0,7.0,2.0,2.0,3.0,2.0,19.0,8.0,12.0,9.0,M Jones
19/04/2014,Watford,Ipswich,3.0,1.0,H,5.0,3.0,3.0,0.0,4.0,4.0,14.0,9.0,11.0,10.0,G Sutton
21/04/2014,Birmingham,Blackburn,2.0,4.0,A,4.0,3.0,3.0,1.0,6.0,12.0,16.0,5.0,16.0,20.0,M Haywood
21/04/2014,Brighton,Blackpool,1.0,1.0,D,4.0,8.0,0.0,5.0,3.0,3.0,10.0,18.0,11.0,9.0,M Russell
21/04/2014,Burnley,Wigan,2.0,0.0,H,5.0,5.0,2.0,4.0,6.0,3.0,12.0,15.0,11.0,10.0,K Stroud
21/04/2014,Derby,Barnsley,2.0,1.0,H,7.0,7.0,0.0,2.0,8.0,3.0,7.0,8.0,24.0,13.0,G Scott
21/04/2014,Ipswich,Bournemouth,2.0,2.0,D,3.0,6.0,0.0,0.0,4.0,4.0,10.0,11.0,8.0,24.0,A D'Urso
21/04/2014,Leeds,Nott'm Forest,0.0,2.0,A,7.0,1.0,1.0,1.0,3.0,5.0,5.0,10.0,25.0,5.0,I Williamson
21/04/2014,Millwall,Doncaster,0.0,0.0,D,14.0,1.0,2.0,1.0,5.0,0.0,11.0,10.0,19.0,6.0,F Graham
21/04/2014,QPR,Watford,2.0,1.0,H,8.0,11.0,1.0,3.0,8.0,5.0,8.0,19.0,17.0,14.0,J Linington
21/04/2014,Sheffield Weds,Charlton,2.0,3.0,A,5.0,3.0,3.0,1.0,3.0,5.0,7.0,9.0,12.0,12.0,T Harrington
21/04/2014,Yeovil,Huddersfield,1.0,2.0,A,3.0,9.0,0.0,1.0,3.0,5.0,8.0,10.0,9.0,16.0,S Attwell
22/04/2014,Bolton,Leicester,0.0,1.0,A,5.0,13.0,0.0,0.0,4.0,7.0,5.0,6.0,12.0,20.0,D Webb
22/04/2014,Reading,Middlesbrough,2.0,0.0,H,8.0,2.0,1.0,4.0,4.0,3.0,8.0,14.0,16.0,10.0,J Adcock
25/04/2014,Brighton,Yeovil,2.0,0.0,H,8.0,3.0,1.0,2.0,6.0,2.0,11.0,17.0,23.0,8.0,A Madley
26/04/2014,Birmingham,Leeds,1.0,3.0,A,5.0,1.0,0.0,1.0,3.0,3.0,11.0,11.0,11.0,7.0,G Eltrigham
26/04/2014,Bournemouth,Nott'm Forest,4.0,1.0,H,5.0,5.0,1.0,2.0,7.0,2.0,6.0,14.0,14.0,7.0,S Hooper
26/04/2014,Burnley,Ipswich,1.0,0.0,H,2.0,9.0,0.0,2.0,3.0,2.0,12.0,13.0,15.0,11.0,J Linington
26/04/2014,Charlton,Blackburn,1.0,3.0,A,4.0,7.0,1.0,0.0,3.0,8.0,7.0,9.0,17.0,22.0,M Naylor
26/04/2014,Derby,Watford,4.0,2.0,H,14.0,7.0,0.0,3.0,8.0,4.0,2.0,9.0,27.0,13.0,S Duncan
26/04/2014,Doncaster,Reading,1.0,3.0,A,2.0,5.0,0.0,0.0,2.0,3.0,7.0,9.0,3.0,10.0,A Taylor
26/04/2014,Huddersfield,Leicester,0.0,2.0,A,4.0,4.0,0.0,0.0,1.0,5.0,6.0,8.0,10.0,11.0,I Williamson
26/04/2014,Middlesbrough,Barnsley,3.0,1.0,H,5.0,8.0,2.0,0.0,12.0,6.0,9.0,8.0,23.0,17.0,D Drysdale
26/04/2014,QPR,Millwall,1.0,1.0,D,4.0,2.0,1.0,2.0,6.0,5.0,12.0,11.0,15.0,22.0,K Friend
26/04/2014,Sheffield Weds,Bolton,1.0,3.0,A,4.0,3.0,2.0,3.0,4.0,5.0,10.0,10.0,16.0,12.0,A Davies
26/04/2014,Wigan,Blackpool,0.0,2.0,A,4.0,2.0,0.0,1.0,2.0,2.0,11.0,14.0,11.0,7.0,A D'Urso
29/04/2014,Birmingham,Wigan,0.0,1.0,A,3.0,4.0,2.0,0.0,5.0,2.0,22.0,16.0,9.0,9.0,A Woolmer
29/04/2014,Charlton,Watford,3.0,1.0,H,4.0,5.0,1.0,2.0,5.0,5.0,11.0,13.0,10.0,12.0,D Bond
03/05/2014,Barnsley,QPR,2.0,3.0,A,8.0,4.0,0.0,0.0,8.0,4.0,7.0,12.0,18.0,13.0,K Wright
03/05/2014,Blackburn,Wigan,4.0,3.0,H,8.0,10.0,3.0,2.0,10.0,6.0,10.0,14.0,20.0,17.0,R East
03/05/2014,Blackpool,Charlton,0.0,3.0,A,4.0,1.0,0.0,2.0,4.0,4.0,12.0,11.0,20.0,9.0,K Friend
03/05/2014,Bolton,Birmingham,2.0,2.0,D,2.0,11.0,2.0,3.0,4.0,9.0,14.0,12.0,12.0,24.0,I Williamson
03/05/2014,Ipswich,Sheffield Weds,2.0,1.0,H,5.0,6.0,1.0,1.0,3.0,6.0,10.0,15.0,7.0,23.0,C Boyeson
03/05/2014,Leeds,Derby,1.0,1.0,D,5.0,3.0,1.0,1.0,11.0,7.0,12.0,13.0,28.0,14.0,J Linington
03/05/2014,Leicester,Doncaster,1.0,0.0,H,5.0,1.0,0.0,0.0,9.0,2.0,16.0,5.0,21.0,7.0,P Tierney
03/05/2014,Millwall,Bournemouth,1.0,0.0,H,10.0,10.0,3.0,2.0,5.0,6.0,18.0,11.0,22.0,12.0,M Naylor
03/05/2014,Nott'm Forest,Brighton,1.0,2.0,A,9.0,5.0,2.0,2.0,2.0,4.0,14.0,15.0,16.0,10.0,K Stroud
03/05/2014,Reading,Burnley,2.0,2.0,D,7.0,3.0,1.0,3.0,7.0,5.0,7.0,13.0,21.0,10.0,M Russell
03/05/2014,Watford,Huddersfield,1.0,4.0,A,5.0,4.0,3.0,2.0,4.0,8.0,20.0,14.0,7.0,14.0,D Coote
03/05/2014,Yeovil,Middlesbrough,1.0,4.0,A,10.0,5.0,2.0,1.0,5.0,8.0,12.0,7.0,13.0,24.0,G Salisbury
08/08/2014,Blackburn,Cardiff,1.0,1.0,D,4.0,5.0,1.0,3.0,3.0,3.0,6.0,14.0,12.0,6.0,A Madley
09/08/2014,Brentford,Charlton,1.0,1.0,D,11.0,5.0,1.0,1.0,4.0,4.0,3.0,13.0,14.0,13.0,J Adcock
09/08/2014,Brighton,Sheffield Weds,0.0,1.0,A,4.0,4.0,3.0,1.0,3.0,1.0,13.0,13.0,11.0,5.0,J Linington
09/08/2014,Derby,Rotherham,1.0,0.0,H,8.0,3.0,0.0,1.0,3.0,6.0,8.0,11.0,10.0,16.0,K Friend
09/08/2014,Huddersfield,Bournemouth,0.0,4.0,A,7.0,4.0,2.0,1.0,5.0,7.0,15.0,8.0,16.0,12.0,S Duncan
09/08/2014,Ipswich,Fulham,2.0,1.0,H,5.0,3.0,3.0,0.0,5.0,3.0,14.0,9.0,14.0,13.0,S Martin
09/08/2014,Middlesbrough,Birmingham,2.0,0.0,H,11.0,2.0,1.0,1.0,8.0,0.0,9.0,13.0,20.0,4.0,G Salisbury
09/08/2014,Millwall,Leeds,2.0,0.0,H,4.0,5.0,0.0,0.0,6.0,3.0,8.0,11.0,14.0,9.0,O Langford
09/08/2014,Nott'm Forest,Blackpool,2.0,0.0,H,7.0,2.0,1.0,2.0,4.0,1.0,14.0,10.0,15.0,7.0,T Harrington
09/08/2014,Watford,Bolton,3.0,0.0,H,4.0,7.0,0.0,0.0,5.0,4.0,9.0,18.0,18.0,16.0,C Boyeson
09/08/2014,Wigan,Reading,2.0,2.0,D,2.0,5.0,1.0,1.0,3.0,4.0,17.0,16.0,8.0,11.0,M Brown
10/08/2014,Wolves,Norwich,1.0,0.0,H,3.0,5.0,0.0,3.0,3.0,1.0,8.0,10.0,14.0,12.0,S Hooper
16/08/2014,Birmingham,Brighton,1.0,0.0,H,2.0,6.0,0.0,0.0,5.0,3.0,15.0,15.0,18.0,13.0,M Brown
16/08/2014,Blackpool,Blackburn,1.0,2.0,A,7.0,5.0,2.0,3.0,4.0,4.0,15.0,13.0,16.0,11.0,J Adcock
16/08/2014,Bolton,Nott'm Forest,2.0,2.0,D,2.0,10.0,3.0,0.0,2.0,7.0,14.0,9.0,9.0,20.0,E Ilderton
16/08/2014,Bournemouth,Brentford,1.0,0.0,H,13.0,6.0,1.0,3.0,5.0,4.0,15.0,6.0,16.0,17.0,G Ward
16/08/2014,Cardiff,Huddersfield,3.0,1.0,H,6.0,9.0,0.0,3.0,9.0,7.0,13.0,13.0,16.0,21.0,K Hill
16/08/2014,Charlton,Wigan,2.0,1.0,H,3.0,6.0,0.0,1.0,5.0,1.0,12.0,11.0,12.0,4.0,A D'Urso
16/08/2014,Fulham,Millwall,0.0,1.0,A,11.0,2.0,3.0,0.0,7.0,6.0,16.0,15.0,24.0,11.0,L Mason
16/08/2014,Leeds,Middlesbrough,1.0,0.0,H,4.0,4.0,1.0,3.0,4.0,0.0,7.0,12.0,9.0,11.0,S Attwell
16/08/2014,Norwich,Watford,3.0,0.0,H,11.0,1.0,1.0,1.0,8.0,3.0,12.0,5.0,30.0,10.0,P Tierney
16/08/2014,Reading,Ipswich,1.0,0.0,H,4.0,6.0,2.0,3.0,1.0,3.0,15.0,14.0,6.0,15.0,S Hooper
16/08/2014,Rotherham,Wolves,1.0,0.0,H,4.0,9.0,3.0,2.0,3.0,3.0,15.0,6.0,9.0,12.0,G Salisbury
16/08/2014,Sheffield Weds,Derby,0.0,0.0,D,9.0,4.0,3.0,2.0,7.0,3.0,13.0,10.0,21.0,11.0,S Duncan
19/08/2014,Birmingham,Ipswich,2.0,2.0,D,3.0,5.0,1.0,0.0,3.0,5.0,10.0,9.0,14.0,20.0,R East
19/08/2014,Blackpool,Brentford,1.0,2.0,A,4.0,5.0,2.0,1.0,5.0,3.0,17.0,9.0,16.0,8.0,M Haywood
19/08/2014,Bolton,Middlesbrough,1.0,2.0,A,3.0,3.0,2.0,3.0,2.0,6.0,15.0,8.0,11.0,20.0,S Martin
19/08/2014,Bournemouth,Nott'm Forest,1.0,2.0,A,17.0,2.0,2.0,2.0,5.0,3.0,11.0,19.0,17.0,9.0,K Friend
19/08/2014,Cardiff,Wigan,1.0,0.0,H,6.0,8.0,1.0,0.0,3.0,1.0,11.0,9.0,10.0,12.0,R Madley
19/08/2014,Charlton,Derby,3.0,2.0,H,0.0,4.0,2.0,1.0,7.0,5.0,10.0,13.0,13.0,15.0,M Bull
19/08/2014,Leeds,Brighton,0.0,2.0,A,2.0,2.0,5.0,1.0,1.0,3.0,16.0,14.0,5.0,13.0,J Adcock
19/08/2014,Norwich,Blackburn,3.0,1.0,H,13.0,6.0,0.0,3.0,11.0,4.0,9.0,10.0,17.0,10.0,G Scott
19/08/2014,Reading,Huddersfield,1.0,2.0,A,5.0,2.0,2.0,2.0,2.0,4.0,9.0,8.0,16.0,10.0,S Attwell
19/08/2014,Rotherham,Watford,0.0,2.0,A,2.0,2.0,2.0,2.0,3.0,3.0,11.0,7.0,15.0,9.0,D Webb
19/08/2014,Sheffield Weds,Millwall,1.0,1.0,D,8.0,5.0,2.0,1.0,2.0,2.0,15.0,13.0,10.0,14.0,N Miller
20/08/2014,Fulham,Wolves,0.0,1.0,A,7.0,6.0,4.0,0.0,1.0,2.0,11.0,13.0,13.0,13.0,J Linington
23/08/2014,Blackburn,Bournemouth,3.0,2.0,H,3.0,13.0,3.0,1.0,4.0,7.0,16.0,12.0,12.0,23.0,G Eltringham
23/08/2014,Brentford,Birmingham,1.0,1.0,D,8.0,10.0,0.0,0.0,5.0,5.0,11.0,10.0,7.0,12.0,R Madley
23/08/2014,Brighton,Bolton,2.0,1.0,H,3.0,4.0,2.0,1.0,11.0,1.0,11.0,7.0,26.0,9.0,G Scott
23/08/2014,Derby,Fulham,5.0,1.0,H,4.0,5.0,0.0,0.0,9.0,4.0,12.0,6.0,18.0,9.0,O Langford
23/08/2014,Huddersfield,Charlton,1.0,1.0,D,9.0,9.0,3.0,1.0,7.0,3.0,10.0,6.0,13.0,12.0,T Robinson
23/08/2014,Ipswich,Norwich,0.0,1.0,A,5.0,3.0,2.0,1.0,2.0,8.0,13.0,16.0,13.0,17.0,K Stroud
23/08/2014,Middlesbrough,Sheffield Weds,2.0,3.0,A,6.0,5.0,3.0,3.0,5.0,5.0,12.0,12.0,16.0,12.0,P Dowd
23/08/2014,Millwall,Rotherham,0.0,1.0,A,10.0,6.0,1.0,2.0,1.0,3.0,11.0,16.0,11.0,12.0,P Tierney
23/08/2014,Nott'm Forest,Reading,4.0,0.0,H,6.0,9.0,1.0,1.0,7.0,2.0,6.0,10.0,16.0,10.0,A Woolmer
23/08/2014,Watford,Leeds,4.0,1.0,H,5.0,1.0,2.0,2.0,6.0,0.0,13.0,15.0,21.0,4.0,J Linington
23/08/2014,Wigan,Blackpool,1.0,0.0,H,6.0,3.0,2.0,3.0,2.0,1.0,10.0,17.0,12.0,7.0,C Boyeson
23/08/2014,Wolves,Cardiff,1.0,0.0,H,7.0,3.0,2.0,2.0,2.0,4.0,8.0,8.0,12.0,8.0,D Drysdale
30/08/2014,Brighton,Charlton,2.0,2.0,D,12.0,2.0,2.0,1.0,4.0,2.0,9.0,7.0,20.0,5.0,K Hill
30/08/2014,Derby,Ipswich,1.0,1.0,D,7.0,11.0,1.0,3.0,5.0,5.0,15.0,8.0,12.0,10.0,E Ilderton
30/08/2014,Fulham,Cardiff,1.0,1.0,D,9.0,5.0,1.0,1.0,3.0,2.0,10.0,12.0,18.0,9.0,J Adcock
30/08/2014,Leeds,Bolton,1.0,0.0,H,5.0,8.0,2.0,0.0,2.0,8.0,12.0,11.0,8.0,22.0,S Hooper
30/08/2014,Middlesbrough,Reading,0.0,1.0,A,14.0,4.0,2.0,1.0,6.0,2.0,17.0,14.0,24.0,5.0,D Bond
30/08/2014,Millwall,Blackpool,2.0,1.0,H,5.0,2.0,3.0,3.0,4.0,4.0,19.0,21.0,17.0,12.0,A Woolmer
30/08/2014,Norwich,Bournemouth,1.0,1.0,D,6.0,4.0,4.0,1.0,5.0,3.0,11.0,13.0,13.0,8.0,S Martin
30/08/2014,Rotherham,Brentford,0.0,2.0,A,7.0,4.0,0.0,1.0,5.0,4.0,13.0,7.0,14.0,13.0,S Attwell
30/08/2014,Sheffield Weds,Nott'm Forest,0.0,1.0,A,5.0,1.0,4.0,3.0,7.0,5.0,12.0,9.0,15.0,9.0,G Salisbury
30/08/2014,Watford,Huddersfield,4.0,2.0,H,3.0,9.0,2.0,5.0,7.0,10.0,10.0,6.0,15.0,27.0,N Swarbrick
30/08/2014,Wigan,Birmingham,4.0,0.0,H,7.0,2.0,1.0,2.0,7.0,4.0,4.0,14.0,17.0,11.0,D Webb
30/08/2014,Wolves,Blackburn,3.0,1.0,H,2.0,6.0,2.0,5.0,7.0,6.0,16.0,9.0,15.0,18.0,K Stroud
13/09/2014,Birmingham,Leeds,1.0,1.0,D,2.0,7.0,2.0,0.0,4.0,3.0,11.0,12.0,16.0,12.0,S Duncan
13/09/2014,Blackburn,Wigan,3.0,1.0,H,9.0,5.0,1.0,2.0,8.0,2.0,14.0,15.0,15.0,13.0,R East
13/09/2014,Blackpool,Wolves,0.0,0.0,D,3.0,11.0,0.0,0.0,1.0,2.0,13.0,8.0,12.0,15.0,M Russell
13/09/2014,Bolton,Sheffield Weds,0.0,0.0,D,5.0,6.0,2.0,0.0,1.0,4.0,16.0,12.0,6.0,24.0,A Haines
13/09/2014,Bournemouth,Rotherham,1.0,1.0,D,3.0,4.0,1.0,2.0,3.0,1.0,8.0,15.0,12.0,10.0,G Horwood
13/09/2014,Brentford,Brighton,3.0,2.0,H,5.0,4.0,1.0,2.0,5.0,3.0,4.0,13.0,13.0,10.0,S Martin
13/09/2014,Cardiff,Norwich,2.0,4.0,A,2.0,6.0,1.0,2.0,5.0,6.0,4.0,11.0,11.0,25.0,M Haywood
13/09/2014,Charlton,Watford,1.0,0.0,H,2.0,8.0,3.0,4.0,1.0,4.0,9.0,7.0,4.0,14.0,A Madley
13/09/2014,Huddersfield,Middlesbrough,1.0,2.0,A,3.0,11.0,2.0,2.0,4.0,4.0,10.0,15.0,12.0,17.0,K Wright
13/09/2014,Ipswich,Millwall,2.0,0.0,H,8.0,6.0,1.0,0.0,4.0,6.0,13.0,9.0,16.0,17.0,C Berry
13/09/2014,Reading,Fulham,3.0,0.0,H,5.0,3.0,1.0,3.0,7.0,1.0,18.0,9.0,17.0,6.0,M Jones
14/09/2014,Nott'm Forest,Derby,1.0,1.0,D,5.0,6.0,3.0,1.0,3.0,5.0,11.0,17.0,16.0,13.0,P Tierney
16/09/2014,Birmingham,Sheffield Weds,0.0,2.0,A,5.0,6.0,2.0,1.0,1.0,4.0,12.0,13.0,15.0,15.0,J Adcock
16/09/2014,Blackpool,Watford,0.0,1.0,A,5.0,10.0,2.0,1.0,4.0,7.0,9.0,13.0,15.0,14.0,S Duncan
16/09/2014,Bolton,Rotherham,3.0,2.0,H,7.0,4.0,1.0,1.0,9.0,6.0,9.0,7.0,20.0,14.0,N Swarbrick
16/09/2014,Bournemouth,Leeds,1.0,3.0,A,8.0,2.0,1.0,1.0,7.0,5.0,15.0,9.0,19.0,11.0,B Malone
16/09/2014,Brentford,Norwich,0.0,3.0,A,7.0,3.0,2.0,2.0,6.0,4.0,7.0,12.0,18.0,11.0,T Robinson
16/09/2014,Cardiff,Middlesbrough,0.0,1.0,A,6.0,6.0,1.0,2.0,1.0,2.0,12.0,14.0,13.0,12.0,G Scott
16/09/2014,Charlton,Wolves,1.0,1.0,D,1.0,11.0,1.0,0.0,2.0,5.0,11.0,5.0,11.0,19.0,P Miller
16/09/2014,Huddersfield,Wigan,0.0,0.0,D,4.0,4.0,1.0,2.0,3.0,4.0,11.0,11.0,9.0,15.0,S Stockbridge
16/09/2014,Ipswich,Brighton,2.0,0.0,H,4.0,7.0,3.0,3.0,6.0,5.0,9.0,8.0,16.0,17.0,C Sarginson
16/09/2014,Reading,Millwall,3.0,2.0,H,3.0,7.0,0.0,2.0,3.0,9.0,8.0,14.0,9.0,18.0,K Hill
17/09/2014,Blackburn,Derby,2.0,3.0,A,11.0,3.0,0.0,2.0,9.0,7.0,14.0,7.0,20.0,15.0,D Webb
17/09/2014,Nott'm Forest,Fulham,5.0,3.0,H,1.0,7.0,2.0,6.0,5.0,8.0,12.0,11.0,14.0,14.0,D Deadman
20/09/2014,Brighton,Blackpool,0.0,0.0,D,15.0,2.0,3.0,5.0,6.0,2.0,14.0,20.0,25.0,7.0,K Stroud
20/09/2014,Derby,Cardiff,2.0,2.0,D,7.0,3.0,0.0,2.0,5.0,3.0,5.0,10.0,18.0,10.0,A Marriner
20/09/2014,Fulham,Blackburn,0.0,1.0,A,2.0,7.0,3.0,2.0,2.0,5.0,16.0,14.0,7.0,12.0,A D'Urso
20/09/2014,Leeds,Huddersfield,3.0,0.0,H,4.0,3.0,2.0,1.0,5.0,0.0,12.0,8.0,8.0,14.0,C Foy
20/09/2014,Middlesbrough,Brentford,4.0,0.0,H,5.0,2.0,2.0,1.0,9.0,2.0,11.0,12.0,22.0,6.0,J Simpson
20/09/2014,Millwall,Nott'm Forest,0.0,0.0,D,6.0,3.0,2.0,3.0,4.0,2.0,15.0,16.0,15.0,7.0,G Scott
20/09/2014,Norwich,Birmingham,2.0,2.0,D,10.0,1.0,3.0,1.0,4.0,4.0,7.0,5.0,28.0,15.0,D Sheldrake
20/09/2014,Rotherham,Charlton,1.0,1.0,D,7.0,5.0,2.0,2.0,6.0,4.0,11.0,4.0,23.0,13.0,D Deadman
20/09/2014,Sheffield Weds,Reading,1.0,0.0,H,6.0,12.0,3.0,3.0,2.0,3.0,16.0,10.0,16.0,11.0,M Heywood
20/09/2014,Watford,Bournemouth,1.0,1.0,D,6.0,2.0,2.0,5.0,3.0,5.0,5.0,15.0,12.0,12.0,O Langford
20/09/2014,Wolves,Bolton,1.0,0.0,H,9.0,7.0,1.0,1.0,6.0,5.0,5.0,11.0,15.0,11.0,A Madley
22/09/2014,Wigan,Ipswich,1.0,2.0,A,13.0,3.0,0.0,2.0,3.0,5.0,14.0,9.0,20.0,8.0,A Woolmer
27/09/2014,Birmingham,Fulham,1.0,2.0,A,7.0,6.0,1.0,1.0,3.0,8.0,14.0,9.0,9.0,13.0,S Hooper
27/09/2014,Blackburn,Watford,2.0,2.0,D,6.0,7.0,1.0,3.0,9.0,5.0,10.0,10.0,30.0,13.0,D Drysdale
27/09/2014,Blackpool,Norwich,1.0,3.0,A,4.0,7.0,2.0,2.0,6.0,6.0,9.0,9.0,10.0,15.0,A Marriner
27/09/2014,Bolton,Derby,0.0,2.0,A,7.0,7.0,2.0,1.0,2.0,7.0,15.0,13.0,9.0,16.0,M Brown
27/09/2014,Bournemouth,Wigan,2.0,0.0,H,8.0,2.0,2.0,1.0,6.0,2.0,11.0,12.0,17.0,11.0,G Sutton
27/09/2014,Brentford,Leeds,2.0,0.0,H,8.0,3.0,0.0,1.0,10.0,3.0,10.0,9.0,24.0,13.0,D Whitestone
27/09/2014,Cardiff,Sheffield Weds,2.0,1.0,H,0.0,0.0,0.0,2.0,4.0,1.0,0.0,2.0,14.0,10.0,M Bull
27/09/2014,Charlton,Middlesbrough,0.0,0.0,D,5.0,6.0,2.0,0.0,1.0,1.0,11.0,9.0,5.0,9.0,G Ward
27/09/2014,Huddersfield,Millwall,2.0,1.0,H,5.0,3.0,2.0,5.0,3.0,2.0,13.0,18.0,11.0,8.0,C Boyeson
27/09/2014,Ipswich,Rotherham,2.0,0.0,H,7.0,5.0,0.0,2.0,6.0,5.0,18.0,6.0,15.0,24.0,L Collins
27/09/2014,Nott'm Forest,Brighton,0.0,0.0,D,6.0,6.0,2.0,3.0,1.0,2.0,14.0,12.0,14.0,12.0,R Madley
28/09/2014,Reading,Wolves,3.0,3.0,D,2.0,5.0,2.0,2.0,5.0,3.0,14.0,14.0,13.0,10.0,J Adcock
30/09/2014,Brighton,Cardiff,1.0,1.0,D,12.0,3.0,3.0,3.0,8.0,3.0,7.0,9.0,26.0,9.0,N Swarbrick
30/09/2014,Derby,Bournemouth,2.0,0.0,H,7.0,3.0,0.0,1.0,5.0,2.0,9.0,10.0,19.0,5.0,S Mathieson
30/09/2014,Middlesbrough,Blackpool,1.0,1.0,D,6.0,3.0,2.0,2.0,5.0,4.0,13.0,11.0,19.0,10.0,P Tierney
30/09/2014,Millwall,Birmingham,1.0,3.0,A,5.0,2.0,1.0,3.0,7.0,6.0,20.0,10.0,22.0,16.0,R East
30/09/2014,Norwich,Charlton,0.0,1.0,A,9.0,1.0,0.0,3.0,4.0,2.0,8.0,7.0,15.0,4.0,M Russell
30/09/2014,Rotherham,Blackburn,2.0,0.0,H,8.0,8.0,1.0,3.0,4.0,4.0,9.0,10.0,17.0,17.0,S Hooper
30/09/2014,Sheffield Weds,Ipswich,1.0,1.0,D,5.0,3.0,2.0,0.0,3.0,4.0,12.0,11.0,9.0,13.0,D Bond
30/09/2014,Watford,Brentford,2.0,1.0,H,8.0,3.0,3.0,2.0,6.0,5.0,14.0,8.0,18.0,9.0,G Salisbury
30/09/2014,Wigan,Nott'm Forest,0.0,0.0,D,6.0,5.0,1.0,3.0,2.0,2.0,19.0,19.0,13.0,9.0,K Wright
01/10/2014,Fulham,Bolton,4.0,0.0,H,6.0,8.0,0.0,2.0,7.0,0.0,8.0,8.0,16.0,8.0,S Attwell
01/10/2014,Leeds,Reading,0.0,0.0,D,3.0,7.0,3.0,4.0,1.0,4.0,12.0,14.0,16.0,13.0,T Harrington
01/10/2014,Wolves,Huddersfield,1.0,3.0,A,7.0,2.0,1.0,0.0,5.0,8.0,8.0,7.0,23.0,14.0,P Gibbs
03/10/2014,Blackpool,Cardiff,1.0,0.0,H,1.0,8.0,2.0,2.0,2.0,2.0,21.0,10.0,12.0,19.0,D Whitestone
04/10/2014,Blackburn,Huddersfield,0.0,0.0,D,5.0,9.0,2.0,1.0,5.0,1.0,11.0,11.0,20.0,13.0,N Miller
04/10/2014,Bolton,Bournemouth,1.0,2.0,A,6.0,7.0,3.0,1.0,7.0,6.0,16.0,7.0,14.0,13.0,A Marriner
04/10/2014,Brentford,Reading,3.0,1.0,H,5.0,15.0,2.0,3.0,6.0,5.0,14.0,11.0,12.0,18.0,R East
04/10/2014,Charlton,Birmingham,1.0,1.0,D,1.0,4.0,0.0,1.0,3.0,3.0,11.0,5.0,8.0,15.0,P Tierney
04/10/2014,Derby,Millwall,0.0,0.0,D,12.0,7.0,4.0,4.0,1.0,2.0,15.0,12.0,10.0,11.0,M Haywood
04/10/2014,Leeds,Sheffield Weds,1.0,1.0,D,7.0,1.0,3.0,4.0,4.0,3.0,17.0,18.0,10.0,11.0,J Adcock
04/10/2014,Middlesbrough,Fulham,2.0,0.0,H,8.0,4.0,1.0,1.0,5.0,2.0,8.0,5.0,14.0,9.0,D Drysdale
04/10/2014,Norwich,Rotherham,1.0,1.0,D,12.0,3.0,1.0,1.0,6.0,3.0,9.0,12.0,27.0,6.0,P Gibbs
04/10/2014,Watford,Brighton,1.0,1.0,D,6.0,7.0,4.0,2.0,3.0,2.0,18.0,14.0,12.0,15.0,S Hooper
04/10/2014,Wolves,Wigan,2.0,2.0,D,10.0,2.0,2.0,4.0,7.0,3.0,17.0,11.0,18.0,10.0,A Davies
05/10/2014,Nott'm Forest,Ipswich,2.0,2.0,D,8.0,4.0,1.0,0.0,5.0,5.0,8.0,15.0,19.0,10.0,J Linington
17/10/2014,Rotherham,Leeds,2.0,1.0,H,7.0,4.0,3.0,4.0,11.0,4.0,12.0,16.0,17.0,15.0,K Stroud
18/10/2014,Birmingham,Bolton,0.0,1.0,A,7.0,5.0,1.0,1.0,5.0,3.0,12.0,16.0,15.0,11.0,M Haywood
18/10/2014,Bournemouth,Charlton,1.0,0.0,H,16.0,4.0,1.0,3.0,5.0,3.0,9.0,18.0,20.0,7.0,J Linington
18/10/2014,Brighton,Middlesbrough,1.0,2.0,A,4.0,2.0,2.0,4.0,3.0,3.0,10.0,14.0,15.0,11.0,A D'Urso
18/10/2014,Cardiff,Nott'm Forest,2.0,1.0,H,4.0,7.0,1.0,3.0,5.0,5.0,8.0,14.0,12.0,10.0,M Jones
18/10/2014,Fulham,Norwich,1.0,0.0,H,6.0,10.0,2.0,0.0,3.0,1.0,15.0,7.0,9.0,10.0,G Salisbury
18/10/2014,Huddersfield,Blackpool,4.0,2.0,H,5.0,0.0,2.0,3.0,11.0,4.0,10.0,13.0,17.0,9.0,D Bond
18/10/2014,Ipswich,Blackburn,1.0,1.0,D,8.0,3.0,1.0,1.0,6.0,3.0,12.0,16.0,15.0,9.0,J Adcock
18/10/2014,Millwall,Wolves,3.0,3.0,D,6.0,4.0,1.0,6.0,5.0,6.0,13.0,17.0,16.0,9.0,D Drysdale
18/10/2014,Reading,Derby,0.0,3.0,A,9.0,9.0,2.0,4.0,6.0,5.0,17.0,12.0,16.0,11.0,D Deadman
18/10/2014,Sheffield Weds,Watford,0.0,3.0,A,8.0,1.0,1.0,2.0,4.0,6.0,13.0,7.0,16.0,9.0,J Simpson
18/10/2014,Wigan,Brentford,0.0,0.0,D,9.0,7.0,2.0,5.0,3.0,4.0,8.0,15.0,8.0,12.0,T Harrington
21/10/2014,Blackburn,Birmingham,1.0,0.0,H,2.0,2.0,2.0,0.0,9.0,5.0,12.0,10.0,27.0,18.0,R Madley
21/10/2014,Blackpool,Derby,0.0,1.0,A,9.0,10.0,3.0,1.0,4.0,6.0,19.0,12.0,13.0,13.0,K Wright
21/10/2014,Bournemouth,Reading,3.0,0.0,H,6.0,6.0,0.0,0.0,6.0,3.0,10.0,11.0,14.0,15.0,M Haywood
21/10/2014,Brentford,Sheffield Weds,0.0,0.0,D,10.0,8.0,1.0,2.0,1.0,3.0,7.0,13.0,11.0,13.0,O Langford
21/10/2014,Cardiff,Ipswich,3.0,1.0,H,3.0,0.0,2.0,1.0,6.0,1.0,14.0,17.0,13.0,13.0,D Coote
21/10/2014,Charlton,Bolton,2.0,1.0,H,1.0,14.0,2.0,1.0,2.0,6.0,14.0,12.0,5.0,19.0,S Hooper
21/10/2014,Huddersfield,Brighton,1.0,1.0,D,8.0,5.0,0.0,3.0,5.0,3.0,9.0,10.0,10.0,11.0,G Sutton
21/10/2014,Norwich,Leeds,1.0,1.0,D,9.0,3.0,2.0,2.0,6.0,1.0,9.0,13.0,20.0,4.0,M Clattenburg
21/10/2014,Rotherham,Fulham,3.0,3.0,D,4.0,5.0,0.0,1.0,4.0,9.0,10.0,15.0,17.0,15.0,M Brown
21/10/2014,Watford,Nott'm Forest,2.0,2.0,D,14.0,6.0,0.0,1.0,8.0,2.0,9.0,12.0,21.0,11.0,D Whitestone
21/10/2014,Wigan,Millwall,0.0,0.0,D,8.0,2.0,0.0,3.0,4.0,1.0,12.0,20.0,11.0,5.0,E Ilderton
21/10/2014,Wolves,Middlesbrough,2.0,0.0,H,4.0,4.0,2.0,1.0,5.0,6.0,13.0,15.0,17.0,15.0,C Berry
24/10/2014,Fulham,Charlton,3.0,0.0,H,2.0,13.0,0.0,0.0,6.0,3.0,3.0,9.0,15.0,23.0,K Stroud
25/10/2014,Birmingham,Bournemouth,0.0,8.0,A,7.0,5.0,1.0,4.0,3.0,15.0,8.0,12.0,9.0,28.0,K Hill
25/10/2014,Bolton,Brentford,3.0,1.0,H,6.0,11.0,6.0,0.0,8.0,6.0,18.0,8.0,21.0,15.0,M Heywood
25/10/2014,Brighton,Rotherham,1.0,1.0,D,12.0,5.0,1.0,2.0,3.0,7.0,12.0,9.0,19.0,16.0,M Bull
25/10/2014,Derby,Wigan,1.0,2.0,A,5.0,8.0,1.0,5.0,2.0,8.0,13.0,16.0,12.0,18.0,R Madley
25/10/2014,Ipswich,Huddersfield,2.0,2.0,D,7.0,3.0,3.0,0.0,4.0,5.0,16.0,10.0,11.0,15.0,R Clark
25/10/2014,Leeds,Wolves,1.0,2.0,A,4.0,5.0,0.0,1.0,3.0,9.0,10.0,11.0,13.0,18.0,D Webb
25/10/2014,Middlesbrough,Watford,1.0,1.0,D,4.0,9.0,4.0,1.0,3.0,3.0,17.0,7.0,16.0,17.0,J Adcock
25/10/2014,Millwall,Cardiff,1.0,0.0,H,3.0,2.0,2.0,0.0,4.0,3.0,19.0,15.0,17.0,11.0,S Duncan
25/10/2014,Nott'm Forest,Blackburn,1.0,3.0,A,3.0,10.0,0.0,2.0,3.0,5.0,7.0,9.0,15.0,15.0,O Langford
25/10/2014,Reading,Blackpool,3.0,0.0,H,7.0,4.0,2.0,2.0,5.0,3.0,18.0,12.0,16.0,9.0,G Ward
25/10/2014,Sheffield Weds,Norwich,0.0,0.0,D,3.0,10.0,4.0,3.0,1.0,5.0,17.0,16.0,7.0,9.0,S Attwell
31/10/2014,Norwich,Bolton,2.0,1.0,H,11.0,4.0,1.0,2.0,6.0,2.0,12.0,10.0,19.0,8.0,G Scott
01/11/2014,Blackburn,Reading,3.0,1.0,H,1.0,5.0,2.0,3.0,5.0,3.0,10.0,16.0,17.0,12.0,C Boyeson
01/11/2014,Blackpool,Ipswich,0.0,2.0,A,2.0,3.0,0.0,1.0,3.0,2.0,9.0,10.0,13.0,13.0,A Haines
01/11/2014,Bournemouth,Brighton,3.0,2.0,H,9.0,4.0,3.0,5.0,3.0,3.0,14.0,15.0,13.0,10.0,K Stroud
01/11/2014,Brentford,Derby,2.0,1.0,H,5.0,5.0,3.0,4.0,3.0,3.0,11.0,15.0,10.0,15.0,C Berry
01/11/2014,Cardiff,Leeds,3.0,1.0,H,6.0,1.0,2.0,3.0,4.0,4.0,8.0,11.0,12.0,10.0,A Woolmer
01/11/2014,Charlton,Sheffield Weds,1.0,1.0,D,11.0,7.0,0.0,0.0,4.0,4.0,9.0,8.0,19.0,12.0,A D'Urso
01/11/2014,Huddersfield,Nott'm Forest,3.0,0.0,H,4.0,5.0,1.0,2.0,5.0,8.0,13.0,11.0,10.0,24.0,A Davies
01/11/2014,Rotherham,Middlesbrough,0.0,3.0,A,2.0,2.0,2.0,0.0,1.0,5.0,6.0,11.0,5.0,12.0,M Russell
01/11/2014,Watford,Millwall,3.0,1.0,H,7.0,6.0,1.0,5.0,7.0,4.0,12.0,18.0,10.0,11.0,R Madley
01/11/2014,Wigan,Fulham,3.0,3.0,D,10.0,5.0,2.0,1.0,8.0,4.0,15.0,11.0,17.0,13.0,J Adcock
01/11/2014,Wolves,Birmingham,0.0,0.0,D,5.0,4.0,1.0,3.0,6.0,3.0,13.0,10.0,22.0,13.0,A Taylor
04/11/2014,Birmingham,Watford,2.0,1.0,H,1.0,5.0,1.0,2.0,6.0,5.0,7.0,12.0,19.0,12.0,M Heywood
04/11/2014,Bolton,Cardiff,3.0,0.0,H,6.0,7.0,1.0,1.0,6.0,4.0,20.0,5.0,15.0,14.0,G Eltringham
04/11/2014,Brighton,Wigan,1.0,0.0,H,3.0,4.0,0.0,2.0,3.0,5.0,10.0,15.0,10.0,18.0,L Collins
04/11/2014,Derby,Huddersfield,3.0,2.0,H,9.0,8.0,2.0,2.0,8.0,6.0,9.0,13.0,16.0,18.0,K Hill
04/11/2014,Ipswich,Wolves,2.0,1.0,H,8.0,5.0,3.0,2.0,8.0,1.0,14.0,8.0,20.0,13.0,A Madley
04/11/2014,Leeds,Charlton,2.0,2.0,D,7.0,5.0,2.0,2.0,6.0,3.0,12.0,13.0,18.0,6.0,G Salisbury
04/11/2014,Middlesbrough,Norwich,4.0,0.0,H,12.0,2.0,2.0,3.0,6.0,1.0,9.0,13.0,15.0,9.0,N Miller
04/11/2014,Millwall,Blackburn,2.0,2.0,D,5.0,4.0,2.0,1.0,6.0,2.0,13.0,9.0,15.0,17.0,D Deadman
04/11/2014,Reading,Rotherham,3.0,0.0,H,8.0,5.0,2.0,2.0,5.0,4.0,15.0,12.0,13.0,8.0,P Miller
04/11/2014,Sheffield Weds,Bournemouth,0.0,2.0,A,3.0,3.0,1.0,0.0,3.0,6.0,5.0,4.0,11.0,16.0,M Dean
05/11/2014,Fulham,Blackpool,2.0,2.0,D,18.0,1.0,2.0,3.0,9.0,3.0,11.0,14.0,32.0,7.0,R Madley
05/11/2014,Nott'm Forest,Brentford,1.0,3.0,A,9.0,6.0,1.0,2.0,6.0,5.0,7.0,10.0,18.0,12.0,M Haywood
07/11/2014,Bolton,Wigan,3.0,1.0,H,4.0,1.0,1.0,3.0,5.0,2.0,16.0,12.0,15.0,9.0,S Duncan
08/11/2014,Birmingham,Cardiff,0.0,0.0,D,7.0,7.0,1.0,4.0,2.0,2.0,7.0,14.0,11.0,14.0,K Friend
08/11/2014,Brighton,Blackburn,1.0,1.0,D,6.0,4.0,2.0,4.0,5.0,4.0,14.0,7.0,14.0,14.0,M Haywood
08/11/2014,Derby,Wolves,5.0,0.0,H,9.0,4.0,1.0,4.0,6.0,2.0,14.0,14.0,15.0,11.0,G Salisbury
08/11/2014,Fulham,Huddersfield,3.0,1.0,H,4.0,10.0,3.0,0.0,6.0,3.0,12.0,10.0,13.0,16.0,A Woolmer
08/11/2014,Ipswich,Watford,1.0,0.0,H,10.0,5.0,1.0,3.0,4.0,2.0,8.0,18.0,17.0,10.0,E Ilderton
08/11/2014,Leeds,Blackpool,3.0,1.0,H,2.0,3.0,1.0,0.0,6.0,1.0,9.0,13.0,18.0,14.0,S Attwell
08/11/2014,Middlesbrough,Bournemouth,0.0,0.0,D,1.0,4.0,2.0,3.0,1.0,3.0,14.0,12.0,11.0,10.0,S Hooper
08/11/2014,Millwall,Brentford,2.0,3.0,A,7.0,4.0,3.0,2.0,5.0,7.0,11.0,16.0,17.0,15.0,J Adcock
08/11/2014,Nott'm Forest,Norwich,2.0,1.0,H,7.0,6.0,2.0,3.0,3.0,3.0,10.0,15.0,18.0,9.0,A Madley
08/11/2014,Reading,Charlton,0.0,1.0,A,12.0,0.0,2.0,2.0,2.0,4.0,9.0,11.0,20.0,9.0,N Swarbrick
08/11/2014,Sheffield Weds,Rotherham,0.0,0.0,D,5.0,4.0,0.0,1.0,3.0,2.0,6.0,8.0,11.0,14.0,N Miller
21/11/2014,Brentford,Fulham,2.0,1.0,H,8.0,7.0,2.0,2.0,9.0,5.0,11.0,9.0,18.0,9.0,D Coote
21/11/2014,Cardiff,Reading,2.0,1.0,H,6.0,2.0,1.0,2.0,5.0,4.0,13.0,10.0,16.0,8.0,J Linington
22/11/2014,Blackburn,Leeds,2.0,1.0,H,6.0,5.0,1.0,2.0,5.0,3.0,8.0,14.0,20.0,10.0,K Wright
22/11/2014,Blackpool,Bolton,1.0,1.0,D,1.0,5.0,2.0,1.0,4.0,3.0,9.0,13.0,13.0,15.0,N Miller
22/11/2014,Bournemouth,Ipswich,2.0,2.0,D,6.0,6.0,2.0,3.0,9.0,4.0,9.0,15.0,23.0,10.0,M Bull
22/11/2014,Charlton,Millwall,0.0,0.0,D,9.0,7.0,1.0,2.0,5.0,6.0,11.0,13.0,10.0,14.0,G Scott
22/11/2014,Huddersfield,Sheffield Weds,0.0,0.0,D,8.0,10.0,1.0,4.0,3.0,3.0,6.0,14.0,16.0,15.0,G Salisbury
22/11/2014,Norwich,Brighton,3.0,3.0,D,5.0,2.0,2.0,2.0,10.0,5.0,17.0,7.0,23.0,13.0,G Eltringham
22/11/2014,Rotherham,Birmingham,0.0,1.0,A,5.0,4.0,2.0,1.0,2.0,8.0,10.0,9.0,11.0,23.0,D Bond
22/11/2014,Watford,Derby,1.0,2.0,A,6.0,9.0,4.0,1.0,6.0,6.0,18.0,12.0,15.0,11.0,K Stroud
22/11/2014,Wigan,Middlesbrough,1.0,1.0,D,6.0,5.0,2.0,2.0,1.0,2.0,9.0,11.0,12.0,8.0,D Webb
22/11/2014,Wolves,Nott'm Forest,0.0,3.0,A,5.0,11.0,2.0,3.0,1.0,9.0,14.0,13.0,10.0,19.0,P Tierney
29/11/2014,Birmingham,Nott'm Forest,2.0,1.0,H,10.0,2.0,1.0,4.0,7.0,5.0,10.0,13.0,17.0,9.0,G Eltringham
29/11/2014,Bolton,Huddersfield,1.0,0.0,H,3.0,3.0,2.0,2.0,3.0,3.0,10.0,12.0,14.0,10.0,C Berry
29/11/2014,Bournemouth,Millwall,2.0,2.0,D,3.0,6.0,1.0,3.0,3.0,7.0,8.0,11.0,15.0,16.0,A Davies
29/11/2014,Brentford,Wolves,4.0,0.0,H,8.0,2.0,1.0,4.0,5.0,2.0,8.0,13.0,9.0,9.0,M Brown
29/11/2014,Brighton,Fulham,1.0,2.0,A,8.0,5.0,1.0,3.0,4.0,3.0,10.0,12.0,19.0,17.0,S Hooper
29/11/2014,Charlton,Ipswich,0.0,1.0,A,5.0,6.0,0.0,0.0,5.0,6.0,5.0,3.0,21.0,19.0,D Bond
29/11/2014,Leeds,Derby,2.0,0.0,H,5.0,6.0,4.0,5.0,5.0,0.0,18.0,6.0,14.0,11.0,M Russell
29/11/2014,Middlesbrough,Blackburn,1.0,1.0,D,15.0,6.0,1.0,1.0,11.0,6.0,9.0,9.0,25.0,13.0,M Clattenburg
29/11/2014,Norwich,Reading,1.0,2.0,A,10.0,7.0,2.0,2.0,5.0,4.0,11.0,13.0,21.0,6.0,D Webb
29/11/2014,Rotherham,Blackpool,1.0,1.0,D,7.0,4.0,3.0,0.0,4.0,4.0,10.0,8.0,13.0,9.0,T Harrington
29/11/2014,Sheffield Weds,Wigan,2.0,1.0,H,3.0,7.0,3.0,2.0,7.0,5.0,13.0,14.0,18.0,14.0,C Kavanagh
29/11/2014,Watford,Cardiff,0.0,1.0,A,3.0,4.0,0.0,2.0,5.0,3.0,10.0,11.0,22.0,11.0,P Gibbs
05/12/2014,Fulham,Watford,0.0,5.0,A,5.0,10.0,0.0,1.0,2.0,10.0,5.0,14.0,8.0,17.0,P Tierney
06/12/2014,Blackburn,Sheffield Weds,1.0,2.0,A,4.0,6.0,0.0,1.0,5.0,5.0,15.0,11.0,11.0,14.0,S Martin
06/12/2014,Blackpool,Birmingham,1.0,0.0,H,3.0,6.0,5.0,2.0,9.0,5.0,18.0,13.0,15.0,10.0,D Coote
06/12/2014,Cardiff,Rotherham,0.0,0.0,D,3.0,1.0,0.0,0.0,2.0,4.0,10.0,8.0,14.0,13.0,A D'Urso
06/12/2014,Derby,Brighton,3.0,0.0,H,4.0,4.0,2.0,2.0,8.0,0.0,11.0,10.0,18.0,11.0,M Heywood
06/12/2014,Huddersfield,Brentford,2.0,1.0,H,3.0,7.0,3.0,3.0,8.0,8.0,11.0,9.0,18.0,22.0,E Ilderton
06/12/2014,Ipswich,Leeds,4.0,1.0,H,9.0,7.0,2.0,2.0,5.0,2.0,16.0,13.0,19.0,22.0,M Dean
06/12/2014,Millwall,Middlesbrough,1.0,5.0,A,3.0,5.0,1.0,0.0,3.0,7.0,10.0,14.0,16.0,15.0,M Russell
06/12/2014,Nott'm Forest,Charlton,1.0,1.0,D,3.0,3.0,2.0,1.0,5.0,3.0,14.0,10.0,17.0,4.0,K Wright
06/12/2014,Reading,Bolton,0.0,0.0,D,10.0,4.0,3.0,0.0,5.0,3.0,11.0,10.0,18.0,10.0,K Hill
06/12/2014,Wigan,Norwich,0.0,1.0,A,4.0,1.0,0.0,0.0,6.0,3.0,5.0,11.0,9.0,6.0,O Langford
06/12/2014,Wolves,Bournemouth,1.0,2.0,A,6.0,7.0,3.0,2.0,5.0,7.0,20.0,12.0,13.0,24.0,M Jones
12/12/2014,Brighton,Millwall,0.0,1.0,A,5.0,2.0,2.0,4.0,3.0,2.0,12.0,20.0,14.0,9.0,J Linington
13/12/2014,Birmingham,Reading,6.0,1.0,H,2.0,5.0,0.0,2.0,7.0,4.0,13.0,12.0,11.0,16.0,N Miller
13/12/2014,Bolton,Ipswich,0.0,0.0,D,5.0,6.0,2.0,3.0,0.0,7.0,13.0,9.0,6.0,19.0,G Sutton
13/12/2014,Bournemouth,Cardiff,5.0,3.0,H,3.0,7.0,0.0,0.0,12.0,4.0,7.0,11.0,23.0,17.0,J Adcock
13/12/2014,Brentford,Blackburn,3.0,1.0,H,3.0,3.0,1.0,2.0,5.0,4.0,13.0,12.0,11.0,11.0,A Woolmer
13/12/2014,Charlton,Blackpool,2.0,2.0,D,2.0,2.0,1.0,1.0,4.0,5.0,12.0,8.0,12.0,10.0,A Davies
13/12/2014,Leeds,Fulham,0.0,1.0,A,7.0,2.0,1.0,0.0,3.0,3.0,4.0,11.0,15.0,8.0,S Duncan
13/12/2014,Middlesbrough,Derby,2.0,0.0,H,6.0,3.0,2.0,3.0,7.0,2.0,15.0,15.0,15.0,6.0,R East
13/12/2014,Norwich,Huddersfield,5.0,0.0,H,6.0,6.0,0.0,0.0,9.0,3.0,8.0,8.0,26.0,9.0,M Brown
13/12/2014,Rotherham,Nott'm Forest,0.0,0.0,D,4.0,6.0,2.0,1.0,3.0,0.0,13.0,14.0,16.0,8.0,R Clark
13/12/2014,Sheffield Weds,Wolves,0.0,1.0,A,6.0,6.0,2.0,0.0,2.0,5.0,9.0,16.0,16.0,15.0,S Attwell
13/12/2014,Watford,Wigan,2.0,1.0,H,0.0,6.0,2.0,1.0,4.0,4.0,11.0,8.0,14.0,11.0,M Haywood
19/12/2014,Millwall,Bolton,0.0,1.0,A,3.0,4.0,2.0,3.0,2.0,8.0,12.0,14.0,8.0,14.0,S Attwell
20/12/2014,Blackburn,Charlton,2.0,0.0,H,8.0,6.0,0.0,1.0,7.0,2.0,10.0,12.0,19.0,8.0,D Webb
20/12/2014,Blackpool,Bournemouth,1.0,6.0,A,4.0,6.0,2.0,1.0,6.0,11.0,11.0,8.0,11.0,21.0,A Madley
20/12/2014,Cardiff,Brentford,2.0,3.0,A,7.0,3.0,1.0,4.0,9.0,5.0,11.0,11.0,20.0,9.0,G Scott
20/12/2014,Derby,Norwich,2.0,2.0,D,1.0,3.0,1.0,2.0,2.0,3.0,5.0,9.0,6.0,17.0,P Tierney
20/12/2014,Fulham,Sheffield Weds,4.0,0.0,H,4.0,9.0,2.0,3.0,6.0,2.0,11.0,14.0,13.0,17.0,M Jones
20/12/2014,Huddersfield,Birmingham,0.0,1.0,A,7.0,5.0,1.0,1.0,5.0,2.0,13.0,14.0,16.0,9.0,J Simpson
20/12/2014,Ipswich,Middlesbrough,2.0,0.0,H,1.0,6.0,1.0,3.0,6.0,3.0,5.0,19.0,15.0,12.0,J Linington
20/12/2014,Nott'm Forest,Leeds,1.0,1.0,D,7.0,4.0,3.0,1.0,6.0,4.0,14.0,12.0,17.0,8.0,K Friend
20/12/2014,Reading,Watford,0.0,1.0,A,7.0,4.0,2.0,1.0,4.0,2.0,9.0,9.0,16.0,6.0,G Ward
20/12/2014,Wigan,Rotherham,1.0,2.0,A,11.0,3.0,2.0,4.0,3.0,6.0,13.0,14.0,14.0,13.0,K Stroud
20/12/2014,Wolves,Brighton,1.0,1.0,D,6.0,1.0,3.0,3.0,7.0,3.0,10.0,14.0,19.0,5.0,D Bond
26/12/2014,Birmingham,Derby,0.0,4.0,A,3.0,9.0,1.0,2.0,2.0,6.0,8.0,12.0,10.0,15.0,C Foy
26/12/2014,Bolton,Blackburn,2.0,1.0,H,7.0,5.0,1.0,2.0,6.0,5.0,16.0,16.0,13.0,16.0,C Pawson
26/12/2014,Bournemouth,Fulham,2.0,0.0,H,6.0,5.0,2.0,1.0,7.0,0.0,9.0,14.0,17.0,5.0,K Stroud
26/12/2014,Brentford,Ipswich,2.0,4.0,A,3.0,4.0,2.0,1.0,6.0,7.0,5.0,9.0,16.0,13.0,F Graham
26/12/2014,Brighton,Reading,2.0,2.0,D,9.0,4.0,1.0,4.0,7.0,4.0,12.0,18.0,15.0,10.0,G Salisbury
26/12/2014,Charlton,Cardiff,1.0,1.0,D,5.0,3.0,1.0,1.0,7.0,5.0,15.0,8.0,18.0,15.0,M Russell
26/12/2014,Leeds,Wigan,0.0,2.0,A,10.0,3.0,1.0,1.0,4.0,4.0,6.0,6.0,24.0,9.0,N Miller
26/12/2014,Middlesbrough,Nott'm Forest,3.0,0.0,H,11.0,4.0,0.0,1.0,7.0,3.0,11.0,12.0,14.0,11.0,S Duncan
26/12/2014,Norwich,Millwall,6.0,1.0,H,3.0,9.0,0.0,1.0,13.0,3.0,11.0,4.0,21.0,8.0,A D'Urso
26/12/2014,Rotherham,Huddersfield,2.0,2.0,D,2.0,8.0,2.0,3.0,4.0,6.0,4.0,13.0,9.0,13.0,M Haywood
26/12/2014,Sheffield Weds,Blackpool,1.0,0.0,H,3.0,1.0,0.0,2.0,5.0,3.0,11.0,14.0,15.0,7.0,J Adcock
26/12/2014,Watford,Wolves,0.0,1.0,A,7.0,8.0,2.0,2.0,4.0,5.0,9.0,9.0,14.0,12.0,G Scott
28/12/2014,Blackburn,Middlesbrough,0.0,0.0,D,5.0,3.0,2.0,3.0,6.0,4.0,10.0,10.0,18.0,7.0,C Boyeson
28/12/2014,Blackpool,Rotherham,1.0,1.0,D,5.0,9.0,0.0,2.0,3.0,6.0,11.0,10.0,17.0,20.0,S Duncan
28/12/2014,Cardiff,Watford,2.0,4.0,A,5.0,4.0,0.0,0.0,4.0,8.0,10.0,11.0,11.0,16.0,S Attwell
28/12/2014,Huddersfield,Bolton,2.0,1.0,H,10.0,2.0,1.0,2.0,7.0,3.0,13.0,5.0,24.0,8.0,T Kettle
28/12/2014,Millwall,Bournemouth,0.0,2.0,A,3.0,6.0,4.0,3.0,0.0,5.0,23.0,10.0,3.0,19.0,D Coote
28/12/2014,Nott'm Forest,Birmingham,1.0,3.0,A,9.0,9.0,1.0,1.0,2.0,9.0,12.0,11.0,26.0,18.0,S Hooper
28/12/2014,Reading,Norwich,2.0,1.0,H,7.0,4.0,0.0,3.0,5.0,3.0,12.0,19.0,12.0,11.0,J Linington
28/12/2014,Wolves,Brentford,2.0,1.0,H,6.0,9.0,0.0,2.0,3.0,5.0,16.0,6.0,13.0,17.0,K Wright
29/12/2014,Fulham,Brighton,0.0,2.0,A,9.0,5.0,1.0,1.0,2.0,8.0,6.0,8.0,18.0,21.0,G Scott
30/12/2014,Derby,Leeds,2.0,0.0,H,5.0,2.0,1.0,4.0,6.0,1.0,12.0,13.0,15.0,8.0,K Stroud
30/12/2014,Ipswich,Charlton,3.0,0.0,H,16.0,4.0,2.0,1.0,5.0,4.0,3.0,12.0,16.0,12.0,C Kavanagh
30/12/2014,Wigan,Sheffield Weds,0.0,1.0,A,6.0,6.0,1.0,3.0,0.0,4.0,9.0,13.0,10.0,6.0,D Whitestone
10/01/2015,Birmingham,Wigan,3.0,1.0,H,8.0,5.0,0.0,1.0,6.0,3.0,7.0,7.0,20.0,10.0,M Russell
10/01/2015,Blackpool,Millwall,1.0,0.0,H,4.0,4.0,1.0,0.0,4.0,2.0,9.0,9.0,14.0,17.0,S Martin
10/01/2015,Bolton,Leeds,1.0,1.0,D,9.0,5.0,2.0,1.0,3.0,5.0,14.0,12.0,12.0,13.0,A Woolmer
10/01/2015,Bournemouth,Norwich,1.0,2.0,A,7.0,5.0,2.0,2.0,4.0,3.0,4.0,17.0,15.0,12.0,C Foy
10/01/2015,Brentford,Rotherham,1.0,0.0,H,9.0,4.0,0.0,2.0,5.0,4.0,3.0,9.0,15.0,17.0,P Tierney
10/01/2015,Cardiff,Fulham,1.0,0.0,H,4.0,6.0,0.0,1.0,4.0,2.0,8.0,9.0,19.0,7.0,N Miller
10/01/2015,Charlton,Brighton,0.0,1.0,A,9.0,2.0,0.0,1.0,5.0,5.0,8.0,12.0,20.0,12.0,L Probert
10/01/2015,Huddersfield,Watford,3.0,1.0,H,5.0,4.0,1.0,2.0,8.0,3.0,3.0,9.0,17.0,10.0,C Kavanagh
10/01/2015,Ipswich,Derby,0.0,1.0,A,4.0,4.0,3.0,0.0,6.0,3.0,13.0,11.0,18.0,10.0,K Wright
10/01/2015,Nott'm Forest,Sheffield Weds,0.0,2.0,A,4.0,7.0,1.0,0.0,3.0,5.0,15.0,10.0,14.0,16.0,A D'Urso
10/01/2015,Reading,Middlesbrough,0.0,0.0,D,6.0,10.0,2.0,1.0,3.0,4.0,12.0,12.0,8.0,11.0,C Breakspear
11/01/2015,Blackburn,Wolves,0.0,1.0,A,4.0,7.0,2.0,1.0,3.0,4.0,13.0,8.0,11.0,11.0,M Haywood
17/01/2015,Brighton,Brentford,0.0,1.0,A,8.0,0.0,0.0,2.0,5.0,3.0,11.0,10.0,18.0,11.0,A Davies
17/01/2015,Derby,Nott'm Forest,1.0,2.0,A,8.0,7.0,2.0,2.0,1.0,4.0,14.0,19.0,11.0,16.0,A Madley
17/01/2015,Fulham,Reading,2.0,1.0,H,5.0,12.0,3.0,4.0,3.0,6.0,10.0,19.0,10.0,21.0,M Brown
17/01/2015,Leeds,Birmingham,1.0,1.0,D,2.0,7.0,1.0,3.0,5.0,6.0,13.0,15.0,18.0,18.0,D Whitestone
17/01/2015,Middlesbrough,Huddersfield,2.0,0.0,H,4.0,9.0,3.0,1.0,3.0,3.0,10.0,14.0,15.0,13.0,P Bankes
17/01/2015,Millwall,Ipswich,1.0,3.0,A,4.0,6.0,0.0,0.0,1.0,7.0,20.0,15.0,11.0,14.0,G Salisbury
17/01/2015,Norwich,Cardiff,3.0,2.0,H,7.0,3.0,1.0,3.0,7.0,4.0,12.0,9.0,21.0,13.0,J Adcock
17/01/2015,Rotherham,Bournemouth,0.0,2.0,A,2.0,3.0,4.0,2.0,2.0,4.0,17.0,11.0,15.0,14.0,P Gibbs
17/01/2015,Sheffield Weds,Bolton,1.0,2.0,A,5.0,8.0,3.0,2.0,3.0,7.0,12.0,15.0,17.0,15.0,G Scott
17/01/2015,Watford,Charlton,5.0,0.0,H,11.0,0.0,0.0,2.0,12.0,1.0,8.0,9.0,24.0,11.0,D Bond
17/01/2015,Wigan,Blackburn,1.0,1.0,D,3.0,7.0,3.0,3.0,4.0,4.0,11.0,17.0,12.0,11.0,M Jones
17/01/2015,Wolves,Blackpool,2.0,0.0,H,7.0,1.0,0.0,1.0,3.0,2.0,11.0,9.0,15.0,4.0,K Johnson
20/01/2015,Leeds,Bournemouth,1.0,0.0,H,7.0,4.0,2.0,1.0,4.0,3.0,8.0,6.0,12.0,17.0,O Langford
20/01/2015,Middlesbrough,Cardiff,2.0,1.0,H,5.0,3.0,3.0,1.0,7.0,6.0,10.0,13.0,21.0,11.0,G Eltringham
21/01/2015,Brighton,Ipswich,3.0,2.0,H,6.0,3.0,0.0,2.0,8.0,3.0,6.0,9.0,16.0,12.0,K Stroud
21/01/2015,Fulham,Nott'm Forest,3.0,2.0,H,6.0,8.0,2.0,0.0,6.0,7.0,12.0,10.0,11.0,23.0,A Haines
24/01/2015,Norwich,Brentford,1.0,2.0,A,7.0,5.0,4.0,1.0,4.0,4.0,16.0,6.0,12.0,10.0,N Miller
24/01/2015,Watford,Blackpool,7.0,2.0,H,8.0,3.0,0.0,1.0,10.0,5.0,7.0,10.0,26.0,11.0,F Graham
24/01/2015,Wigan,Huddersfield,0.0,1.0,A,9.0,4.0,3.0,0.0,4.0,5.0,11.0,12.0,20.0,13.0,S Martin
24/01/2015,Wolves,Charlton,0.0,0.0,D,8.0,5.0,2.0,2.0,2.0,4.0,7.0,14.0,12.0,6.0,A D'Urso
27/01/2015,Derby,Blackburn,2.0,0.0,H,8.0,3.0,2.0,2.0,6.0,2.0,9.0,16.0,18.0,11.0,A Davies
27/01/2015,Millwall,Reading,0.0,0.0,D,3.0,7.0,0.0,1.0,2.0,7.0,12.0,19.0,6.0,17.0,A Madley
27/01/2015,Rotherham,Bolton,4.0,2.0,H,4.0,4.0,1.0,1.0,7.0,3.0,11.0,11.0,16.0,9.0,D Drysdale
27/01/2015,Sheffield Weds,Birmingham,0.0,0.0,D,7.0,2.0,1.0,2.0,1.0,3.0,15.0,7.0,9.0,7.0,T Kettle
30/01/2015,Bournemouth,Watford,2.0,0.0,H,15.0,2.0,3.0,0.0,8.0,1.0,10.0,6.0,18.0,14.0,L Probert
31/01/2015,Birmingham,Norwich,0.0,0.0,D,2.0,5.0,0.0,2.0,3.0,4.0,13.0,14.0,7.0,11.0,D Handley
31/01/2015,Blackburn,Fulham,2.0,1.0,H,2.0,0.0,0.0,0.0,5.0,3.0,8.0,8.0,19.0,12.0,D Whitestone
31/01/2015,Blackpool,Brighton,1.0,0.0,H,3.0,8.0,3.0,1.0,2.0,2.0,6.0,17.0,12.0,12.0,S Stockbridge
31/01/2015,Bolton,Wolves,2.0,2.0,D,3.0,8.0,1.0,4.0,4.0,2.0,11.0,12.0,11.0,8.0,E Ilderton
31/01/2015,Brentford,Middlesbrough,0.0,1.0,A,9.0,7.0,3.0,3.0,6.0,4.0,8.0,16.0,16.0,13.0,S Hooper
31/01/2015,Cardiff,Derby,0.0,2.0,A,3.0,2.0,3.0,2.0,5.0,3.0,16.0,14.0,9.0,3.0,P Tierney
31/01/2015,Charlton,Rotherham,1.0,1.0,D,5.0,5.0,0.0,0.0,1.0,4.0,10.0,3.0,12.0,15.0,S Duncan
31/01/2015,Huddersfield,Leeds,1.0,2.0,A,8.0,1.0,2.0,3.0,2.0,3.0,9.0,12.0,14.0,8.0,C Foy
31/01/2015,Ipswich,Wigan,0.0,0.0,D,2.0,4.0,1.0,3.0,3.0,1.0,11.0,15.0,9.0,5.0,C Breakspear
31/01/2015,Nott'm Forest,Millwall,0.0,1.0,A,4.0,5.0,2.0,2.0,2.0,2.0,18.0,15.0,11.0,14.0,M Heywood
31/01/2015,Reading,Sheffield Weds,2.0,0.0,H,5.0,1.0,1.0,1.0,5.0,5.0,15.0,13.0,12.0,15.0,B Malone
07/02/2015,Brighton,Nott'm Forest,2.0,3.0,A,9.0,1.0,1.0,0.0,6.0,3.0,10.0,12.0,24.0,8.0,C Sarginson
07/02/2015,Derby,Bolton,4.0,1.0,H,5.0,7.0,0.0,2.0,6.0,2.0,6.0,19.0,18.0,5.0,T Harrington
07/02/2015,Fulham,Birmingham,1.0,1.0,D,7.0,11.0,0.0,1.0,6.0,7.0,9.0,8.0,14.0,18.0,F Graham
07/02/2015,Leeds,Brentford,0.0,1.0,A,6.0,8.0,3.0,3.0,3.0,6.0,21.0,9.0,15.0,16.0,G Salisbury
07/02/2015,Middlesbrough,Charlton,3.0,1.0,H,10.0,3.0,1.0,0.0,8.0,2.0,12.0,8.0,18.0,10.0,T Kettle
07/02/2015,Millwall,Huddersfield,1.0,3.0,A,6.0,6.0,3.0,3.0,3.0,6.0,16.0,25.0,15.0,9.0,M Jones
07/02/2015,Norwich,Blackpool,4.0,0.0,H,6.0,3.0,0.0,3.0,11.0,2.0,12.0,18.0,18.0,9.0,S Hooper
07/02/2015,Rotherham,Ipswich,2.0,0.0,H,5.0,7.0,1.0,1.0,5.0,7.0,14.0,8.0,10.0,18.0,G Ward
07/02/2015,Sheffield Weds,Cardiff,1.0,1.0,D,9.0,1.0,2.0,5.0,4.0,2.0,12.0,16.0,19.0,8.0,K Wright
07/02/2015,Watford,Blackburn,1.0,0.0,H,6.0,10.0,3.0,2.0,3.0,5.0,10.0,13.0,12.0,20.0,A Madley
07/02/2015,Wigan,Bournemouth,1.0,3.0,A,3.0,4.0,3.0,2.0,3.0,4.0,11.0,13.0,13.0,10.0,M Haywood
07/02/2015,Wolves,Reading,1.0,2.0,A,5.0,6.0,1.0,4.0,3.0,5.0,9.0,11.0,11.0,17.0,K Hill
10/02/2015,Birmingham,Millwall,0.0,1.0,A,6.0,3.0,1.0,3.0,3.0,5.0,13.0,15.0,13.0,18.0,S Hooper
10/02/2015,Blackburn,Rotherham,2.0,1.0,H,1.0,4.0,2.0,0.0,5.0,5.0,9.0,14.0,13.0,12.0,G Eltringham
10/02/2015,Blackpool,Middlesbrough,1.0,2.0,A,8.0,5.0,1.0,0.0,2.0,6.0,14.0,9.0,9.0,14.0,C Kavanagh
10/02/2015,Bolton,Fulham,3.0,1.0,H,11.0,2.0,0.0,0.0,8.0,3.0,10.0,6.0,17.0,9.0,G Sutton
10/02/2015,Bournemouth,Derby,2.0,2.0,D,3.0,8.0,0.0,1.0,4.0,6.0,10.0,11.0,12.0,14.0,M Clattenburg
10/02/2015,Brentford,Watford,1.0,2.0,A,2.0,13.0,2.0,1.0,2.0,8.0,8.0,12.0,9.0,21.0,K Stroud
10/02/2015,Cardiff,Brighton,0.0,0.0,D,5.0,2.0,2.0,2.0,1.0,1.0,18.0,14.0,10.0,10.0,I Williamson
10/02/2015,Charlton,Norwich,2.0,3.0,A,3.0,8.0,3.0,2.0,3.0,6.0,13.0,14.0,5.0,12.0,A Woolmer
10/02/2015,Huddersfield,Wolves,1.0,4.0,A,7.0,2.0,3.0,2.0,13.0,7.0,10.0,9.0,31.0,11.0,D Webb
10/02/2015,Ipswich,Sheffield Weds,2.0,1.0,H,7.0,4.0,0.0,1.0,6.0,1.0,9.0,15.0,19.0,9.0,S Attwell
10/02/2015,Reading,Leeds,0.0,2.0,A,7.0,3.0,0.0,2.0,4.0,4.0,9.0,12.0,14.0,10.0,G Scott
11/02/2015,Nott'm Forest,Wigan,3.0,0.0,H,12.0,1.0,0.0,0.0,5.0,2.0,4.0,6.0,15.0,11.0,O Langford
14/02/2015,Blackpool,Nott'm Forest,4.0,4.0,D,7.0,6.0,4.0,0.0,9.0,7.0,13.0,7.0,22.0,20.0,L Probert
14/02/2015,Bolton,Watford,3.0,4.0,A,4.0,5.0,1.0,2.0,9.0,12.0,6.0,9.0,19.0,20.0,G Eltringham
14/02/2015,Bournemouth,Huddersfield,1.0,1.0,D,15.0,2.0,1.0,0.0,7.0,3.0,10.0,10.0,20.0,8.0,G Ward
14/02/2015,Charlton,Brentford,3.0,0.0,H,6.0,8.0,1.0,1.0,7.0,4.0,14.0,14.0,9.0,18.0,G Scott
14/02/2015,Fulham,Ipswich,1.0,2.0,A,5.0,6.0,1.0,3.0,1.0,9.0,8.0,13.0,13.0,15.0,M Haywood
14/02/2015,Leeds,Millwall,1.0,0.0,H,6.0,6.0,3.0,2.0,3.0,1.0,17.0,15.0,12.0,13.0,P Tierney
14/02/2015,Norwich,Wolves,2.0,0.0,H,2.0,2.0,1.0,1.0,5.0,2.0,13.0,10.0,13.0,4.0,N Swarbrick
14/02/2015,Sheffield Weds,Brighton,0.0,0.0,D,8.0,5.0,2.0,3.0,3.0,2.0,12.0,10.0,15.0,14.0,S Duncan
17/02/2015,Cardiff,Blackburn,1.0,1.0,D,5.0,5.0,0.0,0.0,3.0,4.0,14.0,11.0,12.0,16.0,B Malone
17/02/2015,Reading,Wigan,0.0,1.0,A,8.0,8.0,1.0,6.0,4.0,3.0,16.0,16.0,15.0,14.0,S Hooper
17/02/2015,Rotherham,Derby,3.0,3.0,D,7.0,4.0,1.0,0.0,5.0,7.0,9.0,7.0,12.0,17.0,N Miller
18/02/2015,Birmingham,Middlesbrough,1.0,1.0,D,10.0,7.0,1.0,3.0,5.0,2.0,6.0,16.0,15.0,8.0,D Coote
20/02/2015,Wigan,Charlton,0.0,3.0,A,7.0,2.0,1.0,2.0,3.0,3.0,9.0,11.0,17.0,7.0,C Kavanagh
21/02/2015,Blackburn,Blackpool,1.0,1.0,D,6.0,2.0,0.0,1.0,2.0,3.0,10.0,12.0,25.0,9.0,M Russell
21/02/2015,Brentford,Bournemouth,3.0,1.0,H,8.0,12.0,3.0,4.0,10.0,8.0,6.0,15.0,19.0,20.0,M Dean
21/02/2015,Brighton,Birmingham,4.0,3.0,H,3.0,5.0,1.0,1.0,8.0,6.0,9.0,7.0,19.0,13.0,G Sutton
21/02/2015,Derby,Sheffield Weds,3.0,2.0,H,8.0,0.0,1.0,3.0,7.0,2.0,9.0,15.0,17.0,6.0,D Bond
21/02/2015,Huddersfield,Cardiff,0.0,0.0,D,8.0,6.0,1.0,2.0,2.0,2.0,10.0,13.0,10.0,11.0,M Heywood
21/02/2015,Ipswich,Reading,0.0,1.0,A,2.0,3.0,1.0,1.0,8.0,4.0,9.0,15.0,21.0,9.0,E Ilderton
21/02/2015,Middlesbrough,Leeds,0.0,1.0,A,18.0,3.0,1.0,3.0,10.0,3.0,13.0,14.0,27.0,8.0,A Marriner
21/02/2015,Millwall,Fulham,0.0,0.0,D,5.0,4.0,1.0,0.0,3.0,2.0,14.0,13.0,16.0,12.0,K Hill
21/02/2015,Nott'm Forest,Bolton,4.0,1.0,H,7.0,4.0,0.0,2.0,10.0,1.0,13.0,13.0,23.0,8.0,C Boyeson
21/02/2015,Watford,Norwich,0.0,3.0,A,4.0,1.0,2.0,2.0,1.0,6.0,14.0,12.0,5.0,11.0,C Berry
21/02/2015,Wolves,Rotherham,5.0,0.0,H,2.0,7.0,0.0,3.0,6.0,7.0,8.0,7.0,14.0,14.0,I Williamson
24/02/2015,Blackburn,Norwich,1.0,2.0,A,7.0,8.0,1.0,0.0,4.0,8.0,10.0,8.0,10.0,22.0,S Duncan
24/02/2015,Brentford,Blackpool,4.0,0.0,H,12.0,1.0,0.0,0.0,14.0,1.0,5.0,10.0,43.0,2.0,A D'Urso
24/02/2015,Brighton,Leeds,2.0,0.0,H,7.0,6.0,2.0,1.0,8.0,1.0,10.0,10.0,16.0,11.0,F Graham
24/02/2015,Derby,Charlton,2.0,0.0,H,2.0,3.0,0.0,0.0,2.0,3.0,6.0,6.0,8.0,8.0,D Coote
24/02/2015,Huddersfield,Reading,3.0,0.0,H,6.0,10.0,0.0,2.0,9.0,3.0,7.0,9.0,15.0,9.0,J Adcock
24/02/2015,Ipswich,Birmingham,4.0,2.0,H,9.0,3.0,0.0,1.0,8.0,4.0,7.0,9.0,22.0,11.0,L Probert
24/02/2015,Middlesbrough,Bolton,1.0,0.0,H,8.0,6.0,1.0,5.0,2.0,4.0,16.0,16.0,11.0,13.0,A Madley
24/02/2015,Millwall,Sheffield Weds,1.0,3.0,A,6.0,5.0,0.0,2.0,3.0,6.0,15.0,19.0,14.0,13.0,J Linington
24/02/2015,Watford,Rotherham,3.0,0.0,H,6.0,7.0,0.0,2.0,11.0,6.0,8.0,6.0,20.0,13.0,A Davies
24/02/2015,Wigan,Cardiff,0.0,1.0,A,3.0,1.0,2.0,2.0,2.0,2.0,10.0,17.0,9.0,10.0,A Woolmer
24/02/2015,Wolves,Fulham,3.0,0.0,H,6.0,3.0,0.0,0.0,8.0,4.0,6.0,0.0,13.0,16.0,G Salisbury
25/02/2015,Nott'm Forest,Bournemouth,2.0,1.0,H,5.0,9.0,1.0,0.0,7.0,3.0,14.0,11.0,15.0,16.0,N Miller
28/02/2015,Birmingham,Brentford,1.0,0.0,H,7.0,9.0,1.0,0.0,3.0,2.0,11.0,8.0,11.0,13.0,D Bond
28/02/2015,Blackpool,Wigan,1.0,3.0,A,6.0,5.0,3.0,2.0,3.0,6.0,11.0,15.0,11.0,11.0,K Stroud
28/02/2015,Bolton,Brighton,1.0,0.0,H,5.0,10.0,1.0,2.0,4.0,4.0,6.0,11.0,13.0,13.0,D Whitestone
28/02/2015,Bournemouth,Blackburn,0.0,0.0,D,9.0,5.0,1.0,0.0,5.0,1.0,9.0,12.0,15.0,8.0,S Hooper
28/02/2015,Cardiff,Wolves,0.0,1.0,A,3.0,5.0,0.0,2.0,4.0,3.0,9.0,13.0,16.0,8.0,R Madley
28/02/2015,Charlton,Huddersfield,3.0,0.0,H,5.0,5.0,2.0,1.0,8.0,4.0,11.0,12.0,17.0,21.0,J Linington
28/02/2015,Fulham,Derby,2.0,0.0,H,6.0,5.0,1.0,1.0,5.0,2.0,13.0,10.0,18.0,14.0,M Jones
28/02/2015,Leeds,Watford,2.0,3.0,A,7.0,5.0,1.0,2.0,6.0,6.0,3.0,8.0,11.0,13.0,A Haines
28/02/2015,Reading,Nott'm Forest,0.0,3.0,A,4.0,4.0,1.0,0.0,3.0,5.0,9.0,10.0,11.0,12.0,M Russell
28/02/2015,Rotherham,Millwall,2.0,1.0,H,11.0,5.0,1.0,1.0,4.0,2.0,11.0,10.0,17.0,7.0,G Sutton
28/02/2015,Sheffield Weds,Middlesbrough,2.0,0.0,H,5.0,3.0,2.0,1.0,4.0,4.0,8.0,15.0,12.0,9.0,S Martin
01/03/2015,Norwich,Ipswich,2.0,0.0,H,5.0,8.0,2.0,2.0,4.0,6.0,13.0,13.0,13.0,11.0,P Tierney
03/03/2015,Bolton,Reading,1.0,1.0,D,10.0,5.0,1.0,2.0,8.0,3.0,6.0,13.0,19.0,14.0,M Haywood
03/03/2015,Bournemouth,Wolves,2.0,1.0,H,7.0,1.0,4.0,1.0,4.0,2.0,10.0,9.0,12.0,5.0,J Linington
03/03/2015,Brentford,Huddersfield,4.0,1.0,H,4.0,2.0,0.0,3.0,10.0,2.0,6.0,13.0,23.0,10.0,C Kavanagh
03/03/2015,Brighton,Derby,2.0,0.0,H,2.0,12.0,2.0,4.0,4.0,5.0,10.0,12.0,8.0,19.0,N Swarbrick
03/03/2015,Charlton,Nott'm Forest,2.0,1.0,H,1.0,6.0,0.0,4.0,6.0,5.0,10.0,16.0,12.0,14.0,S Hooper
03/03/2015,Middlesbrough,Millwall,3.0,0.0,H,3.0,7.0,0.0,1.0,7.0,3.0,20.0,15.0,12.0,12.0,K Wright
03/03/2015,Rotherham,Cardiff,1.0,3.0,A,9.0,3.0,1.0,0.0,2.0,5.0,11.0,12.0,8.0,9.0,J Adcock
03/03/2015,Watford,Fulham,1.0,0.0,H,4.0,8.0,1.0,2.0,4.0,4.0,9.0,7.0,10.0,12.0,T Kettle
04/03/2015,Birmingham,Blackpool,1.0,0.0,H,3.0,2.0,1.0,1.0,5.0,3.0,8.0,11.0,12.0,15.0,S Attwell
04/03/2015,Leeds,Ipswich,2.0,1.0,H,2.0,8.0,0.0,2.0,6.0,4.0,13.0,18.0,13.0,12.0,M Brown
04/03/2015,Norwich,Wigan,0.0,1.0,A,3.0,5.0,4.0,3.0,2.0,1.0,14.0,13.0,11.0,3.0,G Ward
04/03/2015,Sheffield Weds,Blackburn,1.0,2.0,A,5.0,3.0,0.0,3.0,5.0,4.0,13.0,13.0,18.0,10.0,E Ilderton
06/03/2015,Fulham,Bournemouth,1.0,5.0,A,5.0,8.0,1.0,0.0,3.0,12.0,15.0,11.0,19.0,25.0,A Madley
07/03/2015,Blackpool,Sheffield Weds,0.0,1.0,A,2.0,8.0,3.0,3.0,3.0,5.0,9.0,12.0,9.0,13.0,G Scott
07/03/2015,Cardiff,Charlton,1.0,2.0,A,5.0,4.0,1.0,2.0,4.0,3.0,8.0,11.0,18.0,5.0,P Miller
07/03/2015,Derby,Birmingham,2.0,2.0,D,8.0,7.0,3.0,2.0,6.0,3.0,19.0,15.0,14.0,15.0,I Williamson
07/03/2015,Huddersfield,Rotherham,0.0,2.0,A,5.0,6.0,1.0,2.0,4.0,4.0,10.0,17.0,9.0,8.0,C Boyeson
07/03/2015,Ipswich,Brentford,1.0,1.0,D,4.0,6.0,1.0,4.0,7.0,5.0,16.0,13.0,15.0,14.0,S Duncan
07/03/2015,Millwall,Norwich,1.0,4.0,A,2.0,3.0,1.0,1.0,3.0,8.0,11.0,15.0,14.0,16.0,K Stroud
07/03/2015,Nott'm Forest,Middlesbrough,2.0,1.0,H,4.0,9.0,0.0,2.0,3.0,4.0,8.0,12.0,10.0,26.0,J Moss
07/03/2015,Wigan,Leeds,0.0,1.0,A,9.0,1.0,1.0,4.0,3.0,3.0,10.0,15.0,19.0,9.0,G Eltringham
07/03/2015,Wolves,Watford,2.0,2.0,D,5.0,1.0,1.0,1.0,6.0,4.0,8.0,13.0,16.0,12.0,B Malone
10/03/2015,Reading,Brighton,2.0,1.0,H,5.0,1.0,2.0,4.0,9.0,4.0,16.0,12.0,13.0,8.0,A Haines
11/03/2015,Blackburn,Bolton,1.0,0.0,H,5.0,9.0,1.0,3.0,5.0,6.0,11.0,15.0,16.0,13.0,P Tierney
14/03/2015,Birmingham,Huddersfield,1.0,1.0,D,7.0,7.0,1.0,2.0,7.0,6.0,9.0,11.0,16.0,19.0,P Tierney
14/03/2015,Bolton,Millwall,2.0,0.0,H,3.0,6.0,1.0,1.0,4.0,3.0,18.0,15.0,6.0,14.0,A Haines
14/03/2015,Bournemouth,Blackpool,4.0,0.0,H,5.0,6.0,2.0,2.0,7.0,0.0,11.0,17.0,15.0,9.0,C Sarginson
14/03/2015,Brentford,Cardiff,1.0,2.0,A,16.0,3.0,0.0,2.0,6.0,2.0,14.0,17.0,25.0,8.0,A Davies
14/03/2015,Brighton,Wolves,1.0,1.0,D,1.0,8.0,2.0,1.0,5.0,6.0,9.0,15.0,22.0,16.0,T Kettle
14/03/2015,Charlton,Blackburn,1.0,3.0,A,6.0,7.0,1.0,2.0,3.0,4.0,7.0,8.0,11.0,14.0,C Breakspear
14/03/2015,Leeds,Nott'm Forest,0.0,0.0,D,3.0,6.0,4.0,0.0,3.0,6.0,14.0,13.0,11.0,11.0,K Hill
14/03/2015,Middlesbrough,Ipswich,4.0,1.0,H,3.0,13.0,3.0,2.0,4.0,4.0,15.0,12.0,13.0,22.0,M Jones
14/03/2015,Norwich,Derby,1.0,1.0,D,6.0,3.0,2.0,2.0,5.0,2.0,15.0,10.0,15.0,3.0,L Probert
14/03/2015,Rotherham,Wigan,1.0,2.0,A,4.0,4.0,1.0,1.0,4.0,4.0,12.0,16.0,16.0,6.0,J Linington
14/03/2015,Sheffield Weds,Fulham,1.0,1.0,D,5.0,1.0,2.0,1.0,5.0,4.0,17.0,12.0,14.0,10.0,A Woolmer
14/03/2015,Watford,Reading,4.0,1.0,H,6.0,5.0,0.0,0.0,7.0,4.0,12.0,8.0,15.0,8.0,D Bond
17/03/2015,Blackburn,Brentford,2.0,3.0,A,1.0,6.0,0.0,2.0,3.0,8.0,11.0,10.0,14.0,11.0,S Stockbridge
17/03/2015,Blackpool,Charlton,0.0,3.0,A,3.0,3.0,1.0,2.0,4.0,4.0,6.0,7.0,19.0,12.0,D Webb
17/03/2015,Cardiff,Bournemouth,1.0,1.0,D,8.0,7.0,2.0,2.0,6.0,2.0,14.0,9.0,17.0,21.0,L Mason
17/03/2015,Derby,Middlesbrough,0.0,1.0,A,2.0,4.0,3.0,3.0,2.0,3.0,13.0,13.0,10.0,7.0,A D'Urso
17/03/2015,Huddersfield,Norwich,2.0,2.0,D,5.0,3.0,1.0,3.0,4.0,2.0,13.0,15.0,7.0,12.0,N Miller
17/03/2015,Ipswich,Bolton,1.0,0.0,H,4.0,3.0,2.0,0.0,4.0,3.0,8.0,12.0,16.0,9.0,F Graham
17/03/2015,Millwall,Brighton,0.0,0.0,D,7.0,4.0,2.0,0.0,1.0,3.0,19.0,12.0,10.0,12.0,A Woolmer
17/03/2015,Wigan,Watford,0.0,2.0,A,7.0,2.0,1.0,2.0,1.0,6.0,13.0,17.0,15.0,14.0,D Coote
17/03/2015,Wolves,Sheffield Weds,3.0,0.0,H,3.0,4.0,0.0,2.0,7.0,3.0,6.0,13.0,12.0,20.0,S Hooper
18/03/2015,Fulham,Leeds,0.0,3.0,A,5.0,2.0,0.0,2.0,7.0,5.0,11.0,12.0,27.0,8.0,C Kavanagh
18/03/2015,Nott'm Forest,Rotherham,2.0,0.0,H,5.0,5.0,1.0,2.0,3.0,1.0,11.0,11.0,14.0,17.0,M Bull
20/03/2015,Wolves,Derby,2.0,0.0,H,4.0,4.0,0.0,1.0,3.0,8.0,10.0,9.0,10.0,19.0,K Stroud
21/03/2015,Blackburn,Brighton,0.0,1.0,A,7.0,1.0,0.0,1.0,7.0,1.0,7.0,8.0,16.0,10.0,S Attwell
21/03/2015,Blackpool,Leeds,1.0,1.0,D,7.0,2.0,2.0,2.0,6.0,3.0,6.0,22.0,19.0,11.0,S Duncan
21/03/2015,Bournemouth,Middlesbrough,3.0,0.0,H,5.0,6.0,1.0,2.0,7.0,0.0,10.0,16.0,17.0,3.0,A Taylor
21/03/2015,Brentford,Millwall,2.0,2.0,D,6.0,3.0,2.0,4.0,8.0,4.0,4.0,12.0,24.0,10.0,F Graham
21/03/2015,Cardiff,Birmingham,2.0,0.0,H,3.0,4.0,0.0,2.0,4.0,1.0,14.0,11.0,16.0,4.0,G Salisbury
21/03/2015,Charlton,Reading,3.0,2.0,H,5.0,4.0,3.0,2.0,8.0,4.0,6.0,11.0,14.0,16.0,D Deadman
21/03/2015,Huddersfield,Fulham,0.0,2.0,A,10.0,11.0,0.0,5.0,13.0,3.0,10.0,16.0,31.0,10.0,R Clark
21/03/2015,Norwich,Nott'm Forest,3.0,1.0,H,13.0,6.0,1.0,1.0,6.0,6.0,7.0,9.0,20.0,10.0,J Linington
21/03/2015,Rotherham,Sheffield Weds,2.0,3.0,A,5.0,3.0,2.0,2.0,4.0,6.0,10.0,9.0,9.0,15.0,O Langford
21/03/2015,Watford,Ipswich,0.0,1.0,A,2.0,7.0,1.0,3.0,0.0,3.0,10.0,14.0,9.0,10.0,A D'Urso
21/03/2015,Wigan,Bolton,1.0,1.0,D,10.0,7.0,1.0,1.0,8.0,3.0,5.0,15.0,22.0,9.0,N Miller
03/04/2015,Birmingham,Rotherham,2.0,1.0,H,5.0,5.0,2.0,2.0,7.0,2.0,6.0,14.0,16.0,10.0,D Whitestone
03/04/2015,Brighton,Norwich,0.0,1.0,A,4.0,5.0,2.0,2.0,4.0,3.0,11.0,9.0,7.0,13.0,A Davies
03/04/2015,Derby,Watford,2.0,2.0,D,9.0,2.0,2.0,4.0,6.0,5.0,9.0,13.0,18.0,9.0,K Friend
03/04/2015,Fulham,Brentford,1.0,4.0,A,5.0,3.0,0.0,3.0,7.0,8.0,11.0,14.0,16.0,16.0,S Hooper
03/04/2015,Ipswich,Bournemouth,1.0,1.0,D,5.0,7.0,1.0,1.0,3.0,7.0,15.0,9.0,7.0,19.0,R Madley
03/04/2015,Middlesbrough,Wigan,1.0,0.0,H,8.0,2.0,3.0,4.0,3.0,3.0,13.0,15.0,10.0,6.0,S Attwell
03/04/2015,Millwall,Charlton,2.0,1.0,H,8.0,4.0,3.0,0.0,6.0,1.0,9.0,5.0,24.0,7.0,M Russell
03/04/2015,Nott'm Forest,Wolves,1.0,2.0,A,5.0,3.0,2.0,1.0,2.0,4.0,10.0,10.0,15.0,10.0,A D'Urso
04/04/2015,Bolton,Blackpool,1.0,1.0,D,17.0,9.0,2.0,3.0,9.0,3.0,14.0,15.0,23.0,17.0,D Coote
04/04/2015,Leeds,Blackburn,0.0,3.0,A,3.0,3.0,3.0,2.0,2.0,5.0,10.0,9.0,12.0,17.0,G Sutton
04/04/2015,Reading,Cardiff,1.0,1.0,D,5.0,3.0,0.0,0.0,2.0,4.0,16.0,7.0,9.0,9.0,S Duncan
04/04/2015,Sheffield Weds,Huddersfield,1.0,1.0,D,4.0,2.0,0.0,3.0,5.0,3.0,10.0,14.0,14.0,4.0,M Haywood
06/04/2015,Bournemouth,Birmingham,4.0,2.0,H,9.0,7.0,3.0,2.0,10.0,3.0,13.0,11.0,25.0,9.0,A Woolmer
06/04/2015,Brentford,Nott'm Forest,2.0,2.0,D,11.0,5.0,0.0,2.0,9.0,3.0,6.0,15.0,33.0,10.0,D Webb
06/04/2015,Cardiff,Bolton,0.0,3.0,A,6.0,5.0,0.0,1.0,3.0,5.0,7.0,8.0,17.0,12.0,K Stroud
06/04/2015,Huddersfield,Ipswich,2.0,1.0,H,8.0,3.0,1.0,2.0,6.0,4.0,12.0,12.0,13.0,8.0,T Harrington
06/04/2015,Norwich,Sheffield Weds,2.0,0.0,H,13.0,1.0,3.0,2.0,5.0,0.0,6.0,14.0,17.0,3.0,C Boyeson
06/04/2015,Rotherham,Brighton,1.0,0.0,H,3.0,11.0,2.0,2.0,5.0,2.0,15.0,12.0,10.0,10.0,K Wright
06/04/2015,Watford,Middlesbrough,2.0,0.0,H,7.0,6.0,2.0,2.0,5.0,2.0,9.0,10.0,13.0,12.0,M Jones
06/04/2015,Wigan,Derby,0.0,2.0,A,9.0,6.0,2.0,2.0,6.0,3.0,17.0,16.0,16.0,9.0,S Hooper
06/04/2015,Wolves,Leeds,4.0,3.0,H,6.0,1.0,2.0,3.0,8.0,3.0,9.0,12.0,19.0,7.0,D Coote
07/04/2015,Blackpool,Reading,1.0,1.0,D,6.0,7.0,1.0,2.0,2.0,2.0,13.0,22.0,14.0,11.0,G Eltringham
07/04/2015,Charlton,Fulham,1.0,1.0,D,7.0,2.0,1.0,2.0,1.0,6.0,11.0,7.0,7.0,13.0,A Madley
10/04/2015,Brighton,Bournemouth,0.0,2.0,A,4.0,2.0,2.0,1.0,1.0,2.0,16.0,10.0,9.0,5.0,C Pawson
10/04/2015,Fulham,Wigan,2.0,2.0,D,3.0,5.0,2.0,0.0,3.0,3.0,13.0,6.0,14.0,9.0,M Russell
11/04/2015,Birmingham,Wolves,2.0,1.0,H,3.0,5.0,1.0,3.0,7.0,4.0,10.0,17.0,15.0,12.0,E Ilderton
11/04/2015,Bolton,Norwich,1.0,2.0,A,4.0,8.0,2.0,1.0,4.0,8.0,11.0,11.0,9.0,24.0,J Adcock
11/04/2015,Derby,Brentford,1.0,1.0,D,4.0,5.0,3.0,1.0,4.0,6.0,8.0,9.0,9.0,17.0,G Scott
11/04/2015,Ipswich,Blackpool,3.0,2.0,H,9.0,4.0,0.0,0.0,6.0,2.0,15.0,13.0,19.0,6.0,J Linington
11/04/2015,Leeds,Cardiff,1.0,2.0,A,4.0,6.0,2.0,4.0,2.0,5.0,12.0,11.0,9.0,17.0,C Kavanagh
11/04/2015,Middlesbrough,Rotherham,2.0,0.0,H,7.0,0.0,0.0,2.0,8.0,2.0,11.0,10.0,17.0,11.0,I Williamson
11/04/2015,Millwall,Watford,0.0,2.0,A,8.0,4.0,3.0,0.0,4.0,5.0,7.0,14.0,11.0,11.0,S Hooper
11/04/2015,Nott'm Forest,Huddersfield,0.0,1.0,A,6.0,4.0,0.0,1.0,3.0,5.0,6.0,12.0,16.0,16.0,D Deadman
11/04/2015,Reading,Blackburn,0.0,0.0,D,15.0,3.0,1.0,1.0,2.0,0.0,11.0,9.0,14.0,7.0,M Bull
11/04/2015,Sheffield Weds,Charlton,1.0,1.0,D,4.0,5.0,2.0,2.0,6.0,5.0,10.0,13.0,17.0,12.0,D Bond
14/04/2015,Birmingham,Blackburn,2.0,2.0,D,10.0,6.0,0.0,1.0,7.0,6.0,12.0,11.0,17.0,13.0,J Linington
14/04/2015,Bolton,Charlton,1.0,1.0,D,10.0,1.0,0.0,0.0,2.0,6.0,7.0,5.0,23.0,10.0,K Wright
14/04/2015,Brighton,Huddersfield,0.0,0.0,D,4.0,3.0,4.0,3.0,0.0,3.0,11.0,10.0,16.0,10.0,A D'Urso
14/04/2015,Derby,Blackpool,4.0,0.0,H,5.0,4.0,0.0,0.0,8.0,0.0,9.0,10.0,18.0,10.0,O Langford
14/04/2015,Ipswich,Cardiff,3.0,1.0,H,9.0,2.0,3.0,2.0,6.0,2.0,6.0,13.0,17.0,9.0,G Ward
14/04/2015,Leeds,Norwich,0.0,2.0,A,7.0,1.0,0.0,4.0,1.0,3.0,12.0,18.0,3.0,11.0,M Jones
14/04/2015,Middlesbrough,Wolves,2.0,1.0,H,6.0,4.0,1.0,4.0,3.0,1.0,13.0,10.0,17.0,9.0,N Swarbrick
14/04/2015,Millwall,Wigan,2.0,0.0,H,2.0,5.0,4.0,2.0,5.0,2.0,16.0,7.0,10.0,5.0,S Martin
14/04/2015,Reading,Bournemouth,0.0,1.0,A,4.0,4.0,2.0,4.0,1.0,2.0,12.0,6.0,12.0,8.0,K Stroud
14/04/2015,Sheffield Weds,Brentford,1.0,0.0,H,2.0,8.0,1.0,1.0,3.0,3.0,14.0,10.0,12.0,14.0,M Brown
15/04/2015,Fulham,Rotherham,1.0,1.0,D,4.0,12.0,3.0,1.0,3.0,5.0,11.0,14.0,13.0,11.0,A Davies
15/04/2015,Nott'm Forest,Watford,1.0,3.0,A,4.0,8.0,0.0,3.0,11.0,10.0,8.0,12.0,22.0,23.0,P Tierney
17/04/2015,Norwich,Middlesbrough,0.0,1.0,A,14.0,7.0,2.0,2.0,2.0,3.0,7.0,13.0,20.0,9.0,R Madley
18/04/2015,Blackburn,Nott'm Forest,3.0,3.0,D,3.0,1.0,1.0,1.0,4.0,9.0,7.0,8.0,12.0,21.0,A Haines
18/04/2015,Blackpool,Fulham,0.0,1.0,A,7.0,1.0,0.0,2.0,3.0,2.0,4.0,12.0,17.0,6.0,E Ilderton
18/04/2015,Bournemouth,Sheffield Weds,2.0,2.0,D,9.0,2.0,1.0,3.0,4.0,6.0,15.0,14.0,16.0,11.0,P Tierney
18/04/2015,Brentford,Bolton,2.0,2.0,D,3.0,8.0,2.0,4.0,8.0,5.0,10.0,10.0,17.0,14.0,C Boyeson
18/04/2015,Cardiff,Millwall,0.0,0.0,D,7.0,5.0,2.0,1.0,1.0,3.0,11.0,15.0,11.0,9.0,M Brown
18/04/2015,Charlton,Leeds,2.0,1.0,H,6.0,4.0,2.0,0.0,5.0,7.0,8.0,9.0,10.0,15.0,T Harrington
18/04/2015,Huddersfield,Derby,4.0,4.0,D,8.0,2.0,2.0,1.0,6.0,5.0,14.0,7.0,18.0,10.0,D Whitestone
18/04/2015,Watford,Birmingham,1.0,0.0,H,7.0,2.0,1.0,1.0,6.0,2.0,10.0,11.0,18.0,5.0,M Haywood
18/04/2015,Wigan,Brighton,2.0,1.0,H,3.0,9.0,0.0,3.0,4.0,6.0,12.0,14.0,8.0,16.0,K Hill
18/04/2015,Wolves,Ipswich,1.0,1.0,D,8.0,4.0,1.0,2.0,1.0,1.0,6.0,11.0,12.0,7.0,S Attwell
21/04/2015,Blackburn,Millwall,2.0,0.0,H,6.0,4.0,0.0,1.0,7.0,6.0,6.0,13.0,16.0,22.0,N Miller
22/04/2015,Reading,Birmingham,0.0,1.0,A,7.0,6.0,1.0,0.0,8.0,6.0,9.0,11.0,21.0,10.0,L Mason
25/04/2015,Birmingham,Charlton,1.0,0.0,H,14.0,6.0,1.0,1.0,5.0,4.0,4.0,14.0,20.0,7.0,J Simpson
25/04/2015,Brighton,Watford,0.0,2.0,A,7.0,5.0,3.0,4.0,4.0,5.0,11.0,11.0,13.0,12.0,K Stroud
25/04/2015,Cardiff,Blackpool,3.0,2.0,H,8.0,3.0,2.0,2.0,6.0,6.0,11.0,23.0,13.0,13.0,S Martin
25/04/2015,Fulham,Middlesbrough,4.0,3.0,H,3.0,10.0,2.0,2.0,8.0,6.0,6.0,12.0,14.0,17.0,K Friend
25/04/2015,Huddersfield,Blackburn,2.0,2.0,D,7.0,3.0,1.0,1.0,5.0,5.0,11.0,14.0,15.0,13.0,B Malone
25/04/2015,Ipswich,Nott'm Forest,2.0,1.0,H,3.0,5.0,1.0,0.0,4.0,5.0,11.0,8.0,15.0,9.0,G Salisbury
25/04/2015,Millwall,Derby,3.0,3.0,D,8.0,3.0,2.0,2.0,7.0,5.0,22.0,12.0,12.0,12.0,D Coote
25/04/2015,Reading,Brentford,0.0,2.0,A,5.0,4.0,3.0,1.0,4.0,7.0,16.0,5.0,18.0,14.0,A Madley
25/04/2015,Rotherham,Norwich,1.0,1.0,D,4.0,5.0,0.0,4.0,4.0,2.0,11.0,15.0,23.0,6.0,M Brown
25/04/2015,Sheffield Weds,Leeds,1.0,2.0,A,7.0,4.0,2.0,2.0,2.0,5.0,10.0,17.0,10.0,14.0,R Madley
25/04/2015,Wigan,Wolves,0.0,1.0,A,10.0,4.0,3.0,3.0,2.0,3.0,13.0,9.0,11.0,3.0,J Linington
27/04/2015,Bournemouth,Bolton,3.0,0.0,H,9.0,5.0,1.0,1.0,10.0,1.0,8.0,12.0,24.0,6.0,S Hooper
28/04/2015,Rotherham,Reading,2.0,1.0,H,4.0,3.0,1.0,0.0,3.0,3.0,11.0,10.0,12.0,7.0,G Salisbury
02/05/2015,Blackburn,Ipswich,3.0,2.0,H,8.0,9.0,0.0,2.0,5.0,4.0,8.0,10.0,18.0,19.0,G Scott
02/05/2015,Blackpool,Huddersfield,0.0,0.0,D,2.0,5.0,2.0,0.0,3.0,3.0,5.0,4.0,6.0,7.0,M Russell
02/05/2015,Bolton,Birmingham,0.0,1.0,A,3.0,4.0,4.0,1.0,2.0,3.0,9.0,7.0,15.0,14.0,M Brown
02/05/2015,Brentford,Wigan,3.0,0.0,H,8.0,3.0,0.0,2.0,9.0,4.0,10.0,11.0,14.0,10.0,A Woolmer
02/05/2015,Charlton,Bournemouth,0.0,3.0,A,2.0,7.0,2.0,1.0,2.0,5.0,5.0,6.0,9.0,26.0,N Swarbrick
02/05/2015,Derby,Reading,0.0,3.0,A,7.0,5.0,3.0,2.0,3.0,7.0,9.0,19.0,10.0,16.0,J Linington
02/05/2015,Leeds,Rotherham,0.0,0.0,D,6.0,3.0,1.0,0.0,4.0,1.0,6.0,12.0,15.0,10.0,A D'Urso
02/05/2015,Middlesbrough,Brighton,0.0,0.0,D,6.0,3.0,1.0,1.0,5.0,2.0,9.0,10.0,13.0,13.0,A Madley
02/05/2015,Norwich,Fulham,4.0,2.0,H,4.0,3.0,2.0,1.0,8.0,4.0,10.0,8.0,19.0,8.0,D Coote
02/05/2015,Nott'm Forest,Cardiff,1.0,2.0,A,4.0,4.0,4.0,2.0,3.0,3.0,13.0,11.0,13.0,9.0,P Bankes
02/05/2015,Watford,Sheffield Weds,1.0,1.0,D,5.0,0.0,0.0,1.0,6.0,1.0,8.0,8.0,18.0,3.0,L Probert
02/05/2015,Wolves,Millwall,4.0,2.0,H,8.0,6.0,0.0,2.0,11.0,5.0,6.0,9.0,20.0,18.0,M Haywood
07/08/2015,Brighton,Nott'm Forest,1.0,0.0,H,10.0,3.0,4.0,2.0,7.0,3.0,16.0,11.0,18.0,17.0,K Stroud
08/08/2015,Birmingham,Reading,2.0,1.0,H,2.0,5.0,4.0,5.0,3.0,7.0,14.0,16.0,5.0,20.0,P Bankes
08/08/2015,Blackburn,Wolves,1.0,2.0,A,4.0,3.0,2.0,3.0,5.0,3.0,5.0,16.0,14.0,10.0,M Haywood
08/08/2015,Bolton,Derby,0.0,0.0,D,4.0,9.0,1.0,1.0,2.0,1.0,15.0,13.0,12.0,8.0,A Madley
08/08/2015,Brentford,Ipswich,2.0,2.0,D,9.0,5.0,1.0,0.0,5.0,9.0,12.0,11.0,23.0,15.0,D Coote
08/08/2015,Cardiff,Fulham,1.0,1.0,D,7.0,3.0,1.0,1.0,4.0,1.0,8.0,6.0,17.0,8.0,D Bond
08/08/2015,Charlton,QPR,2.0,0.0,H,3.0,11.0,3.0,2.0,4.0,4.0,12.0,13.0,14.0,11.0,R Madley
08/08/2015,Hull,Huddersfield,2.0,0.0,H,8.0,4.0,1.0,3.0,5.0,1.0,12.0,18.0,11.0,6.0,K Hill
08/08/2015,Leeds,Burnley,1.0,1.0,D,4.0,4.0,1.0,2.0,4.0,4.0,10.0,10.0,15.0,10.0,K Friend
08/08/2015,Rotherham,Milton Keynes Dons,1.0,4.0,A,12.0,2.0,1.0,3.0,6.0,4.0,9.0,12.0,15.0,8.0,N Miller
08/08/2015,Sheffield Weds,Bristol City,2.0,0.0,H,7.0,2.0,1.0,3.0,5.0,3.0,15.0,14.0,13.0,6.0,J Adcock
09/08/2015,Preston,Middlesbrough,0.0,0.0,D,1.0,1.0,2.0,1.0,2.0,0.0,13.0,11.0,9.0,7.0,C Kavanagh
15/08/2015,Bristol City,Brentford,2.0,4.0,A,4.0,4.0,1.0,1.0,5.0,4.0,15.0,13.0,15.0,14.0,K Stroud
15/08/2015,Burnley,Birmingham,2.0,2.0,D,8.0,5.0,3.0,1.0,7.0,4.0,11.0,11.0,19.0,13.0,D Coote
15/08/2015,Derby,Charlton,1.0,1.0,D,14.0,4.0,0.0,2.0,6.0,3.0,3.0,19.0,27.0,10.0,N Miller
15/08/2015,Fulham,Brighton,1.0,2.0,A,4.0,9.0,2.0,2.0,5.0,6.0,9.0,9.0,13.0,16.0,N Swarbrick
15/08/2015,Huddersfield,Blackburn,1.0,1.0,D,7.0,3.0,2.0,0.0,5.0,2.0,13.0,8.0,16.0,5.0,P Bankes
15/08/2015,Ipswich,Sheffield Weds,2.0,1.0,H,13.0,8.0,2.0,2.0,8.0,3.0,16.0,8.0,17.0,7.0,J Linington
15/08/2015,Middlesbrough,Bolton,3.0,0.0,H,7.0,3.0,0.0,0.0,7.0,1.0,9.0,6.0,17.0,8.0,J Adcock
15/08/2015,Milton Keynes Dons,Preston,0.0,1.0,A,10.0,6.0,1.0,3.0,2.0,1.0,10.0,17.0,14.0,12.0,A Madley
15/08/2015,Nott'm Forest,Rotherham,2.0,1.0,H,11.0,7.0,2.0,3.0,9.0,4.0,10.0,17.0,20.0,15.0,D Bond
15/08/2015,QPR,Cardiff,2.0,2.0,D,9.0,5.0,0.0,0.0,6.0,5.0,17.0,9.0,16.0,13.0,S Hooper
16/08/2015,Reading,Leeds,0.0,0.0,D,5.0,4.0,1.0,3.0,3.0,1.0,18.0,9.0,14.0,9.0,C Kavanagh
16/08/2015,Wolves,Hull,1.0,1.0,D,6.0,2.0,0.0,1.0,5.0,6.0,8.0,4.0,15.0,17.0,A Marriner
18/08/2015,Blackburn,Cardiff,1.0,1.0,D,4.0,4.0,2.0,3.0,7.0,2.0,9.0,11.0,18.0,7.0,S Duncan
18/08/2015,Derby,Middlesbrough,1.0,1.0,D,4.0,3.0,1.0,2.0,4.0,2.0,9.0,16.0,6.0,7.0,S Martin
18/08/2015,Huddersfield,Brighton,1.0,1.0,D,6.0,3.0,2.0,3.0,3.0,4.0,11.0,9.0,12.0,12.0,E Ilderton
18/08/2015,Ipswich,Burnley,2.0,0.0,H,9.0,3.0,0.0,1.0,3.0,4.0,13.0,9.0,13.0,7.0,S Hooper
18/08/2015,Milton Keynes Dons,Bolton,1.0,0.0,H,2.0,13.0,2.0,3.0,3.0,5.0,9.0,16.0,11.0,18.0,S Atwell
18/08/2015,Nott'm Forest,Charlton,0.0,0.0,D,4.0,4.0,3.0,1.0,1.0,2.0,9.0,11.0,20.0,10.0,D Drysdale
18/08/2015,Rotherham,Preston,0.0,0.0,D,1.0,4.0,4.0,2.0,0.0,4.0,14.0,11.0,9.0,8.0,D Coote
19/08/2015,Bristol City,Leeds,2.0,2.0,D,8.0,3.0,2.0,5.0,11.0,3.0,5.0,15.0,18.0,7.0,G Ward
19/08/2015,Hull,Fulham,2.0,1.0,H,6.0,1.0,0.0,3.0,2.0,4.0,8.0,9.0,10.0,8.0,G Salisbury
19/08/2015,Sheffield Weds,Reading,1.0,1.0,D,1.0,5.0,2.0,2.0,2.0,3.0,14.0,13.0,4.0,15.0,P Tierney
19/08/2015,Wolves,QPR,2.0,3.0,A,5.0,2.0,3.0,2.0,6.0,10.0,10.0,13.0,16.0,20.0,P Bankes
21/08/2015,Birmingham,Derby,1.0,1.0,D,5.0,8.0,0.0,2.0,7.0,6.0,8.0,13.0,19.0,20.0,L Mason
22/08/2015,Bolton,Nott'm Forest,1.0,1.0,D,8.0,3.0,1.0,4.0,3.0,3.0,9.0,14.0,21.0,10.0,C Boyeson
22/08/2015,Brighton,Blackburn,1.0,0.0,H,4.0,6.0,4.0,3.0,2.0,5.0,14.0,13.0,11.0,12.0,A Madley
22/08/2015,Burnley,Brentford,1.0,0.0,H,10.0,1.0,1.0,2.0,3.0,4.0,13.0,10.0,13.0,7.0,D Webb
22/08/2015,Cardiff,Wolves,2.0,0.0,H,3.0,4.0,2.0,1.0,4.0,0.0,8.0,10.0,9.0,8.0,A Davies
22/08/2015,Charlton,Hull,2.0,1.0,H,5.0,4.0,2.0,1.0,5.0,3.0,8.0,8.0,13.0,12.0,T Robinson
22/08/2015,Fulham,Huddersfield,1.0,1.0,D,10.0,9.0,1.0,2.0,5.0,6.0,7.0,16.0,16.0,13.0,J Adcock
22/08/2015,Leeds,Sheffield Weds,1.0,1.0,D,3.0,4.0,2.0,4.0,3.0,3.0,12.0,20.0,20.0,9.0,M Jones
22/08/2015,Middlesbrough,Bristol City,0.0,1.0,A,8.0,1.0,1.0,1.0,6.0,4.0,12.0,9.0,19.0,12.0,P Tierney
22/08/2015,Preston,Ipswich,1.0,2.0,A,3.0,4.0,3.0,0.0,5.0,2.0,12.0,11.0,16.0,4.0,M Brown
22/08/2015,QPR,Rotherham,4.0,2.0,H,5.0,6.0,1.0,2.0,5.0,4.0,13.0,12.0,14.0,11.0,D Whitestone
22/08/2015,Reading,Milton Keynes Dons,0.0,0.0,D,8.0,2.0,1.0,3.0,7.0,0.0,14.0,16.0,20.0,3.0,D Coote
28/08/2015,Blackburn,Bolton,0.0,0.0,D,9.0,6.0,3.0,4.0,1.0,1.0,16.0,15.0,18.0,8.0,P Tierney
29/08/2015,Brentford,Reading,1.0,3.0,A,4.0,4.0,5.0,3.0,1.0,9.0,21.0,12.0,9.0,16.0,A Madley
29/08/2015,Bristol City,Burnley,1.0,2.0,A,5.0,5.0,0.0,0.0,8.0,3.0,3.0,10.0,15.0,9.0,M Dean
29/08/2015,Derby,Leeds,1.0,2.0,A,6.0,7.0,1.0,0.0,3.0,2.0,16.0,8.0,12.0,13.0,D Bond
29/08/2015,Huddersfield,QPR,0.0,1.0,A,8.0,2.0,1.0,3.0,1.0,2.0,11.0,18.0,14.0,9.0,K Wright
29/08/2015,Hull,Preston,2.0,0.0,H,6.0,6.0,2.0,3.0,4.0,1.0,8.0,11.0,15.0,7.0,F Graham
29/08/2015,Ipswich,Brighton,2.0,3.0,A,5.0,5.0,4.0,3.0,3.0,6.0,10.0,11.0,10.0,22.0,K Hill
29/08/2015,Milton Keynes Dons,Birmingham,0.0,2.0,A,3.0,4.0,2.0,2.0,0.0,3.0,9.0,15.0,10.0,12.0,R Atkin
29/08/2015,Nott'm Forest,Cardiff,1.0,2.0,A,11.0,2.0,0.0,4.0,5.0,5.0,9.0,7.0,17.0,13.0,O Langford
29/08/2015,Rotherham,Fulham,1.0,3.0,A,2.0,6.0,1.0,2.0,7.0,6.0,10.0,13.0,13.0,15.0,G Eltringham
29/08/2015,Sheffield Weds,Middlesbrough,1.0,3.0,A,5.0,9.0,2.0,3.0,4.0,5.0,16.0,18.0,10.0,13.0,M Heywood
29/08/2015,Wolves,Charlton,2.0,1.0,H,4.0,3.0,0.0,1.0,6.0,2.0,13.0,10.0,14.0,9.0,C Kavanagh
11/09/2015,Reading,Ipswich,5.0,1.0,H,3.0,2.0,0.0,4.0,6.0,3.0,10.0,10.0,10.0,12.0,R East
12/09/2015,Birmingham,Bristol City,4.0,2.0,H,6.0,3.0,2.0,3.0,6.0,2.0,11.0,17.0,14.0,10.0,M Brown
12/09/2015,Bolton,Wolves,2.0,1.0,H,8.0,9.0,1.0,1.0,5.0,9.0,12.0,11.0,11.0,21.0,S Duncan
12/09/2015,Brighton,Hull,1.0,0.0,H,3.0,5.0,3.0,2.0,3.0,3.0,15.0,10.0,14.0,12.0,S Hooper
12/09/2015,Burnley,Sheffield Weds,3.0,1.0,H,5.0,6.0,0.0,2.0,6.0,2.0,10.0,10.0,12.0,13.0,S Martin
12/09/2015,Cardiff,Huddersfield,2.0,0.0,H,1.0,5.0,1.0,1.0,6.0,0.0,12.0,7.0,12.0,8.0,P Tierney
12/09/2015,Charlton,Rotherham,1.0,1.0,D,8.0,6.0,2.0,2.0,8.0,4.0,9.0,10.0,21.0,7.0,K Stroud
12/09/2015,Leeds,Brentford,1.0,1.0,D,2.0,4.0,2.0,3.0,5.0,2.0,12.0,18.0,17.0,15.0,N Miller
12/09/2015,Middlesbrough,Milton Keynes Dons,2.0,0.0,H,8.0,6.0,1.0,2.0,7.0,5.0,11.0,12.0,17.0,8.0,J Simpson
12/09/2015,Preston,Derby,1.0,2.0,A,5.0,1.0,2.0,2.0,6.0,4.0,17.0,17.0,19.0,14.0,R Clark
12/09/2015,QPR,Nott'm Forest,1.0,2.0,A,4.0,4.0,1.0,2.0,2.0,7.0,11.0,16.0,9.0,21.0,K Hill
13/09/2015,Fulham,Blackburn,2.0,1.0,H,4.0,7.0,1.0,4.0,9.0,9.0,12.0,13.0,16.0,23.0,T Harrington
15/09/2015,Birmingham,Nott'm Forest,0.0,1.0,A,3.0,6.0,4.0,2.0,1.0,3.0,11.0,12.0,6.0,13.0,M Heywood
15/09/2015,Bolton,Sheffield Weds,0.0,0.0,D,6.0,2.0,2.0,4.0,4.0,3.0,8.0,17.0,14.0,10.0,P Bankes
15/09/2015,Brighton,Rotherham,2.0,1.0,H,7.0,3.0,1.0,1.0,8.0,1.0,14.0,10.0,21.0,6.0,J Linington
15/09/2015,Burnley,Milton Keynes Dons,2.0,1.0,H,8.0,3.0,0.0,3.0,7.0,1.0,18.0,8.0,17.0,10.0,K Wright
15/09/2015,Cardiff,Hull,0.0,2.0,A,12.0,3.0,4.0,3.0,3.0,5.0,11.0,10.0,15.0,13.0,C Sarginson
15/09/2015,Charlton,Huddersfield,1.0,2.0,A,2.0,8.0,1.0,4.0,4.0,5.0,13.0,12.0,18.0,16.0,C Breakspear
15/09/2015,Leeds,Ipswich,0.0,1.0,A,5.0,3.0,3.0,1.0,1.0,4.0,10.0,14.0,11.0,12.0,J Adcock
15/09/2015,Middlesbrough,Brentford,3.0,1.0,H,4.0,1.0,3.0,3.0,4.0,4.0,6.0,11.0,18.0,17.0,G Salisbury
15/09/2015,Preston,Bristol City,1.0,1.0,D,5.0,12.0,0.0,0.0,3.0,5.0,7.0,12.0,13.0,15.0,E Ilderton
15/09/2015,Reading,Derby,0.0,1.0,A,7.0,5.0,2.0,2.0,2.0,2.0,13.0,8.0,12.0,10.0,A Davies
16/09/2015,QPR,Blackburn,2.0,2.0,D,11.0,13.0,2.0,2.0,3.0,6.0,8.0,12.0,17.0,11.0,D Deadman
18/09/2015,Ipswich,Birmingham,1.0,1.0,D,7.0,1.0,2.0,2.0,4.0,4.0,12.0,10.0,18.0,14.0,K Stroud
19/09/2015,Blackburn,Charlton,3.0,0.0,H,11.0,7.0,1.0,0.0,8.0,3.0,9.0,8.0,16.0,9.0,C Boyeson
19/09/2015,Brentford,Preston,2.0,1.0,H,6.0,5.0,3.0,4.0,7.0,4.0,14.0,11.0,14.0,13.0,T Robinson
19/09/2015,Bristol City,Reading,0.0,2.0,A,11.0,4.0,2.0,1.0,2.0,3.0,10.0,11.0,6.0,14.0,S Martin
19/09/2015,Huddersfield,Bolton,4.0,1.0,H,2.0,1.0,0.0,2.0,7.0,2.0,8.0,11.0,16.0,7.0,T Kettle
19/09/2015,Hull,QPR,1.0,1.0,D,12.0,4.0,0.0,0.0,3.0,3.0,6.0,8.0,11.0,9.0,O Langford
19/09/2015,Milton Keynes Dons,Leeds,1.0,2.0,A,13.0,3.0,1.0,2.0,8.0,5.0,8.0,12.0,26.0,14.0,D Webb
19/09/2015,Nott'm Forest,Middlesbrough,1.0,2.0,A,11.0,1.0,2.0,6.0,8.0,9.0,10.0,16.0,21.0,11.0,L Mason
19/09/2015,Rotherham,Cardiff,2.0,1.0,H,5.0,4.0,2.0,2.0,5.0,3.0,10.0,14.0,18.0,5.0,K Hill
19/09/2015,Sheffield Weds,Fulham,3.0,2.0,H,6.0,1.0,1.0,2.0,5.0,3.0,17.0,11.0,10.0,8.0,S Hooper
19/09/2015,Wolves,Brighton,0.0,0.0,D,3.0,4.0,1.0,2.0,1.0,8.0,10.0,17.0,6.0,19.0,J Simpson
21/09/2015,Derby,Burnley,0.0,0.0,D,7.0,5.0,0.0,0.0,4.0,3.0,4.0,10.0,21.0,9.0,D Whitestone
24/09/2015,Huddersfield,Nott'm Forest,1.0,1.0,D,11.0,2.0,1.0,1.0,2.0,4.0,13.0,11.0,13.0,8.0,G Salisbury
25/09/2015,Fulham,QPR,4.0,0.0,H,5.0,2.0,0.0,1.0,7.0,2.0,5.0,10.0,13.0,7.0,K Friend
26/09/2015,Birmingham,Rotherham,0.0,2.0,A,8.0,2.0,0.0,0.0,1.0,6.0,10.0,11.0,17.0,18.0,A Woolmer
26/09/2015,Bolton,Brighton,2.0,2.0,D,9.0,4.0,1.0,2.0,8.0,3.0,7.0,8.0,15.0,11.0,M Haywood
26/09/2015,Brentford,Sheffield Weds,1.0,2.0,A,6.0,3.0,2.0,1.0,5.0,6.0,8.0,19.0,11.0,15.0,G Eltringham
26/09/2015,Burnley,Reading,1.0,2.0,A,7.0,3.0,1.0,2.0,5.0,6.0,8.0,9.0,9.0,17.0,T Harrington
26/09/2015,Cardiff,Charlton,2.0,1.0,H,9.0,4.0,1.0,1.0,5.0,7.0,6.0,6.0,20.0,13.0,A Madley
26/09/2015,Hull,Blackburn,1.0,1.0,D,6.0,7.0,2.0,3.0,4.0,3.0,9.0,15.0,23.0,14.0,A Haines
26/09/2015,Ipswich,Bristol City,2.0,2.0,D,11.0,7.0,0.0,3.0,5.0,3.0,8.0,7.0,20.0,10.0,P Bankes
26/09/2015,Milton Keynes Dons,Derby,1.0,3.0,A,8.0,2.0,1.0,3.0,4.0,5.0,11.0,18.0,26.0,10.0,C Kavanagh
26/09/2015,Preston,Wolves,1.0,1.0,D,3.0,7.0,3.0,2.0,2.0,4.0,12.0,12.0,8.0,15.0,T Kettle
27/09/2015,Middlesbrough,Leeds,3.0,0.0,H,8.0,4.0,3.0,0.0,2.0,6.0,16.0,12.0,6.0,12.0,N Swarbrick
29/09/2015,Brentford,Birmingham,0.0,2.0,A,5.0,6.0,2.0,1.0,3.0,3.0,10.0,6.0,12.0,17.0,K Hill
29/09/2015,Fulham,Wolves,0.0,3.0,A,1.0,3.0,0.0,0.0,3.0,9.0,11.0,14.0,5.0,16.0,D Drysdale
02/10/2015,Rotherham,Burnley,1.0,2.0,A,3.0,4.0,3.0,1.0,3.0,5.0,11.0,9.0,15.0,12.0,P Bankes
03/10/2015,Blackburn,Ipswich,2.0,0.0,H,5.0,8.0,2.0,3.0,4.0,3.0,11.0,15.0,15.0,10.0,A Marriner
03/10/2015,Brighton,Cardiff,1.0,1.0,D,11.0,2.0,0.0,4.0,8.0,3.0,6.0,12.0,20.0,6.0,C Breakspear
03/10/2015,Bristol City,Milton Keynes Dons,1.0,1.0,D,1.0,3.0,3.0,5.0,3.0,4.0,13.0,13.0,6.0,11.0,D Bond
03/10/2015,Derby,Brentford,2.0,0.0,H,12.0,3.0,3.0,3.0,6.0,5.0,11.0,14.0,21.0,11.0,J Simpson
03/10/2015,Leeds,Birmingham,0.0,2.0,A,13.0,5.0,3.0,1.0,4.0,5.0,17.0,17.0,13.0,13.0,P Tierney
03/10/2015,Nott'm Forest,Hull,0.0,1.0,A,9.0,8.0,2.0,3.0,8.0,8.0,11.0,8.0,28.0,15.0,N Miller
03/10/2015,QPR,Bolton,4.0,3.0,H,4.0,3.0,3.0,0.0,10.0,4.0,15.0,14.0,19.0,11.0,D Drysdale
03/10/2015,Reading,Middlesbrough,2.0,0.0,H,3.0,3.0,1.0,2.0,4.0,1.0,17.0,11.0,14.0,6.0,K Stroud
03/10/2015,Sheffield Weds,Preston,3.0,1.0,H,6.0,8.0,0.0,1.0,6.0,4.0,9.0,13.0,13.0,10.0,A Woolmer
03/10/2015,Wolves,Huddersfield,3.0,0.0,H,6.0,4.0,3.0,2.0,8.0,6.0,14.0,13.0,14.0,12.0,C Kavanagh
04/10/2015,Charlton,Fulham,2.0,2.0,D,10.0,5.0,1.0,1.0,7.0,8.0,8.0,8.0,21.0,18.0,J Linington
16/10/2015,Bristol City,Nott'm Forest,2.0,0.0,H,6.0,10.0,1.0,2.0,7.0,5.0,11.0,14.0,14.0,18.0,L Mason
17/10/2015,Birmingham,QPR,2.0,1.0,H,5.0,2.0,1.0,2.0,3.0,4.0,8.0,18.0,8.0,8.0,C Boyeson
17/10/2015,Brentford,Rotherham,2.0,1.0,H,5.0,4.0,2.0,2.0,4.0,6.0,20.0,15.0,8.0,14.0,I Williamson
17/10/2015,Burnley,Bolton,2.0,0.0,H,5.0,4.0,2.0,3.0,7.0,7.0,13.0,10.0,10.0,14.0,G Scott
17/10/2015,Ipswich,Huddersfield,0.0,0.0,D,4.0,6.0,3.0,1.0,4.0,3.0,13.0,8.0,11.0,7.0,A Davies
17/10/2015,Leeds,Brighton,1.0,2.0,A,3.0,7.0,0.0,2.0,2.0,5.0,10.0,13.0,6.0,14.0,D Deadman
17/10/2015,Middlesbrough,Fulham,0.0,0.0,D,6.0,1.0,3.0,3.0,6.0,3.0,10.0,5.0,18.0,13.0,P Bankes
17/10/2015,Milton Keynes Dons,Blackburn,3.0,0.0,H,8.0,4.0,2.0,2.0,9.0,3.0,9.0,8.0,21.0,10.0,J Linington
17/10/2015,Preston,Cardiff,0.0,0.0,D,6.0,1.0,0.0,1.0,1.0,2.0,4.0,8.0,18.0,17.0,S Atwell
17/10/2015,Reading,Charlton,1.0,0.0,H,7.0,1.0,0.0,2.0,4.0,1.0,4.0,19.0,23.0,2.0,R Lewis
17/10/2015,Sheffield Weds,Hull,1.0,1.0,D,5.0,6.0,2.0,2.0,2.0,6.0,13.0,13.0,10.0,16.0,K Stroud
18/10/2015,Derby,Wolves,4.0,2.0,H,7.0,2.0,1.0,2.0,11.0,2.0,8.0,16.0,20.0,7.0,A Madley
20/10/2015,Bolton,Birmingham,0.0,1.0,A,6.0,4.0,4.0,3.0,6.0,8.0,22.0,10.0,16.0,14.0,G Eltringham
20/10/2015,Brighton,Bristol City,2.0,1.0,H,4.0,5.0,3.0,3.0,6.0,5.0,10.0,9.0,18.0,8.0,I Williamson
20/10/2015,Cardiff,Middlesbrough,1.0,0.0,H,5.0,6.0,2.0,2.0,5.0,5.0,11.0,12.0,14.0,17.0,D Whitestone
20/10/2015,Charlton,Preston,0.0,3.0,A,2.0,6.0,2.0,3.0,1.0,5.0,9.0,13.0,8.0,18.0,S Hooper
20/10/2015,Huddersfield,Milton Keynes Dons,2.0,0.0,H,4.0,5.0,4.0,2.0,5.0,1.0,13.0,9.0,9.0,9.0,P Bankes
20/10/2015,Hull,Ipswich,3.0,0.0,H,2.0,4.0,2.0,1.0,5.0,2.0,9.0,13.0,15.0,15.0,C Kavanagh
20/10/2015,Nott'm Forest,Burnley,1.0,1.0,D,5.0,6.0,3.0,2.0,5.0,2.0,8.0,6.0,12.0,15.0,S Atwell
20/10/2015,QPR,Sheffield Weds,0.0,0.0,D,5.0,4.0,1.0,0.0,2.0,0.0,14.0,9.0,19.0,6.0,A Haines
20/10/2015,Rotherham,Reading,1.0,1.0,D,6.0,6.0,2.0,1.0,6.0,6.0,14.0,8.0,19.0,17.0,J Simpson
21/10/2015,Blackburn,Derby,0.0,0.0,D,6.0,2.0,4.0,2.0,3.0,1.0,9.0,12.0,10.0,10.0,D Drysdale
21/10/2015,Fulham,Leeds,1.0,1.0,D,3.0,6.0,4.0,1.0,2.0,8.0,16.0,10.0,11.0,16.0,K Hill
21/10/2015,Wolves,Brentford,0.0,2.0,A,4.0,3.0,1.0,2.0,3.0,7.0,7.0,13.0,15.0,15.0,P Tierney
23/10/2015,Rotherham,Sheffield Weds,1.0,2.0,A,1.0,1.0,2.0,4.0,3.0,6.0,13.0,18.0,11.0,16.0,M Jones
24/10/2015,Blackburn,Burnley,0.0,1.0,A,4.0,0.0,0.0,0.0,6.0,2.0,10.0,12.0,18.0,5.0,K Stroud
24/10/2015,Bolton,Leeds,1.0,1.0,D,4.0,7.0,0.0,1.0,3.0,3.0,15.0,8.0,8.0,12.0,S Hooper
24/10/2015,Brighton,Preston,0.0,0.0,D,6.0,7.0,1.0,3.0,1.0,3.0,9.0,8.0,10.0,11.0,A Davies
24/10/2015,Charlton,Brentford,0.0,3.0,A,1.0,4.0,1.0,0.0,6.0,4.0,11.0,9.0,13.0,16.0,S Atwell
24/10/2015,Fulham,Reading,4.0,2.0,H,10.0,3.0,2.0,3.0,7.0,4.0,12.0,9.0,11.0,9.0,F Graham
24/10/2015,Huddersfield,Derby,1.0,2.0,A,8.0,9.0,2.0,0.0,6.0,8.0,9.0,9.0,15.0,17.0,T Harrington
24/10/2015,Hull,Birmingham,2.0,0.0,H,7.0,5.0,2.0,2.0,6.0,3.0,9.0,9.0,15.0,7.0,E Ilderton
24/10/2015,Nott'm Forest,Ipswich,1.0,1.0,D,8.0,4.0,0.0,4.0,5.0,3.0,9.0,15.0,18.0,9.0,P Tierney
24/10/2015,QPR,Milton Keynes Dons,3.0,0.0,H,11.0,8.0,1.0,1.0,7.0,1.0,13.0,4.0,21.0,4.0,S Duncan
24/10/2015,Wolves,Middlesbrough,1.0,3.0,A,7.0,3.0,2.0,5.0,5.0,8.0,11.0,12.0,18.0,15.0,J Linington
26/10/2015,Cardiff,Bristol City,0.0,0.0,D,4.0,9.0,1.0,0.0,0.0,6.0,9.0,12.0,9.0,20.0,C Pawson
29/10/2015,Leeds,Blackburn,0.0,2.0,A,3.0,1.0,1.0,2.0,2.0,4.0,9.0,20.0,8.0,9.0,T Robinson
30/10/2015,Brentford,QPR,1.0,0.0,H,2.0,1.0,2.0,3.0,5.0,2.0,6.0,12.0,11.0,7.0,S Hooper
31/10/2015,Birmingham,Wolves,0.0,2.0,A,8.0,6.0,0.0,1.0,1.0,6.0,10.0,10.0,15.0,13.0,P Bankes
31/10/2015,Bristol City,Fulham,1.0,4.0,A,7.0,1.0,2.0,1.0,3.0,7.0,11.0,5.0,15.0,10.0,A Woolmer
31/10/2015,Burnley,Huddersfield,2.0,1.0,H,4.0,13.0,1.0,2.0,6.0,3.0,6.0,10.0,12.0,12.0,O Langford
31/10/2015,Derby,Rotherham,3.0,0.0,H,8.0,0.0,1.0,2.0,5.0,3.0,10.0,19.0,16.0,6.0,S Duncan
31/10/2015,Ipswich,Cardiff,0.0,0.0,D,3.0,4.0,3.0,5.0,2.0,3.0,9.0,11.0,8.0,9.0,D Coote
31/10/2015,Middlesbrough,Charlton,3.0,0.0,H,15.0,2.0,1.0,5.0,10.0,1.0,3.0,16.0,25.0,5.0,A Madley
31/10/2015,Milton Keynes Dons,Hull,0.0,2.0,A,4.0,1.0,3.0,2.0,1.0,4.0,13.0,12.0,8.0,8.0,G Scott
31/10/2015,Preston,Bolton,0.0,0.0,D,9.0,3.0,1.0,1.0,5.0,2.0,12.0,10.0,12.0,8.0,D Whitestone
31/10/2015,Reading,Brighton,1.0,1.0,D,4.0,9.0,0.0,0.0,5.0,2.0,3.0,10.0,21.0,10.0,N Swarbrick
31/10/2015,Sheffield Weds,Nott'm Forest,1.0,0.0,H,6.0,2.0,3.0,4.0,5.0,1.0,11.0,11.0,21.0,5.0,J Simpson
03/11/2015,Birmingham,Blackburn,0.0,0.0,D,12.0,2.0,2.0,2.0,3.0,1.0,12.0,10.0,15.0,7.0,C Kavanagh
03/11/2015,Brentford,Hull,0.0,2.0,A,1.0,9.0,0.0,2.0,5.0,9.0,8.0,11.0,12.0,23.0,G Ward
03/11/2015,Bristol City,Wolves,1.0,0.0,H,1.0,7.0,1.0,0.0,5.0,2.0,15.0,12.0,11.0,7.0,S Hooper
03/11/2015,Burnley,Fulham,3.0,1.0,H,5.0,11.0,0.0,0.0,5.0,4.0,5.0,8.0,14.0,14.0,A Madley
03/11/2015,Derby,QPR,1.0,0.0,H,8.0,4.0,4.0,3.0,4.0,1.0,9.0,15.0,15.0,11.0,K Stroud
03/11/2015,Ipswich,Bolton,2.0,0.0,H,6.0,6.0,2.0,2.0,10.0,2.0,13.0,12.0,21.0,10.0,D Deadman
03/11/2015,Leeds,Cardiff,1.0,0.0,H,3.0,4.0,1.0,1.0,2.0,2.0,11.0,9.0,10.0,6.0,C Boyeson
03/11/2015,Middlesbrough,Rotherham,1.0,0.0,H,4.0,2.0,0.0,1.0,3.0,1.0,9.0,9.0,19.0,8.0,P Tierney
03/11/2015,Milton Keynes Dons,Charlton,1.0,0.0,H,4.0,3.0,1.0,5.0,4.0,3.0,12.0,19.0,16.0,8.0,A Davies
03/11/2015,Preston,Nott'm Forest,1.0,0.0,H,0.0,6.0,2.0,1.0,4.0,6.0,9.0,14.0,10.0,15.0,T Harrington
03/11/2015,Reading,Huddersfield,2.0,2.0,D,5.0,2.0,1.0,3.0,6.0,4.0,9.0,11.0,19.0,6.0,B Malone
03/11/2015,Sheffield Weds,Brighton,0.0,0.0,D,4.0,2.0,0.0,0.0,2.0,1.0,9.0,11.0,9.0,8.0,K Wright
06/11/2015,Nott'm Forest,Derby,1.0,0.0,H,2.0,5.0,3.0,1.0,4.0,2.0,16.0,9.0,15.0,14.0,S Hooper
07/11/2015,Blackburn,Brentford,1.0,1.0,D,8.0,3.0,1.0,3.0,4.0,4.0,9.0,15.0,10.0,10.0,A Woolmer
07/11/2015,Bolton,Bristol City,0.0,0.0,D,2.0,6.0,3.0,2.0,4.0,1.0,15.0,14.0,10.0,9.0,S Atwell
07/11/2015,Brighton,Milton Keynes Dons,2.0,1.0,H,6.0,3.0,2.0,2.0,6.0,2.0,10.0,12.0,21.0,7.0,D Whitestone
07/11/2015,Cardiff,Reading,2.0,0.0,H,4.0,8.0,3.0,1.0,5.0,10.0,14.0,11.0,10.0,19.0,K Stroud
07/11/2015,Charlton,Sheffield Weds,3.0,1.0,H,3.0,2.0,2.0,3.0,4.0,2.0,15.0,8.0,13.0,10.0,G Ward
07/11/2015,Fulham,Birmingham,2.0,5.0,A,3.0,6.0,2.0,0.0,6.0,8.0,9.0,12.0,16.0,19.0,I Williamson
07/11/2015,Huddersfield,Leeds,0.0,3.0,A,3.0,6.0,1.0,2.0,6.0,4.0,10.0,9.0,19.0,8.0,G Scott
07/11/2015,Hull,Middlesbrough,3.0,0.0,H,7.0,3.0,1.0,0.0,6.0,1.0,14.0,12.0,16.0,6.0,J Simpson
07/11/2015,QPR,Preston,0.0,0.0,D,5.0,4.0,2.0,0.0,1.0,2.0,13.0,7.0,8.0,6.0,R Lewis
07/11/2015,Rotherham,Ipswich,2.0,5.0,A,5.0,6.0,1.0,0.0,2.0,10.0,5.0,5.0,11.0,19.0,D Drysdale
07/11/2015,Wolves,Burnley,0.0,0.0,D,3.0,1.0,2.0,2.0,2.0,4.0,8.0,10.0,11.0,6.0,J Moss
20/11/2015,Middlesbrough,QPR,1.0,0.0,H,9.0,3.0,1.0,3.0,1.0,5.0,10.0,13.0,11.0,6.0,C Kavanagh
21/11/2015,Birmingham,Charlton,0.0,1.0,A,7.0,4.0,0.0,0.0,6.0,4.0,2.0,9.0,21.0,8.0,D Drysdale
21/11/2015,Brentford,Nott'm Forest,2.0,1.0,H,3.0,6.0,1.0,0.0,5.0,8.0,8.0,12.0,12.0,17.0,B Malone
21/11/2015,Bristol City,Hull,1.0,1.0,D,1.0,12.0,1.0,4.0,2.0,4.0,15.0,13.0,4.0,18.0,P Tierney
21/11/2015,Derby,Cardiff,2.0,0.0,H,8.0,3.0,1.0,1.0,10.0,2.0,5.0,7.0,20.0,9.0,E Ilderton
21/11/2015,Ipswich,Wolves,2.0,2.0,D,3.0,3.0,1.0,2.0,6.0,4.0,13.0,8.0,14.0,12.0,G Ward
21/11/2015,Leeds,Rotherham,0.0,1.0,A,9.0,4.0,3.0,4.0,3.0,3.0,14.0,21.0,14.0,9.0,K Stroud
21/11/2015,Milton Keynes Dons,Fulham,1.0,1.0,D,5.0,2.0,0.0,2.0,7.0,5.0,9.0,11.0,11.0,14.0,D Handley
21/11/2015,Preston,Blackburn,1.0,2.0,A,4.0,2.0,2.0,2.0,2.0,3.0,13.0,15.0,9.0,11.0,M Dean
21/11/2015,Reading,Bolton,2.0,1.0,H,10.0,3.0,1.0,1.0,4.0,5.0,14.0,18.0,19.0,14.0,J Linington
21/11/2015,Sheffield Weds,Huddersfield,3.0,1.0,H,3.0,6.0,2.0,3.0,10.0,4.0,12.0,15.0,15.0,7.0,C Boyeson
22/11/2015,Burnley,Brighton,1.0,1.0,D,8.0,5.0,1.0,3.0,3.0,3.0,12.0,18.0,11.0,14.0,S Hooper
27/11/2015,Hull,Derby,0.0,2.0,A,10.0,4.0,0.0,0.0,2.0,4.0,10.0,8.0,23.0,9.0,G Eltringham
28/11/2015,Blackburn,Sheffield Weds,2.0,2.0,D,8.0,3.0,1.0,2.0,5.0,2.0,13.0,14.0,12.0,9.0,F Graham
28/11/2015,Brighton,Birmingham,2.0,1.0,H,9.0,6.0,4.0,4.0,9.0,5.0,9.0,10.0,22.0,15.0,G Ward
28/11/2015,Cardiff,Burnley,2.0,2.0,D,8.0,4.0,1.0,0.0,7.0,3.0,9.0,6.0,18.0,11.0,D Drysdale
28/11/2015,Charlton,Ipswich,0.0,3.0,A,7.0,4.0,2.0,0.0,6.0,7.0,7.0,9.0,14.0,14.0,S Duncan
28/11/2015,Fulham,Preston,1.0,1.0,D,3.0,6.0,2.0,2.0,3.0,3.0,9.0,12.0,11.0,17.0,G Horwood
28/11/2015,Huddersfield,Middlesbrough,0.0,2.0,A,3.0,2.0,3.0,1.0,3.0,3.0,10.0,11.0,6.0,3.0,E Ilderton
28/11/2015,Nott'm Forest,Reading,3.0,1.0,H,4.0,9.0,1.0,3.0,5.0,6.0,17.0,13.0,12.0,20.0,K Hill
28/11/2015,QPR,Leeds,1.0,0.0,H,8.0,1.0,0.0,3.0,4.0,1.0,12.0,12.0,20.0,7.0,P Bankes
28/11/2015,Rotherham,Bristol City,3.0,0.0,H,2.0,5.0,1.0,4.0,5.0,2.0,12.0,13.0,12.0,10.0,T Robinson
28/11/2015,Wolves,Milton Keynes Dons,0.0,0.0,D,5.0,1.0,0.0,5.0,6.0,3.0,7.0,23.0,16.0,6.0,N Miller
30/11/2015,Bolton,Brentford,1.0,1.0,D,10.0,4.0,3.0,2.0,8.0,6.0,15.0,15.0,25.0,11.0,C Boyeson
03/12/2015,Reading,QPR,0.0,1.0,A,3.0,7.0,1.0,2.0,0.0,2.0,11.0,17.0,10.0,9.0,A Madley
04/12/2015,Ipswich,Middlesbrough,0.0,2.0,A,5.0,3.0,1.0,2.0,5.0,8.0,7.0,13.0,12.0,15.0,T Robinson
05/12/2015,Birmingham,Huddersfield,0.0,2.0,A,8.0,5.0,1.0,2.0,2.0,2.0,13.0,10.0,6.0,13.0,S Martin
05/12/2015,Bolton,Cardiff,2.0,3.0,A,4.0,5.0,1.0,2.0,5.0,7.0,14.0,12.0,18.0,16.0,T Harrington
05/12/2015,Brentford,Milton Keynes Dons,2.0,0.0,H,7.0,4.0,1.0,1.0,6.0,3.0,12.0,7.0,19.0,9.0,O Langford
05/12/2015,Brighton,Charlton,3.0,2.0,H,11.0,1.0,3.0,4.0,7.0,5.0,6.0,17.0,21.0,7.0,K Stroud
05/12/2015,Bristol City,Blackburn,0.0,2.0,A,4.0,4.0,0.0,1.0,1.0,7.0,12.0,13.0,7.0,14.0,G Eltringham
05/12/2015,Burnley,Preston,0.0,2.0,A,9.0,3.0,2.0,2.0,2.0,3.0,11.0,12.0,8.0,10.0,K Friend
05/12/2015,Leeds,Hull,2.0,1.0,H,2.0,6.0,3.0,0.0,6.0,5.0,10.0,9.0,11.0,16.0,C Kavanagh
05/12/2015,Nott'm Forest,Fulham,3.0,0.0,H,6.0,7.0,0.0,0.0,5.0,4.0,11.0,10.0,11.0,11.0,C Boyeson
05/12/2015,Rotherham,Wolves,1.0,2.0,A,5.0,7.0,0.0,1.0,2.0,5.0,6.0,6.0,13.0,12.0,D Deadman
06/12/2015,Sheffield Weds,Derby,0.0,0.0,D,5.0,2.0,4.0,2.0,1.0,2.0,13.0,9.0,10.0,8.0,G Scott
11/12/2015,Blackburn,Rotherham,1.0,0.0,H,7.0,4.0,0.0,1.0,4.0,3.0,15.0,12.0,7.0,11.0,T Harrington
11/12/2015,Wolves,Nott'm Forest,1.0,1.0,D,7.0,5.0,2.0,4.0,4.0,3.0,8.0,16.0,14.0,10.0,K Stroud
12/12/2015,Cardiff,Sheffield Weds,2.0,2.0,D,3.0,6.0,3.0,1.0,6.0,6.0,12.0,10.0,15.0,14.0,C Breakspear
12/12/2015,Charlton,Leeds,0.0,0.0,D,4.0,8.0,3.0,5.0,6.0,3.0,12.0,11.0,14.0,18.0,A Davies
12/12/2015,Derby,Brighton,2.0,2.0,D,7.0,4.0,1.0,1.0,7.0,3.0,9.0,11.0,19.0,8.0,L Mason
12/12/2015,Fulham,Brentford,2.0,2.0,D,10.0,4.0,2.0,2.0,3.0,6.0,11.0,9.0,8.0,14.0,D Coote
12/12/2015,Huddersfield,Bristol City,1.0,2.0,A,7.0,2.0,1.0,2.0,7.0,5.0,10.0,9.0,23.0,11.0,J Simpson
12/12/2015,Hull,Bolton,1.0,0.0,H,2.0,1.0,2.0,2.0,5.0,2.0,17.0,16.0,11.0,8.0,M Bull
12/12/2015,Middlesbrough,Birmingham,0.0,0.0,D,8.0,7.0,2.0,2.0,7.0,3.0,10.0,8.0,20.0,15.0,D Bond
12/12/2015,Milton Keynes Dons,Ipswich,0.0,1.0,A,14.0,2.0,0.0,3.0,5.0,2.0,8.0,17.0,20.0,10.0,G Ward
12/12/2015,Preston,Reading,1.0,0.0,H,4.0,4.0,0.0,3.0,4.0,3.0,13.0,17.0,15.0,11.0,G Eltringham
12/12/2015,QPR,Burnley,0.0,0.0,D,6.0,5.0,0.0,0.0,4.0,2.0,8.0,6.0,17.0,9.0,S Atwell
14/12/2015,Blackburn,Nott'm Forest,0.0,0.0,D,8.0,1.0,3.0,2.0,5.0,3.0,9.0,7.0,10.0,10.0,C Kavanagh
15/12/2015,Cardiff,Brentford,3.0,2.0,H,4.0,9.0,1.0,1.0,8.0,4.0,11.0,8.0,16.0,10.0,S Hooper
15/12/2015,Charlton,Bolton,2.0,2.0,D,3.0,8.0,3.0,1.0,5.0,6.0,14.0,14.0,12.0,18.0,G Horwood
15/12/2015,Derby,Bristol City,4.0,0.0,H,5.0,3.0,1.0,1.0,6.0,1.0,14.0,10.0,15.0,6.0,A Woolmer
15/12/2015,Fulham,Ipswich,1.0,2.0,A,10.0,5.0,0.0,0.0,2.0,4.0,5.0,9.0,15.0,11.0,T Kettle
15/12/2015,Huddersfield,Rotherham,2.0,0.0,H,5.0,4.0,1.0,1.0,3.0,3.0,14.0,11.0,11.0,11.0,M Brown
15/12/2015,Middlesbrough,Burnley,1.0,0.0,H,7.0,2.0,0.0,2.0,5.0,2.0,5.0,16.0,17.0,7.0,G Eltringham
15/12/2015,Milton Keynes Dons,Sheffield Weds,2.0,1.0,H,6.0,3.0,0.0,2.0,3.0,2.0,8.0,13.0,9.0,8.0,D Deadman
15/12/2015,Preston,Birmingham,1.0,1.0,D,5.0,7.0,2.0,3.0,4.0,6.0,14.0,12.0,10.0,18.0,K Wright
15/12/2015,QPR,Brighton,2.0,2.0,D,10.0,7.0,3.0,0.0,7.0,6.0,10.0,10.0,21.0,14.0,P Tierney
16/12/2015,Hull,Reading,2.0,1.0,H,6.0,3.0,1.0,1.0,10.0,3.0,13.0,7.0,16.0,9.0,O Langford
17/12/2015,Wolves,Leeds,2.0,3.0,A,6.0,2.0,0.0,1.0,3.0,6.0,4.0,10.0,10.0,14.0,S Atwell
18/12/2015,Birmingham,Cardiff,1.0,0.0,H,7.0,4.0,3.0,1.0,3.0,3.0,12.0,14.0,14.0,10.0,K Stroud
19/12/2015,Bolton,Fulham,2.0,2.0,D,5.0,5.0,0.0,1.0,3.0,4.0,9.0,9.0,16.0,13.0,N Miller
19/12/2015,Brentford,Huddersfield,4.0,2.0,H,5.0,5.0,1.0,2.0,8.0,4.0,12.0,11.0,11.0,11.0,P Gibbs
19/12/2015,Brighton,Middlesbrough,0.0,3.0,A,3.0,4.0,0.0,1.0,2.0,6.0,6.0,7.0,14.0,10.0,C Pawson
19/12/2015,Bristol City,QPR,1.0,1.0,D,7.0,5.0,0.0,0.0,5.0,4.0,5.0,6.0,11.0,8.0,M Haywood
19/12/2015,Burnley,Charlton,4.0,0.0,H,7.0,5.0,0.0,0.0,7.0,6.0,7.0,7.0,19.0,12.0,P Tierney
19/12/2015,Ipswich,Derby,0.0,1.0,A,9.0,3.0,2.0,2.0,2.0,4.0,8.0,11.0,11.0,7.0,K Hill
19/12/2015,Nott'm Forest,Milton Keynes Dons,2.0,1.0,H,4.0,6.0,1.0,1.0,4.0,4.0,12.0,9.0,12.0,13.0,S Hooper
19/12/2015,Rotherham,Hull,2.0,0.0,H,3.0,10.0,2.0,1.0,5.0,3.0,9.0,8.0,12.0,18.0,E Ilderton
20/12/2015,Leeds,Preston,1.0,0.0,H,8.0,5.0,1.0,5.0,2.0,7.0,9.0,17.0,12.0,9.0,G Ward
20/12/2015,Reading,Blackburn,1.0,0.0,H,6.0,1.0,1.0,4.0,7.0,3.0,8.0,12.0,13.0,8.0,P Bankes
20/12/2015,Sheffield Weds,Wolves,4.0,1.0,H,2.0,3.0,0.0,2.0,8.0,2.0,13.0,15.0,24.0,11.0,D Whitestone
26/12/2015,Brentford,Brighton,0.0,0.0,D,10.0,1.0,1.0,3.0,4.0,3.0,8.0,14.0,20.0,4.0,D Deadman
26/12/2015,Bristol City,Charlton,1.0,1.0,D,7.0,3.0,2.0,1.0,2.0,4.0,6.0,18.0,18.0,7.0,O Langford
26/12/2015,Derby,Fulham,2.0,0.0,H,4.0,4.0,1.0,1.0,1.0,4.0,8.0,7.0,19.0,11.0,S Duncan
26/12/2015,Huddersfield,Preston,3.0,1.0,H,4.0,4.0,4.0,3.0,11.0,4.0,10.0,9.0,21.0,10.0,C Kavanagh
26/12/2015,Hull,Burnley,3.0,0.0,H,8.0,2.0,0.0,0.0,6.0,2.0,12.0,14.0,17.0,8.0,M Clattenburg
26/12/2015,Ipswich,QPR,2.0,1.0,H,6.0,5.0,1.0,2.0,2.0,5.0,6.0,8.0,15.0,13.0,D Drysdale
26/12/2015,Milton Keynes Dons,Cardiff,2.0,1.0,H,1.0,3.0,3.0,2.0,2.0,4.0,11.0,14.0,10.0,15.0,I Williamson
26/12/2015,Rotherham,Bolton,4.0,0.0,H,12.0,1.0,1.0,1.0,10.0,2.0,19.0,14.0,18.0,7.0,G Eltringham
26/12/2015,Sheffield Weds,Birmingham,3.0,0.0,H,3.0,4.0,0.0,2.0,8.0,2.0,14.0,15.0,18.0,11.0,T Harrington
26/12/2015,Wolves,Reading,1.0,0.0,H,9.0,8.0,2.0,1.0,1.0,3.0,12.0,9.0,6.0,24.0,S Hooper
27/12/2015,Nott'm Forest,Leeds,1.0,1.0,D,5.0,6.0,3.0,2.0,3.0,2.0,16.0,8.0,16.0,15.0,J Linington
28/12/2015,Birmingham,Milton Keynes Dons,1.0,0.0,H,11.0,2.0,1.0,4.0,6.0,2.0,13.0,15.0,17.0,7.0,A Davies
28/12/2015,Bolton,Blackburn,1.0,0.0,H,2.0,7.0,4.0,3.0,3.0,1.0,14.0,16.0,12.0,15.0,J Moss
28/12/2015,Burnley,Bristol City,4.0,0.0,H,8.0,3.0,1.0,1.0,4.0,3.0,13.0,8.0,18.0,14.0,A Madley
28/12/2015,Charlton,Wolves,0.0,2.0,A,6.0,8.0,1.0,0.0,2.0,3.0,10.0,9.0,10.0,9.0,M Buonassisi
28/12/2015,Middlesbrough,Sheffield Weds,1.0,0.0,H,3.0,5.0,1.0,4.0,2.0,1.0,12.0,23.0,5.0,6.0,D Coote
28/12/2015,Preston,Hull,1.0,0.0,H,2.0,6.0,0.0,4.0,4.0,4.0,11.0,12.0,16.0,10.0,P Bankes
28/12/2015,QPR,Huddersfield,1.0,1.0,D,4.0,8.0,0.0,2.0,2.0,4.0,10.0,10.0,11.0,11.0,B Malone
28/12/2015,Reading,Brentford,1.0,2.0,A,12.0,3.0,2.0,4.0,4.0,4.0,13.0,18.0,15.0,10.0,K Stroud
29/12/2015,Brighton,Ipswich,0.0,1.0,A,5.0,8.0,1.0,1.0,3.0,4.0,5.0,8.0,14.0,11.0,S Atwell
29/12/2015,Cardiff,Nott'm Forest,1.0,1.0,D,4.0,1.0,1.0,1.0,5.0,2.0,10.0,7.0,17.0,6.0,T Robinson
29/12/2015,Fulham,Rotherham,4.0,1.0,H,4.0,8.0,0.0,0.0,8.0,8.0,5.0,11.0,16.0,22.0,S Hooper
29/12/2015,Leeds,Derby,2.0,2.0,D,3.0,9.0,3.0,2.0,4.0,4.0,13.0,13.0,12.0,13.0,M Heywood
01/01/2016,Brighton,Wolves,0.0,1.0,A,10.0,4.0,1.0,1.0,6.0,4.0,9.0,9.0,19.0,6.0,C Kavanagh
01/01/2016,QPR,Hull,1.0,2.0,A,6.0,8.0,1.0,1.0,2.0,2.0,10.0,10.0,14.0,12.0,K Stroud
02/01/2016,Birmingham,Brentford,2.0,1.0,H,0.0,5.0,4.0,2.0,3.0,3.0,14.0,11.0,10.0,15.0,G Scott
02/01/2016,Bolton,Huddersfield,0.0,2.0,A,2.0,7.0,2.0,1.0,1.0,4.0,14.0,18.0,14.0,18.0,A Haines
02/01/2016,Burnley,Ipswich,0.0,0.0,D,2.0,8.0,2.0,0.0,1.0,3.0,10.0,13.0,8.0,14.0,P Bankes
02/01/2016,Cardiff,Blackburn,1.0,0.0,H,6.0,5.0,1.0,2.0,5.0,2.0,8.0,11.0,13.0,10.0,A Woolmer
02/01/2016,Charlton,Nott'm Forest,1.0,1.0,D,6.0,8.0,0.0,1.0,4.0,6.0,16.0,9.0,11.0,16.0,T Kettle
02/01/2016,Fulham,Sheffield Weds,0.0,1.0,A,4.0,7.0,2.0,1.0,1.0,6.0,15.0,14.0,11.0,14.0,K Johnson
02/01/2016,Leeds,Milton Keynes Dons,1.0,1.0,D,6.0,5.0,2.0,5.0,0.0,2.0,15.0,13.0,3.0,7.0,J Simpson
02/01/2016,Middlesbrough,Derby,2.0,0.0,H,5.0,7.0,0.0,2.0,4.0,2.0,13.0,6.0,16.0,10.0,N Swarbrick
02/01/2016,Preston,Rotherham,2.0,1.0,H,7.0,5.0,0.0,1.0,6.0,3.0,11.0,10.0,17.0,7.0,C Breakspear
02/01/2016,Reading,Bristol City,1.0,0.0,H,6.0,5.0,3.0,0.0,3.0,0.0,7.0,14.0,19.0,8.0,D Handley
12/01/2016,Blackburn,QPR,1.0,1.0,D,7.0,3.0,0.0,0.0,7.0,3.0,11.0,10.0,14.0,10.0,E Ilderton
12/01/2016,Brentford,Middlesbrough,0.0,1.0,A,11.0,5.0,1.0,3.0,6.0,6.0,7.0,14.0,13.0,10.0,G Ward
12/01/2016,Bristol City,Preston,1.0,2.0,A,8.0,2.0,2.0,0.0,5.0,2.0,10.0,12.0,9.0,5.0,J Linington
12/01/2016,Derby,Reading,1.0,1.0,D,4.0,7.0,3.0,2.0,2.0,5.0,14.0,14.0,8.0,14.0,D Coote
12/01/2016,Huddersfield,Charlton,5.0,0.0,H,7.0,3.0,0.0,3.0,7.0,2.0,13.0,16.0,15.0,7.0,G Eltringham
12/01/2016,Ipswich,Leeds,2.0,1.0,H,7.0,2.0,2.0,1.0,7.0,2.0,7.0,4.0,17.0,4.0,F Graham
12/01/2016,Milton Keynes Dons,Burnley,0.0,5.0,A,4.0,4.0,0.0,2.0,5.0,7.0,4.0,16.0,16.0,13.0,S Martin
12/01/2016,Nott'm Forest,Birmingham,1.0,1.0,D,0.0,4.0,4.0,2.0,4.0,4.0,13.0,16.0,14.0,7.0,M Brown
12/01/2016,Rotherham,Brighton,2.0,0.0,H,3.0,7.0,0.0,0.0,8.0,2.0,10.0,12.0,14.0,8.0,O Langford
12/01/2016,Sheffield Weds,Bolton,3.0,2.0,H,2.0,0.0,2.0,1.0,7.0,5.0,17.0,13.0,13.0,14.0,S Hooper
12/01/2016,Wolves,Fulham,3.0,2.0,H,4.0,5.0,0.0,3.0,8.0,4.0,4.0,12.0,17.0,11.0,R Lewis
13/01/2016,Hull,Cardiff,2.0,0.0,H,6.0,1.0,1.0,0.0,8.0,0.0,12.0,8.0,19.0,5.0,S Duncan
15/01/2016,Brentford,Burnley,1.0,3.0,A,3.0,3.0,0.0,0.0,3.0,6.0,7.0,10.0,19.0,17.0,C Kavanagh
16/01/2016,Blackburn,Brighton,0.0,1.0,A,5.0,6.0,2.0,1.0,2.0,3.0,12.0,16.0,15.0,8.0,K Wright
16/01/2016,Bristol City,Middlesbrough,1.0,0.0,H,7.0,3.0,2.0,2.0,5.0,2.0,10.0,14.0,17.0,12.0,C Boyeson
16/01/2016,Derby,Birmingham,0.0,3.0,A,6.0,3.0,2.0,1.0,4.0,8.0,14.0,16.0,14.0,11.0,T Robinson
16/01/2016,Huddersfield,Fulham,1.0,1.0,D,7.0,2.0,2.0,1.0,3.0,3.0,11.0,11.0,9.0,13.0,C Sarginson
16/01/2016,Hull,Charlton,6.0,0.0,H,6.0,1.0,0.0,2.0,10.0,3.0,5.0,17.0,27.0,6.0,R Clark
16/01/2016,Ipswich,Preston,1.0,1.0,D,5.0,2.0,1.0,3.0,6.0,3.0,10.0,15.0,19.0,12.0,S Hooper
16/01/2016,Milton Keynes Dons,Reading,1.0,0.0,H,7.0,8.0,2.0,3.0,4.0,4.0,17.0,12.0,10.0,14.0,C Breakspear
16/01/2016,Nott'm Forest,Bolton,3.0,0.0,H,5.0,4.0,0.0,1.0,6.0,1.0,8.0,10.0,22.0,3.0,E Ilderton
16/01/2016,Rotherham,QPR,0.0,3.0,A,9.0,2.0,1.0,0.0,3.0,3.0,10.0,10.0,21.0,8.0,J Adcock
16/01/2016,Sheffield Weds,Leeds,2.0,0.0,H,2.0,7.0,2.0,2.0,5.0,4.0,11.0,9.0,11.0,12.0,A Taylor
16/01/2016,Wolves,Cardiff,1.0,3.0,A,7.0,5.0,1.0,2.0,2.0,7.0,7.0,9.0,18.0,17.0,D Whitestone
23/01/2016,Birmingham,Ipswich,3.0,0.0,H,5.0,4.0,2.0,1.0,5.0,5.0,9.0,11.0,13.0,18.0,M Bull
23/01/2016,Bolton,Milton Keynes Dons,3.0,1.0,H,9.0,10.0,2.0,2.0,11.0,4.0,19.0,12.0,22.0,8.0,K Wright
23/01/2016,Brighton,Huddersfield,2.0,1.0,H,1.0,5.0,1.0,3.0,2.0,3.0,18.0,15.0,8.0,10.0,G Horwood
23/01/2016,Cardiff,Rotherham,2.0,2.0,D,5.0,4.0,1.0,0.0,3.0,3.0,10.0,16.0,11.0,5.0,J Simpson
23/01/2016,Charlton,Blackburn,1.0,1.0,D,1.0,4.0,0.0,1.0,2.0,2.0,16.0,18.0,6.0,10.0,R Lewis
23/01/2016,Fulham,Hull,0.0,1.0,A,4.0,4.0,1.0,3.0,2.0,3.0,9.0,15.0,9.0,12.0,P Tierney
23/01/2016,Leeds,Bristol City,1.0,0.0,H,6.0,5.0,4.0,2.0,1.0,3.0,13.0,17.0,7.0,10.0,C Breakspear
23/01/2016,Middlesbrough,Nott'm Forest,0.0,1.0,A,4.0,3.0,2.0,2.0,2.0,4.0,9.0,9.0,11.0,6.0,F Graham
23/01/2016,Preston,Brentford,1.0,3.0,A,3.0,2.0,4.0,2.0,5.0,3.0,17.0,12.0,15.0,8.0,D Webb
23/01/2016,QPR,Wolves,1.0,1.0,D,6.0,1.0,0.0,0.0,5.0,5.0,12.0,11.0,14.0,13.0,A Woolmer
23/01/2016,Reading,Sheffield Weds,1.0,1.0,D,7.0,6.0,0.0,2.0,2.0,2.0,8.0,13.0,16.0,9.0,S Martin
25/01/2016,Burnley,Derby,4.0,1.0,H,3.0,11.0,0.0,2.0,6.0,4.0,12.0,11.0,9.0,14.0,M Oliver
26/01/2016,Brentford,Leeds,1.0,1.0,D,4.0,4.0,1.0,4.0,4.0,3.0,10.0,4.0,9.0,10.0,I Williamson
26/01/2016,Nott'm Forest,QPR,0.0,0.0,D,6.0,7.0,1.0,2.0,5.0,4.0,11.0,13.0,14.0,17.0,P Tierney
30/01/2016,Bristol City,Birmingham,0.0,0.0,D,3.0,0.0,3.0,1.0,5.0,2.0,16.0,8.0,15.0,9.0,R Lewis
30/01/2016,Huddersfield,Cardiff,2.0,3.0,A,4.0,2.0,2.0,3.0,4.0,4.0,10.0,16.0,12.0,7.0,D Webb
30/01/2016,Rotherham,Charlton,1.0,4.0,A,4.0,3.0,1.0,3.0,4.0,6.0,9.0,10.0,20.0,9.0,K Stroud
02/02/2016,Derby,Preston,0.0,0.0,D,10.0,2.0,1.0,2.0,0.0,4.0,6.0,8.0,16.0,11.0,O Langford
02/02/2016,Ipswich,Reading,2.0,1.0,H,12.0,2.0,1.0,2.0,5.0,3.0,10.0,11.0,18.0,12.0,T Robinson
02/02/2016,Sheffield Weds,Burnley,1.0,1.0,D,3.0,2.0,1.0,2.0,5.0,5.0,12.0,10.0,14.0,11.0,A Woolmer
02/02/2016,Wolves,Bolton,2.0,2.0,D,4.0,5.0,0.0,0.0,3.0,5.0,10.0,10.0,6.0,13.0,F Graham
05/02/2016,Brighton,Brentford,3.0,0.0,H,3.0,6.0,1.0,1.0,4.0,1.0,15.0,9.0,12.0,8.0,K Stroud
06/02/2016,Birmingham,Sheffield Weds,1.0,2.0,A,6.0,8.0,2.0,3.0,4.0,5.0,8.0,11.0,12.0,16.0,J Adcock
06/02/2016,Bolton,Rotherham,2.0,1.0,H,7.0,6.0,0.0,2.0,4.0,4.0,7.0,8.0,13.0,13.0,S Atwell
06/02/2016,Burnley,Hull,1.0,0.0,H,8.0,6.0,1.0,1.0,4.0,3.0,6.0,11.0,14.0,11.0,G Scott
06/02/2016,Cardiff,Milton Keynes Dons,0.0,0.0,D,10.0,5.0,0.0,0.0,5.0,2.0,14.0,7.0,15.0,10.0,K Johnson
06/02/2016,Charlton,Bristol City,0.0,1.0,A,4.0,5.0,3.0,3.0,3.0,6.0,14.0,16.0,9.0,12.0,M Jones
06/02/2016,Fulham,Derby,1.0,1.0,D,5.0,5.0,2.0,1.0,3.0,3.0,12.0,6.0,14.0,16.0,D Deadman
06/02/2016,Leeds,Nott'm Forest,0.0,1.0,A,5.0,1.0,1.0,0.0,4.0,7.0,8.0,7.0,12.0,16.0,S Duncan
06/02/2016,Middlesbrough,Blackburn,1.0,1.0,D,6.0,6.0,2.0,5.0,2.0,2.0,12.0,7.0,13.0,15.0,D Whitestone
06/02/2016,Preston,Huddersfield,2.0,1.0,H,2.0,5.0,0.0,2.0,4.0,7.0,12.0,10.0,10.0,20.0,D Drysdale
06/02/2016,QPR,Ipswich,1.0,0.0,H,5.0,6.0,2.0,1.0,8.0,7.0,10.0,10.0,18.0,13.0,C Breakspear
06/02/2016,Reading,Wolves,0.0,0.0,D,8.0,7.0,1.0,2.0,2.0,2.0,10.0,12.0,19.0,9.0,T Harrington
09/02/2016,Milton Keynes Dons,Middlesbrough,1.0,1.0,D,4.0,10.0,1.0,1.0,3.0,4.0,8.0,16.0,6.0,12.0,A Davies
13/02/2016,Blackburn,Hull,0.0,2.0,A,7.0,2.0,0.0,0.0,5.0,4.0,9.0,11.0,15.0,14.0,O Langford
13/02/2016,Brighton,Bolton,3.0,2.0,H,5.0,2.0,2.0,1.0,7.0,3.0,8.0,10.0,15.0,8.0,R Lewis
13/02/2016,Bristol City,Ipswich,2.0,1.0,H,13.0,6.0,1.0,1.0,4.0,3.0,8.0,7.0,16.0,14.0,T Harrington
13/02/2016,Charlton,Cardiff,0.0,0.0,D,4.0,8.0,2.0,0.0,3.0,3.0,17.0,10.0,14.0,18.0,I Williamson
13/02/2016,Derby,Milton Keynes Dons,0.0,1.0,A,7.0,4.0,2.0,2.0,4.0,1.0,16.0,14.0,13.0,8.0,G Eltringham
13/02/2016,Nott'm Forest,Huddersfield,0.0,2.0,A,5.0,3.0,2.0,2.0,4.0,7.0,13.0,12.0,11.0,18.0,D Deadman
13/02/2016,QPR,Fulham,1.0,3.0,A,11.0,5.0,2.0,2.0,6.0,9.0,9.0,8.0,11.0,16.0,T Robinson
13/02/2016,Reading,Burnley,0.0,0.0,D,4.0,4.0,2.0,1.0,3.0,4.0,10.0,15.0,14.0,17.0,J Adcock
13/02/2016,Rotherham,Birmingham,0.0,0.0,D,7.0,2.0,0.0,2.0,2.0,3.0,13.0,5.0,10.0,10.0,R Clark
13/02/2016,Sheffield Weds,Brentford,4.0,0.0,H,5.0,1.0,0.0,0.0,8.0,5.0,13.0,6.0,15.0,7.0,S Duncan
13/02/2016,Wolves,Preston,1.0,2.0,A,3.0,3.0,0.0,1.0,2.0,3.0,12.0,12.0,11.0,8.0,K Johnson
15/02/2016,Leeds,Middlesbrough,0.0,0.0,D,10.0,3.0,2.0,1.0,2.0,5.0,13.0,12.0,16.0,11.0,C Pawson
16/02/2016,Blackburn,Fulham,3.0,0.0,H,4.0,5.0,1.0,3.0,7.0,3.0,8.0,14.0,16.0,9.0,P Gibbs
16/02/2016,Hull,Brighton,0.0,0.0,D,4.0,2.0,1.0,0.0,3.0,1.0,9.0,9.0,12.0,5.0,A Madley
20/02/2016,Bolton,QPR,1.0,1.0,D,2.0,4.0,0.0,2.0,2.0,4.0,7.0,13.0,9.0,10.0,J Simpson
20/02/2016,Brentford,Derby,1.0,3.0,A,7.0,3.0,1.0,0.0,4.0,8.0,9.0,9.0,12.0,11.0,D Drysdale
20/02/2016,Burnley,Rotherham,2.0,0.0,H,6.0,1.0,2.0,2.0,5.0,1.0,10.0,10.0,17.0,7.0,T Robinson
20/02/2016,Cardiff,Brighton,4.0,1.0,H,3.0,6.0,1.0,1.0,6.0,2.0,6.0,12.0,12.0,8.0,D Bond
20/02/2016,Fulham,Charlton,3.0,0.0,H,9.0,6.0,3.0,1.0,5.0,5.0,9.0,15.0,17.0,19.0,K Friend
20/02/2016,Huddersfield,Wolves,1.0,0.0,H,4.0,6.0,2.0,2.0,1.0,1.0,13.0,16.0,14.0,9.0,K Wright
20/02/2016,Milton Keynes Dons,Bristol City,0.0,2.0,A,2.0,3.0,3.0,2.0,0.0,3.0,15.0,20.0,3.0,11.0,K Hill
20/02/2016,Preston,Sheffield Weds,1.0,0.0,H,7.0,5.0,3.0,2.0,4.0,0.0,10.0,12.0,13.0,8.0,K Stroud
23/02/2016,Birmingham,Bolton,1.0,0.0,H,6.0,3.0,2.0,2.0,5.0,1.0,18.0,17.0,13.0,3.0,S Duncan
23/02/2016,Brentford,Wolves,3.0,0.0,H,10.0,4.0,1.0,1.0,8.0,5.0,7.0,11.0,20.0,8.0,C Breakspear
23/02/2016,Bristol City,Brighton,0.0,4.0,A,9.0,3.0,0.0,1.0,4.0,3.0,9.0,16.0,17.0,11.0,D Coote
23/02/2016,Burnley,Nott'm Forest,1.0,0.0,H,6.0,6.0,0.0,1.0,4.0,1.0,10.0,11.0,14.0,8.0,A Madley
23/02/2016,Ipswich,Hull,0.0,1.0,A,4.0,4.0,1.0,0.0,0.0,4.0,10.0,8.0,10.0,14.0,B Malone
23/02/2016,Leeds,Fulham,1.0,1.0,D,5.0,6.0,2.0,1.0,3.0,6.0,8.0,15.0,12.0,9.0,K Wright
23/02/2016,Middlesbrough,Cardiff,3.0,1.0,H,4.0,5.0,0.0,0.0,9.0,5.0,7.0,12.0,15.0,15.0,T Kettle
23/02/2016,Milton Keynes Dons,Huddersfield,1.0,1.0,D,3.0,4.0,1.0,2.0,5.0,2.0,15.0,21.0,11.0,11.0,M Bull
23/02/2016,Preston,Charlton,2.0,1.0,H,2.0,3.0,2.0,1.0,4.0,4.0,9.0,15.0,12.0,9.0,J Adcock
23/02/2016,Reading,Rotherham,1.0,0.0,H,4.0,3.0,1.0,5.0,5.0,1.0,8.0,17.0,14.0,7.0,K Johnson
23/02/2016,Sheffield Weds,QPR,1.0,1.0,D,9.0,4.0,1.0,1.0,7.0,2.0,15.0,9.0,17.0,9.0,A Davies
24/02/2016,Derby,Blackburn,1.0,0.0,H,1.0,2.0,0.0,0.0,3.0,3.0,8.0,12.0,10.0,16.0,N Miller
26/02/2016,Hull,Sheffield Weds,0.0,0.0,D,5.0,2.0,0.0,1.0,7.0,2.0,8.0,13.0,16.0,6.0,T Robinson
27/02/2016,Blackburn,Milton Keynes Dons,3.0,2.0,H,6.0,2.0,3.0,1.0,7.0,4.0,18.0,8.0,18.0,11.0,S Hooper
27/02/2016,Bolton,Burnley,1.0,2.0,A,10.0,3.0,0.0,1.0,2.0,4.0,9.0,12.0,13.0,13.0,S Martin
27/02/2016,Cardiff,Preston,2.0,1.0,H,2.0,2.0,2.0,2.0,7.0,2.0,12.0,9.0,16.0,7.0,B Malone
27/02/2016,Charlton,Reading,3.0,4.0,A,2.0,7.0,1.0,1.0,11.0,8.0,12.0,6.0,15.0,16.0,N Miller
27/02/2016,Fulham,Middlesbrough,0.0,2.0,A,3.0,11.0,2.0,0.0,2.0,3.0,11.0,11.0,12.0,13.0,C Breakspear
27/02/2016,Huddersfield,Ipswich,0.0,1.0,A,4.0,1.0,1.0,3.0,5.0,1.0,13.0,11.0,22.0,6.0,D Bond
27/02/2016,Nott'm Forest,Bristol City,1.0,2.0,A,1.0,6.0,1.0,0.0,3.0,5.0,7.0,9.0,10.0,21.0,D Webb
27/02/2016,QPR,Birmingham,2.0,0.0,H,6.0,6.0,0.0,4.0,8.0,4.0,17.0,11.0,16.0,13.0,R East
27/02/2016,Rotherham,Brentford,2.0,1.0,H,6.0,2.0,1.0,2.0,8.0,4.0,12.0,20.0,16.0,10.0,M Brown
27/02/2016,Wolves,Derby,2.0,1.0,H,3.0,3.0,4.0,1.0,2.0,4.0,17.0,12.0,7.0,9.0,G Scott
29/02/2016,Brighton,Leeds,4.0,0.0,H,5.0,8.0,3.0,4.0,6.0,1.0,9.0,14.0,11.0,17.0,P Bankes
01/03/2016,Blackburn,Middlesbrough,2.0,1.0,H,3.0,4.0,3.0,1.0,3.0,4.0,14.0,7.0,9.0,18.0,A Madley
03/03/2016,Birmingham,Hull,1.0,0.0,H,4.0,4.0,0.0,0.0,3.0,6.0,7.0,11.0,11.0,24.0,S Martin
04/03/2016,Middlesbrough,Wolves,2.0,1.0,H,6.0,5.0,1.0,2.0,7.0,1.0,8.0,9.0,19.0,13.0,S Atwell
05/03/2016,Brentford,Charlton,1.0,2.0,A,11.0,7.0,3.0,4.0,5.0,3.0,9.0,10.0,16.0,6.0,B Malone
05/03/2016,Bristol City,Cardiff,0.0,2.0,A,7.0,2.0,2.0,1.0,3.0,5.0,8.0,13.0,11.0,9.0,G Scott
05/03/2016,Burnley,Blackburn,1.0,0.0,H,4.0,8.0,2.0,4.0,4.0,3.0,17.0,14.0,8.0,15.0,M Jones
05/03/2016,Derby,Huddersfield,2.0,0.0,H,5.0,5.0,1.0,2.0,4.0,4.0,6.0,13.0,17.0,5.0,E Ilderton
05/03/2016,Ipswich,Nott'm Forest,1.0,0.0,H,4.0,7.0,1.0,4.0,6.0,3.0,9.0,7.0,16.0,16.0,A Woolmer
05/03/2016,Leeds,Bolton,2.0,1.0,H,12.0,9.0,1.0,0.0,4.0,3.0,16.0,14.0,13.0,15.0,T Harrington
05/03/2016,Milton Keynes Dons,QPR,2.0,0.0,H,6.0,4.0,3.0,1.0,5.0,1.0,7.0,21.0,12.0,12.0,K Stroud
05/03/2016,Preston,Brighton,0.0,0.0,D,7.0,5.0,1.0,1.0,2.0,2.0,7.0,11.0,14.0,11.0,M Heywood
05/03/2016,Reading,Fulham,2.0,2.0,D,7.0,5.0,0.0,4.0,6.0,4.0,9.0,12.0,18.0,8.0,S Hooper
05/03/2016,Sheffield Weds,Rotherham,0.0,1.0,A,6.0,2.0,0.0,0.0,4.0,2.0,7.0,13.0,13.0,9.0,C Kavanagh
08/03/2016,Blackburn,Birmingham,2.0,0.0,H,5.0,5.0,4.0,1.0,5.0,3.0,12.0,5.0,14.0,10.0,S Atwell
08/03/2016,Bolton,Ipswich,2.0,2.0,D,9.0,2.0,2.0,0.0,8.0,3.0,8.0,10.0,23.0,6.0,M Haywood
08/03/2016,Brighton,Sheffield Weds,0.0,0.0,D,5.0,8.0,1.0,2.0,0.0,2.0,11.0,7.0,4.0,7.0,D Drysdale
08/03/2016,Cardiff,Leeds,0.0,2.0,A,13.0,3.0,1.0,4.0,10.0,5.0,9.0,9.0,25.0,10.0,D Deadman
08/03/2016,Charlton,Milton Keynes Dons,0.0,0.0,D,8.0,7.0,0.0,3.0,1.0,3.0,13.0,15.0,7.0,14.0,C Breakspear
08/03/2016,Fulham,Burnley,2.0,3.0,A,5.0,6.0,1.0,2.0,6.0,3.0,9.0,12.0,18.0,10.0,D Whitestone
08/03/2016,Huddersfield,Reading,3.0,1.0,H,5.0,3.0,1.0,2.0,7.0,2.0,12.0,11.0,15.0,11.0,P Tierney
08/03/2016,Nott'm Forest,Preston,1.0,0.0,H,3.0,8.0,3.0,3.0,3.0,6.0,14.0,11.0,15.0,14.0,M Brown
08/03/2016,QPR,Derby,2.0,0.0,H,2.0,11.0,2.0,0.0,4.0,3.0,14.0,8.0,9.0,12.0,N Swarbrick
08/03/2016,Rotherham,Middlesbrough,1.0,0.0,H,8.0,2.0,2.0,1.0,1.0,2.0,13.0,11.0,7.0,13.0,P Bankes
08/03/2016,Wolves,Bristol City,2.0,1.0,H,4.0,8.0,0.0,0.0,5.0,2.0,15.0,14.0,9.0,12.0,S Duncan
12/03/2016,Blackburn,Leeds,1.0,2.0,A,8.0,4.0,1.0,4.0,5.0,5.0,16.0,12.0,9.0,13.0,K Stroud
12/03/2016,Bolton,Preston,1.0,2.0,A,7.0,2.0,1.0,2.0,5.0,3.0,14.0,20.0,11.0,9.0,P Tierney
12/03/2016,Cardiff,Ipswich,1.0,0.0,H,6.0,9.0,0.0,0.0,3.0,2.0,10.0,13.0,8.0,11.0,A Madley
12/03/2016,Fulham,Bristol City,1.0,2.0,A,3.0,5.0,2.0,1.0,6.0,5.0,12.0,12.0,16.0,10.0,P Gibbs
12/03/2016,Huddersfield,Burnley,1.0,3.0,A,4.0,3.0,0.0,0.0,1.0,4.0,12.0,7.0,16.0,10.0,S Duncan
12/03/2016,Hull,Milton Keynes Dons,1.0,1.0,D,8.0,2.0,2.0,3.0,4.0,4.0,13.0,8.0,23.0,6.0,J Simpson
12/03/2016,Nott'm Forest,Sheffield Weds,0.0,3.0,A,8.0,5.0,0.0,0.0,5.0,8.0,7.0,10.0,14.0,15.0,G Scott
12/03/2016,QPR,Brentford,3.0,0.0,H,3.0,5.0,4.0,2.0,9.0,3.0,16.0,9.0,12.0,11.0,F Graham
12/03/2016,Rotherham,Derby,3.0,3.0,D,6.0,5.0,1.0,0.0,5.0,8.0,7.0,4.0,14.0,22.0,D Webb
13/03/2016,Charlton,Middlesbrough,2.0,0.0,H,2.0,12.0,4.0,2.0,4.0,5.0,8.0,6.0,10.0,11.0,D Deadman
13/03/2016,Wolves,Birmingham,0.0,0.0,D,2.0,10.0,1.0,2.0,3.0,1.0,11.0,13.0,12.0,8.0,D Drysdale
15/03/2016,Brighton,Reading,1.0,0.0,H,4.0,1.0,1.0,1.0,3.0,2.0,16.0,15.0,10.0,12.0,S Martin
15/03/2016,Hull,Nott'm Forest,1.0,1.0,D,8.0,4.0,2.0,2.0,4.0,3.0,7.0,11.0,19.0,9.0,A Davies
15/03/2016,Ipswich,Blackburn,2.0,0.0,H,3.0,5.0,2.0,1.0,5.0,2.0,9.0,14.0,15.0,8.0,I Williamson
18/03/2016,Middlesbrough,Hull,1.0,0.0,H,4.0,5.0,2.0,1.0,2.0,5.0,8.0,8.0,15.0,13.0,A Marriner
19/03/2016,Birmingham,Fulham,1.0,1.0,D,6.0,3.0,0.0,5.0,3.0,3.0,9.0,12.0,13.0,10.0,D Handley
19/03/2016,Brentford,Blackburn,0.0,1.0,A,6.0,4.0,1.0,5.0,3.0,4.0,19.0,17.0,16.0,7.0,M Bull
19/03/2016,Bristol City,Bolton,6.0,0.0,H,2.0,3.0,0.0,2.0,8.0,2.0,5.0,9.0,15.0,6.0,J Adcock
19/03/2016,Burnley,Wolves,1.0,1.0,D,3.0,7.0,2.0,1.0,1.0,3.0,6.0,11.0,8.0,15.0,F Graham
19/03/2016,Derby,Nott'm Forest,1.0,0.0,H,2.0,7.0,2.0,1.0,2.0,1.0,11.0,17.0,10.0,8.0,K Stroud
19/03/2016,Ipswich,Rotherham,0.0,1.0,A,10.0,1.0,1.0,1.0,3.0,3.0,11.0,18.0,11.0,9.0,S Martin
19/03/2016,Leeds,Huddersfield,1.0,4.0,A,0.0,6.0,6.0,2.0,1.0,9.0,11.0,18.0,7.0,13.0,G Scott
19/03/2016,Milton Keynes Dons,Brighton,1.0,2.0,A,7.0,4.0,0.0,6.0,4.0,6.0,9.0,17.0,14.0,12.0,C Kavanagh
19/03/2016,Preston,QPR,1.0,1.0,D,10.0,3.0,2.0,4.0,2.0,5.0,8.0,10.0,12.0,14.0,A Woolmer
19/03/2016,Reading,Cardiff,1.0,1.0,D,3.0,1.0,1.0,2.0,5.0,2.0,9.0,10.0,11.0,12.0,D Drysdale
19/03/2016,Sheffield Weds,Charlton,3.0,0.0,H,7.0,1.0,2.0,3.0,8.0,0.0,8.0,14.0,21.0,5.0,S Atwell
01/04/2016,QPR,Middlesbrough,2.0,3.0,A,3.0,6.0,1.0,0.0,4.0,6.0,13.0,8.0,11.0,12.0,S Hooper
02/04/2016,Blackburn,Preston,1.0,2.0,A,4.0,4.0,3.0,2.0,3.0,7.0,8.0,11.0,6.0,16.0,E Ilderton
02/04/2016,Bolton,Reading,0.0,1.0,A,3.0,7.0,1.0,4.0,1.0,6.0,8.0,5.0,4.0,22.0,G Eltringham
02/04/2016,Brighton,Burnley,2.0,2.0,D,4.0,9.0,1.0,0.0,6.0,5.0,8.0,8.0,22.0,18.0,C Pawson
02/04/2016,Cardiff,Derby,2.0,1.0,H,6.0,2.0,2.0,1.0,4.0,1.0,9.0,5.0,12.0,4.0,C Kavanagh
02/04/2016,Charlton,Birmingham,2.0,1.0,H,8.0,3.0,2.0,1.0,5.0,3.0,12.0,12.0,16.0,11.0,P Tierney
02/04/2016,Fulham,Milton Keynes Dons,2.0,1.0,H,5.0,6.0,4.0,1.0,9.0,3.0,18.0,10.0,22.0,12.0,T Robinson
02/04/2016,Huddersfield,Sheffield Weds,0.0,1.0,A,6.0,2.0,1.0,1.0,3.0,3.0,14.0,16.0,10.0,7.0,I Williamson
02/04/2016,Hull,Bristol City,4.0,0.0,H,10.0,1.0,0.0,1.0,6.0,4.0,5.0,6.0,22.0,13.0,S Atwell
02/04/2016,Nott'm Forest,Brentford,0.0,3.0,A,2.0,2.0,2.0,4.0,5.0,6.0,12.0,12.0,12.0,11.0,P Bankes
02/04/2016,Rotherham,Leeds,2.0,1.0,H,3.0,6.0,1.0,2.0,3.0,8.0,10.0,5.0,11.0,26.0,K Friend
02/04/2016,Wolves,Ipswich,0.0,0.0,D,4.0,6.0,0.0,0.0,2.0,4.0,9.0,9.0,9.0,14.0,R Lewis
05/04/2016,Birmingham,Brighton,1.0,2.0,A,1.0,6.0,2.0,0.0,2.0,5.0,12.0,9.0,9.0,15.0,A Madley
05/04/2016,Brentford,Bolton,3.0,1.0,H,6.0,5.0,0.0,4.0,7.0,2.0,9.0,20.0,17.0,7.0,A Davies
05/04/2016,Bristol City,Rotherham,1.0,1.0,D,7.0,1.0,1.0,0.0,6.0,5.0,11.0,13.0,13.0,12.0,G Ward
05/04/2016,Burnley,Cardiff,0.0,0.0,D,6.0,2.0,0.0,0.0,4.0,5.0,4.0,8.0,13.0,14.0,G Eltringham
05/04/2016,Derby,Hull,4.0,0.0,H,3.0,6.0,0.0,1.0,7.0,2.0,14.0,13.0,17.0,15.0,T Harrington
05/04/2016,Ipswich,Charlton,0.0,0.0,D,3.0,8.0,1.0,2.0,3.0,6.0,8.0,10.0,13.0,16.0,O Langford
05/04/2016,Leeds,QPR,1.0,1.0,D,7.0,3.0,0.0,0.0,5.0,3.0,9.0,12.0,9.0,12.0,J Adcock
05/04/2016,Middlesbrough,Huddersfield,3.0,0.0,H,5.0,1.0,0.0,1.0,7.0,3.0,10.0,10.0,15.0,11.0,S Martin
05/04/2016,Milton Keynes Dons,Wolves,1.0,2.0,A,8.0,5.0,4.0,1.0,3.0,4.0,9.0,15.0,14.0,10.0,M Heywood
05/04/2016,Preston,Fulham,1.0,2.0,A,10.0,1.0,3.0,3.0,6.0,4.0,10.0,14.0,20.0,7.0,S Duncan
05/04/2016,Reading,Nott'm Forest,2.0,1.0,H,6.0,2.0,0.0,1.0,6.0,4.0,6.0,15.0,26.0,6.0,D Whitestone
05/04/2016,Sheffield Weds,Blackburn,2.0,1.0,H,7.0,3.0,1.0,0.0,6.0,1.0,6.0,8.0,17.0,10.0,D Webb
09/04/2016,Bristol City,Sheffield Weds,4.0,1.0,H,2.0,4.0,1.0,1.0,7.0,2.0,11.0,17.0,13.0,12.0,C Breakspear
09/04/2016,Burnley,Leeds,1.0,0.0,H,2.0,11.0,1.0,1.0,2.0,3.0,12.0,8.0,9.0,20.0,L Mason
09/04/2016,Derby,Bolton,4.0,1.0,H,7.0,6.0,1.0,2.0,8.0,3.0,15.0,13.0,25.0,8.0,A Woolmer
09/04/2016,Fulham,Cardiff,2.0,1.0,H,7.0,6.0,1.0,0.0,5.0,3.0,4.0,5.0,12.0,20.0,J Simpson
09/04/2016,Huddersfield,Hull,2.0,2.0,D,5.0,1.0,2.0,2.0,5.0,3.0,14.0,9.0,12.0,15.0,D Deadman
09/04/2016,Ipswich,Brentford,1.0,3.0,A,8.0,2.0,1.0,1.0,3.0,6.0,10.0,10.0,13.0,15.0,P Gibbs
09/04/2016,Middlesbrough,Preston,1.0,0.0,H,4.0,4.0,0.0,2.0,5.0,2.0,9.0,14.0,14.0,12.0,O Langford
09/04/2016,Milton Keynes Dons,Rotherham,0.0,4.0,A,9.0,1.0,1.0,3.0,3.0,8.0,11.0,17.0,13.0,14.0,I Williamson
09/04/2016,QPR,Charlton,2.0,1.0,H,6.0,4.0,3.0,0.0,6.0,5.0,15.0,7.0,15.0,14.0,A Madley
09/04/2016,Reading,Birmingham,0.0,2.0,A,7.0,0.0,3.0,2.0,2.0,3.0,13.0,8.0,14.0,7.0,N Miller
09/04/2016,Wolves,Blackburn,0.0,0.0,D,5.0,4.0,1.0,3.0,1.0,3.0,11.0,12.0,7.0,5.0,M Brown
11/04/2016,Nott'm Forest,Brighton,1.0,2.0,A,3.0,6.0,3.0,1.0,4.0,4.0,13.0,10.0,13.0,13.0,A Davies
12/04/2016,Birmingham,Leeds,1.0,2.0,A,9.0,5.0,1.0,2.0,8.0,3.0,11.0,9.0,12.0,11.0,C Kavanagh
12/04/2016,Middlesbrough,Reading,2.0,1.0,H,13.0,4.0,0.0,2.0,11.0,3.0,7.0,6.0,23.0,13.0,S Duncan
15/04/2016,Brighton,Fulham,5.0,0.0,H,8.0,3.0,1.0,3.0,11.0,3.0,10.0,9.0,19.0,8.0,A Woolmer
15/04/2016,Hull,Wolves,2.0,1.0,H,7.0,7.0,0.0,0.0,3.0,4.0,4.0,16.0,16.0,9.0,J Adcock
16/04/2016,Birmingham,Burnley,1.0,2.0,A,6.0,3.0,0.0,3.0,5.0,3.0,13.0,17.0,21.0,11.0,M Heywood
16/04/2016,Blackburn,Huddersfield,0.0,2.0,A,3.0,4.0,3.0,0.0,4.0,3.0,8.0,11.0,15.0,8.0,C Boyeson
16/04/2016,Bolton,Middlesbrough,1.0,2.0,A,1.0,11.0,3.0,2.0,2.0,5.0,12.0,11.0,5.0,22.0,K Stroud
16/04/2016,Brentford,Bristol City,1.0,1.0,D,12.0,4.0,1.0,3.0,5.0,2.0,12.0,12.0,18.0,5.0,D Handley
16/04/2016,Cardiff,QPR,0.0,0.0,D,6.0,4.0,2.0,1.0,2.0,2.0,10.0,15.0,12.0,7.0,S Martin
16/04/2016,Charlton,Derby,0.0,1.0,A,6.0,11.0,1.0,3.0,4.0,6.0,10.0,11.0,15.0,22.0,D Bond
16/04/2016,Leeds,Reading,3.0,2.0,H,6.0,6.0,2.0,3.0,4.0,4.0,11.0,12.0,13.0,18.0,J Simpson
16/04/2016,Preston,Milton Keynes Dons,1.0,1.0,D,5.0,9.0,1.0,1.0,8.0,3.0,12.0,9.0,21.0,10.0,S Atwell
16/04/2016,Rotherham,Nott'm Forest,0.0,0.0,D,5.0,4.0,1.0,1.0,1.0,3.0,11.0,13.0,14.0,8.0,S Hooper
16/04/2016,Sheffield Weds,Ipswich,1.0,1.0,D,7.0,4.0,1.0,3.0,6.0,4.0,4.0,15.0,18.0,9.0,R Madley
19/04/2016,Birmingham,Preston,2.0,2.0,D,4.0,4.0,2.0,5.0,4.0,6.0,13.0,19.0,9.0,17.0,K Stroud
19/04/2016,Bolton,Charlton,0.0,0.0,D,7.0,4.0,0.0,0.0,3.0,2.0,9.0,14.0,16.0,7.0,E Ilderton
19/04/2016,Brentford,Cardiff,2.0,1.0,H,2.0,5.0,2.0,2.0,4.0,6.0,10.0,9.0,16.0,16.0,S Atwell
19/04/2016,Brighton,QPR,4.0,0.0,H,4.0,3.0,1.0,2.0,6.0,2.0,11.0,13.0,13.0,13.0,M Heywood
19/04/2016,Bristol City,Derby,2.0,3.0,A,4.0,6.0,0.0,1.0,2.0,7.0,10.0,5.0,7.0,15.0,A Davies
19/04/2016,Burnley,Middlesbrough,1.0,1.0,D,7.0,3.0,1.0,2.0,1.0,1.0,14.0,9.0,19.0,10.0,M Jones
19/04/2016,Ipswich,Fulham,1.0,1.0,D,4.0,7.0,1.0,1.0,3.0,3.0,7.0,11.0,7.0,12.0,P Tierney
19/04/2016,Leeds,Wolves,2.0,1.0,H,5.0,2.0,0.0,1.0,5.0,2.0,6.0,10.0,19.0,9.0,D Coote
19/04/2016,Nott'm Forest,Blackburn,1.0,1.0,D,5.0,2.0,2.0,3.0,5.0,2.0,7.0,9.0,15.0,10.0,C Kavanagh
19/04/2016,Reading,Hull,1.0,2.0,A,7.0,7.0,0.0,0.0,5.0,5.0,9.0,10.0,13.0,13.0,D Drysdale
19/04/2016,Rotherham,Huddersfield,1.0,1.0,D,7.0,2.0,0.0,1.0,3.0,6.0,10.0,10.0,13.0,20.0,F Graham
19/04/2016,Sheffield Weds,Milton Keynes Dons,0.0,0.0,D,10.0,2.0,4.0,1.0,4.0,3.0,17.0,9.0,20.0,6.0,P Bankes
22/04/2016,Preston,Burnley,0.0,1.0,A,3.0,1.0,3.0,5.0,1.0,2.0,19.0,14.0,15.0,16.0,K Friend
23/04/2016,Blackburn,Bristol City,2.0,2.0,D,4.0,8.0,0.0,0.0,4.0,5.0,9.0,6.0,10.0,9.0,T Robinson
23/04/2016,Cardiff,Bolton,2.0,1.0,H,7.0,5.0,1.0,0.0,8.0,5.0,11.0,8.0,26.0,6.0,L Collins
23/04/2016,Charlton,Brighton,1.0,3.0,A,6.0,6.0,0.0,0.0,3.0,7.0,16.0,9.0,12.0,12.0,S Hooper
23/04/2016,Derby,Sheffield Weds,1.0,1.0,D,9.0,7.0,5.0,4.0,7.0,3.0,11.0,13.0,12.0,8.0,L Mason
23/04/2016,Fulham,Nott'm Forest,1.0,3.0,A,5.0,2.0,2.0,1.0,6.0,5.0,16.0,13.0,22.0,13.0,R Lewis
23/04/2016,Huddersfield,Birmingham,1.0,1.0,D,15.0,2.0,2.0,3.0,3.0,2.0,13.0,6.0,18.0,5.0,D Webb
23/04/2016,Hull,Leeds,2.0,2.0,D,10.0,3.0,3.0,2.0,6.0,4.0,10.0,9.0,21.0,5.0,I Williamson
23/04/2016,Middlesbrough,Ipswich,0.0,0.0,D,8.0,0.0,1.0,1.0,5.0,1.0,7.0,9.0,16.0,4.0,D Bond
23/04/2016,Milton Keynes Dons,Brentford,1.0,4.0,A,7.0,7.0,0.0,0.0,4.0,6.0,12.0,11.0,9.0,18.0,A Woolmer
23/04/2016,QPR,Reading,1.0,1.0,D,7.0,7.0,0.0,1.0,7.0,4.0,6.0,3.0,18.0,20.0,K Hill
23/04/2016,Wolves,Rotherham,0.0,0.0,D,6.0,4.0,0.0,2.0,6.0,4.0,8.0,11.0,15.0,7.0,J Simpson
26/04/2016,Hull,Brentford,2.0,0.0,H,10.0,3.0,0.0,3.0,7.0,2.0,11.0,7.0,16.0,7.0,D Bond
29/04/2016,Birmingham,Middlesbrough,2.0,2.0,D,4.0,2.0,0.0,0.0,7.0,7.0,13.0,14.0,16.0,16.0,S Hooper
30/04/2016,Bolton,Hull,1.0,0.0,H,3.0,11.0,2.0,2.0,4.0,3.0,6.0,12.0,10.0,12.0,G Scott
30/04/2016,Brentford,Fulham,3.0,0.0,H,6.0,3.0,1.0,0.0,11.0,2.0,10.0,7.0,20.0,12.0,M Haywood
30/04/2016,Bristol City,Huddersfield,4.0,0.0,H,1.0,6.0,0.0,3.0,5.0,2.0,5.0,12.0,19.0,14.0,F Graham
30/04/2016,Ipswich,Milton Keynes Dons,3.0,2.0,H,6.0,2.0,1.0,1.0,5.0,3.0,16.0,10.0,17.0,7.0,K Stroud
30/04/2016,Leeds,Charlton,1.0,2.0,A,9.0,4.0,0.0,2.0,5.0,2.0,9.0,15.0,25.0,8.0,K Hill
30/04/2016,Nott'm Forest,Wolves,1.0,1.0,D,6.0,7.0,3.0,0.0,2.0,2.0,12.0,8.0,15.0,11.0,I Williamson
30/04/2016,Reading,Preston,1.0,2.0,A,6.0,6.0,0.0,0.0,4.0,8.0,6.0,9.0,16.0,20.0,D Deadman
30/04/2016,Rotherham,Blackburn,0.0,1.0,A,3.0,5.0,0.0,0.0,5.0,6.0,11.0,11.0,16.0,12.0,S Martin
30/04/2016,Sheffield Weds,Cardiff,3.0,0.0,H,6.0,3.0,1.0,3.0,5.0,2.0,6.0,11.0,17.0,9.0,P Tierney
02/05/2016,Brighton,Derby,1.0,1.0,D,11.0,7.0,0.0,3.0,4.0,5.0,11.0,16.0,16.0,8.0,R Madley
02/05/2016,Burnley,QPR,1.0,0.0,H,3.0,5.0,0.0,2.0,2.0,6.0,13.0,15.0,7.0,11.0,J Moss
07/05/2016,Blackburn,Reading,3.0,1.0,H,8.0,1.0,0.0,0.0,5.0,2.0,8.0,12.0,16.0,5.0,A Madley
07/05/2016,Cardiff,Birmingham,1.0,1.0,D,5.0,5.0,4.0,2.0,6.0,6.0,16.0,7.0,14.0,14.0,P Bankes
07/05/2016,Charlton,Burnley,0.0,3.0,A,7.0,4.0,1.0,1.0,7.0,4.0,7.0,7.0,15.0,14.0,R East
07/05/2016,Derby,Ipswich,0.0,1.0,A,7.0,4.0,2.0,2.0,4.0,4.0,8.0,16.0,19.0,8.0,T Robinson
07/05/2016,Fulham,Bolton,1.0,0.0,H,12.0,4.0,0.0,0.0,8.0,0.0,8.0,5.0,26.0,7.0,O Langford
07/05/2016,Huddersfield,Brentford,1.0,5.0,A,2.0,2.0,1.0,3.0,2.0,8.0,15.0,11.0,8.0,12.0,D Whitestone
07/05/2016,Hull,Rotherham,5.0,1.0,H,11.0,3.0,0.0,1.0,12.0,4.0,10.0,11.0,26.0,11.0,S Duncan
07/05/2016,Middlesbrough,Brighton,1.0,1.0,D,4.0,4.0,0.0,3.0,5.0,1.0,13.0,16.0,13.0,7.0,M Dean
07/05/2016,Milton Keynes Dons,Nott'm Forest,1.0,2.0,A,7.0,5.0,0.0,1.0,4.0,5.0,10.0,12.0,20.0,10.0,S Martin
07/05/2016,Preston,Leeds,1.0,1.0,D,7.0,6.0,0.0,0.0,5.0,2.0,10.0,9.0,16.0,10.0,B Malone
07/05/2016,QPR,Bristol City,1.0,0.0,H,7.0,11.0,0.0,0.0,6.0,2.0,12.0,12.0,17.0,17.0,J Simpson
07/05/2016,Wolves,Sheffield Weds,2.0,1.0,H,4.0,8.0,0.0,0.0,1.0,3.0,13.0,7.0,7.0,15.0,D Bond
05/08/2016,Fulham,Newcastle,1.0,0.0,H,2.0,2.0,1.0,3.0,3.0,2.0,12.0,11.0,5.0,8.0,S Hooper
06/08/2016,Birmingham,Cardiff,0.0,0.0,D,5.0,5.0,1.0,0.0,3.0,5.0,12.0,16.0,14.0,13.0,T Robinson
06/08/2016,Blackburn,Norwich,1.0,4.0,A,7.0,3.0,1.0,2.0,2.0,7.0,9.0,16.0,5.0,12.0,T Harrington
06/08/2016,Bristol City,Wigan,2.0,1.0,H,10.0,2.0,1.0,4.0,6.0,3.0,7.0,13.0,24.0,11.0,J Adcock
06/08/2016,Derby,Brighton,0.0,0.0,D,1.0,7.0,2.0,2.0,4.0,5.0,13.0,17.0,12.0,16.0,J Simpson
06/08/2016,Huddersfield,Brentford,2.0,1.0,H,5.0,2.0,1.0,1.0,7.0,4.0,13.0,9.0,16.0,8.0,G Eltringham
06/08/2016,Ipswich,Barnsley,4.0,2.0,H,5.0,4.0,2.0,3.0,7.0,5.0,17.0,11.0,9.0,14.0,K Stroud
06/08/2016,Nott'm Forest,Burton,4.0,3.0,H,8.0,6.0,2.0,2.0,4.0,3.0,13.0,8.0,14.0,16.0,A Woolmer
06/08/2016,Reading,Preston,1.0,0.0,H,6.0,1.0,2.0,3.0,5.0,3.0,13.0,16.0,15.0,7.0,A Davies
06/08/2016,Rotherham,Wolves,2.0,2.0,D,3.0,6.0,2.0,1.0,3.0,5.0,11.0,8.0,6.0,9.0,S Duncan
07/08/2016,QPR,Leeds,3.0,0.0,H,5.0,5.0,2.0,1.0,8.0,0.0,8.0,13.0,15.0,8.0,O Langford
07/08/2016,Sheffield Weds,Aston Villa,1.0,0.0,H,12.0,9.0,3.0,3.0,6.0,2.0,14.0,9.0,17.0,12.0,S Martin
12/08/2016,Brighton,Nott'm Forest,3.0,0.0,H,6.0,7.0,3.0,4.0,7.0,2.0,19.0,15.0,17.0,14.0,A Madley
13/08/2016,Aston Villa,Rotherham,3.0,0.0,H,4.0,6.0,4.0,2.0,7.0,1.0,17.0,13.0,16.0,9.0,K Stroud
13/08/2016,Barnsley,Derby,2.0,0.0,H,8.0,8.0,3.0,4.0,4.0,4.0,17.0,12.0,9.0,16.0,T Harrington
13/08/2016,Brentford,Ipswich,2.0,0.0,H,4.0,6.0,0.0,1.0,6.0,3.0,11.0,13.0,16.0,15.0,S Martin
13/08/2016,Burton,Bristol City,1.0,2.0,A,7.0,8.0,1.0,1.0,5.0,4.0,10.0,17.0,17.0,12.0,D Coote
13/08/2016,Leeds,Birmingham,1.0,2.0,A,7.0,4.0,1.0,5.0,3.0,3.0,15.0,14.0,11.0,11.0,P Tierney
13/08/2016,Newcastle,Huddersfield,1.0,2.0,A,4.0,1.0,1.0,2.0,4.0,3.0,6.0,10.0,13.0,8.0,O Langford
13/08/2016,Norwich,Sheffield Weds,0.0,0.0,D,10.0,4.0,1.0,1.0,2.0,5.0,11.0,11.0,6.0,7.0,A Woolmer
13/08/2016,Preston,Fulham,1.0,2.0,A,6.0,8.0,0.0,2.0,3.0,5.0,10.0,11.0,15.0,16.0,J Adcock
13/08/2016,Wigan,Blackburn,3.0,0.0,H,5.0,4.0,2.0,3.0,4.0,2.0,16.0,9.0,20.0,7.0,G Scott
13/08/2016,Wolves,Reading,2.0,0.0,H,5.0,5.0,2.0,2.0,7.0,1.0,7.0,10.0,14.0,9.0,D Bond
14/08/2016,Cardiff,QPR,0.0,2.0,A,3.0,1.0,1.0,4.0,1.0,2.0,11.0,14.0,9.0,9.0,J Linington
16/08/2016,Aston Villa,Huddersfield,1.0,1.0,D,4.0,6.0,3.0,1.0,5.0,3.0,10.0,13.0,18.0,11.0,S Duncan
16/08/2016,Brentford,Nott'm Forest,1.0,0.0,H,4.0,8.0,3.0,2.0,4.0,5.0,13.0,12.0,13.0,7.0,T Robinson
16/08/2016,Brighton,Rotherham,3.0,0.0,H,4.0,4.0,1.0,4.0,4.0,2.0,14.0,13.0,16.0,10.0,S Hooper
16/08/2016,Burton,Sheffield Weds,3.0,1.0,H,5.0,7.0,1.0,1.0,8.0,3.0,5.0,12.0,17.0,8.0,N Swarbrick
16/08/2016,Leeds,Fulham,1.0,1.0,D,9.0,4.0,1.0,1.0,4.0,3.0,9.0,4.0,15.0,21.0,C Kavanagh
16/08/2016,Norwich,Bristol City,1.0,0.0,H,9.0,6.0,2.0,0.0,5.0,2.0,13.0,9.0,15.0,6.0,S Attwell
16/08/2016,Preston,Derby,0.0,1.0,A,5.0,5.0,1.0,0.0,1.0,3.0,15.0,7.0,9.0,16.0,D Coote
16/08/2016,Wigan,Birmingham,1.0,1.0,D,10.0,2.0,3.0,3.0,6.0,3.0,15.0,10.0,20.0,6.0,J Simpson
16/08/2016,Wolves,Ipswich,0.0,0.0,D,2.0,5.0,2.0,5.0,2.0,2.0,10.0,14.0,6.0,10.0,P Bankes
17/08/2016,Barnsley,QPR,3.0,2.0,H,4.0,1.0,1.0,1.0,5.0,3.0,8.0,13.0,12.0,12.0,D Bond
17/08/2016,Cardiff,Blackburn,2.0,1.0,H,4.0,4.0,1.0,1.0,3.0,3.0,7.0,7.0,13.0,11.0,A Davies
17/08/2016,Newcastle,Reading,4.0,1.0,H,2.0,9.0,1.0,5.0,7.0,3.0,11.0,19.0,11.0,13.0,A Madley
20/08/2016,Birmingham,Wolves,1.0,3.0,A,10.0,12.0,1.0,1.0,7.0,7.0,7.0,15.0,14.0,19.0,K Stroud
20/08/2016,Blackburn,Burton,2.0,2.0,D,6.0,12.0,2.0,1.0,6.0,3.0,11.0,8.0,12.0,14.0,P Bankes
20/08/2016,Bristol City,Newcastle,0.0,1.0,A,6.0,3.0,3.0,0.0,2.0,1.0,13.0,19.0,17.0,8.0,T Harrington
20/08/2016,Derby,Aston Villa,0.0,0.0,D,5.0,7.0,3.0,3.0,2.0,4.0,12.0,17.0,11.0,9.0,P Tierney
20/08/2016,Fulham,Cardiff,2.0,2.0,D,4.0,4.0,1.0,2.0,4.0,3.0,5.0,10.0,17.0,9.0,J Simpson
20/08/2016,Huddersfield,Barnsley,2.0,1.0,H,7.0,4.0,4.0,2.0,6.0,3.0,13.0,10.0,15.0,9.0,C Kavanagh
20/08/2016,Nott'm Forest,Wigan,4.0,3.0,H,5.0,5.0,4.0,4.0,10.0,5.0,6.0,12.0,23.0,13.0,J Linington
20/08/2016,QPR,Preston,0.0,2.0,A,10.0,5.0,1.0,2.0,3.0,2.0,8.0,11.0,10.0,10.0,A Madley
20/08/2016,Reading,Brighton,2.0,2.0,D,9.0,5.0,2.0,2.0,4.0,2.0,13.0,16.0,16.0,7.0,M Jones
20/08/2016,Rotherham,Brentford,1.0,0.0,H,6.0,11.0,1.0,1.0,2.0,5.0,11.0,6.0,6.0,19.0,J Adcock
20/08/2016,Sheffield Weds,Leeds,0.0,2.0,A,6.0,4.0,1.0,2.0,4.0,2.0,7.0,13.0,15.0,14.0,S Hooper
21/08/2016,Ipswich,Norwich,1.0,1.0,D,7.0,3.0,0.0,1.0,2.0,3.0,9.0,12.0,13.0,8.0,D Coote
26/08/2016,Burton,Derby,1.0,0.0,H,2.0,3.0,1.0,1.0,4.0,3.0,14.0,9.0,7.0,10.0,A Davies
27/08/2016,Barnsley,Rotherham,4.0,0.0,H,6.0,5.0,1.0,1.0,9.0,2.0,14.0,15.0,18.0,11.0,G Scott
27/08/2016,Birmingham,Norwich,3.0,0.0,H,5.0,8.0,0.0,0.0,4.0,5.0,12.0,13.0,11.0,16.0,D Bond
27/08/2016,Blackburn,Fulham,0.0,1.0,A,4.0,3.0,1.0,1.0,3.0,4.0,13.0,9.0,8.0,10.0,S Duncan
27/08/2016,Brentford,Sheffield Weds,1.0,1.0,D,5.0,3.0,2.0,0.0,4.0,10.0,14.0,11.0,11.0,19.0,P Bankes
27/08/2016,Bristol City,Aston Villa,3.0,1.0,H,3.0,4.0,1.0,7.0,6.0,2.0,12.0,15.0,14.0,10.0,J Linington
27/08/2016,Cardiff,Reading,0.0,1.0,A,4.0,3.0,0.0,0.0,3.0,2.0,14.0,7.0,11.0,10.0,A Woolmer
27/08/2016,Huddersfield,Wolves,1.0,0.0,H,2.0,5.0,3.0,2.0,3.0,4.0,9.0,11.0,9.0,14.0,S Martin
27/08/2016,Ipswich,Preston,1.0,0.0,H,3.0,4.0,1.0,1.0,3.0,2.0,7.0,10.0,8.0,6.0,T Robinson
27/08/2016,Newcastle,Brighton,2.0,0.0,H,2.0,3.0,4.0,1.0,4.0,2.0,22.0,13.0,13.0,13.0,K Stroud
27/08/2016,Nott'm Forest,Leeds,3.0,1.0,H,4.0,6.0,0.0,2.0,6.0,3.0,6.0,16.0,10.0,13.0,G Eltringham
27/08/2016,Wigan,QPR,0.0,1.0,A,3.0,0.0,4.0,3.0,1.0,3.0,15.0,8.0,9.0,10.0,C Kavanagh
09/09/2016,Reading,Ipswich,2.0,1.0,H,5.0,5.0,5.0,4.0,5.0,5.0,8.0,17.0,11.0,10.0,J Simpson
10/09/2016,Brighton,Brentford,0.0,2.0,A,7.0,2.0,5.0,2.0,5.0,6.0,11.0,11.0,18.0,12.0,S Duncan
10/09/2016,Derby,Newcastle,0.0,2.0,A,2.0,5.0,0.0,3.0,2.0,3.0,8.0,13.0,10.0,11.0,J Linington
10/09/2016,Fulham,Birmingham,0.0,1.0,A,3.0,9.0,1.0,3.0,1.0,8.0,12.0,22.0,10.0,25.0,T Harrington
10/09/2016,Leeds,Huddersfield,0.0,1.0,A,4.0,4.0,1.0,5.0,2.0,2.0,12.0,12.0,4.0,6.0,R East
10/09/2016,Norwich,Cardiff,3.0,2.0,H,7.0,5.0,2.0,2.0,3.0,4.0,7.0,11.0,9.0,14.0,O Langford
10/09/2016,Preston,Barnsley,1.0,2.0,A,7.0,8.0,3.0,3.0,5.0,5.0,11.0,8.0,21.0,15.0,G Eltringham
10/09/2016,QPR,Blackburn,1.0,1.0,D,7.0,8.0,2.0,3.0,6.0,5.0,15.0,15.0,16.0,13.0,K Stroud
10/09/2016,Rotherham,Bristol City,2.0,2.0,D,5.0,11.0,2.0,1.0,3.0,10.0,7.0,10.0,10.0,35.0,A Madley
10/09/2016,Sheffield Weds,Wigan,2.0,1.0,H,6.0,5.0,1.0,3.0,3.0,3.0,11.0,10.0,18.0,9.0,D Coote
10/09/2016,Wolves,Burton,1.0,1.0,D,5.0,5.0,3.0,3.0,3.0,8.0,11.0,12.0,13.0,18.0,J Adcock
11/09/2016,Aston Villa,Nott'm Forest,2.0,2.0,D,10.0,2.0,3.0,5.0,8.0,2.0,9.0,15.0,26.0,3.0,S Hooper
13/09/2016,Brighton,Huddersfield,1.0,0.0,H,5.0,3.0,1.0,1.0,3.0,3.0,8.0,7.0,15.0,8.0,A Woolmer
13/09/2016,Derby,Ipswich,0.0,1.0,A,4.0,0.0,0.0,4.0,5.0,2.0,7.0,17.0,24.0,5.0,S Attwell
13/09/2016,Fulham,Burton,1.0,1.0,D,9.0,3.0,2.0,4.0,6.0,3.0,11.0,12.0,20.0,7.0,T Robinson
13/09/2016,Leeds,Blackburn,2.0,1.0,H,7.0,8.0,3.0,3.0,5.0,3.0,9.0,12.0,12.0,14.0,D Adcock
13/09/2016,Norwich,Wigan,2.0,1.0,H,4.0,8.0,2.0,3.0,5.0,5.0,13.0,11.0,16.0,14.0,K Stroud
13/09/2016,Preston,Cardiff,3.0,0.0,H,6.0,8.0,1.0,4.0,7.0,6.0,10.0,15.0,21.0,14.0,S Martin
13/09/2016,QPR,Newcastle,0.0,6.0,A,4.0,8.0,0.0,0.0,3.0,12.0,6.0,15.0,7.0,29.0,A Davies
13/09/2016,Reading,Birmingham,0.0,0.0,D,12.0,6.0,0.0,0.0,3.0,5.0,9.0,9.0,12.0,14.0,C Kavanagh
13/09/2016,Sheffield Weds,Bristol City,3.0,2.0,H,7.0,4.0,1.0,1.0,6.0,4.0,14.0,7.0,17.0,10.0,D Bond
13/09/2016,Wolves,Barnsley,0.0,4.0,A,5.0,2.0,0.0,3.0,5.0,10.0,15.0,13.0,17.0,26.0,A Madley
14/09/2016,Aston Villa,Brentford,1.0,1.0,D,5.0,7.0,2.0,2.0,3.0,5.0,13.0,13.0,9.0,13.0,J Simpson
14/09/2016,Rotherham,Nott'm Forest,2.0,2.0,D,4.0,8.0,2.0,3.0,4.0,7.0,9.0,10.0,13.0,23.0,P Bankes
17/09/2016,Barnsley,Reading,1.0,2.0,A,10.0,4.0,3.0,4.0,6.0,5.0,9.0,15.0,22.0,11.0,D Coote
17/09/2016,Birmingham,Sheffield Weds,2.0,1.0,H,4.0,2.0,1.0,3.0,5.0,2.0,9.0,18.0,10.0,11.0,S Duncan
17/09/2016,Blackburn,Rotherham,4.0,2.0,H,6.0,4.0,1.0,4.0,8.0,6.0,7.0,12.0,20.0,9.0,D Bond
17/09/2016,Brentford,Preston,5.0,0.0,H,5.0,6.0,0.0,2.0,6.0,4.0,8.0,10.0,10.0,12.0,K Stroud
17/09/2016,Bristol City,Derby,1.0,1.0,D,3.0,5.0,0.0,2.0,2.0,4.0,13.0,13.0,17.0,11.0,A Woolmer
17/09/2016,Burton,Brighton,0.0,1.0,A,1.0,8.0,1.0,2.0,3.0,7.0,4.0,13.0,9.0,19.0,G Eltringham
17/09/2016,Cardiff,Leeds,0.0,2.0,A,12.0,4.0,0.0,3.0,2.0,7.0,10.0,14.0,11.0,13.0,G Scott
17/09/2016,Huddersfield,QPR,2.0,1.0,H,4.0,3.0,2.0,4.0,2.0,2.0,9.0,20.0,9.0,5.0,S Hooper
17/09/2016,Ipswich,Aston Villa,0.0,0.0,D,10.0,7.0,1.0,1.0,4.0,0.0,11.0,13.0,17.0,14.0,T Harrington
17/09/2016,Newcastle,Wolves,0.0,2.0,A,5.0,3.0,3.0,5.0,3.0,5.0,12.0,16.0,17.0,12.0,T Robinson
17/09/2016,Nott'm Forest,Norwich,1.0,2.0,A,5.0,9.0,2.0,1.0,2.0,8.0,10.0,14.0,11.0,18.0,C Kavanagh
17/09/2016,Wigan,Fulham,0.0,0.0,D,10.0,5.0,1.0,1.0,2.0,1.0,16.0,11.0,13.0,5.0,S Martin
23/09/2016,Preston,Wigan,1.0,0.0,H,5.0,1.0,2.0,2.0,3.0,4.0,20.0,10.0,13.0,18.0,O Langford
24/09/2016,Aston Villa,Newcastle,1.0,1.0,D,8.0,5.0,3.0,1.0,3.0,4.0,15.0,12.0,10.0,18.0,C Kavanagh
24/09/2016,Brighton,Barnsley,2.0,0.0,H,4.0,2.0,3.0,2.0,4.0,1.0,15.0,12.0,15.0,10.0,T Robinson
24/09/2016,Derby,Blackburn,1.0,2.0,A,5.0,4.0,1.0,2.0,5.0,2.0,10.0,11.0,16.0,8.0,A Madley
24/09/2016,Fulham,Bristol City,0.0,4.0,A,7.0,5.0,2.0,2.0,2.0,10.0,13.0,10.0,22.0,20.0,P Bankes
24/09/2016,Leeds,Ipswich,1.0,0.0,H,7.0,4.0,0.0,2.0,4.0,1.0,15.0,11.0,16.0,7.0,S Martin
24/09/2016,Norwich,Burton,3.0,1.0,H,8.0,6.0,2.0,2.0,6.0,3.0,14.0,12.0,18.0,9.0,J Simpson
24/09/2016,QPR,Birmingham,1.0,1.0,D,6.0,4.0,2.0,1.0,5.0,2.0,14.0,8.0,13.0,9.0,P Tierney
24/09/2016,Reading,Huddersfield,1.0,0.0,H,5.0,3.0,2.0,4.0,3.0,1.0,13.0,13.0,17.0,7.0,J Linington
24/09/2016,Rotherham,Cardiff,1.0,2.0,A,11.0,7.0,1.0,2.0,5.0,2.0,7.0,11.0,16.0,18.0,D Coote
24/09/2016,Sheffield Weds,Nott'm Forest,2.0,1.0,H,7.0,6.0,1.0,3.0,6.0,5.0,6.0,11.0,15.0,10.0,K Friend
24/09/2016,Wolves,Brentford,3.0,1.0,H,4.0,6.0,1.0,4.0,5.0,3.0,15.0,13.0,13.0,11.0,A Davies
27/09/2016,Barnsley,Aston Villa,1.0,1.0,D,9.0,5.0,4.0,3.0,2.0,7.0,14.0,15.0,13.0,12.0,J Adcock
27/09/2016,Birmingham,Preston,2.0,2.0,D,8.0,3.0,1.0,1.0,4.0,5.0,10.0,17.0,15.0,13.0,A Woolmer
27/09/2016,Blackburn,Sheffield Weds,0.0,1.0,A,2.0,2.0,0.0,0.0,2.0,3.0,10.0,8.0,4.0,9.0,S Hooper
27/09/2016,Brentford,Reading,4.0,1.0,H,8.0,7.0,4.0,2.0,9.0,4.0,6.0,13.0,16.0,16.0,O Langford
27/09/2016,Bristol City,Leeds,1.0,0.0,H,2.0,6.0,2.0,4.0,3.0,3.0,13.0,10.0,12.0,12.0,K Stroud
27/09/2016,Burton,QPR,1.0,1.0,D,2.0,9.0,2.0,2.0,4.0,4.0,7.0,17.0,9.0,10.0,S Duncan
27/09/2016,Cardiff,Derby,0.0,2.0,A,3.0,4.0,1.0,2.0,3.0,7.0,13.0,11.0,9.0,14.0,G Eltringham
27/09/2016,Huddersfield,Rotherham,2.0,1.0,H,9.0,3.0,3.0,1.0,4.0,1.0,14.0,12.0,16.0,7.0,S Attwell
27/09/2016,Ipswich,Brighton,0.0,0.0,D,2.0,5.0,4.0,2.0,2.0,0.0,11.0,16.0,10.0,5.0,A Davies
27/09/2016,Nott'm Forest,Fulham,1.0,1.0,D,2.0,9.0,2.0,0.0,2.0,4.0,9.0,6.0,14.0,18.0,D Bond
27/09/2016,Wigan,Wolves,2.0,1.0,H,1.0,3.0,3.0,3.0,3.0,4.0,13.0,15.0,6.0,10.0,T Harrington
28/09/2016,Newcastle,Norwich,4.0,3.0,H,5.0,2.0,5.0,5.0,9.0,5.0,9.0,16.0,22.0,7.0,P Bankes
01/10/2016,Birmingham,Blackburn,1.0,0.0,H,5.0,8.0,1.0,6.0,5.0,2.0,17.0,18.0,16.0,10.0,J Linington
01/10/2016,Brentford,Wigan,0.0,0.0,D,12.0,4.0,3.0,3.0,2.0,2.0,12.0,14.0,15.0,7.0,A Woolmer
01/10/2016,Bristol City,Nott'm Forest,2.0,1.0,H,5.0,3.0,3.0,2.0,4.0,2.0,8.0,12.0,12.0,12.0,S Duncan
01/10/2016,Burton,Cardiff,2.0,0.0,H,4.0,9.0,1.0,0.0,2.0,6.0,8.0,7.0,10.0,11.0,A Madley
01/10/2016,Fulham,QPR,1.0,2.0,A,12.0,4.0,2.0,3.0,6.0,7.0,6.0,11.0,25.0,14.0,L Mason
01/10/2016,Ipswich,Huddersfield,0.0,1.0,A,6.0,5.0,1.0,1.0,1.0,3.0,13.0,12.0,11.0,9.0,C Kavanagh
01/10/2016,Leeds,Barnsley,2.0,1.0,H,6.0,5.0,1.0,0.0,5.0,3.0,8.0,9.0,10.0,10.0,S Hooper
01/10/2016,Preston,Aston Villa,2.0,0.0,H,9.0,7.0,4.0,4.0,7.0,2.0,19.0,9.0,19.0,15.0,P Bankes
01/10/2016,Reading,Derby,1.0,1.0,D,6.0,5.0,2.0,4.0,4.0,4.0,12.0,11.0,11.0,11.0,T Robinson
01/10/2016,Rotherham,Newcastle,0.0,1.0,A,14.0,10.0,2.0,1.0,1.0,6.0,11.0,8.0,10.0,20.0,R East
01/10/2016,Sheffield Weds,Brighton,1.0,2.0,A,7.0,3.0,0.0,4.0,5.0,3.0,12.0,12.0,23.0,5.0,O Langford
01/10/2016,Wolves,Norwich,1.0,2.0,A,5.0,2.0,3.0,3.0,3.0,3.0,15.0,10.0,7.0,11.0,G Eltringham
14/10/2016,Cardiff,Bristol City,2.0,1.0,H,3.0,1.0,4.0,3.0,4.0,1.0,10.0,16.0,12.0,11.0,J Linington
14/10/2016,Nott'm Forest,Birmingham,3.0,1.0,H,3.0,4.0,2.0,3.0,6.0,5.0,14.0,20.0,11.0,14.0,J Simpson
15/10/2016,Aston Villa,Wolves,1.0,1.0,D,6.0,5.0,3.0,3.0,3.0,2.0,16.0,16.0,4.0,11.0,D Coote
15/10/2016,Barnsley,Fulham,2.0,4.0,A,4.0,5.0,2.0,3.0,4.0,6.0,13.0,10.0,10.0,14.0,K Stroud
15/10/2016,Blackburn,Ipswich,0.0,0.0,D,2.0,9.0,1.0,0.0,1.0,5.0,7.0,19.0,9.0,14.0,G Eltringham
15/10/2016,Brighton,Preston,2.0,2.0,D,6.0,1.0,0.0,2.0,3.0,1.0,7.0,15.0,22.0,4.0,C Pawson
15/10/2016,Derby,Leeds,1.0,0.0,H,6.0,5.0,2.0,0.0,3.0,2.0,10.0,10.0,9.0,13.0,T Harrington
15/10/2016,Newcastle,Brentford,3.0,1.0,H,5.0,5.0,3.0,3.0,6.0,2.0,6.0,11.0,15.0,7.0,S Hooper
15/10/2016,Norwich,Rotherham,3.0,1.0,H,8.0,4.0,0.0,1.0,6.0,3.0,6.0,9.0,22.0,6.0,J Adcock
15/10/2016,QPR,Reading,1.0,1.0,D,9.0,3.0,1.0,1.0,2.0,4.0,13.0,4.0,8.0,13.0,S Martin
15/10/2016,Wigan,Burton,0.0,0.0,D,6.0,3.0,0.0,3.0,5.0,2.0,14.0,11.0,15.0,16.0,A Davies
16/10/2016,Huddersfield,Sheffield Weds,0.0,1.0,A,9.0,4.0,1.0,2.0,2.0,3.0,9.0,16.0,12.0,9.0,G Scott
18/10/2016,Barnsley,Newcastle,0.0,2.0,A,0.0,4.0,1.0,2.0,2.0,6.0,17.0,12.0,8.0,17.0,P Tierney
18/10/2016,Birmingham,Rotherham,4.0,2.0,H,4.0,1.0,1.0,2.0,6.0,6.0,17.0,15.0,13.0,12.0,C Kavanagh
18/10/2016,Blackburn,Nott'm Forest,2.0,1.0,H,1.0,2.0,3.0,1.0,2.0,2.0,16.0,11.0,9.0,20.0,T Robinson
18/10/2016,Brighton,Wolves,1.0,0.0,H,9.0,10.0,2.0,3.0,3.0,4.0,14.0,11.0,9.0,11.0,K Stroud
18/10/2016,Derby,Brentford,0.0,0.0,D,6.0,3.0,1.0,1.0,3.0,3.0,8.0,9.0,14.0,9.0,S Duncan
18/10/2016,Fulham,Norwich,2.0,2.0,D,8.0,9.0,4.0,3.0,3.0,4.0,8.0,22.0,13.0,12.0,J Linington
18/10/2016,Ipswich,Burton,2.0,0.0,H,7.0,12.0,1.0,2.0,4.0,2.0,11.0,9.0,10.0,18.0,O Langford
18/10/2016,Leeds,Wigan,1.0,1.0,D,4.0,5.0,0.0,0.0,4.0,4.0,9.0,5.0,13.0,12.0,P Bankes
18/10/2016,QPR,Bristol City,1.0,0.0,H,12.0,11.0,0.0,1.0,5.0,2.0,6.0,7.0,21.0,12.0,A Madley
18/10/2016,Reading,Aston Villa,1.0,2.0,A,7.0,2.0,1.0,1.0,7.0,6.0,9.0,13.0,14.0,13.0,A Woolmer
19/10/2016,Cardiff,Sheffield Weds,1.0,1.0,D,4.0,5.0,1.0,1.0,4.0,4.0,10.0,10.0,12.0,11.0,D Bond
19/10/2016,Preston,Huddersfield,3.0,1.0,H,4.0,11.0,1.0,1.0,5.0,3.0,16.0,13.0,8.0,13.0,J Simpson
21/10/2016,Burton,Birmingham,2.0,0.0,H,2.0,4.0,3.0,3.0,5.0,1.0,14.0,11.0,15.0,7.0,T Robinson
22/10/2016,Aston Villa,Fulham,1.0,0.0,H,6.0,8.0,0.0,4.0,7.0,0.0,15.0,11.0,16.0,5.0,A Madley
22/10/2016,Brentford,Barnsley,0.0,2.0,A,9.0,3.0,2.0,3.0,7.0,7.0,6.0,14.0,20.0,16.0,J Linington
22/10/2016,Bristol City,Blackburn,1.0,0.0,H,4.0,7.0,2.0,1.0,3.0,3.0,13.0,14.0,12.0,15.0,A Davies
22/10/2016,Huddersfield,Derby,1.0,0.0,H,6.0,5.0,2.0,1.0,5.0,2.0,12.0,12.0,21.0,7.0,P Bankes
22/10/2016,Newcastle,Ipswich,3.0,0.0,H,6.0,3.0,2.0,1.0,5.0,2.0,7.0,5.0,16.0,8.0,J Adcock
22/10/2016,Norwich,Preston,0.0,1.0,A,12.0,4.0,1.0,1.0,7.0,5.0,6.0,10.0,18.0,7.0,S Martin
22/10/2016,Nott'm Forest,Cardiff,1.0,2.0,A,1.0,3.0,1.0,1.0,3.0,5.0,9.0,13.0,17.0,12.0,A Woolmer
22/10/2016,Rotherham,Reading,0.0,1.0,A,7.0,6.0,2.0,2.0,8.0,5.0,16.0,7.0,13.0,24.0,S Duncan
22/10/2016,Sheffield Weds,QPR,1.0,0.0,H,5.0,8.0,1.0,4.0,2.0,4.0,8.0,19.0,13.0,10.0,C Kavanagh
22/10/2016,Wigan,Brighton,0.0,1.0,A,7.0,8.0,2.0,1.0,1.0,2.0,15.0,6.0,11.0,9.0,S Hooper
22/10/2016,Wolves,Leeds,0.0,1.0,A,5.0,2.0,2.0,2.0,1.0,2.0,12.0,8.0,14.0,11.0,S Attwell
28/10/2016,QPR,Brentford,0.0,2.0,A,5.0,6.0,2.0,1.0,4.0,4.0,10.0,7.0,15.0,13.0,J Adcock
29/10/2016,Barnsley,Bristol City,2.0,2.0,D,5.0,3.0,3.0,3.0,8.0,7.0,17.0,14.0,20.0,17.0,G Eltringham
29/10/2016,Blackburn,Wolves,1.0,1.0,D,6.0,3.0,2.0,2.0,5.0,5.0,7.0,9.0,15.0,17.0,S Duncan
29/10/2016,Brighton,Norwich,5.0,0.0,H,2.0,2.0,1.0,3.0,7.0,2.0,12.0,10.0,11.0,8.0,A Madley
29/10/2016,Cardiff,Wigan,0.0,1.0,A,6.0,2.0,0.0,0.0,4.0,2.0,14.0,17.0,19.0,7.0,O Langford
29/10/2016,Derby,Sheffield Weds,2.0,0.0,H,9.0,8.0,1.0,3.0,6.0,7.0,3.0,10.0,19.0,17.0,J Linington
29/10/2016,Fulham,Huddersfield,5.0,0.0,H,6.0,6.0,1.0,2.0,9.0,6.0,16.0,17.0,14.0,12.0,D Coote
29/10/2016,Ipswich,Rotherham,2.0,2.0,D,5.0,2.0,0.0,0.0,5.0,2.0,8.0,11.0,17.0,10.0,D Bond
29/10/2016,Leeds,Burton,2.0,0.0,H,5.0,8.0,4.0,2.0,5.0,2.0,18.0,10.0,12.0,22.0,J Simpson
29/10/2016,Preston,Newcastle,1.0,2.0,A,8.0,0.0,3.0,4.0,4.0,6.0,9.0,17.0,14.0,10.0,C Kavanagh
29/10/2016,Reading,Nott'm Forest,2.0,0.0,H,8.0,8.0,3.0,2.0,4.0,5.0,15.0,11.0,7.0,21.0,A Davies
30/10/2016,Birmingham,Aston Villa,1.0,1.0,D,4.0,3.0,2.0,3.0,3.0,1.0,15.0,13.0,14.0,5.0,M Dean
04/11/2016,Brentford,Fulham,0.0,2.0,A,12.0,4.0,3.0,1.0,3.0,5.0,6.0,7.0,11.0,16.0,T Robinson
05/11/2016,Aston Villa,Blackburn,2.0,1.0,H,5.0,5.0,2.0,2.0,5.0,5.0,13.0,18.0,12.0,9.0,R East
05/11/2016,Bristol City,Brighton,0.0,2.0,A,4.0,3.0,1.0,1.0,2.0,2.0,8.0,12.0,11.0,8.0,D Bond
05/11/2016,Burton,Barnsley,0.0,0.0,D,9.0,3.0,1.0,1.0,10.0,2.0,9.0,13.0,21.0,13.0,P Bankes
05/11/2016,Huddersfield,Birmingham,1.0,1.0,D,9.0,3.0,0.0,2.0,6.0,1.0,20.0,16.0,20.0,7.0,S Martin
05/11/2016,Newcastle,Cardiff,2.0,1.0,H,10.0,4.0,0.0,1.0,4.0,2.0,12.0,7.0,18.0,10.0,T Harrington
05/11/2016,Norwich,Leeds,2.0,3.0,A,4.0,5.0,2.0,2.0,5.0,9.0,14.0,13.0,17.0,21.0,A Davies
05/11/2016,Nott'm Forest,QPR,1.0,1.0,D,5.0,4.0,4.0,2.0,7.0,4.0,23.0,13.0,13.0,12.0,K Stroud
05/11/2016,Rotherham,Preston,1.0,3.0,A,5.0,4.0,0.0,1.0,5.0,6.0,12.0,9.0,14.0,15.0,A Woolmer
05/11/2016,Sheffield Weds,Ipswich,1.0,2.0,A,8.0,2.0,1.0,2.0,3.0,2.0,9.0,14.0,14.0,9.0,A Madley
05/11/2016,Wigan,Reading,0.0,3.0,A,6.0,5.0,3.0,2.0,3.0,4.0,9.0,10.0,18.0,12.0,D Coote
05/11/2016,Wolves,Derby,2.0,3.0,A,7.0,9.0,5.0,1.0,5.0,9.0,15.0,10.0,11.0,16.0,P Tierney
18/11/2016,Brighton,Aston Villa,1.0,1.0,D,2.0,12.0,1.0,2.0,2.0,2.0,13.0,15.0,7.0,14.0,S Martin
19/11/2016,Barnsley,Wigan,0.0,0.0,D,6.0,4.0,0.0,2.0,2.0,3.0,11.0,16.0,15.0,6.0,J Simpson
19/11/2016,Birmingham,Bristol City,1.0,0.0,H,2.0,11.0,2.0,1.0,7.0,7.0,15.0,12.0,17.0,20.0,T Harrington
19/11/2016,Blackburn,Brentford,3.0,2.0,H,5.0,5.0,3.0,2.0,5.0,3.0,13.0,13.0,13.0,14.0,C Kavanagh
19/11/2016,Cardiff,Huddersfield,3.0,2.0,H,5.0,6.0,2.0,4.0,5.0,4.0,12.0,11.0,10.0,10.0,J Adcock
19/11/2016,Derby,Rotherham,3.0,0.0,H,5.0,7.0,0.0,2.0,11.0,1.0,6.0,19.0,20.0,8.0,O Langford
19/11/2016,Fulham,Sheffield Weds,1.0,1.0,D,5.0,0.0,2.0,4.0,3.0,2.0,11.0,16.0,15.0,10.0,G Eltringham
19/11/2016,Ipswich,Nott'm Forest,0.0,2.0,A,11.0,4.0,1.0,2.0,2.0,8.0,9.0,11.0,9.0,12.0,P Bankes
19/11/2016,Preston,Wolves,0.0,0.0,D,4.0,4.0,4.0,4.0,2.0,1.0,11.0,11.0,10.0,6.0,J Linington
19/11/2016,QPR,Norwich,2.0,1.0,H,9.0,5.0,1.0,3.0,5.0,1.0,13.0,7.0,16.0,9.0,S Duncan
19/11/2016,Reading,Burton,3.0,0.0,H,3.0,4.0,3.0,1.0,3.0,5.0,11.0,6.0,10.0,17.0,K Stroud
20/11/2016,Leeds,Newcastle,0.0,2.0,A,10.0,6.0,1.0,1.0,4.0,5.0,12.0,11.0,12.0,10.0,G Scott
25/11/2016,Barnsley,Nott'm Forest,2.0,5.0,A,6.0,2.0,0.0,1.0,6.0,7.0,14.0,15.0,19.0,9.0,O Langford
26/11/2016,Aston Villa,Cardiff,3.0,1.0,H,2.0,6.0,3.0,4.0,4.0,3.0,9.0,21.0,11.0,7.0,G Eltringham
26/11/2016,Brentford,Birmingham,1.0,2.0,A,9.0,2.0,2.0,2.0,11.0,5.0,10.0,11.0,22.0,12.0,A Madley
26/11/2016,Brighton,Fulham,2.0,1.0,H,3.0,7.0,3.0,5.0,4.0,5.0,14.0,12.0,12.0,14.0,K Stroud
26/11/2016,Derby,Norwich,1.0,0.0,H,5.0,1.0,2.0,2.0,3.0,2.0,5.0,16.0,12.0,8.0,S Hooper
26/11/2016,Ipswich,QPR,3.0,0.0,H,4.0,4.0,1.0,2.0,9.0,5.0,13.0,17.0,16.0,12.0,A Woolmer
26/11/2016,Newcastle,Blackburn,0.0,1.0,A,8.0,9.0,1.0,3.0,2.0,2.0,11.0,9.0,14.0,10.0,D Coote
26/11/2016,Preston,Burton,1.0,1.0,D,8.0,5.0,3.0,2.0,6.0,3.0,13.0,7.0,18.0,11.0,D Bond
26/11/2016,Reading,Bristol City,2.0,1.0,H,3.0,6.0,2.0,2.0,6.0,7.0,11.0,13.0,14.0,25.0,T Robinson
26/11/2016,Rotherham,Leeds,1.0,2.0,A,6.0,4.0,0.0,2.0,3.0,3.0,13.0,8.0,12.0,13.0,S Attwell
26/11/2016,Wolves,Sheffield Weds,0.0,2.0,A,8.0,5.0,3.0,1.0,3.0,6.0,13.0,14.0,11.0,9.0,J Simpson
28/11/2016,Huddersfield,Wigan,1.0,2.0,A,9.0,1.0,2.0,3.0,5.0,4.0,9.0,9.0,19.0,9.0,T Harrington
01/12/2016,QPR,Wolves,1.0,2.0,A,7.0,5.0,1.0,3.0,3.0,9.0,17.0,19.0,16.0,15.0,T Robinson
02/12/2016,Nott'm Forest,Newcastle,2.0,1.0,H,6.0,1.0,2.0,3.0,9.0,3.0,17.0,10.0,17.0,6.0,S Martin
03/12/2016,Birmingham,Barnsley,0.0,3.0,A,6.0,6.0,2.0,2.0,4.0,6.0,19.0,18.0,13.0,16.0,D Coote
03/12/2016,Blackburn,Huddersfield,1.0,1.0,D,2.0,13.0,3.0,2.0,2.0,8.0,12.0,11.0,9.0,29.0,S Hooper
03/12/2016,Bristol City,Ipswich,2.0,0.0,H,4.0,0.0,2.0,0.0,3.0,3.0,11.0,15.0,11.0,10.0,S Attwell
03/12/2016,Burton,Rotherham,2.0,1.0,H,7.0,3.0,1.0,1.0,4.0,2.0,13.0,14.0,16.0,14.0,C Kavanagh
03/12/2016,Cardiff,Brighton,0.0,0.0,D,1.0,6.0,3.0,2.0,2.0,4.0,15.0,20.0,10.0,12.0,R East
03/12/2016,Fulham,Reading,5.0,0.0,H,7.0,2.0,1.0,4.0,12.0,2.0,10.0,16.0,24.0,3.0,O Langford
03/12/2016,Leeds,Aston Villa,2.0,0.0,H,4.0,5.0,2.0,3.0,4.0,3.0,15.0,9.0,10.0,10.0,P Bankes
03/12/2016,Norwich,Brentford,5.0,0.0,H,0.0,4.0,1.0,0.0,11.0,4.0,13.0,7.0,20.0,14.0,G Eltringham
03/12/2016,Sheffield Weds,Preston,2.0,1.0,H,3.0,6.0,1.0,0.0,4.0,3.0,10.0,6.0,9.0,15.0,S Duncan
03/12/2016,Wigan,Derby,0.0,1.0,A,9.0,2.0,1.0,3.0,2.0,1.0,9.0,9.0,17.0,4.0,A Madley
09/12/2016,Brighton,Leeds,2.0,0.0,H,7.0,1.0,1.0,3.0,7.0,0.0,13.0,12.0,18.0,2.0,P Tierney
10/12/2016,Aston Villa,Wigan,1.0,0.0,H,4.0,5.0,2.0,4.0,5.0,0.0,7.0,16.0,15.0,6.0,J Linington
10/12/2016,Barnsley,Norwich,2.0,1.0,H,3.0,7.0,0.0,0.0,3.0,7.0,12.0,8.0,8.0,18.0,A Woolmer
10/12/2016,Brentford,Burton,2.0,1.0,H,8.0,3.0,5.0,4.0,5.0,2.0,21.0,8.0,11.0,8.0,D Coote
10/12/2016,Huddersfield,Bristol City,2.0,1.0,H,8.0,2.0,2.0,2.0,5.0,2.0,15.0,17.0,17.0,7.0,K Stroud
10/12/2016,Ipswich,Cardiff,1.0,1.0,D,5.0,5.0,2.0,4.0,3.0,3.0,9.0,8.0,11.0,13.0,J Adcock
10/12/2016,Newcastle,Birmingham,4.0,0.0,H,7.0,1.0,2.0,1.0,10.0,2.0,17.0,8.0,20.0,5.0,A Davies
10/12/2016,Preston,Blackburn,3.0,2.0,H,7.0,7.0,1.0,2.0,4.0,6.0,16.0,12.0,15.0,17.0,K Friend
10/12/2016,Reading,Sheffield Weds,2.0,1.0,H,1.0,4.0,3.0,5.0,4.0,3.0,13.0,16.0,12.0,18.0,T Harrington
10/12/2016,Rotherham,QPR,1.0,0.0,H,5.0,5.0,3.0,3.0,10.0,5.0,9.0,15.0,17.0,15.0,J Simpson
10/12/2016,Wolves,Fulham,4.0,4.0,D,7.0,9.0,4.0,3.0,7.0,12.0,11.0,5.0,20.0,25.0,D Bond
11/12/2016,Derby,Nott'm Forest,3.0,0.0,H,5.0,2.0,3.0,5.0,5.0,3.0,9.0,17.0,18.0,7.0,C Kavanagh
13/12/2016,Birmingham,Ipswich,2.0,1.0,H,8.0,8.0,3.0,2.0,4.0,3.0,18.0,11.0,11.0,12.0,D Bond
13/12/2016,Blackburn,Brighton,2.0,3.0,A,4.0,2.0,2.0,3.0,4.0,10.0,11.0,9.0,12.0,18.0,O Langford
13/12/2016,Bristol City,Brentford,0.0,1.0,A,6.0,5.0,2.0,0.0,3.0,5.0,9.0,9.0,18.0,13.0,A Woolmer
13/12/2016,Burton,Huddersfield,0.0,1.0,A,6.0,2.0,3.0,3.0,2.0,6.0,15.0,14.0,12.0,10.0,D Adcock
13/12/2016,Cardiff,Wolves,2.0,1.0,H,7.0,2.0,2.0,1.0,4.0,3.0,10.0,16.0,16.0,4.0,A Madley
13/12/2016,Fulham,Rotherham,2.0,1.0,H,14.0,2.0,0.0,1.0,11.0,6.0,10.0,12.0,30.0,8.0,S Martin
13/12/2016,Leeds,Reading,2.0,0.0,H,0.0,6.0,1.0,1.0,4.0,2.0,8.0,16.0,12.0,14.0,G Eltringham
13/12/2016,Norwich,Aston Villa,1.0,0.0,H,8.0,1.0,1.0,0.0,3.0,1.0,17.0,14.0,15.0,7.0,T Robinson
13/12/2016,Sheffield Weds,Barnsley,2.0,0.0,H,3.0,5.0,2.0,1.0,3.0,5.0,17.0,14.0,13.0,16.0,P Bankes
14/12/2016,Nott'm Forest,Preston,1.0,1.0,D,6.0,3.0,2.0,2.0,9.0,8.0,11.0,7.0,19.0,18.0,T Harrington
14/12/2016,QPR,Derby,0.0,1.0,A,10.0,2.0,0.0,2.0,5.0,3.0,12.0,6.0,15.0,9.0,D Coote
14/12/2016,Wigan,Newcastle,0.0,2.0,A,5.0,6.0,0.0,1.0,1.0,8.0,12.0,8.0,9.0,11.0,S Hooper
16/12/2016,Norwich,Huddersfield,1.0,2.0,A,8.0,3.0,2.0,2.0,5.0,4.0,12.0,7.0,17.0,10.0,J Linington
17/12/2016,Birmingham,Brighton,1.0,2.0,A,1.0,4.0,1.0,0.0,4.0,4.0,9.0,11.0,12.0,13.0,A Madley
17/12/2016,Blackburn,Reading,2.0,3.0,A,8.0,6.0,1.0,1.0,12.0,6.0,13.0,11.0,19.0,13.0,J Simpson
17/12/2016,Bristol City,Preston,1.0,2.0,A,3.0,3.0,0.0,3.0,6.0,5.0,8.0,8.0,21.0,19.0,S Hooper
17/12/2016,Burton,Newcastle,1.0,2.0,A,7.0,5.0,2.0,1.0,3.0,4.0,5.0,10.0,15.0,9.0,L Probert
17/12/2016,Cardiff,Barnsley,3.0,4.0,A,12.0,3.0,1.0,4.0,10.0,5.0,19.0,14.0,22.0,10.0,T Harrington
17/12/2016,Fulham,Derby,2.0,2.0,D,4.0,4.0,3.0,1.0,6.0,2.0,16.0,12.0,18.0,7.0,A Woolmer
17/12/2016,Leeds,Brentford,1.0,0.0,H,5.0,7.0,1.0,1.0,1.0,4.0,11.0,6.0,6.0,10.0,D Bond
17/12/2016,Nott'm Forest,Wolves,0.0,2.0,A,5.0,2.0,2.0,3.0,2.0,5.0,21.0,16.0,10.0,12.0,G Scott
17/12/2016,Sheffield Weds,Rotherham,1.0,0.0,H,7.0,9.0,1.0,2.0,6.0,2.0,13.0,22.0,23.0,9.0,T Robinson
17/12/2016,Wigan,Ipswich,2.0,3.0,A,5.0,4.0,3.0,3.0,8.0,4.0,10.0,15.0,17.0,12.0,K Stroud
18/12/2016,QPR,Aston Villa,0.0,1.0,A,2.0,8.0,1.0,3.0,0.0,7.0,12.0,10.0,9.0,18.0,G Eltringham
26/12/2016,Aston Villa,Burton,2.0,1.0,H,2.0,8.0,0.0,2.0,3.0,5.0,9.0,8.0,6.0,11.0,S Martin
26/12/2016,Barnsley,Blackburn,2.0,0.0,H,0.0,9.0,1.0,2.0,4.0,7.0,17.0,17.0,15.0,19.0,A Madley
26/12/2016,Brentford,Cardiff,2.0,2.0,D,9.0,3.0,3.0,2.0,7.0,6.0,14.0,13.0,19.0,13.0,S Hooper
26/12/2016,Huddersfield,Nott'm Forest,2.0,1.0,H,5.0,1.0,1.0,3.0,4.0,2.0,7.0,14.0,16.0,5.0,C Kavanagh
26/12/2016,Ipswich,Fulham,0.0,2.0,A,4.0,7.0,2.0,1.0,0.0,6.0,14.0,11.0,3.0,15.0,O Langford
26/12/2016,Newcastle,Sheffield Weds,0.0,1.0,A,11.0,5.0,1.0,6.0,4.0,5.0,11.0,23.0,9.0,13.0,P Tierney
26/12/2016,Preston,Leeds,1.0,4.0,A,2.0,4.0,2.0,3.0,4.0,6.0,14.0,15.0,10.0,11.0,J Simpson
26/12/2016,Reading,Norwich,3.0,1.0,H,5.0,6.0,2.0,2.0,7.0,3.0,12.0,14.0,14.0,13.0,A Davies
26/12/2016,Rotherham,Wigan,3.0,2.0,H,7.0,6.0,3.0,2.0,5.0,3.0,11.0,10.0,17.0,10.0,D Coote
26/12/2016,Wolves,Bristol City,3.0,2.0,H,9.0,5.0,2.0,3.0,9.0,6.0,22.0,9.0,13.0,22.0,J Adcock
27/12/2016,Brighton,QPR,3.0,0.0,H,13.0,5.0,0.0,1.0,10.0,3.0,15.0,12.0,24.0,12.0,K Stroud
27/12/2016,Derby,Birmingham,1.0,0.0,H,5.0,1.0,1.0,2.0,2.0,1.0,14.0,16.0,14.0,5.0,G Scott
29/12/2016,Aston Villa,Leeds,1.0,1.0,D,4.0,7.0,3.0,3.0,5.0,2.0,15.0,15.0,11.0,12.0,R East
29/12/2016,Rotherham,Burton,1.0,2.0,A,7.0,3.0,3.0,4.0,9.0,4.0,12.0,14.0,21.0,11.0,T Harrington
30/12/2016,Ipswich,Bristol City,2.0,1.0,H,4.0,4.0,2.0,2.0,8.0,4.0,19.0,11.0,15.0,11.0,D Coote
30/12/2016,Newcastle,Nott'm Forest,3.0,1.0,H,9.0,1.0,3.0,2.0,8.0,3.0,18.0,12.0,16.0,8.0,K Stroud
31/12/2016,Barnsley,Birmingham,2.0,2.0,D,6.0,8.0,2.0,0.0,5.0,2.0,8.0,11.0,13.0,13.0,S Duncan
31/12/2016,Brentford,Norwich,0.0,0.0,D,8.0,1.0,3.0,1.0,0.0,4.0,15.0,12.0,8.0,13.0,O Langford
31/12/2016,Derby,Wigan,0.0,0.0,D,10.0,2.0,2.0,0.0,4.0,3.0,7.0,8.0,17.0,7.0,G Eltringham
31/12/2016,Huddersfield,Blackburn,1.0,1.0,D,5.0,1.0,1.0,0.0,6.0,1.0,11.0,11.0,20.0,3.0,D Bond
31/12/2016,Preston,Sheffield Weds,1.0,1.0,D,5.0,1.0,1.0,1.0,5.0,1.0,5.0,7.0,14.0,8.0,A Woolmer
31/12/2016,Wolves,QPR,1.0,2.0,A,5.0,1.0,1.0,3.0,6.0,2.0,9.0,10.0,20.0,5.0,L Probert
02/01/2017,Birmingham,Brentford,1.0,3.0,A,8.0,7.0,2.0,2.0,4.0,4.0,9.0,8.0,15.0,13.0,J Adcock
02/01/2017,Blackburn,Newcastle,1.0,0.0,H,1.0,6.0,1.0,2.0,1.0,5.0,5.0,7.0,5.0,25.0,A Woolmer
02/01/2017,Bristol City,Reading,2.0,3.0,A,1.0,2.0,2.0,3.0,6.0,6.0,15.0,12.0,11.0,12.0,R East
02/01/2017,Burton,Preston,0.0,1.0,A,6.0,1.0,1.0,0.0,0.0,3.0,9.0,15.0,11.0,6.0,O Langford
02/01/2017,Cardiff,Aston Villa,1.0,0.0,H,7.0,9.0,4.0,4.0,4.0,3.0,19.0,14.0,18.0,13.0,A Davies
02/01/2017,Fulham,Brighton,1.0,2.0,A,10.0,2.0,1.0,3.0,4.0,4.0,13.0,8.0,15.0,8.0,S Attwell
02/01/2017,Leeds,Rotherham,3.0,0.0,H,4.0,7.0,1.0,1.0,4.0,2.0,8.0,10.0,9.0,11.0,S Martin
02/01/2017,Norwich,Derby,3.0,0.0,H,10.0,4.0,1.0,2.0,12.0,3.0,10.0,10.0,24.0,6.0,D Bond
02/01/2017,Nott'm Forest,Barnsley,0.0,1.0,A,4.0,7.0,1.0,0.0,0.0,5.0,13.0,6.0,10.0,15.0,J Linington
02/01/2017,QPR,Ipswich,2.0,1.0,H,6.0,6.0,0.0,0.0,4.0,4.0,13.0,12.0,8.0,11.0,T Harrington
02/01/2017,Sheffield Weds,Wolves,0.0,0.0,D,4.0,5.0,1.0,0.0,5.0,3.0,13.0,9.0,16.0,13.0,S Hooper
02/01/2017,Wigan,Huddersfield,0.0,1.0,A,5.0,4.0,1.0,4.0,0.0,2.0,13.0,16.0,4.0,5.0,J Simpson
12/01/2017,Reading,QPR,0.0,1.0,A,4.0,8.0,2.0,2.0,1.0,4.0,11.0,17.0,9.0,16.0,O Langford
13/01/2017,Leeds,Derby,1.0,0.0,H,16.0,3.0,2.0,2.0,8.0,1.0,9.0,14.0,21.0,6.0,S Duncan
14/01/2017,Birmingham,Nott'm Forest,0.0,0.0,D,7.0,4.0,1.0,1.0,2.0,0.0,10.0,13.0,15.0,6.0,P Bankes
14/01/2017,Brentford,Newcastle,1.0,2.0,A,7.0,5.0,1.0,1.0,6.0,5.0,11.0,9.0,14.0,11.0,C Kavanagh
14/01/2017,Bristol City,Cardiff,2.0,3.0,A,5.0,2.0,1.0,2.0,4.0,3.0,19.0,11.0,12.0,9.0,C Pawson
14/01/2017,Burton,Wigan,0.0,2.0,A,12.0,3.0,2.0,3.0,2.0,3.0,14.0,16.0,18.0,6.0,A Madley
14/01/2017,Fulham,Barnsley,2.0,0.0,H,9.0,0.0,0.0,2.0,8.0,2.0,4.0,12.0,22.0,6.0,A Davies
14/01/2017,Ipswich,Blackburn,3.0,2.0,H,4.0,2.0,2.0,0.0,9.0,4.0,12.0,8.0,13.0,9.0,J Linington
14/01/2017,Preston,Brighton,2.0,0.0,H,7.0,6.0,1.0,2.0,2.0,4.0,14.0,16.0,8.0,16.0,S Hooper
14/01/2017,Rotherham,Norwich,2.0,1.0,H,3.0,7.0,3.0,3.0,8.0,5.0,14.0,10.0,14.0,14.0,G Eltringham
14/01/2017,Sheffield Weds,Huddersfield,2.0,0.0,H,1.0,5.0,2.0,1.0,4.0,4.0,8.0,11.0,10.0,10.0,G Scott
14/01/2017,Wolves,Aston Villa,1.0,0.0,H,5.0,3.0,0.0,1.0,3.0,0.0,19.0,9.0,12.0,6.0,T Harrington
20/01/2017,Brighton,Sheffield Weds,2.0,1.0,H,0.0,10.0,2.0,2.0,6.0,4.0,9.0,13.0,10.0,14.0,S Attwell
21/01/2017,Aston Villa,Preston,2.0,2.0,D,6.0,4.0,2.0,4.0,5.0,2.0,13.0,15.0,13.0,8.0,A Madley
21/01/2017,Barnsley,Leeds,3.0,2.0,H,5.0,11.0,4.0,3.0,5.0,4.0,10.0,14.0,15.0,11.0,M Dean
21/01/2017,Blackburn,Birmingham,1.0,1.0,D,4.0,9.0,1.0,3.0,3.0,4.0,7.0,12.0,10.0,11.0,S Martin
21/01/2017,Cardiff,Burton,1.0,0.0,H,7.0,1.0,0.0,0.0,4.0,1.0,18.0,11.0,11.0,8.0,T Robinson
21/01/2017,Derby,Reading,3.0,2.0,H,3.0,3.0,3.0,1.0,3.0,6.0,15.0,14.0,12.0,13.0,P Bankes
21/01/2017,Huddersfield,Ipswich,2.0,0.0,H,5.0,3.0,0.0,5.0,6.0,2.0,8.0,11.0,14.0,8.0,A Davies
21/01/2017,Newcastle,Rotherham,4.0,0.0,H,9.0,6.0,0.0,1.0,6.0,4.0,9.0,7.0,24.0,11.0,J Simpson
21/01/2017,Norwich,Wolves,3.0,1.0,H,3.0,4.0,1.0,2.0,5.0,2.0,8.0,14.0,17.0,11.0,D Coote
21/01/2017,Nott'm Forest,Bristol City,1.0,0.0,H,4.0,9.0,2.0,2.0,3.0,1.0,14.0,11.0,13.0,12.0,D Bond
21/01/2017,QPR,Fulham,1.0,1.0,D,5.0,8.0,5.0,2.0,4.0,5.0,18.0,9.0,14.0,15.0,K Stroud
21/01/2017,Wigan,Brentford,2.0,1.0,H,5.0,4.0,1.0,0.0,4.0,4.0,12.0,12.0,15.0,11.0,J Adcock
24/01/2017,Brighton,Cardiff,1.0,0.0,H,8.0,5.0,1.0,1.0,5.0,4.0,13.0,9.0,18.0,9.0,C Kavanagh
24/01/2017,Reading,Fulham,1.0,0.0,H,5.0,5.0,2.0,1.0,7.0,2.0,10.0,12.0,17.0,14.0,S Martin
25/01/2017,Leeds,Nott'm Forest,2.0,0.0,H,4.0,3.0,1.0,0.0,2.0,1.0,16.0,14.0,16.0,6.0,T Harrington
28/01/2017,Norwich,Birmingham,2.0,0.0,H,4.0,5.0,1.0,2.0,8.0,3.0,15.0,15.0,16.0,13.0,S Hooper
28/01/2017,Preston,Ipswich,1.0,1.0,D,5.0,4.0,2.0,0.0,4.0,4.0,10.0,4.0,19.0,6.0,S Martin
28/01/2017,QPR,Burton,1.0,2.0,A,5.0,3.0,1.0,2.0,2.0,4.0,15.0,15.0,16.0,9.0,G Eltringham
28/01/2017,Reading,Cardiff,2.0,1.0,H,2.0,6.0,1.0,1.0,4.0,4.0,11.0,13.0,8.0,17.0,J Adcock
28/01/2017,Rotherham,Barnsley,0.0,1.0,A,5.0,3.0,1.0,1.0,4.0,2.0,11.0,11.0,17.0,15.0,K Stroud
31/01/2017,Barnsley,Wolves,1.0,3.0,A,4.0,4.0,1.0,4.0,6.0,4.0,9.0,19.0,15.0,11.0,C Kavanagh
31/01/2017,Birmingham,Reading,0.0,1.0,A,2.0,3.0,1.0,2.0,3.0,2.0,14.0,13.0,18.0,7.0,J Simpson
31/01/2017,Brentford,Aston Villa,3.0,0.0,H,8.0,5.0,1.0,1.0,5.0,4.0,8.0,12.0,16.0,8.0,D Coote
31/01/2017,Bristol City,Sheffield Weds,2.0,2.0,D,3.0,3.0,0.0,4.0,4.0,3.0,11.0,12.0,11.0,13.0,O Langford
31/01/2017,Cardiff,Preston,2.0,0.0,H,9.0,3.0,1.0,1.0,4.0,3.0,11.0,12.0,12.0,10.0,G Scott
31/01/2017,Ipswich,Derby,0.0,3.0,A,7.0,5.0,0.0,0.0,3.0,8.0,15.0,9.0,14.0,14.0,A Madley
31/01/2017,Nott'm Forest,Rotherham,2.0,0.0,H,6.0,5.0,1.0,4.0,4.0,4.0,13.0,14.0,11.0,12.0,S Hooper
01/02/2017,Blackburn,Leeds,1.0,2.0,A,6.0,5.0,0.0,1.0,1.0,2.0,8.0,9.0,6.0,10.0,G Eltringham
01/02/2017,Burton,Fulham,0.0,2.0,A,5.0,8.0,1.0,0.0,3.0,4.0,9.0,7.0,11.0,19.0,T Harrington
01/02/2017,Newcastle,QPR,2.0,2.0,D,4.0,4.0,1.0,1.0,8.0,4.0,9.0,11.0,16.0,9.0,T Robinson
02/02/2017,Huddersfield,Brighton,3.0,1.0,H,9.0,2.0,1.0,2.0,9.0,1.0,10.0,15.0,23.0,2.0,J Linington
03/02/2017,Wigan,Sheffield Weds,0.0,1.0,A,4.0,5.0,1.0,1.0,3.0,1.0,17.0,16.0,9.0,5.0,S Martin
04/02/2017,Barnsley,Preston,0.0,0.0,D,6.0,3.0,1.0,4.0,4.0,2.0,12.0,15.0,11.0,7.0,O Langford
04/02/2017,Birmingham,Fulham,1.0,0.0,H,8.0,4.0,3.0,2.0,8.0,2.0,17.0,16.0,18.0,13.0,A Madley
04/02/2017,Blackburn,QPR,1.0,0.0,H,3.0,6.0,0.0,3.0,3.0,7.0,8.0,16.0,11.0,14.0,T Harrington
04/02/2017,Bristol City,Rotherham,1.0,0.0,H,5.0,5.0,1.0,1.0,6.0,2.0,12.0,16.0,13.0,10.0,P Bankes
04/02/2017,Burton,Wolves,2.0,1.0,H,9.0,3.0,1.0,1.0,6.0,3.0,12.0,15.0,15.0,8.0,K Stroud
04/02/2017,Cardiff,Norwich,0.0,1.0,A,3.0,4.0,2.0,3.0,3.0,4.0,11.0,15.0,9.0,6.0,C Kavanagh
04/02/2017,Ipswich,Reading,2.0,2.0,D,5.0,4.0,1.0,2.0,5.0,4.0,11.0,8.0,16.0,10.0,G Eltringham
04/02/2017,Newcastle,Derby,1.0,0.0,H,5.0,5.0,2.0,1.0,8.0,2.0,15.0,9.0,19.0,4.0,D Bond
04/02/2017,Nott'm Forest,Aston Villa,2.0,1.0,H,6.0,6.0,1.0,1.0,6.0,8.0,13.0,15.0,17.0,11.0,P Tierney
05/02/2017,Brentford,Brighton,3.0,3.0,D,7.0,7.0,2.0,2.0,6.0,5.0,15.0,9.0,15.0,14.0,J Simpson
05/02/2017,Huddersfield,Leeds,2.0,1.0,H,7.0,5.0,2.0,5.0,5.0,3.0,12.0,13.0,15.0,7.0,S Hooper
07/02/2017,Wigan,Norwich,2.0,2.0,D,7.0,6.0,2.0,2.0,6.0,3.0,13.0,10.0,11.0,12.0,P Bankes
10/02/2017,Sheffield Weds,Birmingham,3.0,0.0,H,6.0,6.0,0.0,3.0,7.0,3.0,16.0,13.0,17.0,13.0,C Kavanagh
11/02/2017,Aston Villa,Ipswich,0.0,1.0,A,9.0,4.0,0.0,2.0,9.0,1.0,10.0,13.0,22.0,11.0,T Robinson
11/02/2017,Brighton,Burton,4.0,1.0,H,3.0,5.0,0.0,0.0,6.0,4.0,12.0,6.0,10.0,10.0,S Martin
11/02/2017,Derby,Bristol City,3.0,3.0,D,8.0,3.0,2.0,4.0,6.0,6.0,13.0,13.0,11.0,16.0,A Davies
11/02/2017,Fulham,Wigan,3.0,2.0,H,7.0,2.0,1.0,2.0,6.0,6.0,9.0,14.0,14.0,11.0,D Coote
11/02/2017,Leeds,Cardiff,0.0,2.0,A,5.0,3.0,2.0,1.0,3.0,4.0,15.0,10.0,17.0,10.0,J Linington
11/02/2017,Norwich,Nott'm Forest,5.0,1.0,H,8.0,1.0,1.0,2.0,9.0,1.0,10.0,12.0,13.0,6.0,S Duncan
11/02/2017,Preston,Brentford,4.0,2.0,H,2.0,6.0,0.0,2.0,9.0,4.0,7.0,9.0,17.0,12.0,T Harrington
11/02/2017,QPR,Huddersfield,1.0,2.0,A,7.0,3.0,3.0,1.0,5.0,4.0,17.0,13.0,16.0,11.0,P Bankes
11/02/2017,Reading,Barnsley,0.0,0.0,D,12.0,3.0,2.0,2.0,5.0,1.0,9.0,10.0,17.0,16.0,D Bond
11/02/2017,Rotherham,Blackburn,1.0,1.0,D,9.0,9.0,1.0,1.0,4.0,5.0,8.0,9.0,15.0,18.0,O Langford
11/02/2017,Wolves,Newcastle,0.0,1.0,A,5.0,3.0,1.0,5.0,2.0,2.0,14.0,17.0,13.0,6.0,C Pawson
14/02/2017,Aston Villa,Barnsley,1.0,3.0,A,10.0,2.0,0.0,2.0,6.0,6.0,18.0,16.0,22.0,7.0,G Eltringham
14/02/2017,Brighton,Ipswich,1.0,1.0,D,3.0,6.0,3.0,5.0,5.0,4.0,16.0,17.0,17.0,8.0,R East
14/02/2017,Derby,Cardiff,3.0,4.0,A,9.0,5.0,0.0,0.0,5.0,8.0,5.0,14.0,18.0,15.0,S Martin
14/02/2017,Fulham,Nott'm Forest,3.0,2.0,H,6.0,1.0,2.0,1.0,4.0,3.0,10.0,7.0,14.0,7.0,J Linington
14/02/2017,Leeds,Bristol City,2.0,1.0,H,4.0,5.0,2.0,3.0,4.0,9.0,12.0,9.0,15.0,19.0,J Simpson
14/02/2017,Norwich,Newcastle,2.0,2.0,D,2.0,6.0,2.0,2.0,3.0,8.0,12.0,7.0,8.0,20.0,A Madley
14/02/2017,Preston,Birmingham,2.0,1.0,H,4.0,3.0,2.0,3.0,5.0,2.0,12.0,13.0,14.0,11.0,T Robinson
14/02/2017,Reading,Brentford,3.0,2.0,H,4.0,9.0,2.0,3.0,3.0,6.0,11.0,11.0,12.0,23.0,K Stroud
14/02/2017,Rotherham,Huddersfield,2.0,3.0,A,4.0,13.0,0.0,1.0,7.0,9.0,6.0,9.0,14.0,33.0,S Attwell
14/02/2017,Sheffield Weds,Blackburn,2.0,1.0,H,7.0,5.0,3.0,1.0,6.0,4.0,13.0,15.0,13.0,12.0,S Duncan
14/02/2017,Wolves,Wigan,0.0,1.0,A,5.0,4.0,2.0,2.0,3.0,2.0,15.0,17.0,11.0,7.0,S Hooper
18/02/2017,Barnsley,Brighton,0.0,2.0,A,5.0,3.0,0.0,1.0,5.0,4.0,11.0,11.0,13.0,19.0,D Coote
18/02/2017,Birmingham,QPR,1.0,4.0,A,6.0,4.0,3.0,3.0,2.0,9.0,11.0,25.0,14.0,15.0,A Davies
18/02/2017,Burton,Norwich,2.0,1.0,H,3.0,6.0,0.0,1.0,3.0,2.0,10.0,8.0,7.0,10.0,L Probert
18/02/2017,Cardiff,Rotherham,5.0,0.0,H,3.0,1.0,0.0,2.0,8.0,4.0,10.0,11.0,17.0,7.0,J Simpson
18/02/2017,Ipswich,Leeds,1.0,1.0,D,9.0,1.0,1.0,0.0,3.0,1.0,10.0,11.0,10.0,4.0,K Stroud
18/02/2017,Nott'm Forest,Sheffield Weds,1.0,2.0,A,1.0,4.0,3.0,4.0,3.0,5.0,12.0,15.0,7.0,10.0,A Madley
18/02/2017,Wigan,Preston,0.0,0.0,D,5.0,3.0,0.0,2.0,1.0,3.0,12.0,13.0,18.0,10.0,C Kavanagh
20/02/2017,Newcastle,Aston Villa,2.0,0.0,H,6.0,4.0,2.0,0.0,6.0,1.0,13.0,9.0,14.0,8.0,P Bankes
21/02/2017,Derby,Burton,0.0,0.0,D,11.0,0.0,1.0,1.0,3.0,1.0,6.0,11.0,14.0,3.0,S Hooper
21/02/2017,Huddersfield,Reading,1.0,0.0,H,8.0,3.0,1.0,1.0,6.0,5.0,15.0,16.0,13.0,9.0,T Harrington
21/02/2017,QPR,Wigan,2.0,1.0,H,4.0,6.0,1.0,5.0,4.0,4.0,13.0,20.0,13.0,10.0,J Linington
21/02/2017,Sheffield Weds,Brentford,1.0,2.0,A,16.0,3.0,1.0,3.0,11.0,7.0,8.0,17.0,29.0,12.0,D Bond
22/02/2017,Bristol City,Fulham,0.0,2.0,A,5.0,5.0,1.0,2.0,2.0,3.0,11.0,10.0,7.0,11.0,T Robinson
24/02/2017,Burton,Blackburn,1.0,1.0,D,1.0,8.0,2.0,0.0,3.0,2.0,10.0,7.0,8.0,10.0,J Linington
24/02/2017,Wolves,Birmingham,1.0,2.0,A,10.0,2.0,2.0,5.0,2.0,3.0,13.0,18.0,19.0,8.0,S Martin
25/02/2017,Aston Villa,Derby,1.0,0.0,H,4.0,8.0,1.0,2.0,2.0,1.0,14.0,10.0,12.0,13.0,A Madley
25/02/2017,Barnsley,Huddersfield,1.0,1.0,D,5.0,10.0,2.0,5.0,3.0,6.0,11.0,19.0,9.0,18.0,T Robinson
25/02/2017,Brentford,Rotherham,4.0,2.0,H,9.0,7.0,1.0,1.0,8.0,5.0,8.0,13.0,20.0,12.0,A Davies
25/02/2017,Brighton,Reading,3.0,0.0,H,6.0,5.0,2.0,1.0,5.0,3.0,13.0,6.0,15.0,12.0,P Bankes
25/02/2017,Cardiff,Fulham,2.0,2.0,D,3.0,4.0,2.0,1.0,8.0,6.0,11.0,5.0,18.0,16.0,S Duncan
25/02/2017,Leeds,Sheffield Weds,1.0,0.0,H,2.0,5.0,5.0,2.0,1.0,1.0,18.0,14.0,6.0,10.0,M Jones
25/02/2017,Newcastle,Bristol City,2.0,2.0,D,13.0,4.0,0.0,1.0,5.0,5.0,11.0,10.0,21.0,9.0,C Kavanagh
25/02/2017,Preston,QPR,2.0,1.0,H,8.0,1.0,1.0,2.0,8.0,5.0,15.0,12.0,16.0,10.0,D Coote
25/02/2017,Wigan,Nott'm Forest,0.0,0.0,D,5.0,7.0,1.0,1.0,0.0,3.0,12.0,10.0,11.0,10.0,G Eltringham
26/02/2017,Norwich,Ipswich,1.0,1.0,D,14.0,1.0,0.0,2.0,7.0,1.0,12.0,8.0,23.0,4.0,O Langford
28/02/2017,Aston Villa,Bristol City,2.0,0.0,H,5.0,8.0,2.0,5.0,4.0,2.0,15.0,13.0,19.0,14.0,S Hooper
28/02/2017,Blackburn,Derby,1.0,0.0,H,5.0,3.0,4.0,2.0,6.0,2.0,8.0,9.0,14.0,18.0,D Bond
28/02/2017,Brighton,Newcastle,1.0,2.0,A,3.0,6.0,3.0,1.0,6.0,8.0,13.0,11.0,10.0,19.0,R Madley
03/03/2017,Birmingham,Leeds,1.0,3.0,A,8.0,0.0,2.0,0.0,6.0,6.0,7.0,12.0,27.0,10.0,C Kavanagh
04/03/2017,Blackburn,Wigan,1.0,0.0,H,8.0,5.0,1.0,1.0,2.0,2.0,6.0,10.0,14.0,12.0,J Simpson
04/03/2017,Bristol City,Burton,0.0,0.0,D,7.0,5.0,1.0,5.0,7.0,3.0,15.0,15.0,21.0,10.0,G Scott
04/03/2017,Derby,Barnsley,2.0,1.0,H,9.0,6.0,1.0,2.0,10.0,6.0,13.0,13.0,23.0,15.0,K Stroud
04/03/2017,Fulham,Preston,3.0,1.0,H,9.0,1.0,0.0,2.0,8.0,4.0,7.0,10.0,15.0,8.0,S Hooper
04/03/2017,Huddersfield,Newcastle,1.0,3.0,A,9.0,3.0,1.0,4.0,6.0,5.0,8.0,17.0,16.0,6.0,R East
04/03/2017,Ipswich,Brentford,1.0,1.0,D,2.0,10.0,0.0,0.0,2.0,2.0,16.0,9.0,8.0,15.0,S Duncan
04/03/2017,Nott'm Forest,Brighton,3.0,0.0,H,4.0,5.0,0.0,3.0,3.0,3.0,4.0,12.0,10.0,15.0,O Langford
04/03/2017,QPR,Cardiff,2.0,1.0,H,5.0,6.0,2.0,1.0,2.0,3.0,19.0,16.0,9.0,12.0,D England
04/03/2017,Reading,Wolves,2.0,1.0,H,2.0,6.0,2.0,1.0,3.0,5.0,12.0,17.0,6.0,14.0,A Madley
04/03/2017,Rotherham,Aston Villa,0.0,2.0,A,5.0,5.0,2.0,0.0,2.0,5.0,12.0,5.0,8.0,18.0,S Martin
04/03/2017,Sheffield Weds,Norwich,5.0,1.0,H,3.0,3.0,0.0,2.0,5.0,4.0,14.0,15.0,10.0,11.0,A Davies
07/03/2017,Birmingham,Wigan,0.0,1.0,A,6.0,3.0,1.0,1.0,2.0,3.0,9.0,18.0,12.0,12.0,S Duncan
07/03/2017,Blackburn,Cardiff,1.0,1.0,D,9.0,2.0,0.0,2.0,3.0,2.0,7.0,16.0,16.0,8.0,D Coote
07/03/2017,Bristol City,Norwich,1.0,1.0,D,8.0,2.0,1.0,2.0,7.0,1.0,11.0,19.0,17.0,7.0,S Martin
07/03/2017,Derby,Preston,1.0,1.0,D,3.0,3.0,1.0,1.0,5.0,1.0,7.0,12.0,15.0,6.0,J Linington
07/03/2017,Fulham,Leeds,1.0,1.0,D,14.0,4.0,3.0,2.0,5.0,2.0,6.0,10.0,23.0,7.0,L Probert
07/03/2017,Huddersfield,Aston Villa,1.0,0.0,H,2.0,4.0,3.0,4.0,2.0,1.0,14.0,12.0,9.0,9.0,D Bond
07/03/2017,Ipswich,Wolves,0.0,0.0,D,7.0,8.0,1.0,1.0,2.0,1.0,11.0,5.0,3.0,8.0,D Deadman
07/03/2017,Nott'm Forest,Brentford,2.0,3.0,A,6.0,1.0,2.0,1.0,9.0,4.0,7.0,15.0,15.0,10.0,T Robinson
07/03/2017,QPR,Barnsley,2.0,1.0,H,8.0,4.0,3.0,1.0,2.0,6.0,19.0,9.0,20.0,15.0,T Harrington
07/03/2017,Reading,Newcastle,0.0,0.0,D,7.0,5.0,1.0,0.0,1.0,5.0,8.0,6.0,6.0,13.0,A Davies
07/03/2017,Rotherham,Brighton,0.0,2.0,A,2.0,8.0,1.0,0.0,3.0,7.0,10.0,6.0,8.0,22.0,G Eltringham
07/03/2017,Sheffield Weds,Burton,1.0,1.0,D,11.0,4.0,0.0,1.0,5.0,4.0,10.0,6.0,20.0,9.0,P Bankes
10/03/2017,Brighton,Derby,3.0,0.0,H,8.0,2.0,0.0,0.0,6.0,0.0,16.0,11.0,16.0,3.0,C Kavanagh
11/03/2017,Aston Villa,Sheffield Weds,2.0,0.0,H,5.0,4.0,3.0,1.0,3.0,2.0,9.0,7.0,9.0,13.0,L Probert
11/03/2017,Barnsley,Ipswich,1.0,1.0,D,4.0,8.0,0.0,2.0,5.0,5.0,5.0,16.0,22.0,12.0,S Martin
11/03/2017,Brentford,Huddersfield,0.0,1.0,A,7.0,6.0,1.0,0.0,1.0,2.0,9.0,10.0,8.0,10.0,O Langford
11/03/2017,Burton,Nott'm Forest,1.0,0.0,H,4.0,5.0,0.0,1.0,1.0,3.0,10.0,8.0,9.0,11.0,K Stroud
11/03/2017,Cardiff,Birmingham,1.0,1.0,D,7.0,3.0,1.0,4.0,4.0,4.0,13.0,16.0,18.0,10.0,P Bankes
11/03/2017,Leeds,QPR,0.0,0.0,D,6.0,5.0,4.0,2.0,0.0,3.0,8.0,12.0,6.0,13.0,T Robinson
11/03/2017,Newcastle,Fulham,1.0,3.0,A,8.0,4.0,4.0,2.0,5.0,4.0,18.0,11.0,11.0,11.0,J Linington
11/03/2017,Norwich,Blackburn,2.0,2.0,D,3.0,1.0,3.0,3.0,4.0,2.0,15.0,9.0,11.0,18.0,S Hooper
11/03/2017,Preston,Reading,3.0,0.0,H,1.0,5.0,1.0,1.0,5.0,6.0,7.0,12.0,15.0,14.0,S Duncan
11/03/2017,Wigan,Bristol City,0.0,1.0,A,8.0,9.0,2.0,1.0,4.0,2.0,14.0,9.0,8.0,14.0,A Madley
11/03/2017,Wolves,Rotherham,1.0,0.0,H,8.0,3.0,1.0,1.0,5.0,2.0,9.0,15.0,10.0,12.0,J Simpson
14/03/2017,Brentford,Wolves,1.0,2.0,A,3.0,7.0,2.0,1.0,3.0,5.0,12.0,11.0,8.0,24.0,K Stroud
14/03/2017,Fulham,Blackburn,2.0,2.0,D,7.0,6.0,2.0,4.0,4.0,6.0,5.0,9.0,12.0,13.0,A Davies
17/03/2017,Bristol City,Huddersfield,4.0,0.0,H,1.0,1.0,0.0,1.0,5.0,5.0,21.0,16.0,9.0,12.0,D Coote
17/03/2017,Sheffield Weds,Reading,0.0,2.0,A,11.0,3.0,0.0,2.0,9.0,4.0,9.0,13.0,21.0,10.0,G Eltringham
18/03/2017,Birmingham,Newcastle,0.0,0.0,D,3.0,5.0,1.0,0.0,1.0,3.0,18.0,8.0,9.0,17.0,S Hooper
18/03/2017,Blackburn,Preston,2.0,2.0,D,3.0,5.0,1.0,2.0,3.0,4.0,8.0,10.0,11.0,15.0,S Attwell
18/03/2017,Burton,Brentford,3.0,5.0,A,5.0,6.0,0.0,1.0,7.0,11.0,5.0,13.0,17.0,20.0,A Madley
18/03/2017,Cardiff,Ipswich,3.0,1.0,H,3.0,4.0,0.0,2.0,8.0,3.0,10.0,18.0,19.0,7.0,J Linington
18/03/2017,Fulham,Wolves,1.0,3.0,A,5.0,2.0,0.0,3.0,4.0,5.0,3.0,10.0,15.0,9.0,C Kavanagh
18/03/2017,Leeds,Brighton,2.0,0.0,H,3.0,8.0,0.0,2.0,3.0,3.0,10.0,11.0,11.0,12.0,L Mason
18/03/2017,Norwich,Barnsley,2.0,0.0,H,4.0,7.0,1.0,0.0,9.0,4.0,15.0,9.0,16.0,15.0,D Bond
18/03/2017,Nott'm Forest,Derby,2.0,2.0,D,5.0,5.0,1.0,1.0,3.0,7.0,9.0,12.0,11.0,13.0,P Bankes
18/03/2017,QPR,Rotherham,5.0,1.0,H,2.0,2.0,0.0,1.0,7.0,1.0,10.0,11.0,11.0,2.0,O Langford
18/03/2017,Wigan,Aston Villa,0.0,2.0,A,9.0,7.0,1.0,2.0,6.0,3.0,11.0,14.0,15.0,8.0,T Harrington
31/03/2017,Derby,QPR,1.0,0.0,H,6.0,2.0,0.0,1.0,4.0,2.0,12.0,13.0,17.0,8.0,G Eltringham
01/04/2017,Aston Villa,Norwich,2.0,0.0,H,2.0,10.0,1.0,0.0,4.0,4.0,14.0,9.0,13.0,15.0,K Friend
01/04/2017,Barnsley,Sheffield Weds,1.0,1.0,D,3.0,1.0,3.0,3.0,6.0,2.0,10.0,17.0,13.0,14.0,J Simpson
01/04/2017,Brentford,Bristol City,2.0,0.0,H,6.0,3.0,0.0,2.0,7.0,2.0,14.0,11.0,16.0,14.0,S Hooper
01/04/2017,Brighton,Blackburn,1.0,0.0,H,5.0,6.0,1.0,1.0,7.0,0.0,14.0,11.0,11.0,7.0,T Harrington
01/04/2017,Huddersfield,Burton,0.0,1.0,A,9.0,4.0,1.0,6.0,5.0,4.0,12.0,13.0,18.0,10.0,S Duncan
01/04/2017,Ipswich,Birmingham,1.0,1.0,D,5.0,4.0,0.0,1.0,3.0,4.0,9.0,11.0,11.0,8.0,A Madley
01/04/2017,Newcastle,Wigan,2.0,1.0,H,6.0,4.0,1.0,2.0,6.0,3.0,12.0,14.0,18.0,6.0,D Coote
01/04/2017,Preston,Nott'm Forest,1.0,1.0,D,4.0,1.0,3.0,3.0,4.0,5.0,10.0,10.0,9.0,19.0,D Bond
01/04/2017,Reading,Leeds,1.0,0.0,H,2.0,6.0,3.0,0.0,2.0,2.0,10.0,15.0,8.0,10.0,K Stroud
01/04/2017,Rotherham,Fulham,0.0,1.0,A,5.0,4.0,1.0,1.0,2.0,2.0,10.0,14.0,8.0,10.0,T Robinson
01/04/2017,Wolves,Cardiff,3.0,1.0,H,4.0,6.0,1.0,3.0,5.0,2.0,12.0,9.0,10.0,10.0,A Davies
04/04/2017,Aston Villa,QPR,1.0,0.0,H,5.0,6.0,1.0,1.0,2.0,1.0,10.0,11.0,13.0,13.0,P Bankes
04/04/2017,Barnsley,Cardiff,0.0,0.0,D,9.0,2.0,1.0,3.0,5.0,2.0,8.0,13.0,15.0,6.0,S Duncan
04/04/2017,Brentford,Leeds,2.0,0.0,H,4.0,8.0,2.0,0.0,9.0,4.0,9.0,11.0,23.0,15.0,D Coote
04/04/2017,Brighton,Birmingham,3.0,1.0,H,3.0,8.0,2.0,1.0,3.0,3.0,16.0,8.0,9.0,13.0,D Bond
04/04/2017,Derby,Fulham,4.0,2.0,H,2.0,2.0,1.0,3.0,10.0,3.0,10.0,9.0,11.0,12.0,J Simpson
04/04/2017,Ipswich,Wigan,3.0,0.0,H,6.0,5.0,3.0,2.0,10.0,7.0,14.0,12.0,14.0,11.0,A Davies
04/04/2017,Preston,Bristol City,5.0,0.0,H,10.0,3.0,2.0,2.0,9.0,4.0,16.0,14.0,23.0,15.0,A Madley
04/04/2017,Reading,Blackburn,3.0,1.0,H,1.0,5.0,1.0,0.0,6.0,2.0,13.0,8.0,15.0,14.0,D Adcock
04/04/2017,Rotherham,Sheffield Weds,0.0,2.0,A,4.0,2.0,2.0,0.0,3.0,4.0,9.0,20.0,13.0,8.0,T Harrington
04/04/2017,Wolves,Nott'm Forest,1.0,0.0,H,5.0,4.0,2.0,0.0,5.0,4.0,13.0,6.0,13.0,8.0,J Linington
05/04/2017,Huddersfield,Norwich,3.0,0.0,H,5.0,3.0,1.0,3.0,9.0,2.0,6.0,15.0,17.0,5.0,C Kavanagh
05/04/2017,Newcastle,Burton,1.0,0.0,H,4.0,3.0,1.0,0.0,4.0,2.0,12.0,7.0,22.0,6.0,K Stroud
07/04/2017,QPR,Brighton,1.0,2.0,A,5.0,8.0,0.0,1.0,5.0,3.0,11.0,13.0,17.0,11.0,S Hooper
08/04/2017,Birmingham,Derby,1.0,2.0,A,9.0,3.0,0.0,2.0,3.0,5.0,9.0,14.0,22.0,12.0,A Davies
08/04/2017,Blackburn,Barnsley,0.0,2.0,A,9.0,5.0,2.0,1.0,2.0,5.0,9.0,12.0,15.0,12.0,O Langford
08/04/2017,Bristol City,Wolves,3.0,1.0,H,3.0,5.0,1.0,1.0,4.0,4.0,9.0,18.0,6.0,10.0,J Adcock
08/04/2017,Burton,Aston Villa,1.0,1.0,D,8.0,3.0,3.0,1.0,1.0,3.0,9.0,8.0,7.0,11.0,L Probert
08/04/2017,Cardiff,Brentford,2.0,1.0,H,3.0,4.0,2.0,0.0,10.0,2.0,16.0,11.0,14.0,15.0,D Bond
08/04/2017,Fulham,Ipswich,3.0,1.0,H,7.0,4.0,3.0,1.0,8.0,3.0,12.0,13.0,18.0,13.0,G Eltringham
08/04/2017,Leeds,Preston,3.0,0.0,H,4.0,7.0,1.0,0.0,6.0,6.0,11.0,6.0,15.0,15.0,P Bankes
08/04/2017,Norwich,Reading,7.0,1.0,H,5.0,1.0,1.0,2.0,13.0,5.0,9.0,9.0,31.0,12.0,J Linington
08/04/2017,Nott'm Forest,Huddersfield,2.0,0.0,H,7.0,4.0,1.0,2.0,7.0,6.0,12.0,13.0,17.0,16.0,T Robinson
08/04/2017,Sheffield Weds,Newcastle,2.0,1.0,H,3.0,4.0,2.0,1.0,3.0,8.0,8.0,12.0,11.0,16.0,S Attwell
08/04/2017,Wigan,Rotherham,3.0,2.0,H,8.0,2.0,1.0,2.0,5.0,7.0,13.0,14.0,13.0,9.0,S Duncan
13/04/2017,Wigan,Barnsley,3.0,2.0,H,6.0,1.0,3.0,4.0,7.0,3.0,10.0,24.0,25.0,8.0,S Hooper
14/04/2017,Brentford,Derby,4.0,0.0,H,1.0,6.0,2.0,3.0,6.0,2.0,7.0,14.0,11.0,10.0,T Robinson
14/04/2017,Bristol City,QPR,2.0,1.0,H,4.0,3.0,1.0,4.0,4.0,5.0,14.0,11.0,10.0,16.0,J Simpson
14/04/2017,Burton,Ipswich,1.0,2.0,A,7.0,5.0,0.0,1.0,3.0,5.0,8.0,12.0,17.0,10.0,O Langford
14/04/2017,Huddersfield,Preston,3.0,2.0,H,6.0,0.0,1.0,5.0,6.0,2.0,8.0,15.0,14.0,3.0,L Probert
14/04/2017,Newcastle,Leeds,1.0,1.0,D,19.0,0.0,2.0,3.0,4.0,2.0,7.0,16.0,22.0,4.0,C Kavanagh
14/04/2017,Norwich,Fulham,1.0,3.0,A,14.0,2.0,4.0,3.0,7.0,6.0,12.0,8.0,18.0,11.0,A Madley
14/04/2017,Nott'm Forest,Blackburn,0.0,1.0,A,7.0,4.0,3.0,4.0,3.0,1.0,17.0,13.0,12.0,7.0,R East
14/04/2017,Rotherham,Birmingham,1.0,1.0,D,3.0,4.0,2.0,3.0,3.0,4.0,17.0,10.0,12.0,13.0,J Linington
14/04/2017,Sheffield Weds,Cardiff,1.0,0.0,H,2.0,3.0,0.0,1.0,5.0,2.0,13.0,16.0,11.0,6.0,D Coote
14/04/2017,Wolves,Brighton,0.0,2.0,A,6.0,3.0,1.0,0.0,4.0,2.0,13.0,10.0,14.0,10.0,G Eltringham
15/04/2017,Aston Villa,Reading,1.0,3.0,A,6.0,6.0,1.0,3.0,4.0,8.0,7.0,10.0,15.0,13.0,S Duncan
17/04/2017,Barnsley,Brentford,1.0,1.0,D,9.0,4.0,1.0,0.0,8.0,4.0,9.0,9.0,25.0,14.0,R Jones
17/04/2017,Birmingham,Burton,0.0,2.0,A,3.0,3.0,2.0,1.0,2.0,3.0,13.0,14.0,20.0,8.0,P Bankes
17/04/2017,Blackburn,Bristol City,1.0,1.0,D,3.0,1.0,2.0,3.0,3.0,6.0,13.0,9.0,9.0,13.0,M Jones
17/04/2017,Brighton,Wigan,2.0,1.0,H,10.0,1.0,1.0,0.0,8.0,2.0,13.0,9.0,16.0,7.0,J Linington
17/04/2017,Cardiff,Nott'm Forest,1.0,0.0,H,1.0,7.0,0.0,0.0,2.0,1.0,13.0,14.0,15.0,23.0,A Madley
17/04/2017,Derby,Huddersfield,1.0,1.0,D,6.0,2.0,1.0,2.0,2.0,1.0,13.0,13.0,10.0,2.0,D Bond
17/04/2017,Fulham,Aston Villa,3.0,1.0,H,10.0,5.0,0.0,3.0,5.0,2.0,13.0,8.0,14.0,7.0,D Coote
17/04/2017,Ipswich,Newcastle,3.0,1.0,H,2.0,7.0,2.0,1.0,3.0,4.0,18.0,11.0,9.0,12.0,T Robinson
17/04/2017,Leeds,Wolves,0.0,1.0,A,10.0,5.0,2.0,2.0,2.0,4.0,9.0,12.0,12.0,11.0,J Simpson
17/04/2017,Preston,Norwich,1.0,3.0,A,6.0,8.0,0.0,1.0,3.0,10.0,10.0,17.0,16.0,23.0,J Adcock
17/04/2017,QPR,Sheffield Weds,1.0,2.0,A,6.0,6.0,1.0,1.0,3.0,5.0,11.0,14.0,13.0,10.0,A Davies
17/04/2017,Reading,Rotherham,2.0,1.0,H,13.0,4.0,0.0,2.0,9.0,3.0,8.0,13.0,16.0,6.0,C Kavanagh
21/04/2017,Norwich,Brighton,2.0,0.0,H,2.0,5.0,1.0,1.0,0.0,3.0,9.0,13.0,7.0,11.0,T Robinson
22/04/2017,Brentford,QPR,3.0,1.0,H,5.0,6.0,1.0,3.0,6.0,8.0,15.0,16.0,17.0,16.0,J Adcock
22/04/2017,Bristol City,Barnsley,3.0,2.0,H,11.0,4.0,1.0,1.0,8.0,4.0,8.0,11.0,24.0,12.0,S Duncan
22/04/2017,Burton,Leeds,2.0,1.0,H,6.0,8.0,1.0,0.0,3.0,2.0,7.0,9.0,11.0,10.0,D Bond
22/04/2017,Huddersfield,Fulham,1.0,4.0,A,6.0,0.0,1.0,2.0,2.0,6.0,9.0,11.0,13.0,10.0,A Davies
22/04/2017,Nott'm Forest,Reading,3.0,2.0,H,11.0,4.0,2.0,2.0,10.0,3.0,11.0,11.0,19.0,10.0,G Eltringham
22/04/2017,Rotherham,Ipswich,1.0,0.0,H,6.0,7.0,2.0,1.0,4.0,5.0,17.0,12.0,18.0,10.0,J Simpson
22/04/2017,Sheffield Weds,Derby,2.0,1.0,H,2.0,4.0,1.0,1.0,2.0,4.0,5.0,6.0,13.0,12.0,P Tierney
22/04/2017,Wigan,Cardiff,0.0,0.0,D,10.0,4.0,0.0,1.0,1.0,0.0,10.0,12.0,11.0,4.0,O Langford
22/04/2017,Wolves,Blackburn,0.0,0.0,D,0.0,5.0,1.0,3.0,1.0,2.0,14.0,14.0,5.0,5.0,D Coote
23/04/2017,Aston Villa,Birmingham,1.0,0.0,H,1.0,3.0,1.0,2.0,1.0,1.0,15.0,15.0,4.0,6.0,S Hooper
24/04/2017,Newcastle,Preston,4.0,1.0,H,16.0,1.0,2.0,1.0,7.0,2.0,8.0,9.0,22.0,6.0,A Madley
25/04/2017,Wolves,Huddersfield,0.0,1.0,A,3.0,4.0,3.0,0.0,3.0,4.0,13.0,8.0,7.0,15.0,T Robinson
28/04/2017,Cardiff,Newcastle,0.0,2.0,A,5.0,4.0,1.0,0.0,3.0,5.0,11.0,9.0,13.0,14.0,G Scott
29/04/2017,Barnsley,Burton,1.0,1.0,D,6.0,3.0,1.0,2.0,5.0,3.0,13.0,8.0,15.0,10.0,J Simpson
29/04/2017,Birmingham,Huddersfield,2.0,0.0,H,1.0,5.0,2.0,2.0,4.0,3.0,10.0,17.0,7.0,11.0,M Jones
29/04/2017,Blackburn,Aston Villa,1.0,0.0,H,7.0,1.0,0.0,0.0,4.0,2.0,11.0,5.0,14.0,8.0,G Eltringham
29/04/2017,Brighton,Bristol City,0.0,1.0,A,4.0,2.0,1.0,2.0,2.0,3.0,20.0,12.0,13.0,9.0,O Langford
29/04/2017,Derby,Wolves,3.0,1.0,H,4.0,2.0,1.0,1.0,6.0,3.0,9.0,8.0,17.0,7.0,C Kavanagh
29/04/2017,Fulham,Brentford,1.0,1.0,D,11.0,1.0,1.0,0.0,7.0,6.0,8.0,9.0,18.0,10.0,D Bond
29/04/2017,Ipswich,Sheffield Weds,0.0,1.0,A,1.0,6.0,1.0,0.0,2.0,2.0,11.0,13.0,6.0,14.0,J Adcock
29/04/2017,Leeds,Norwich,3.0,3.0,D,4.0,2.0,2.0,1.0,5.0,8.0,10.0,9.0,15.0,16.0,T Harrington
29/04/2017,Preston,Rotherham,1.0,1.0,D,7.0,5.0,0.0,1.0,4.0,7.0,10.0,19.0,18.0,14.0,R Jones
29/04/2017,QPR,Nott'm Forest,2.0,0.0,H,5.0,8.0,2.0,3.0,6.0,8.0,14.0,11.0,13.0,14.0,J Linington
29/04/2017,Reading,Wigan,1.0,0.0,H,3.0,8.0,5.0,1.0,2.0,3.0,12.0,9.0,10.0,20.0,T Robinson
07/05/2017,Aston Villa,Brighton,1.0,1.0,D,7.0,3.0,0.0,1.0,10.0,3.0,9.0,14.0,14.0,15.0,D Bond
07/05/2017,Brentford,Blackburn,1.0,3.0,A,10.0,4.0,0.0,1.0,5.0,5.0,7.0,4.0,22.0,16.0,T Harrington
07/05/2017,Bristol City,Birmingham,0.0,1.0,A,7.0,6.0,1.0,7.0,1.0,7.0,18.0,14.0,20.0,14.0,L Mason
07/05/2017,Burton,Reading,2.0,4.0,A,9.0,4.0,1.0,0.0,7.0,10.0,16.0,17.0,16.0,14.0,S Hooper
07/05/2017,Huddersfield,Cardiff,0.0,3.0,A,2.0,1.0,0.0,1.0,2.0,11.0,10.0,11.0,7.0,16.0,J Simpson
07/05/2017,Newcastle,Barnsley,3.0,0.0,H,10.0,4.0,1.0,0.0,8.0,3.0,9.0,9.0,15.0,8.0,J Linington
07/05/2017,Norwich,QPR,4.0,0.0,H,12.0,4.0,0.0,0.0,9.0,2.0,6.0,11.0,24.0,8.0,T Robinson
07/05/2017,Nott'm Forest,Ipswich,3.0,0.0,H,5.0,2.0,0.0,2.0,5.0,4.0,9.0,12.0,19.0,7.0,A Davies
07/05/2017,Rotherham,Derby,1.0,1.0,D,0.0,6.0,0.0,0.0,6.0,4.0,9.0,11.0,10.0,10.0,D Deadman
07/05/2017,Sheffield Weds,Fulham,1.0,2.0,A,2.0,10.0,0.0,1.0,2.0,6.0,9.0,8.0,7.0,18.0,G Scott
07/05/2017,Wigan,Leeds,1.0,1.0,D,1.0,5.0,1.0,2.0,3.0,3.0,15.0,16.0,9.0,17.0,S Duncan
07/05/2017,Wolves,Preston,1.0,0.0,H,5.0,3.0,1.0,2.0,3.0,2.0,18.0,13.0,13.0,11.0,D England
04/08/2017,Nott'm Forest,Millwall,1.0,0.0,H,5.0,4.0,0.0,1.0,2.0,6.0,13.0,15.0,11.0,23.0,P Bankes
04/08/2017,Sunderland,Derby,1.0,1.0,D,6.0,7.0,1.0,0.0,4.0,4.0,12.0,11.0,20.0,11.0,O Langford
05/08/2017,Aston Villa,Hull,1.0,1.0,D,5.0,3.0,2.0,0.0,5.0,5.0,13.0,11.0,12.0,14.0,A Madley
05/08/2017,Bristol City,Barnsley,3.0,1.0,H,3.0,2.0,1.0,2.0,11.0,5.0,14.0,9.0,20.0,10.0,A Davies
05/08/2017,Burton,Cardiff,0.0,1.0,A,4.0,6.0,1.0,0.0,0.0,6.0,13.0,15.0,3.0,16.0,G Eltringham
05/08/2017,Fulham,Norwich,1.0,1.0,D,7.0,1.0,3.0,2.0,3.0,5.0,12.0,10.0,16.0,19.0,J Linington
05/08/2017,Ipswich,Birmingham,1.0,0.0,H,8.0,2.0,1.0,1.0,2.0,3.0,11.0,14.0,12.0,12.0,T Robinson
05/08/2017,Preston,Sheffield Weds,1.0,0.0,H,6.0,3.0,2.0,3.0,3.0,1.0,17.0,18.0,11.0,6.0,T Harrington
05/08/2017,QPR,Reading,2.0,0.0,H,10.0,1.0,1.0,2.0,4.0,2.0,17.0,12.0,11.0,4.0,S Duncan
05/08/2017,Sheffield United,Brentford,1.0,0.0,H,6.0,3.0,0.0,0.0,2.0,5.0,6.0,9.0,9.0,12.0,S Martin
05/08/2017,Wolves,Middlesbrough,1.0,0.0,H,4.0,4.0,1.0,2.0,2.0,2.0,14.0,13.0,10.0,5.0,D Bond
06/08/2017,Bolton,Leeds,2.0,3.0,A,6.0,8.0,1.0,0.0,4.0,5.0,9.0,14.0,10.0,11.0,S Hooper
12/08/2017,Barnsley,Ipswich,1.0,2.0,A,11.0,7.0,1.0,2.0,10.0,2.0,11.0,14.0,25.0,9.0,G Eltringham
12/08/2017,Birmingham,Bristol City,2.0,1.0,H,2.0,10.0,0.0,2.0,8.0,3.0,15.0,15.0,18.0,25.0,D Bond
12/08/2017,Brentford,Nott'm Forest,3.0,4.0,A,12.0,3.0,1.0,3.0,9.0,6.0,11.0,13.0,20.0,13.0,J Linington
12/08/2017,Cardiff,Aston Villa,3.0,0.0,H,4.0,7.0,0.0,1.0,12.0,1.0,9.0,9.0,15.0,10.0,T Robinson
12/08/2017,Derby,Wolves,0.0,2.0,A,10.0,5.0,0.0,0.0,3.0,3.0,6.0,10.0,13.0,12.0,L Probert
12/08/2017,Hull,Burton,4.0,1.0,H,5.0,2.0,2.0,1.0,11.0,2.0,13.0,6.0,27.0,6.0,D England
12/08/2017,Leeds,Preston,0.0,0.0,D,6.0,4.0,1.0,1.0,4.0,1.0,14.0,14.0,12.0,9.0,S Duncan
12/08/2017,Middlesbrough,Sheffield United,1.0,0.0,H,4.0,3.0,1.0,1.0,2.0,3.0,19.0,11.0,15.0,7.0,P Bankes
12/08/2017,Millwall,Bolton,1.0,1.0,D,4.0,0.0,2.0,3.0,8.0,2.0,14.0,16.0,14.0,5.0,A Davies
12/08/2017,Reading,Fulham,1.0,1.0,D,9.0,3.0,3.0,1.0,6.0,3.0,18.0,7.0,23.0,6.0,S Hooper
12/08/2017,Sheffield Weds,QPR,1.0,1.0,D,4.0,1.0,0.0,3.0,4.0,4.0,10.0,16.0,14.0,10.0,C Kavanagh
13/08/2017,Norwich,Sunderland,1.0,3.0,A,13.0,1.0,0.0,1.0,3.0,5.0,16.0,18.0,14.0,9.0,A Madley
15/08/2017,Barnsley,Nott'm Forest,2.0,1.0,H,2.0,9.0,2.0,1.0,5.0,7.0,13.0,9.0,13.0,26.0,T Harrington
15/08/2017,Birmingham,Bolton,0.0,0.0,D,7.0,4.0,1.0,1.0,0.0,2.0,13.0,8.0,10.0,12.0,D England
15/08/2017,Brentford,Bristol City,2.0,2.0,D,5.0,3.0,2.0,3.0,10.0,5.0,16.0,13.0,24.0,8.0,P Bankes
15/08/2017,Cardiff,Sheffield United,2.0,0.0,H,7.0,6.0,2.0,1.0,6.0,4.0,11.0,8.0,19.0,13.0,L Mason
15/08/2017,Derby,Preston,1.0,0.0,H,4.0,4.0,2.0,3.0,5.0,4.0,14.0,15.0,15.0,9.0,G Eltringham
15/08/2017,Hull,Wolves,2.0,3.0,A,4.0,4.0,2.0,4.0,4.0,4.0,11.0,8.0,11.0,8.0,J Simpson
15/08/2017,Leeds,Fulham,0.0,0.0,D,3.0,3.0,2.0,1.0,1.0,1.0,12.0,10.0,9.0,15.0,D Bond
15/08/2017,Middlesbrough,Burton,2.0,0.0,H,3.0,7.0,1.0,2.0,6.0,0.0,10.0,12.0,16.0,3.0,T Robinson
15/08/2017,Millwall,Ipswich,3.0,4.0,A,8.0,3.0,1.0,4.0,6.0,4.0,17.0,19.0,23.0,8.0,J Linington
15/08/2017,Reading,Aston Villa,2.0,1.0,H,4.0,1.0,2.0,2.0,5.0,3.0,9.0,10.0,14.0,10.0,K Friend
16/08/2017,Norwich,QPR,2.0,0.0,H,8.0,3.0,1.0,1.0,6.0,3.0,9.0,9.0,14.0,9.0,O Langford
16/08/2017,Sheffield Weds,Sunderland,1.0,1.0,D,9.0,3.0,0.0,1.0,4.0,2.0,7.0,12.0,17.0,8.0,S Martin
18/08/2017,Burton,Birmingham,2.0,1.0,H,4.0,5.0,1.0,0.0,6.0,5.0,10.0,11.0,12.0,16.0,T Harrington
19/08/2017,Aston Villa,Norwich,4.0,2.0,H,3.0,3.0,1.0,3.0,8.0,3.0,14.0,11.0,20.0,9.0,J Simpson
19/08/2017,Bolton,Derby,1.0,2.0,A,3.0,2.0,2.0,1.0,1.0,2.0,12.0,10.0,7.0,10.0,S Martin
19/08/2017,Bristol City,Millwall,0.0,0.0,D,5.0,16.0,3.0,2.0,3.0,3.0,14.0,18.0,10.0,14.0,D England
19/08/2017,Fulham,Sheffield Weds,0.0,1.0,A,6.0,3.0,2.0,0.0,2.0,3.0,12.0,11.0,8.0,8.0,S Attwell
19/08/2017,Ipswich,Brentford,2.0,0.0,H,6.0,11.0,1.0,2.0,3.0,6.0,14.0,10.0,5.0,22.0,O Langford
19/08/2017,Nott'm Forest,Middlesbrough,2.0,1.0,H,5.0,5.0,2.0,4.0,3.0,7.0,5.0,22.0,11.0,17.0,G Scott
19/08/2017,Preston,Reading,1.0,0.0,H,4.0,5.0,2.0,3.0,8.0,1.0,17.0,18.0,21.0,7.0,A Madley
19/08/2017,QPR,Hull,2.0,1.0,H,11.0,5.0,3.0,3.0,5.0,6.0,17.0,14.0,11.0,12.0,J Linington
19/08/2017,Sheffield United,Barnsley,1.0,0.0,H,12.0,2.0,3.0,3.0,6.0,1.0,7.0,10.0,18.0,11.0,T Robinson
19/08/2017,Sunderland,Leeds,0.0,2.0,A,7.0,4.0,3.0,1.0,1.0,5.0,13.0,9.0,12.0,8.0,A Davies
19/08/2017,Wolves,Cardiff,1.0,2.0,A,2.0,4.0,2.0,4.0,3.0,5.0,14.0,13.0,12.0,17.0,S Duncan
25/08/2017,Bristol City,Aston Villa,1.0,1.0,D,8.0,1.0,1.0,1.0,5.0,4.0,11.0,16.0,12.0,12.0,G Eltringham
25/08/2017,Hull,Bolton,4.0,0.0,H,5.0,5.0,1.0,1.0,5.0,5.0,8.0,15.0,7.0,9.0,O Langford
26/08/2017,Barnsley,Sunderland,3.0,0.0,H,7.0,3.0,1.0,3.0,6.0,3.0,11.0,7.0,11.0,11.0,C Kavanagh
26/08/2017,Birmingham,Reading,0.0,2.0,A,4.0,3.0,0.0,0.0,2.0,5.0,10.0,5.0,14.0,13.0,S Martin
26/08/2017,Brentford,Wolves,0.0,0.0,D,8.0,6.0,1.0,1.0,2.0,4.0,11.0,10.0,14.0,15.0,T Robinson
26/08/2017,Burton,Sheffield Weds,1.0,1.0,D,6.0,5.0,0.0,2.0,4.0,3.0,7.0,17.0,12.0,11.0,D Bond
26/08/2017,Cardiff,QPR,2.0,1.0,H,8.0,2.0,0.0,1.0,8.0,1.0,12.0,16.0,17.0,8.0,S Hooper
26/08/2017,Ipswich,Fulham,0.0,2.0,A,5.0,6.0,1.0,0.0,2.0,7.0,18.0,12.0,6.0,18.0,P Tierney
26/08/2017,Middlesbrough,Preston,0.0,0.0,D,3.0,8.0,1.0,2.0,1.0,3.0,13.0,16.0,5.0,12.0,D England
26/08/2017,Millwall,Norwich,4.0,0.0,H,5.0,6.0,2.0,1.0,5.0,7.0,13.0,7.0,11.0,15.0,T Harrington
26/08/2017,Nott'm Forest,Leeds,0.0,2.0,A,4.0,2.0,3.0,2.0,1.0,4.0,10.0,11.0,5.0,18.0,J Simpson
26/08/2017,Sheffield United,Derby,3.0,1.0,H,6.0,2.0,3.0,3.0,4.0,2.0,15.0,12.0,5.0,15.0,A Madley
08/09/2017,Derby,Hull,5.0,0.0,H,3.0,9.0,0.0,0.0,7.0,3.0,16.0,7.0,15.0,18.0,D Bond
09/09/2017,Aston Villa,Brentford,0.0,0.0,D,5.0,4.0,0.0,0.0,1.0,5.0,10.0,14.0,10.0,18.0,S Duncan
09/09/2017,Bolton,Middlesbrough,0.0,3.0,A,4.0,7.0,1.0,1.0,4.0,5.0,10.0,14.0,9.0,14.0,G Eltringham
09/09/2017,Fulham,Cardiff,1.0,1.0,D,5.0,2.0,4.0,3.0,4.0,2.0,18.0,22.0,12.0,11.0,T Harrington
09/09/2017,Leeds,Burton,5.0,0.0,H,10.0,1.0,0.0,1.0,10.0,0.0,11.0,12.0,30.0,1.0,O Langford
09/09/2017,Norwich,Birmingham,1.0,0.0,H,5.0,6.0,1.0,5.0,4.0,1.0,15.0,18.0,14.0,9.0,S Hooper
09/09/2017,Preston,Barnsley,1.0,1.0,D,10.0,2.0,1.0,2.0,5.0,3.0,12.0,12.0,17.0,10.0,P Bankes
09/09/2017,QPR,Ipswich,2.0,1.0,H,9.0,4.0,1.0,2.0,8.0,2.0,14.0,11.0,21.0,12.0,A Davies
09/09/2017,Reading,Bristol City,0.0,1.0,A,3.0,4.0,1.0,1.0,5.0,2.0,10.0,10.0,15.0,7.0,J Linington
09/09/2017,Sheffield Weds,Nott'm Forest,3.0,1.0,H,8.0,4.0,1.0,0.0,7.0,5.0,5.0,13.0,18.0,11.0,A Madley
09/09/2017,Sunderland,Sheffield United,1.0,2.0,A,2.0,4.0,1.0,2.0,1.0,5.0,13.0,13.0,5.0,8.0,J Simpson
09/09/2017,Wolves,Millwall,1.0,0.0,H,6.0,4.0,1.0,1.0,8.0,2.0,11.0,9.0,19.0,8.0,R Madley
12/09/2017,Aston Villa,Middlesbrough,0.0,0.0,D,6.0,5.0,2.0,1.0,6.0,2.0,12.0,11.0,18.0,5.0,J Linington
12/09/2017,Bolton,Sheffield United,0.0,1.0,A,3.0,2.0,3.0,1.0,2.0,3.0,14.0,14.0,13.0,8.0,S Attwell
12/09/2017,Leeds,Birmingham,2.0,0.0,H,2.0,8.0,1.0,3.0,5.0,5.0,8.0,14.0,17.0,14.0,P Bankes
12/09/2017,Norwich,Burton,0.0,0.0,D,10.0,3.0,3.0,2.0,2.0,2.0,16.0,5.0,18.0,7.0,A Davies
12/09/2017,Preston,Cardiff,3.0,0.0,H,5.0,4.0,3.0,3.0,7.0,1.0,14.0,15.0,16.0,10.0,O Langford
12/09/2017,QPR,Millwall,2.0,2.0,D,7.0,5.0,2.0,5.0,14.0,5.0,15.0,18.0,31.0,14.0,R East
12/09/2017,Sheffield Weds,Brentford,2.0,1.0,H,8.0,8.0,3.0,0.0,8.0,5.0,11.0,11.0,16.0,17.0,J Simpson
12/09/2017,Sunderland,Nott'm Forest,0.0,1.0,A,6.0,4.0,1.0,1.0,3.0,2.0,13.0,12.0,14.0,8.0,S Hooper
12/09/2017,Wolves,Bristol City,3.0,3.0,D,9.0,8.0,1.0,2.0,6.0,4.0,15.0,9.0,21.0,12.0,S Martin
13/09/2017,Fulham,Hull,2.0,1.0,H,6.0,3.0,0.0,0.0,4.0,6.0,8.0,15.0,16.0,10.0,T Robinson
16/09/2017,Barnsley,Aston Villa,0.0,3.0,A,6.0,1.0,1.0,2.0,2.0,7.0,8.0,11.0,12.0,10.0,S Hooper
16/09/2017,Birmingham,Preston,1.0,3.0,A,7.0,5.0,2.0,4.0,2.0,6.0,7.0,18.0,6.0,14.0,K Stroud
16/09/2017,Brentford,Reading,1.0,1.0,D,3.0,6.0,3.0,4.0,6.0,2.0,18.0,17.0,20.0,10.0,T Harrington
16/09/2017,Bristol City,Derby,4.0,1.0,H,5.0,6.0,1.0,2.0,9.0,2.0,18.0,13.0,25.0,11.0,M Atkinson
16/09/2017,Burton,Fulham,2.0,1.0,H,2.0,8.0,1.0,1.0,6.0,2.0,11.0,11.0,11.0,15.0,S Martin
16/09/2017,Cardiff,Sheffield Weds,1.0,1.0,D,6.0,3.0,1.0,2.0,8.0,2.0,5.0,9.0,16.0,8.0,L Probert
16/09/2017,Hull,Sunderland,1.0,1.0,D,11.0,2.0,2.0,5.0,7.0,3.0,13.0,10.0,20.0,9.0,D England
16/09/2017,Ipswich,Bolton,2.0,0.0,H,6.0,8.0,1.0,3.0,5.0,3.0,15.0,11.0,13.0,16.0,A Madley
16/09/2017,Middlesbrough,QPR,3.0,2.0,H,6.0,1.0,4.0,4.0,8.0,2.0,17.0,14.0,16.0,10.0,D Bond
16/09/2017,Millwall,Leeds,1.0,0.0,H,14.0,2.0,1.0,3.0,6.0,0.0,12.0,13.0,20.0,1.0,T Robinson
16/09/2017,Nott'm Forest,Wolves,1.0,2.0,A,1.0,4.0,2.0,2.0,6.0,6.0,4.0,15.0,7.0,11.0,G Eltringham
16/09/2017,Sheffield United,Norwich,0.0,1.0,A,6.0,2.0,2.0,5.0,4.0,3.0,7.0,14.0,17.0,11.0,S Duncan
23/09/2017,Aston Villa,Nott'm Forest,2.0,1.0,H,3.0,4.0,1.0,3.0,4.0,5.0,14.0,9.0,11.0,13.0,T Robinson
23/09/2017,Bolton,Brentford,0.0,3.0,A,5.0,6.0,2.0,1.0,3.0,10.0,22.0,13.0,10.0,22.0,D England
23/09/2017,Derby,Birmingham,1.0,1.0,D,4.0,6.0,1.0,1.0,4.0,2.0,14.0,10.0,10.0,10.0,R East
23/09/2017,Fulham,Middlesbrough,1.0,1.0,D,6.0,3.0,2.0,1.0,4.0,3.0,16.0,8.0,10.0,14.0,O Langford
23/09/2017,Leeds,Ipswich,3.0,2.0,H,6.0,12.0,1.0,2.0,2.0,3.0,11.0,11.0,9.0,14.0,G Eltringham
23/09/2017,Norwich,Bristol City,0.0,0.0,D,3.0,6.0,1.0,1.0,1.0,3.0,15.0,19.0,15.0,10.0,K Stroud
23/09/2017,Preston,Millwall,0.0,0.0,D,7.0,6.0,3.0,1.0,2.0,1.0,18.0,16.0,12.0,10.0,D Bond
23/09/2017,QPR,Burton,0.0,0.0,D,8.0,6.0,0.0,0.0,4.0,1.0,17.0,11.0,13.0,5.0,A Madley
23/09/2017,Reading,Hull,1.0,1.0,D,9.0,1.0,0.0,0.0,3.0,2.0,11.0,6.0,13.0,5.0,S Martin
23/09/2017,Sunderland,Cardiff,1.0,2.0,A,1.0,8.0,3.0,3.0,4.0,7.0,18.0,19.0,11.0,20.0,P Bankes
23/09/2017,Wolves,Barnsley,2.0,1.0,H,5.0,8.0,3.0,1.0,4.0,3.0,15.0,4.0,14.0,13.0,J Simpson
24/09/2017,Sheffield Weds,Sheffield United,2.0,4.0,A,9.0,7.0,1.0,2.0,2.0,7.0,13.0,18.0,12.0,12.0,S Hooper
26/09/2017,Barnsley,QPR,1.0,1.0,D,2.0,6.0,1.0,2.0,3.0,4.0,15.0,8.0,9.0,14.0,G Eltringham
26/09/2017,Brentford,Derby,1.0,1.0,D,11.0,0.0,3.0,5.0,2.0,2.0,7.0,12.0,14.0,3.0,A Davies
26/09/2017,Bristol City,Bolton,2.0,0.0,H,9.0,1.0,2.0,2.0,8.0,3.0,8.0,21.0,20.0,5.0,T Harrington
26/09/2017,Burton,Aston Villa,0.0,4.0,A,4.0,4.0,0.0,0.0,2.0,5.0,8.0,12.0,10.0,10.0,J Moss
26/09/2017,Cardiff,Leeds,3.0,1.0,H,2.0,0.0,0.0,1.0,6.0,3.0,16.0,15.0,16.0,8.0,K Friend
26/09/2017,Hull,Preston,1.0,2.0,A,6.0,2.0,4.0,2.0,3.0,7.0,21.0,18.0,12.0,15.0,J Linington
26/09/2017,Ipswich,Sunderland,5.0,2.0,H,5.0,4.0,1.0,2.0,11.0,6.0,12.0,10.0,19.0,14.0,T Robinson
26/09/2017,Middlesbrough,Norwich,0.0,1.0,A,13.0,1.0,1.0,4.0,5.0,2.0,8.0,16.0,21.0,5.0,J Simpson
26/09/2017,Millwall,Reading,2.0,1.0,H,3.0,4.0,1.0,0.0,4.0,3.0,12.0,10.0,6.0,8.0,A Madley
26/09/2017,Nott'm Forest,Fulham,1.0,3.0,A,3.0,3.0,2.0,0.0,4.0,7.0,11.0,9.0,20.0,16.0,S Duncan
27/09/2017,Birmingham,Sheffield Weds,1.0,0.0,H,4.0,10.0,0.0,0.0,3.0,3.0,6.0,11.0,9.0,17.0,S Martin
27/09/2017,Sheffield United,Wolves,2.0,0.0,H,11.0,2.0,3.0,1.0,5.0,2.0,18.0,8.0,11.0,7.0,P Bankes
29/09/2017,QPR,Fulham,1.0,2.0,A,10.0,2.0,3.0,3.0,4.0,2.0,13.0,21.0,25.0,12.0,P Bankes
30/09/2017,Aston Villa,Bolton,1.0,0.0,H,5.0,4.0,1.0,3.0,3.0,3.0,15.0,15.0,11.0,10.0,J Simpson
30/09/2017,Burton,Wolves,0.0,4.0,A,9.0,4.0,1.0,0.0,2.0,6.0,10.0,12.0,11.0,14.0,T Harrington
30/09/2017,Cardiff,Derby,0.0,0.0,D,8.0,2.0,2.0,1.0,2.0,2.0,18.0,18.0,14.0,7.0,J Linington
30/09/2017,Hull,Birmingham,6.0,1.0,H,3.0,4.0,0.0,0.0,11.0,3.0,12.0,12.0,17.0,13.0,S Duncan
30/09/2017,Ipswich,Bristol City,1.0,3.0,A,1.0,4.0,2.0,2.0,3.0,5.0,14.0,13.0,9.0,16.0,S Hooper
30/09/2017,Middlesbrough,Brentford,2.0,2.0,D,3.0,7.0,3.0,3.0,3.0,2.0,21.0,13.0,8.0,14.0,P Tierney
30/09/2017,Millwall,Barnsley,1.0,3.0,A,9.0,2.0,2.0,3.0,6.0,9.0,12.0,16.0,14.0,16.0,O Langford
30/09/2017,Nott'm Forest,Sheffield United,2.0,1.0,H,4.0,9.0,3.0,4.0,5.0,4.0,7.0,12.0,14.0,16.0,A Davies
30/09/2017,Preston,Sunderland,2.0,2.0,D,2.0,5.0,1.0,1.0,2.0,4.0,16.0,15.0,9.0,11.0,C Kavanagh
30/09/2017,Reading,Norwich,1.0,2.0,A,1.0,1.0,4.0,1.0,1.0,3.0,19.0,14.0,7.0,6.0,T Robinson
01/10/2017,Sheffield Weds,Leeds,3.0,0.0,H,7.0,4.0,1.0,0.0,7.0,2.0,15.0,13.0,16.0,11.0,A Madley
13/10/2017,Birmingham,Cardiff,1.0,0.0,H,6.0,8.0,2.0,1.0,2.0,0.0,14.0,17.0,6.0,7.0,G Eltringham
13/10/2017,Bristol City,Burton,0.0,0.0,D,9.0,0.0,0.0,1.0,4.0,0.0,19.0,13.0,11.0,4.0,J Linington
14/10/2017,Barnsley,Middlesbrough,2.0,2.0,D,4.0,7.0,2.0,0.0,3.0,6.0,10.0,11.0,11.0,21.0,L Mason
14/10/2017,Bolton,Sheffield Weds,2.0,1.0,H,10.0,6.0,3.0,3.0,6.0,10.0,8.0,10.0,18.0,16.0,D Coote
14/10/2017,Brentford,Millwall,1.0,0.0,H,6.0,9.0,2.0,1.0,3.0,6.0,13.0,10.0,18.0,19.0,L Probert
14/10/2017,Fulham,Preston,2.0,2.0,D,5.0,4.0,1.0,3.0,6.0,5.0,9.0,13.0,17.0,14.0,D England
14/10/2017,Leeds,Reading,0.0,1.0,A,6.0,5.0,5.0,2.0,3.0,4.0,16.0,10.0,15.0,10.0,J Simpson
14/10/2017,Norwich,Hull,1.0,1.0,D,10.0,7.0,1.0,2.0,6.0,3.0,6.0,17.0,25.0,8.0,K Stroud
14/10/2017,Sheffield United,Ipswich,1.0,0.0,H,8.0,4.0,2.0,1.0,2.0,2.0,9.0,16.0,6.0,8.0,T Harrington
14/10/2017,Sunderland,QPR,1.0,1.0,D,15.0,9.0,0.0,0.0,5.0,12.0,15.0,12.0,9.0,17.0,S Martin
14/10/2017,Wolves,Aston Villa,2.0,0.0,H,6.0,2.0,0.0,2.0,6.0,1.0,11.0,9.0,20.0,7.0,A Davies
15/10/2017,Derby,Nott'm Forest,2.0,0.0,H,7.0,7.0,0.0,1.0,4.0,5.0,10.0,6.0,14.0,19.0,A Madley
21/10/2017,Aston Villa,Fulham,2.0,1.0,H,2.0,5.0,1.0,2.0,6.0,2.0,14.0,14.0,15.0,9.0,M Jones
21/10/2017,Barnsley,Hull,0.0,1.0,A,3.0,7.0,1.0,3.0,5.0,3.0,13.0,12.0,23.0,8.0,P Bankes
21/10/2017,Bolton,QPR,1.0,1.0,D,4.0,8.0,0.0,0.0,2.0,4.0,13.0,8.0,13.0,15.0,J Linington
21/10/2017,Brentford,Sunderland,3.0,3.0,D,6.0,9.0,2.0,4.0,9.0,3.0,14.0,14.0,18.0,11.0,D England
21/10/2017,Bristol City,Leeds,0.0,3.0,A,6.0,3.0,3.0,3.0,2.0,5.0,11.0,14.0,12.0,13.0,O Langford
21/10/2017,Derby,Sheffield Weds,2.0,0.0,H,6.0,4.0,2.0,2.0,7.0,0.0,8.0,6.0,15.0,11.0,S Duncan
21/10/2017,Middlesbrough,Cardiff,0.0,1.0,A,8.0,2.0,2.0,2.0,2.0,3.0,19.0,12.0,11.0,8.0,A Madley
21/10/2017,Millwall,Birmingham,2.0,0.0,H,6.0,3.0,2.0,2.0,3.0,4.0,13.0,15.0,14.0,16.0,S Hooper
21/10/2017,Nott'm Forest,Burton,2.0,0.0,H,4.0,6.0,0.0,2.0,6.0,1.0,13.0,11.0,13.0,10.0,K Stroud
21/10/2017,Sheffield United,Reading,2.0,1.0,H,4.0,4.0,1.0,2.0,4.0,1.0,13.0,17.0,14.0,6.0,D Coote
21/10/2017,Wolves,Preston,3.0,2.0,H,3.0,3.0,3.0,3.0,6.0,2.0,11.0,17.0,11.0,10.0,S Martin
22/10/2017,Ipswich,Norwich,0.0,1.0,A,6.0,5.0,3.0,0.0,2.0,5.0,12.0,10.0,16.0,10.0,T Robinson
27/10/2017,Leeds,Sheffield United,1.0,2.0,A,0.0,5.0,2.0,6.0,2.0,6.0,9.0,18.0,8.0,12.0,S Duncan
28/10/2017,Burton,Ipswich,1.0,2.0,A,4.0,5.0,1.0,3.0,6.0,5.0,18.0,15.0,18.0,9.0,S Hooper
28/10/2017,Cardiff,Millwall,0.0,0.0,D,5.0,6.0,2.0,1.0,4.0,2.0,12.0,10.0,13.0,7.0,S Martin
28/10/2017,Fulham,Bolton,1.0,1.0,D,11.0,5.0,1.0,4.0,5.0,3.0,9.0,17.0,19.0,13.0,G Eltringham
28/10/2017,Hull,Nott'm Forest,2.0,3.0,A,4.0,4.0,4.0,3.0,6.0,5.0,16.0,16.0,18.0,11.0,J Simpson
28/10/2017,Norwich,Derby,1.0,2.0,A,6.0,3.0,1.0,3.0,4.0,5.0,15.0,13.0,18.0,12.0,P Bankes
28/10/2017,Preston,Brentford,2.0,3.0,A,4.0,5.0,3.0,0.0,3.0,4.0,13.0,9.0,13.0,17.0,D Coote
28/10/2017,QPR,Wolves,2.0,1.0,H,3.0,4.0,3.0,1.0,6.0,2.0,16.0,16.0,17.0,8.0,T Harrington
28/10/2017,Reading,Middlesbrough,0.0,2.0,A,3.0,3.0,1.0,1.0,3.0,3.0,8.0,11.0,9.0,10.0,O Langford
28/10/2017,Sheffield Weds,Barnsley,1.0,1.0,D,7.0,5.0,2.0,1.0,6.0,4.0,9.0,6.0,22.0,12.0,A Taylor
28/10/2017,Sunderland,Bristol City,1.0,2.0,A,6.0,5.0,2.0,2.0,4.0,4.0,10.0,13.0,13.0,13.0,D Bond
29/10/2017,Birmingham,Aston Villa,0.0,0.0,D,3.0,4.0,3.0,2.0,3.0,4.0,16.0,13.0,15.0,13.0,A Madley
31/10/2017,Burton,Barnsley,2.0,4.0,A,5.0,4.0,0.0,1.0,4.0,6.0,13.0,12.0,14.0,9.0,J Simpson
31/10/2017,Cardiff,Ipswich,3.0,1.0,H,5.0,7.0,1.0,1.0,8.0,2.0,13.0,13.0,19.0,9.0,O Langford
31/10/2017,Fulham,Bristol City,0.0,2.0,A,2.0,4.0,0.0,2.0,2.0,5.0,13.0,14.0,21.0,15.0,S Duncan
31/10/2017,Hull,Middlesbrough,1.0,3.0,A,5.0,5.0,2.0,2.0,4.0,6.0,12.0,12.0,6.0,9.0,T Robinson
31/10/2017,Leeds,Derby,1.0,2.0,A,5.0,8.0,2.0,2.0,1.0,3.0,14.0,16.0,7.0,8.0,S Hooper
31/10/2017,Norwich,Wolves,0.0,2.0,A,6.0,7.0,4.0,4.0,2.0,4.0,11.0,24.0,14.0,15.0,D England
31/10/2017,QPR,Sheffield United,1.0,0.0,H,4.0,6.0,2.0,2.0,2.0,1.0,15.0,8.0,12.0,5.0,K Stroud
31/10/2017,Reading,Nott'm Forest,3.0,1.0,H,4.0,4.0,0.0,1.0,7.0,6.0,11.0,11.0,11.0,14.0,P Tierney
31/10/2017,Sheffield Weds,Millwall,2.0,1.0,H,8.0,5.0,0.0,0.0,5.0,3.0,10.0,11.0,17.0,13.0,J Linington
31/10/2017,Sunderland,Bolton,3.0,3.0,D,11.0,9.0,1.0,0.0,5.0,4.0,6.0,12.0,9.0,10.0,T Harrington
01/11/2017,Birmingham,Brentford,0.0,2.0,A,7.0,4.0,2.0,1.0,2.0,5.0,9.0,7.0,15.0,16.0,J Moss
01/11/2017,Preston,Aston Villa,0.0,2.0,A,3.0,1.0,1.0,1.0,2.0,3.0,10.0,17.0,8.0,9.0,P Bankes
03/11/2017,Wolves,Fulham,2.0,0.0,H,4.0,1.0,2.0,4.0,5.0,2.0,16.0,7.0,15.0,10.0,D Coote
04/11/2017,Aston Villa,Sheffield Weds,1.0,2.0,A,6.0,2.0,0.0,1.0,4.0,2.0,8.0,12.0,12.0,9.0,G Eltringham
04/11/2017,Barnsley,Birmingham,2.0,0.0,H,8.0,2.0,0.0,2.0,6.0,3.0,7.0,13.0,17.0,10.0,J Linington
04/11/2017,Bolton,Norwich,2.0,1.0,H,4.0,5.0,4.0,2.0,6.0,4.0,16.0,10.0,17.0,16.0,S Martin
04/11/2017,Brentford,Leeds,3.0,1.0,H,5.0,2.0,3.0,2.0,6.0,7.0,8.0,14.0,18.0,13.0,S Attwell
04/11/2017,Bristol City,Cardiff,2.0,1.0,H,11.0,3.0,3.0,2.0,6.0,3.0,17.0,11.0,14.0,15.0,M Jones
04/11/2017,Derby,Reading,2.0,4.0,A,9.0,0.0,4.0,3.0,4.0,5.0,20.0,12.0,13.0,8.0,K Stroud
04/11/2017,Ipswich,Preston,3.0,0.0,H,2.0,1.0,1.0,3.0,5.0,3.0,11.0,8.0,11.0,12.0,A Madley
04/11/2017,Millwall,Burton,0.0,1.0,A,5.0,1.0,1.0,2.0,2.0,1.0,10.0,16.0,12.0,2.0,T Harrington
04/11/2017,Nott'm Forest,QPR,4.0,0.0,H,6.0,3.0,1.0,1.0,6.0,2.0,13.0,7.0,18.0,14.0,T Robinson
04/11/2017,Sheffield United,Hull,4.0,1.0,H,10.0,0.0,1.0,2.0,6.0,2.0,6.0,13.0,16.0,7.0,D Bond
05/11/2017,Middlesbrough,Sunderland,1.0,0.0,H,1.0,5.0,1.0,4.0,4.0,3.0,13.0,17.0,6.0,10.0,J Simpson
17/11/2017,Burton,Sheffield United,1.0,3.0,A,4.0,5.0,1.0,0.0,3.0,5.0,11.0,10.0,9.0,14.0,O Langford
17/11/2017,Preston,Bolton,0.0,0.0,D,5.0,6.0,2.0,3.0,4.0,3.0,13.0,12.0,12.0,9.0,S Hooper
18/11/2017,Birmingham,Nott'm Forest,1.0,0.0,H,5.0,12.0,2.0,2.0,3.0,4.0,10.0,9.0,15.0,13.0,C Kavanagh
18/11/2017,Cardiff,Brentford,2.0,0.0,H,3.0,10.0,2.0,0.0,7.0,7.0,16.0,10.0,13.0,25.0,A Madley
18/11/2017,Fulham,Derby,1.0,1.0,D,10.0,2.0,1.0,0.0,2.0,2.0,13.0,8.0,12.0,5.0,D Bond
18/11/2017,Hull,Ipswich,2.0,2.0,D,3.0,6.0,3.0,5.0,4.0,5.0,20.0,23.0,11.0,13.0,D Coote
18/11/2017,Norwich,Barnsley,1.0,1.0,D,6.0,5.0,1.0,2.0,2.0,6.0,11.0,7.0,12.0,17.0,S Duncan
18/11/2017,QPR,Aston Villa,1.0,2.0,A,4.0,6.0,2.0,3.0,4.0,6.0,12.0,12.0,14.0,26.0,D England
18/11/2017,Reading,Wolves,0.0,2.0,A,6.0,8.0,2.0,2.0,6.0,4.0,7.0,14.0,16.0,10.0,R East
18/11/2017,Sheffield Weds,Bristol City,0.0,0.0,D,6.0,2.0,1.0,1.0,0.0,2.0,10.0,12.0,9.0,10.0,T Harrington
18/11/2017,Sunderland,Millwall,2.0,2.0,D,6.0,2.0,3.0,0.0,5.0,3.0,9.0,17.0,11.0,11.0,T Robinson
19/11/2017,Leeds,Middlesbrough,2.0,1.0,H,3.0,10.0,5.0,3.0,2.0,2.0,13.0,16.0,12.0,10.0,K Stroud
21/11/2017,Aston Villa,Sunderland,2.0,1.0,H,2.0,2.0,0.0,0.0,5.0,2.0,11.0,11.0,8.0,5.0,S Martin
21/11/2017,Barnsley,Cardiff,0.0,1.0,A,4.0,4.0,0.0,2.0,1.0,4.0,11.0,13.0,9.0,9.0,D Coote
21/11/2017,Bolton,Reading,2.0,2.0,D,6.0,9.0,2.0,0.0,4.0,4.0,18.0,8.0,15.0,13.0,A Madley
21/11/2017,Brentford,Burton,1.0,1.0,D,10.0,5.0,1.0,1.0,2.0,1.0,9.0,12.0,13.0,4.0,C Kavanagh
21/11/2017,Bristol City,Preston,1.0,2.0,A,5.0,0.0,1.0,3.0,4.0,5.0,6.0,16.0,13.0,13.0,D Bond
21/11/2017,Derby,QPR,2.0,0.0,H,4.0,2.0,2.0,3.0,4.0,1.0,8.0,14.0,13.0,9.0,P Tierney
21/11/2017,Millwall,Hull,0.0,0.0,D,6.0,4.0,1.0,2.0,5.0,2.0,8.0,18.0,15.0,18.0,J Simpson
21/11/2017,Nott'm Forest,Norwich,1.0,0.0,H,5.0,4.0,1.0,2.0,6.0,2.0,17.0,13.0,11.0,14.0,T Harrington
21/11/2017,Sheffield United,Fulham,4.0,5.0,A,4.0,3.0,3.0,4.0,7.0,7.0,13.0,8.0,11.0,9.0,J Linington
22/11/2017,Ipswich,Sheffield Weds,2.0,2.0,D,4.0,7.0,1.0,2.0,8.0,2.0,9.0,12.0,13.0,15.0,K Stroud
22/11/2017,Middlesbrough,Birmingham,2.0,0.0,H,9.0,5.0,1.0,1.0,7.0,2.0,7.0,7.0,17.0,12.0,D England
22/11/2017,Wolves,Leeds,4.0,1.0,H,1.0,2.0,0.0,2.0,7.0,4.0,12.0,12.0,12.0,9.0,G Eltringham
25/11/2017,Aston Villa,Ipswich,2.0,0.0,H,4.0,6.0,0.0,2.0,5.0,0.0,14.0,16.0,16.0,6.0,T Harrington
25/11/2017,Barnsley,Leeds,0.0,2.0,A,5.0,12.0,3.0,3.0,3.0,4.0,11.0,10.0,14.0,19.0,A Madley
25/11/2017,Burton,Sunderland,0.0,2.0,A,7.0,7.0,0.0,3.0,1.0,5.0,4.0,12.0,15.0,13.0,D England
25/11/2017,Fulham,Millwall,1.0,0.0,H,10.0,4.0,0.0,2.0,5.0,1.0,15.0,14.0,16.0,13.0,P Tierney
25/11/2017,Hull,Bristol City,2.0,3.0,A,2.0,2.0,1.0,2.0,3.0,5.0,13.0,20.0,16.0,11.0,R Jones
25/11/2017,Middlesbrough,Derby,0.0,3.0,A,11.0,6.0,1.0,2.0,2.0,8.0,12.0,10.0,16.0,13.0,S Hooper
25/11/2017,Norwich,Preston,1.0,1.0,D,4.0,5.0,3.0,4.0,3.0,4.0,14.0,12.0,9.0,19.0,T Robinson
25/11/2017,Reading,Sheffield Weds,0.0,0.0,D,7.0,2.0,0.0,1.0,1.0,1.0,8.0,13.0,16.0,5.0,D Coote
25/11/2017,Sheffield United,Birmingham,1.0,1.0,D,9.0,1.0,1.0,4.0,2.0,2.0,9.0,12.0,12.0,3.0,J Simpson
25/11/2017,Wolves,Bolton,5.0,1.0,H,7.0,4.0,2.0,2.0,8.0,5.0,17.0,12.0,15.0,11.0,K Stroud
26/11/2017,Nott'm Forest,Cardiff,0.0,2.0,A,8.0,4.0,1.0,2.0,2.0,2.0,10.0,10.0,12.0,9.0,P Bankes
27/11/2017,QPR,Brentford,2.0,2.0,D,7.0,9.0,2.0,2.0,5.0,7.0,10.0,14.0,16.0,21.0,S Martin
28/11/2017,Derby,Ipswich,0.0,1.0,A,10.0,3.0,3.0,3.0,3.0,2.0,9.0,13.0,14.0,4.0,S Duncan
28/11/2017,Reading,Barnsley,3.0,0.0,H,5.0,4.0,0.0,1.0,4.0,3.0,7.0,9.0,11.0,13.0,D Bond
01/12/2017,Cardiff,Norwich,3.0,1.0,H,3.0,7.0,1.0,2.0,6.0,5.0,14.0,9.0,11.0,14.0,A Davies
01/12/2017,Leeds,Aston Villa,1.0,1.0,D,5.0,1.0,2.0,3.0,1.0,4.0,15.0,16.0,7.0,8.0,P Bankes
02/12/2017,Bolton,Barnsley,3.0,1.0,H,4.0,4.0,4.0,5.0,4.0,6.0,9.0,10.0,9.0,16.0,O Langford
02/12/2017,Brentford,Fulham,3.0,1.0,H,6.0,3.0,1.0,3.0,6.0,6.0,10.0,12.0,17.0,11.0,R Madley
02/12/2017,Bristol City,Middlesbrough,2.0,1.0,H,0.0,5.0,2.0,2.0,7.0,1.0,10.0,13.0,15.0,7.0,S Martin
02/12/2017,Derby,Burton,1.0,0.0,H,5.0,4.0,0.0,2.0,5.0,2.0,11.0,9.0,20.0,9.0,D Coote
02/12/2017,Ipswich,Nott'm Forest,4.0,2.0,H,1.0,8.0,2.0,2.0,5.0,8.0,15.0,11.0,14.0,15.0,D Bond
02/12/2017,Millwall,Sheffield United,3.0,1.0,H,3.0,4.0,0.0,1.0,4.0,2.0,13.0,9.0,11.0,10.0,A Madley
02/12/2017,Preston,QPR,1.0,0.0,H,9.0,3.0,2.0,2.0,5.0,2.0,14.0,12.0,20.0,9.0,J Simpson
02/12/2017,Sheffield Weds,Hull,2.0,2.0,D,6.0,2.0,3.0,2.0,4.0,2.0,15.0,13.0,18.0,3.0,M Jones
02/12/2017,Sunderland,Reading,1.0,3.0,A,3.0,7.0,2.0,2.0,4.0,6.0,10.0,12.0,6.0,13.0,K Stroud
04/12/2017,Birmingham,Wolves,0.0,1.0,A,3.0,1.0,2.0,2.0,0.0,5.0,13.0,8.0,6.0,9.0,S Hooper
08/12/2017,Sheffield United,Bristol City,1.0,2.0,A,7.0,4.0,1.0,3.0,6.0,4.0,7.0,11.0,15.0,13.0,D Coote
09/12/2017,Aston Villa,Millwall,0.0,0.0,D,11.0,5.0,1.0,3.0,1.0,8.0,9.0,12.0,14.0,16.0,A Davies
09/12/2017,Barnsley,Derby,0.0,3.0,A,6.0,4.0,0.0,1.0,4.0,3.0,11.0,13.0,16.0,13.0,T Robinson
09/12/2017,Burton,Preston,1.0,2.0,A,5.0,7.0,3.0,2.0,6.0,7.0,16.0,11.0,11.0,17.0,K Stroud
09/12/2017,Fulham,Birmingham,1.0,0.0,H,11.0,7.0,1.0,1.0,4.0,1.0,13.0,14.0,17.0,6.0,T Harrington
09/12/2017,Hull,Brentford,3.0,2.0,H,9.0,5.0,3.0,2.0,8.0,5.0,18.0,9.0,13.0,10.0,S Hooper
09/12/2017,Middlesbrough,Ipswich,2.0,0.0,H,4.0,4.0,3.0,1.0,6.0,1.0,14.0,18.0,17.0,7.0,R Jones
09/12/2017,Norwich,Sheffield Weds,3.0,1.0,H,3.0,4.0,1.0,0.0,6.0,4.0,11.0,17.0,16.0,9.0,J Linington
09/12/2017,Nott'm Forest,Bolton,3.0,2.0,H,5.0,3.0,2.0,2.0,4.0,2.0,12.0,20.0,8.0,14.0,D England
09/12/2017,QPR,Leeds,1.0,3.0,A,2.0,5.0,2.0,3.0,2.0,5.0,13.0,9.0,15.0,12.0,C Kavanagh
09/12/2017,Wolves,Sunderland,0.0,0.0,D,8.0,2.0,1.0,3.0,4.0,1.0,11.0,14.0,23.0,1.0,J Simpson
11/12/2017,Reading,Cardiff,2.0,2.0,D,8.0,3.0,2.0,1.0,2.0,8.0,10.0,12.0,10.0,15.0,S Martin
15/12/2017,Sheffield Weds,Wolves,0.0,1.0,A,7.0,2.0,1.0,3.0,1.0,1.0,11.0,12.0,5.0,9.0,D Bond
16/12/2017,Birmingham,QPR,1.0,2.0,A,7.0,3.0,1.0,2.0,2.0,3.0,12.0,16.0,13.0,11.0,M Jones
16/12/2017,Bolton,Burton,0.0,1.0,A,8.0,3.0,0.0,0.0,4.0,4.0,13.0,13.0,15.0,9.0,A Madley
16/12/2017,Brentford,Barnsley,0.0,0.0,D,13.0,3.0,1.0,2.0,5.0,2.0,9.0,9.0,23.0,6.0,D Coote
16/12/2017,Bristol City,Nott'm Forest,2.0,1.0,H,6.0,3.0,2.0,2.0,6.0,4.0,4.0,15.0,15.0,10.0,J Linington
16/12/2017,Cardiff,Hull,1.0,0.0,H,3.0,2.0,1.0,0.0,4.0,2.0,10.0,12.0,12.0,11.0,S Duncan
16/12/2017,Derby,Aston Villa,2.0,0.0,H,7.0,8.0,0.0,0.0,8.0,2.0,9.0,6.0,11.0,13.0,L Probert
16/12/2017,Ipswich,Reading,2.0,0.0,H,8.0,14.0,3.0,4.0,6.0,1.0,11.0,13.0,15.0,15.0,P Bankes
16/12/2017,Leeds,Norwich,1.0,0.0,H,5.0,4.0,3.0,2.0,3.0,4.0,16.0,16.0,12.0,15.0,D England
16/12/2017,Millwall,Middlesbrough,2.0,1.0,H,7.0,2.0,3.0,2.0,8.0,3.0,11.0,17.0,14.0,12.0,O Langford
16/12/2017,Preston,Sheffield United,1.0,0.0,H,6.0,7.0,2.0,0.0,4.0,1.0,9.0,13.0,11.0,7.0,T Robinson
16/12/2017,Sunderland,Fulham,1.0,0.0,H,1.0,9.0,1.0,2.0,7.0,3.0,5.0,12.0,17.0,11.0,S Martin
22/12/2017,Norwich,Brentford,1.0,2.0,A,2.0,3.0,2.0,2.0,8.0,7.0,15.0,9.0,22.0,15.0,J Simpson
23/12/2017,Aston Villa,Sheffield United,2.0,2.0,D,2.0,4.0,0.0,3.0,3.0,4.0,13.0,21.0,13.0,10.0,S Hooper
23/12/2017,Bolton,Cardiff,2.0,0.0,H,3.0,6.0,3.0,4.0,2.0,0.0,12.0,16.0,9.0,7.0,D Bond
23/12/2017,Derby,Millwall,3.0,0.0,H,6.0,11.0,0.0,1.0,6.0,3.0,12.0,11.0,14.0,13.0,D England
23/12/2017,Fulham,Barnsley,2.0,1.0,H,10.0,4.0,1.0,2.0,6.0,2.0,11.0,11.0,19.0,7.0,J Linington
23/12/2017,Leeds,Hull,1.0,0.0,H,2.0,8.0,0.0,2.0,3.0,4.0,9.0,11.0,5.0,15.0,S Martin
23/12/2017,Preston,Nott'm Forest,1.0,1.0,D,9.0,5.0,2.0,4.0,5.0,5.0,6.0,12.0,15.0,11.0,S Duncan
23/12/2017,QPR,Bristol City,1.0,1.0,D,5.0,8.0,1.0,3.0,2.0,6.0,12.0,15.0,8.0,17.0,A Madley
23/12/2017,Reading,Burton,1.0,2.0,A,3.0,3.0,0.0,1.0,2.0,3.0,6.0,4.0,7.0,7.0,J Brooks
23/12/2017,Sheffield Weds,Middlesbrough,1.0,2.0,A,4.0,4.0,2.0,1.0,5.0,4.0,15.0,5.0,12.0,13.0,P Bankes
23/12/2017,Sunderland,Birmingham,1.0,1.0,D,6.0,2.0,0.0,3.0,4.0,5.0,13.0,15.0,19.0,16.0,O Langford
23/12/2017,Wolves,Ipswich,1.0,0.0,H,4.0,5.0,1.0,3.0,5.0,2.0,13.0,13.0,17.0,5.0,D Coote
26/12/2017,Barnsley,Preston,0.0,0.0,D,1.0,4.0,1.0,3.0,2.0,2.0,12.0,13.0,7.0,10.0,G Eltringham
26/12/2017,Birmingham,Norwich,0.0,2.0,A,4.0,4.0,1.0,2.0,2.0,8.0,16.0,10.0,18.0,16.0,D Coote
26/12/2017,Brentford,Aston Villa,2.0,1.0,H,10.0,5.0,2.0,1.0,5.0,5.0,11.0,11.0,17.0,9.0,K Stroud
26/12/2017,Bristol City,Reading,2.0,0.0,H,6.0,5.0,3.0,2.0,6.0,3.0,12.0,13.0,9.0,11.0,O Langford
26/12/2017,Burton,Leeds,1.0,2.0,A,0.0,3.0,3.0,2.0,3.0,2.0,7.0,9.0,13.0,12.0,D Bond
26/12/2017,Cardiff,Fulham,2.0,4.0,A,7.0,2.0,1.0,4.0,6.0,6.0,17.0,11.0,15.0,9.0,S Hooper
26/12/2017,Hull,Derby,0.0,0.0,D,4.0,3.0,2.0,3.0,2.0,3.0,4.0,19.0,10.0,7.0,T Harrington
26/12/2017,Ipswich,QPR,0.0,0.0,D,5.0,6.0,1.0,0.0,2.0,3.0,8.0,17.0,11.0,9.0,A Davies
26/12/2017,Middlesbrough,Bolton,2.0,0.0,H,2.0,4.0,2.0,3.0,6.0,0.0,15.0,22.0,16.0,9.0,J Simpson
26/12/2017,Millwall,Wolves,2.0,2.0,D,7.0,8.0,3.0,3.0,5.0,8.0,10.0,13.0,11.0,20.0,T Robinson
26/12/2017,Nott'm Forest,Sheffield Weds,0.0,3.0,A,4.0,8.0,2.0,0.0,6.0,8.0,14.0,9.0,17.0,19.0,A Madley
26/12/2017,Sheffield United,Sunderland,3.0,0.0,H,6.0,0.0,1.0,2.0,4.0,0.0,12.0,11.0,10.0,7.0,P Bankes
29/12/2017,Cardiff,Preston,0.0,1.0,A,4.0,7.0,2.0,4.0,3.0,4.0,12.0,15.0,11.0,16.0,J Linington
29/12/2017,Millwall,QPR,1.0,0.0,H,6.0,3.0,1.0,1.0,3.0,4.0,11.0,8.0,10.0,14.0,K Stroud
30/12/2017,Barnsley,Reading,1.0,1.0,D,7.0,5.0,0.0,1.0,7.0,5.0,10.0,6.0,19.0,10.0,S Hooper
30/12/2017,Birmingham,Leeds,1.0,0.0,H,8.0,3.0,1.0,2.0,3.0,2.0,12.0,12.0,12.0,9.0,T Robinson
30/12/2017,Brentford,Sheffield Weds,2.0,0.0,H,7.0,5.0,1.0,3.0,6.0,1.0,9.0,11.0,16.0,6.0,D Coote
30/12/2017,Bristol City,Wolves,1.0,2.0,A,6.0,3.0,0.0,1.0,4.0,3.0,11.0,10.0,13.0,10.0,P Bankes
30/12/2017,Burton,Norwich,0.0,0.0,D,3.0,4.0,1.0,1.0,2.0,2.0,15.0,20.0,11.0,6.0,R Jones
30/12/2017,Hull,Fulham,2.0,2.0,D,4.0,6.0,0.0,1.0,6.0,3.0,7.0,12.0,10.0,12.0,D Webb
30/12/2017,Ipswich,Derby,1.0,2.0,A,9.0,5.0,1.0,0.0,3.0,6.0,16.0,10.0,14.0,17.0,O Langford
30/12/2017,Middlesbrough,Aston Villa,0.0,1.0,A,5.0,9.0,3.0,4.0,1.0,5.0,16.0,12.0,13.0,11.0,A Madley
30/12/2017,Nott'm Forest,Sunderland,0.0,1.0,A,5.0,1.0,1.0,0.0,3.0,1.0,13.0,4.0,22.0,1.0,D Bond
30/12/2017,Sheffield United,Bolton,0.0,1.0,A,8.0,5.0,2.0,2.0,5.0,2.0,9.0,11.0,16.0,4.0,S Martin
01/01/2018,Aston Villa,Bristol City,5.0,0.0,H,5.0,3.0,0.0,1.0,6.0,1.0,13.0,11.0,13.0,5.0,A Davies
01/01/2018,Bolton,Hull,1.0,0.0,H,5.0,9.0,3.0,3.0,3.0,5.0,9.0,10.0,14.0,14.0,G Eltringham
01/01/2018,Derby,Sheffield United,1.0,1.0,D,2.0,13.0,1.0,3.0,1.0,3.0,12.0,8.0,6.0,10.0,D Bond
01/01/2018,Leeds,Nott'm Forest,0.0,0.0,D,2.0,8.0,2.0,2.0,7.0,1.0,14.0,11.0,19.0,7.0,J Simpson
01/01/2018,Norwich,Millwall,2.0,1.0,H,5.0,4.0,0.0,1.0,5.0,2.0,8.0,20.0,17.0,7.0,S Martin
01/01/2018,Preston,Middlesbrough,2.0,3.0,A,7.0,4.0,2.0,4.0,7.0,4.0,12.0,9.0,20.0,7.0,D Coote
01/01/2018,QPR,Cardiff,2.0,1.0,H,4.0,5.0,2.0,2.0,5.0,4.0,10.0,11.0,12.0,13.0,T Robinson
01/01/2018,Sheffield Weds,Burton,0.0,3.0,A,6.0,1.0,2.0,1.0,3.0,6.0,15.0,9.0,17.0,9.0,D England
01/01/2018,Sunderland,Barnsley,0.0,1.0,A,7.0,7.0,1.0,5.0,2.0,3.0,12.0,12.0,11.0,17.0,R Jones
02/01/2018,Fulham,Ipswich,4.0,1.0,H,8.0,2.0,3.0,4.0,8.0,1.0,17.0,10.0,25.0,3.0,K Stroud
02/01/2018,Reading,Birmingham,0.0,2.0,A,9.0,7.0,1.0,0.0,5.0,4.0,9.0,13.0,12.0,13.0,J Linington
02/01/2018,Wolves,Brentford,3.0,0.0,H,6.0,7.0,2.0,3.0,10.0,0.0,13.0,15.0,17.0,12.0,A Madley
12/01/2018,Sheffield United,Sheffield Weds,0.0,0.0,D,8.0,2.0,0.0,3.0,2.0,3.0,5.0,11.0,12.0,12.0,D Coote
13/01/2018,Barnsley,Wolves,0.0,0.0,D,1.0,6.0,1.0,2.0,2.0,0.0,12.0,9.0,7.0,13.0,K Stroud
13/01/2018,Birmingham,Derby,0.0,3.0,A,6.0,4.0,1.0,3.0,2.0,7.0,7.0,13.0,14.0,12.0,L Probert
13/01/2018,Brentford,Bolton,2.0,0.0,H,6.0,6.0,0.0,5.0,4.0,4.0,6.0,11.0,20.0,11.0,A Davies
13/01/2018,Bristol City,Norwich,0.0,1.0,A,8.0,4.0,1.0,5.0,6.0,3.0,9.0,15.0,14.0,14.0,S Hooper
13/01/2018,Burton,QPR,1.0,3.0,A,5.0,3.0,3.0,2.0,2.0,6.0,6.0,11.0,4.0,14.0,S Martin
13/01/2018,Cardiff,Sunderland,4.0,0.0,H,8.0,1.0,1.0,2.0,9.0,0.0,23.0,14.0,21.0,3.0,A Madley
13/01/2018,Hull,Reading,0.0,0.0,D,6.0,7.0,1.0,0.0,5.0,2.0,13.0,9.0,13.0,6.0,D England
13/01/2018,Ipswich,Leeds,1.0,0.0,H,4.0,1.0,2.0,2.0,4.0,2.0,13.0,14.0,14.0,12.0,R Jones
13/01/2018,Middlesbrough,Fulham,0.0,1.0,A,5.0,1.0,4.0,3.0,0.0,2.0,13.0,12.0,9.0,12.0,G Eltringham
13/01/2018,Millwall,Preston,1.0,1.0,D,3.0,4.0,1.0,2.0,1.0,3.0,15.0,15.0,9.0,11.0,J Simpson
13/01/2018,Nott'm Forest,Aston Villa,0.0,1.0,A,4.0,2.0,2.0,2.0,4.0,3.0,20.0,10.0,10.0,8.0,J Linington
19/01/2018,Derby,Bristol City,0.0,0.0,D,6.0,3.0,1.0,1.0,5.0,2.0,14.0,11.0,20.0,12.0,D England
20/01/2018,Aston Villa,Barnsley,3.0,1.0,H,8.0,6.0,0.0,2.0,6.0,6.0,11.0,11.0,13.0,21.0,S Duncan
20/01/2018,Bolton,Ipswich,1.0,1.0,D,3.0,3.0,1.0,1.0,4.0,3.0,13.0,12.0,12.0,9.0,P Bankes
20/01/2018,Fulham,Burton,6.0,0.0,H,3.0,1.0,0.0,2.0,10.0,0.0,8.0,9.0,21.0,6.0,T Robinson
20/01/2018,Leeds,Millwall,3.0,4.0,A,1.0,9.0,3.0,2.0,11.0,8.0,12.0,13.0,19.0,26.0,D Coote
20/01/2018,Norwich,Sheffield United,1.0,2.0,A,6.0,2.0,2.0,2.0,4.0,7.0,13.0,18.0,10.0,14.0,T Harrington
20/01/2018,Preston,Birmingham,1.0,1.0,D,4.0,8.0,2.0,2.0,3.0,3.0,11.0,9.0,6.0,17.0,A Davies
20/01/2018,QPR,Middlesbrough,0.0,3.0,A,3.0,2.0,0.0,0.0,2.0,5.0,11.0,7.0,13.0,12.0,O Langford
20/01/2018,Reading,Brentford,0.0,1.0,A,7.0,4.0,3.0,4.0,3.0,10.0,8.0,12.0,11.0,23.0,D Bond
20/01/2018,Sheffield Weds,Cardiff,0.0,0.0,D,3.0,5.0,1.0,3.0,2.0,4.0,8.0,17.0,14.0,15.0,R East
20/01/2018,Sunderland,Hull,1.0,0.0,H,4.0,7.0,4.0,2.0,6.0,3.0,16.0,12.0,13.0,14.0,K Stroud
20/01/2018,Wolves,Nott'm Forest,0.0,2.0,A,5.0,4.0,3.0,3.0,1.0,4.0,16.0,7.0,6.0,5.0,R Madley
27/01/2018,Barnsley,Fulham,1.0,3.0,A,6.0,3.0,2.0,2.0,5.0,5.0,9.0,7.0,8.0,12.0,A Davies
27/01/2018,Brentford,Norwich,0.0,1.0,A,6.0,4.0,2.0,2.0,6.0,3.0,9.0,12.0,22.0,9.0,S Duncan
27/01/2018,Bristol City,QPR,2.0,0.0,H,6.0,7.0,1.0,3.0,4.0,2.0,12.0,16.0,8.0,14.0,K Stroud
27/01/2018,Ipswich,Wolves,0.0,1.0,A,5.0,4.0,3.0,1.0,6.0,10.0,7.0,14.0,11.0,15.0,S Hooper
30/01/2018,Birmingham,Sunderland,3.0,1.0,H,3.0,5.0,3.0,3.0,5.0,4.0,11.0,9.0,13.0,14.0,D Bond
30/01/2018,Burton,Reading,1.0,3.0,A,3.0,6.0,3.0,3.0,1.0,4.0,10.0,17.0,5.0,11.0,R Jones
30/01/2018,Hull,Leeds,0.0,0.0,D,7.0,3.0,5.0,1.0,7.0,0.0,21.0,14.0,14.0,6.0,T Harrington
30/01/2018,Middlesbrough,Sheffield Weds,0.0,0.0,D,9.0,3.0,0.0,2.0,7.0,1.0,8.0,6.0,21.0,12.0,J Linington
30/01/2018,Millwall,Derby,0.0,0.0,D,4.0,5.0,2.0,1.0,4.0,3.0,10.0,11.0,13.0,12.0,O Langford
30/01/2018,Nott'm Forest,Preston,0.0,3.0,A,4.0,5.0,3.0,1.0,0.0,7.0,15.0,10.0,11.0,15.0,G Eltringham
30/01/2018,Sheffield United,Aston Villa,0.0,1.0,A,9.0,7.0,2.0,0.0,6.0,3.0,12.0,9.0,16.0,9.0,J Simpson
02/02/2018,Bolton,Bristol City,1.0,0.0,H,3.0,6.0,2.0,2.0,4.0,3.0,17.0,11.0,11.0,14.0,A Madley
03/02/2018,Aston Villa,Burton,3.0,2.0,H,7.0,5.0,3.0,4.0,5.0,4.0,13.0,13.0,12.0,7.0,D Coote
03/02/2018,Derby,Brentford,3.0,0.0,H,6.0,5.0,2.0,2.0,7.0,2.0,12.0,14.0,13.0,7.0,P Bankes
03/02/2018,Fulham,Nott'm Forest,2.0,0.0,H,10.0,6.0,1.0,2.0,5.0,3.0,10.0,11.0,14.0,10.0,T Robinson
03/02/2018,Leeds,Cardiff,1.0,4.0,A,5.0,5.0,0.0,4.0,4.0,5.0,14.0,20.0,8.0,11.0,G Scott
03/02/2018,Norwich,Middlesbrough,1.0,0.0,H,5.0,4.0,2.0,1.0,6.0,1.0,9.0,11.0,21.0,9.0,M Jones
03/02/2018,Preston,Hull,2.0,1.0,H,5.0,4.0,2.0,1.0,5.0,1.0,8.0,7.0,15.0,7.0,S Martin
03/02/2018,QPR,Barnsley,1.0,0.0,H,4.0,4.0,2.0,1.0,3.0,4.0,14.0,12.0,12.0,11.0,T Harrington
03/02/2018,Reading,Millwall,0.0,2.0,A,6.0,6.0,3.0,3.0,1.0,6.0,12.0,19.0,9.0,16.0,G Eltringham
03/02/2018,Sheffield Weds,Birmingham,1.0,3.0,A,5.0,3.0,1.0,3.0,2.0,8.0,8.0,10.0,12.0,18.0,S Duncan
03/02/2018,Sunderland,Ipswich,0.0,2.0,A,12.0,2.0,1.0,1.0,2.0,2.0,15.0,13.0,10.0,12.0,D England
03/02/2018,Wolves,Sheffield United,3.0,0.0,H,5.0,1.0,0.0,0.0,3.0,1.0,12.0,7.0,13.0,6.0,D Bond
09/02/2018,Millwall,Cardiff,1.0,1.0,D,6.0,6.0,2.0,0.0,6.0,3.0,12.0,13.0,16.0,15.0,K Stroud
10/02/2018,Barnsley,Sheffield Weds,1.0,1.0,D,5.0,8.0,1.0,3.0,7.0,1.0,12.0,6.0,17.0,14.0,L Probert
10/02/2018,Bolton,Fulham,1.0,1.0,D,5.0,8.0,2.0,1.0,6.0,4.0,15.0,8.0,10.0,12.0,R Jones
10/02/2018,Brentford,Preston,1.0,1.0,D,11.0,5.0,2.0,2.0,5.0,1.0,14.0,16.0,12.0,10.0,S Hooper
10/02/2018,Bristol City,Sunderland,3.0,3.0,D,2.0,4.0,3.0,1.0,4.0,3.0,13.0,11.0,13.0,13.0,J Linington
10/02/2018,Derby,Norwich,1.0,1.0,D,3.0,1.0,2.0,3.0,2.0,6.0,11.0,9.0,7.0,11.0,J Simpson
10/02/2018,Ipswich,Burton,0.0,0.0,D,2.0,5.0,0.0,1.0,1.0,2.0,9.0,11.0,5.0,10.0,D Webb
10/02/2018,Middlesbrough,Reading,2.0,1.0,H,6.0,8.0,2.0,3.0,3.0,2.0,13.0,11.0,14.0,7.0,D Coote
10/02/2018,Nott'm Forest,Hull,0.0,2.0,A,2.0,2.0,1.0,1.0,1.0,4.0,13.0,12.0,5.0,9.0,O Langford
10/02/2018,Sheffield United,Leeds,2.0,1.0,H,8.0,5.0,3.0,2.0,3.0,3.0,12.0,17.0,9.0,14.0,A Madley
10/02/2018,Wolves,QPR,2.0,1.0,H,6.0,5.0,0.0,3.0,2.0,7.0,8.0,13.0,12.0,14.0,G Eltringham
11/02/2018,Aston Villa,Birmingham,2.0,0.0,H,10.0,6.0,0.0,2.0,3.0,2.0,5.0,16.0,14.0,9.0,P Bankes
13/02/2018,Cardiff,Bolton,2.0,0.0,H,4.0,3.0,0.0,1.0,11.0,0.0,11.0,16.0,24.0,4.0,T Robinson
13/02/2018,Sheffield Weds,Derby,2.0,0.0,H,1.0,7.0,3.0,3.0,3.0,4.0,13.0,11.0,8.0,18.0,D Coote
17/02/2018,Birmingham,Millwall,0.0,1.0,A,7.0,7.0,2.0,1.0,1.0,6.0,15.0,15.0,15.0,11.0,D England
17/02/2018,Burton,Nott'm Forest,0.0,0.0,D,5.0,2.0,1.0,3.0,5.0,1.0,5.0,10.0,17.0,5.0,A Davies
17/02/2018,Cardiff,Middlesbrough,1.0,0.0,H,5.0,3.0,0.0,1.0,4.0,1.0,13.0,10.0,18.0,8.0,D Bond
17/02/2018,Fulham,Aston Villa,2.0,0.0,H,1.0,0.0,1.0,1.0,7.0,2.0,7.0,11.0,14.0,7.0,T Harrington
17/02/2018,Preston,Wolves,1.0,1.0,D,4.0,5.0,2.0,0.0,2.0,4.0,8.0,11.0,7.0,13.0,R Jones
17/02/2018,QPR,Bolton,2.0,0.0,H,9.0,5.0,0.0,1.0,8.0,3.0,13.0,12.0,22.0,7.0,S Duncan
17/02/2018,Sunderland,Brentford,0.0,2.0,A,6.0,7.0,3.0,0.0,4.0,5.0,19.0,7.0,16.0,20.0,J Brooks
18/02/2018,Leeds,Bristol City,2.0,2.0,D,5.0,6.0,2.0,3.0,3.0,5.0,14.0,13.0,13.0,12.0,S Hooper
18/02/2018,Norwich,Ipswich,1.0,1.0,D,4.0,5.0,1.0,5.0,4.0,4.0,13.0,22.0,15.0,8.0,D Coote
20/02/2018,Aston Villa,Preston,1.0,1.0,D,3.0,7.0,3.0,3.0,6.0,7.0,18.0,9.0,12.0,21.0,D England
20/02/2018,Barnsley,Burton,1.0,2.0,A,5.0,0.0,1.0,4.0,3.0,2.0,12.0,10.0,19.0,5.0,T Robinson
20/02/2018,Bolton,Sunderland,1.0,0.0,H,3.0,7.0,4.0,0.0,3.0,3.0,17.0,9.0,8.0,15.0,D Coote
20/02/2018,Brentford,Birmingham,5.0,0.0,H,6.0,3.0,0.0,2.0,9.0,4.0,7.0,14.0,28.0,12.0,G Eltringham
20/02/2018,Middlesbrough,Hull,3.0,1.0,H,4.0,4.0,1.0,1.0,4.0,5.0,8.0,10.0,12.0,10.0,A Madley
20/02/2018,Millwall,Sheffield Weds,2.0,1.0,H,4.0,3.0,0.0,4.0,5.0,1.0,11.0,12.0,13.0,5.0,P Bankes
20/02/2018,Nott'm Forest,Reading,1.0,1.0,D,5.0,5.0,3.0,3.0,7.0,3.0,17.0,9.0,19.0,8.0,S Martin
20/02/2018,Sheffield United,QPR,2.0,1.0,H,9.0,4.0,1.0,0.0,4.0,6.0,6.0,17.0,14.0,13.0,O Langford
21/02/2018,Bristol City,Fulham,1.0,1.0,D,8.0,5.0,2.0,1.0,1.0,4.0,12.0,9.0,10.0,8.0,J Simpson
21/02/2018,Derby,Leeds,2.0,2.0,D,10.0,2.0,0.0,1.0,4.0,3.0,8.0,9.0,25.0,8.0,K Stroud
21/02/2018,Ipswich,Cardiff,0.0,1.0,A,8.0,5.0,0.0,1.0,2.0,1.0,9.0,8.0,16.0,14.0,A Davies
21/02/2018,Wolves,Norwich,2.0,2.0,D,3.0,4.0,3.0,0.0,3.0,6.0,17.0,10.0,10.0,9.0,J Linington
23/02/2018,Hull,Sheffield United,1.0,0.0,H,1.0,7.0,1.0,0.0,5.0,3.0,12.0,10.0,13.0,9.0,S Hooper
24/02/2018,Birmingham,Barnsley,0.0,2.0,A,5.0,2.0,3.0,0.0,5.0,4.0,15.0,8.0,16.0,13.0,J Simpson
24/02/2018,Burton,Millwall,0.0,1.0,A,7.0,5.0,1.0,2.0,0.0,3.0,10.0,20.0,6.0,8.0,R Jones
24/02/2018,Fulham,Wolves,2.0,0.0,H,3.0,0.0,1.0,2.0,6.0,2.0,10.0,11.0,14.0,12.0,P Bankes
24/02/2018,Leeds,Brentford,1.0,0.0,H,5.0,9.0,2.0,4.0,4.0,3.0,12.0,12.0,9.0,13.0,O Langford
24/02/2018,Norwich,Bolton,0.0,0.0,D,8.0,4.0,2.0,5.0,3.0,0.0,13.0,19.0,15.0,7.0,K Stroud
24/02/2018,Preston,Ipswich,0.0,1.0,A,9.0,1.0,1.0,3.0,3.0,3.0,9.0,11.0,11.0,10.0,S Duncan
24/02/2018,QPR,Nott'm Forest,2.0,5.0,A,7.0,2.0,1.0,2.0,4.0,9.0,11.0,9.0,17.0,15.0,D Bond
24/02/2018,Reading,Derby,3.0,3.0,D,8.0,3.0,2.0,5.0,7.0,6.0,9.0,17.0,16.0,11.0,T Harrington
24/02/2018,Sheffield Weds,Aston Villa,2.0,4.0,A,7.0,6.0,3.0,0.0,7.0,10.0,16.0,1.0,18.0,15.0,N Swarbrick
24/02/2018,Sunderland,Middlesbrough,3.0,3.0,D,4.0,2.0,5.0,1.0,7.0,4.0,14.0,10.0,17.0,11.0,T Robinson
25/02/2018,Cardiff,Bristol City,1.0,0.0,H,4.0,2.0,2.0,1.0,4.0,1.0,17.0,21.0,12.0,4.0,P Tierney
27/02/2018,Hull,Barnsley,1.0,1.0,D,7.0,0.0,4.0,2.0,8.0,3.0,9.0,14.0,19.0,7.0,M Jones
27/02/2018,Reading,Sheffield United,1.0,3.0,A,6.0,4.0,3.0,2.0,4.0,6.0,10.0,18.0,11.0,15.0,A Davies
02/03/2018,Middlesbrough,Leeds,3.0,0.0,H,13.0,5.0,1.0,3.0,6.0,1.0,10.0,10.0,20.0,11.0,D England
03/03/2018,Bolton,Preston,1.0,3.0,A,4.0,4.0,2.0,4.0,5.0,5.0,13.0,10.0,8.0,12.0,P Bankes
03/03/2018,Bristol City,Sheffield Weds,4.0,0.0,H,3.0,3.0,1.0,3.0,6.0,0.0,8.0,15.0,9.0,10.0,T Harrington
03/03/2018,Derby,Fulham,1.0,2.0,A,7.0,6.0,3.0,2.0,4.0,4.0,12.0,9.0,18.0,12.0,L Mason
03/03/2018,Millwall,Sunderland,1.0,1.0,D,8.0,3.0,2.0,1.0,7.0,1.0,14.0,7.0,15.0,2.0,A Davies
03/03/2018,Nott'm Forest,Birmingham,2.0,1.0,H,2.0,8.0,1.0,2.0,5.0,5.0,12.0,12.0,15.0,10.0,K Stroud
06/03/2018,Birmingham,Middlesbrough,0.0,1.0,A,5.0,5.0,1.0,0.0,2.0,3.0,7.0,12.0,9.0,8.0,S Martin
06/03/2018,Burton,Brentford,0.0,2.0,A,3.0,4.0,1.0,1.0,0.0,3.0,12.0,11.0,3.0,12.0,T Harrington
06/03/2018,Cardiff,Barnsley,2.0,1.0,H,2.0,6.0,2.0,3.0,4.0,4.0,13.0,13.0,11.0,19.0,R Jones
06/03/2018,Fulham,Sheffield United,3.0,0.0,H,3.0,3.0,1.0,4.0,7.0,2.0,11.0,13.0,17.0,7.0,K Stroud
06/03/2018,Hull,Millwall,1.0,2.0,A,9.0,5.0,2.0,4.0,3.0,5.0,8.0,16.0,16.0,12.0,D Coote
06/03/2018,Norwich,Nott'm Forest,0.0,0.0,D,7.0,4.0,2.0,5.0,5.0,1.0,15.0,11.0,15.0,9.0,D England
06/03/2018,Preston,Bristol City,2.0,1.0,H,6.0,6.0,5.0,4.0,4.0,4.0,14.0,19.0,15.0,9.0,G Eltringham
06/03/2018,QPR,Derby,1.0,1.0,D,5.0,2.0,1.0,3.0,4.0,3.0,13.0,15.0,21.0,6.0,S Hooper
06/03/2018,Reading,Bolton,1.0,1.0,D,2.0,10.0,3.0,3.0,4.0,3.0,15.0,19.0,8.0,14.0,J Linington
06/03/2018,Sheffield Weds,Ipswich,1.0,2.0,A,4.0,6.0,1.0,2.0,2.0,3.0,9.0,11.0,13.0,10.0,O Langford
06/03/2018,Sunderland,Aston Villa,0.0,3.0,A,3.0,8.0,2.0,1.0,3.0,5.0,10.0,11.0,9.0,12.0,A Madley
07/03/2018,Leeds,Wolves,0.0,3.0,A,3.0,9.0,2.0,0.0,3.0,7.0,11.0,9.0,6.0,18.0,T Robinson
10/03/2018,Aston Villa,Wolves,4.0,1.0,H,2.0,4.0,3.0,5.0,4.0,4.0,14.0,13.0,11.0,9.0,D Coote
10/03/2018,Burton,Bristol City,0.0,0.0,D,5.0,3.0,0.0,1.0,3.0,2.0,6.0,11.0,10.0,6.0,O Langford
10/03/2018,Cardiff,Birmingham,3.0,2.0,H,6.0,12.0,3.0,2.0,6.0,7.0,9.0,12.0,15.0,16.0,P Bankes
10/03/2018,Hull,Norwich,4.0,3.0,H,5.0,4.0,2.0,3.0,15.0,6.0,17.0,19.0,23.0,12.0,T Robinson
10/03/2018,Ipswich,Sheffield United,0.0,0.0,D,7.0,2.0,2.0,1.0,2.0,3.0,14.0,9.0,8.0,10.0,J Brooks
10/03/2018,Middlesbrough,Barnsley,3.0,1.0,H,3.0,5.0,0.0,1.0,5.0,3.0,7.0,9.0,9.0,9.0,A Davies
10/03/2018,Millwall,Brentford,1.0,0.0,H,5.0,7.0,2.0,0.0,4.0,4.0,9.0,15.0,12.0,15.0,S Attwell
10/03/2018,Preston,Fulham,1.0,2.0,A,6.0,8.0,1.0,1.0,5.0,5.0,7.0,6.0,11.0,9.0,S Hooper
10/03/2018,QPR,Sunderland,1.0,0.0,H,5.0,6.0,2.0,1.0,5.0,0.0,14.0,16.0,12.0,8.0,R Jones
10/03/2018,Reading,Leeds,2.0,2.0,D,13.0,7.0,2.0,1.0,4.0,8.0,14.0,11.0,10.0,19.0,S Duncan
10/03/2018,Sheffield Weds,Bolton,1.0,1.0,D,2.0,4.0,0.0,0.0,2.0,5.0,9.0,12.0,11.0,10.0,D Bond
11/03/2018,Nott'm Forest,Derby,0.0,0.0,D,6.0,6.0,4.0,1.0,0.0,2.0,14.0,19.0,6.0,15.0,J Simpson
13/03/2018,Aston Villa,QPR,1.0,3.0,A,14.0,2.0,1.0,2.0,4.0,7.0,11.0,12.0,15.0,11.0,T Robinson
13/03/2018,Barnsley,Norwich,1.0,1.0,D,4.0,4.0,2.0,1.0,5.0,3.0,11.0,11.0,20.0,12.0,S Martin
13/03/2018,Brentford,Cardiff,1.0,3.0,A,7.0,6.0,1.0,3.0,6.0,9.0,8.0,19.0,24.0,14.0,J Linington
13/03/2018,Ipswich,Hull,0.0,3.0,A,5.0,1.0,1.0,0.0,2.0,6.0,9.0,13.0,10.0,10.0,J Simpson
13/03/2018,Sheffield United,Burton,2.0,0.0,H,7.0,7.0,2.0,1.0,4.0,3.0,10.0,10.0,12.0,5.0,S Duncan
13/03/2018,Wolves,Reading,3.0,0.0,H,8.0,2.0,1.0,2.0,8.0,0.0,11.0,11.0,14.0,2.0,R Jones
17/03/2018,Barnsley,Millwall,0.0,2.0,A,9.0,3.0,0.0,0.0,7.0,3.0,12.0,10.0,19.0,10.0,P Bankes
17/03/2018,Birmingham,Hull,3.0,0.0,H,8.0,5.0,1.0,0.0,8.0,1.0,14.0,8.0,13.0,6.0,T Harrington
17/03/2018,Bolton,Aston Villa,1.0,0.0,H,9.0,6.0,1.0,2.0,3.0,3.0,19.0,14.0,11.0,11.0,R Jones
17/03/2018,Brentford,Middlesbrough,1.0,1.0,D,9.0,4.0,2.0,4.0,6.0,4.0,10.0,19.0,24.0,9.0,S Hooper
17/03/2018,Bristol City,Ipswich,1.0,0.0,H,2.0,4.0,1.0,1.0,5.0,2.0,13.0,12.0,9.0,9.0,D England
17/03/2018,Fulham,QPR,2.0,2.0,D,8.0,2.0,2.0,3.0,5.0,6.0,8.0,13.0,11.0,13.0,C Kavanagh
17/03/2018,Leeds,Sheffield Weds,1.0,2.0,A,10.0,4.0,0.0,4.0,3.0,5.0,4.0,13.0,12.0,11.0,K Stroud
17/03/2018,Norwich,Reading,3.0,2.0,H,8.0,2.0,2.0,5.0,5.0,7.0,12.0,16.0,13.0,12.0,O Langford
17/03/2018,Sheffield United,Nott'm Forest,0.0,0.0,D,3.0,5.0,1.0,3.0,4.0,4.0,15.0,12.0,12.0,14.0,P Tierney
17/03/2018,Sunderland,Preston,0.0,2.0,A,4.0,5.0,0.0,1.0,4.0,5.0,12.0,12.0,7.0,12.0,D Bond
17/03/2018,Wolves,Burton,3.0,1.0,H,4.0,4.0,0.0,1.0,5.0,1.0,10.0,13.0,15.0,3.0,G Eltringham
30/03/2018,Barnsley,Bristol City,2.0,2.0,D,6.0,8.0,1.0,1.0,8.0,2.0,9.0,11.0,23.0,8.0,D Webb
30/03/2018,Brentford,Sheffield United,1.0,1.0,D,4.0,2.0,0.0,2.0,4.0,7.0,10.0,16.0,7.0,11.0,J Simpson
30/03/2018,Cardiff,Burton,3.0,1.0,H,6.0,4.0,1.0,2.0,8.0,4.0,15.0,12.0,17.0,11.0,S Hooper
30/03/2018,Derby,Sunderland,1.0,4.0,A,3.0,7.0,2.0,4.0,1.0,6.0,18.0,16.0,7.0,14.0,J Linington
30/03/2018,Leeds,Bolton,2.0,1.0,H,9.0,5.0,2.0,2.0,6.0,3.0,13.0,10.0,16.0,9.0,G Eltringham
30/03/2018,Middlesbrough,Wolves,1.0,2.0,A,6.0,2.0,3.0,3.0,3.0,6.0,10.0,13.0,17.0,7.0,S Attwell
30/03/2018,Millwall,Nott'm Forest,2.0,0.0,H,6.0,6.0,3.0,3.0,5.0,3.0,9.0,13.0,11.0,18.0,S Duncan
30/03/2018,Norwich,Fulham,0.0,2.0,A,5.0,2.0,3.0,4.0,2.0,5.0,11.0,11.0,14.0,10.0,K Stroud
30/03/2018,Reading,QPR,1.0,0.0,H,4.0,7.0,2.0,3.0,1.0,3.0,14.0,17.0,5.0,27.0,D Coote
30/03/2018,Sheffield Weds,Preston,4.0,1.0,H,2.0,4.0,2.0,1.0,5.0,2.0,12.0,8.0,16.0,10.0,T Robinson
31/03/2018,Birmingham,Ipswich,1.0,0.0,H,7.0,6.0,2.0,3.0,3.0,1.0,9.0,11.0,13.0,8.0,R East
31/03/2018,Hull,Aston Villa,0.0,0.0,D,4.0,8.0,1.0,2.0,1.0,3.0,11.0,9.0,9.0,11.0,A Davies
02/04/2018,Bristol City,Brentford,0.0,1.0,A,1.0,9.0,3.0,2.0,0.0,7.0,15.0,13.0,2.0,27.0,K Stroud
02/04/2018,Burton,Middlesbrough,1.0,1.0,D,5.0,5.0,3.0,0.0,1.0,3.0,9.0,12.0,13.0,13.0,D Coote
02/04/2018,Ipswich,Millwall,2.0,2.0,D,4.0,5.0,4.0,0.0,6.0,5.0,11.0,10.0,10.0,21.0,S Martin
02/04/2018,Preston,Derby,0.0,1.0,A,7.0,2.0,2.0,1.0,3.0,1.0,11.0,16.0,19.0,2.0,T Harrington
02/04/2018,QPR,Norwich,4.0,1.0,H,3.0,9.0,2.0,4.0,7.0,3.0,15.0,14.0,11.0,16.0,J Linington
02/04/2018,Sheffield United,Cardiff,1.0,1.0,D,10.0,1.0,1.0,1.0,7.0,5.0,12.0,8.0,21.0,8.0,S Hooper
02/04/2018,Sunderland,Sheffield Weds,1.0,3.0,A,8.0,3.0,0.0,1.0,6.0,3.0,8.0,15.0,16.0,13.0,M Oliver
03/04/2018,Aston Villa,Reading,3.0,0.0,H,6.0,2.0,0.0,0.0,13.0,0.0,6.0,7.0,28.0,4.0,D Bond
03/04/2018,Bolton,Birmingham,0.0,1.0,A,8.0,6.0,1.0,1.0,0.0,3.0,14.0,7.0,8.0,10.0,O Langford
03/04/2018,Fulham,Leeds,2.0,0.0,H,6.0,5.0,3.0,2.0,4.0,2.0,9.0,10.0,17.0,9.0,P Bankes
03/04/2018,Wolves,Hull,2.0,2.0,D,5.0,1.0,0.0,3.0,5.0,2.0,13.0,12.0,12.0,10.0,D England
06/04/2018,Cardiff,Wolves,0.0,1.0,A,8.0,3.0,2.0,3.0,3.0,6.0,6.0,11.0,16.0,13.0,M Dean
07/04/2018,Barnsley,Sheffield United,3.0,2.0,H,3.0,11.0,2.0,2.0,6.0,5.0,10.0,7.0,13.0,19.0,S Duncan
07/04/2018,Birmingham,Burton,1.0,1.0,D,9.0,3.0,2.0,2.0,13.0,2.0,9.0,11.0,25.0,6.0,D Bond
07/04/2018,Brentford,Ipswich,1.0,0.0,H,6.0,4.0,2.0,3.0,4.0,2.0,14.0,19.0,12.0,7.0,R Jones
07/04/2018,Derby,Bolton,3.0,0.0,H,5.0,5.0,1.0,1.0,5.0,2.0,15.0,7.0,9.0,9.0,D England
07/04/2018,Hull,QPR,4.0,0.0,H,4.0,10.0,3.0,2.0,4.0,0.0,12.0,14.0,12.0,9.0,G Eltringham
07/04/2018,Leeds,Sunderland,1.0,1.0,D,6.0,13.0,3.0,3.0,4.0,9.0,14.0,11.0,16.0,20.0,J Simpson
07/04/2018,Middlesbrough,Nott'm Forest,2.0,0.0,H,5.0,8.0,1.0,2.0,8.0,3.0,9.0,7.0,13.0,14.0,D Webb
07/04/2018,Millwall,Bristol City,2.0,0.0,H,3.0,7.0,1.0,0.0,6.0,0.0,14.0,6.0,12.0,11.0,S Hooper
07/04/2018,Norwich,Aston Villa,3.0,1.0,H,5.0,7.0,4.0,3.0,6.0,2.0,18.0,13.0,14.0,10.0,P Bankes
07/04/2018,Reading,Preston,1.0,0.0,H,2.0,4.0,2.0,2.0,1.0,3.0,16.0,20.0,5.0,17.0,A Madley
07/04/2018,Sheffield Weds,Fulham,0.0,1.0,A,1.0,11.0,2.0,0.0,0.0,8.0,18.0,7.0,4.0,22.0,S Martin
10/04/2018,Aston Villa,Cardiff,1.0,0.0,H,8.0,3.0,4.0,5.0,4.0,4.0,13.0,19.0,13.0,11.0,J Simpson
10/04/2018,Bolton,Millwall,0.0,2.0,A,6.0,5.0,0.0,0.0,3.0,6.0,18.0,18.0,13.0,13.0,R Jones
10/04/2018,Bristol City,Birmingham,3.0,1.0,H,4.0,6.0,0.0,1.0,4.0,7.0,8.0,16.0,10.0,18.0,G Eltringham
10/04/2018,Burton,Hull,0.0,5.0,A,2.0,4.0,0.0,2.0,2.0,6.0,9.0,13.0,11.0,14.0,P Bankes
10/04/2018,Fulham,Reading,1.0,0.0,H,6.0,2.0,1.0,1.0,5.0,0.0,11.0,14.0,14.0,3.0,L Mason
10/04/2018,Ipswich,Barnsley,1.0,0.0,H,5.0,5.0,1.0,1.0,4.0,2.0,15.0,15.0,16.0,19.0,J Linington
10/04/2018,Nott'm Forest,Brentford,0.0,1.0,A,4.0,8.0,2.0,0.0,2.0,2.0,11.0,9.0,16.0,11.0,A Davies
10/04/2018,Preston,Leeds,3.0,1.0,H,9.0,9.0,3.0,2.0,7.0,5.0,14.0,10.0,17.0,9.0,L Probert
10/04/2018,QPR,Sheffield Weds,4.0,2.0,H,7.0,4.0,1.0,1.0,8.0,6.0,13.0,18.0,16.0,13.0,O Langford
10/04/2018,Sheffield United,Middlesbrough,2.0,1.0,H,5.0,1.0,1.0,3.0,3.0,2.0,5.0,20.0,11.0,7.0,D Bond
10/04/2018,Sunderland,Norwich,1.0,1.0,D,5.0,6.0,0.0,0.0,5.0,4.0,12.0,8.0,25.0,18.0,D Coote
11/04/2018,Wolves,Derby,2.0,0.0,H,7.0,3.0,1.0,0.0,5.0,1.0,11.0,10.0,12.0,6.0,T Robinson
13/04/2018,Aston Villa,Leeds,1.0,0.0,H,5.0,4.0,0.0,0.0,5.0,2.0,7.0,10.0,17.0,9.0,T Harrington
14/04/2018,Barnsley,Bolton,2.0,2.0,D,4.0,9.0,5.0,4.0,6.0,4.0,14.0,19.0,15.0,15.0,M Jones
14/04/2018,Burton,Derby,3.0,1.0,H,2.0,5.0,3.0,1.0,6.0,2.0,16.0,12.0,10.0,9.0,J Linington
14/04/2018,Fulham,Brentford,1.0,1.0,D,4.0,7.0,1.0,2.0,2.0,5.0,13.0,9.0,12.0,17.0,N Swarbrick
14/04/2018,Hull,Sheffield Weds,0.0,1.0,A,11.0,5.0,1.0,1.0,3.0,3.0,10.0,8.0,24.0,8.0,S Duncan
14/04/2018,Middlesbrough,Bristol City,2.0,1.0,H,4.0,2.0,4.0,2.0,3.0,3.0,16.0,17.0,21.0,10.0,A Madley
14/04/2018,Norwich,Cardiff,0.0,2.0,A,10.0,6.0,1.0,2.0,4.0,6.0,8.0,23.0,17.0,15.0,T Robinson
14/04/2018,Nott'm Forest,Ipswich,2.0,1.0,H,8.0,9.0,1.0,1.0,8.0,3.0,7.0,9.0,19.0,10.0,D England
14/04/2018,QPR,Preston,1.0,2.0,A,5.0,10.0,3.0,1.0,3.0,7.0,23.0,13.0,5.0,14.0,R Jones
14/04/2018,Reading,Sunderland,2.0,2.0,D,3.0,8.0,1.0,1.0,6.0,6.0,11.0,14.0,12.0,22.0,S Martin
14/04/2018,Sheffield United,Millwall,1.0,1.0,D,8.0,9.0,2.0,3.0,8.0,3.0,10.0,17.0,17.0,12.0,D Coote
15/04/2018,Wolves,Birmingham,2.0,0.0,H,4.0,4.0,0.0,2.0,6.0,4.0,11.0,10.0,13.0,9.0,A Davies
20/04/2018,Millwall,Fulham,0.0,3.0,A,2.0,1.0,4.0,1.0,4.0,5.0,17.0,8.0,7.0,17.0,A Madley
21/04/2018,Birmingham,Sheffield United,2.0,1.0,H,4.0,3.0,1.0,2.0,7.0,3.0,15.0,14.0,16.0,7.0,T Robinson
21/04/2018,Bolton,Wolves,0.0,4.0,A,2.0,5.0,1.0,1.0,2.0,9.0,12.0,17.0,9.0,21.0,K Stroud
21/04/2018,Brentford,QPR,2.0,1.0,H,11.0,4.0,2.0,4.0,9.0,3.0,14.0,12.0,17.0,13.0,A Madley
21/04/2018,Bristol City,Hull,5.0,5.0,D,6.0,1.0,1.0,4.0,6.0,8.0,9.0,9.0,20.0,13.0,O Langford
21/04/2018,Cardiff,Nott'm Forest,2.0,1.0,H,6.0,2.0,0.0,3.0,5.0,3.0,9.0,15.0,14.0,8.0,P Bankes
21/04/2018,Derby,Middlesbrough,1.0,2.0,A,12.0,6.0,3.0,2.0,7.0,4.0,13.0,11.0,16.0,14.0,L Probert
21/04/2018,Ipswich,Aston Villa,0.0,4.0,A,4.0,8.0,0.0,0.0,1.0,6.0,12.0,10.0,3.0,21.0,S Hooper
21/04/2018,Leeds,Barnsley,2.0,1.0,H,5.0,9.0,1.0,1.0,3.0,3.0,8.0,10.0,15.0,11.0,S Martin
21/04/2018,Preston,Norwich,0.0,0.0,D,5.0,5.0,3.0,5.0,2.0,0.0,16.0,11.0,10.0,12.0,G Eltringham
21/04/2018,Sheffield Weds,Reading,3.0,0.0,H,4.0,2.0,0.0,0.0,6.0,1.0,9.0,8.0,14.0,7.0,J Simpson
21/04/2018,Sunderland,Burton,1.0,2.0,A,2.0,8.0,6.0,2.0,2.0,8.0,15.0,7.0,14.0,14.0,D England
24/04/2018,Derby,Cardiff,3.0,1.0,H,9.0,6.0,1.0,4.0,4.0,2.0,10.0,11.0,17.0,12.0,A Madley
24/04/2018,Nott'm Forest,Barnsley,3.0,0.0,H,8.0,5.0,2.0,1.0,8.0,3.0,11.0,8.0,19.0,14.0,R Jones
27/04/2018,Fulham,Sunderland,2.0,1.0,H,4.0,2.0,2.0,4.0,5.0,2.0,15.0,10.0,14.0,8.0,P Bankes
28/04/2018,Aston Villa,Derby,1.0,1.0,D,9.0,2.0,0.0,1.0,6.0,3.0,4.0,8.0,24.0,7.0,S Duncan
28/04/2018,Barnsley,Brentford,2.0,0.0,H,3.0,2.0,0.0,1.0,4.0,2.0,9.0,9.0,12.0,12.0,D Bond
28/04/2018,Burton,Bolton,2.0,0.0,H,8.0,5.0,2.0,2.0,8.0,0.0,15.0,15.0,16.0,9.0,G Scott
28/04/2018,Hull,Cardiff,0.0,2.0,A,3.0,5.0,3.0,2.0,0.0,6.0,15.0,15.0,8.0,12.0,A Davies
28/04/2018,Middlesbrough,Millwall,2.0,0.0,H,3.0,8.0,2.0,3.0,3.0,3.0,8.0,11.0,17.0,8.0,P Tierney
28/04/2018,Norwich,Leeds,2.0,1.0,H,9.0,3.0,1.0,2.0,5.0,5.0,9.0,15.0,18.0,15.0,J Brooks
28/04/2018,Nott'm Forest,Bristol City,0.0,0.0,D,6.0,2.0,1.0,1.0,6.0,0.0,13.0,12.0,24.0,6.0,J Simpson
28/04/2018,QPR,Birmingham,3.0,1.0,H,3.0,11.0,2.0,1.0,13.0,6.0,11.0,16.0,18.0,16.0,S Martin
28/04/2018,Reading,Ipswich,0.0,4.0,A,12.0,4.0,0.0,0.0,6.0,7.0,7.0,13.0,15.0,11.0,K Stroud
28/04/2018,Sheffield United,Preston,0.0,1.0,A,13.0,3.0,4.0,3.0,4.0,3.0,21.0,14.0,17.0,8.0,J Linington
28/04/2018,Wolves,Sheffield Weds,0.0,0.0,D,9.0,4.0,1.0,0.0,4.0,0.0,6.0,5.0,17.0,2.0,S Hooper
06/05/2018,Birmingham,Fulham,3.0,1.0,H,3.0,4.0,2.0,3.0,7.0,5.0,14.0,8.0,11.0,13.0,S Attwell
06/05/2018,Bolton,Nott'm Forest,3.0,2.0,H,6.0,2.0,3.0,4.0,9.0,4.0,12.0,11.0,24.0,12.0,S Duncan
06/05/2018,Brentford,Hull,1.0,1.0,D,14.0,1.0,0.0,0.0,5.0,4.0,10.0,12.0,22.0,7.0,J Linington
06/05/2018,Bristol City,Sheffield United,2.0,3.0,A,2.0,3.0,4.0,2.0,5.0,3.0,16.0,16.0,10.0,5.0,P Bankes
06/05/2018,Cardiff,Reading,0.0,0.0,D,4.0,2.0,1.0,2.0,3.0,1.0,16.0,11.0,16.0,1.0,R Madley
06/05/2018,Derby,Barnsley,4.0,1.0,H,5.0,3.0,1.0,2.0,5.0,3.0,7.0,8.0,16.0,14.0,S Hooper
06/05/2018,Ipswich,Middlesbrough,2.0,2.0,D,6.0,11.0,3.0,1.0,8.0,6.0,7.0,12.0,16.0,28.0,D Coote
06/05/2018,Leeds,QPR,2.0,0.0,H,9.0,4.0,3.0,3.0,6.0,1.0,19.0,12.0,14.0,7.0,D England
06/05/2018,Millwall,Aston Villa,1.0,0.0,H,5.0,5.0,1.0,0.0,3.0,5.0,12.0,6.0,13.0,14.0,T Robinson
06/05/2018,Preston,Burton,2.0,1.0,H,6.0,8.0,1.0,2.0,6.0,5.0,10.0,12.0,18.0,21.0,A Madley
06/05/2018,Sheffield Weds,Norwich,5.0,1.0,H,1.0,10.0,2.0,1.0,8.0,2.0,14.0,12.0,12.0,21.0,R Jones
06/05/2018,Sunderland,Wolves,3.0,0.0,H,7.0,7.0,0.0,0.0,7.0,1.0,7.0,16.0,19.0,7.0,J Simpson
03/08/2018,Reading,Derby,1.0,2.0,A,2.0,4.0,3.0,4.0,5.0,3.0,14.0,16.0,8.0,11.0,R Jones
04/08/2018,Birmingham,Norwich,2.0,2.0,D,4.0,4.0,0.0,3.0,7.0,7.0,15.0,10.0,16.0,16.0,P Bankes
04/08/2018,Brentford,Rotherham,5.0,1.0,H,13.0,3.0,0.0,2.0,10.0,5.0,15.0,10.0,14.0,9.0,O Langford
04/08/2018,Bristol City,Nott'm Forest,1.0,1.0,D,7.0,9.0,0.0,4.0,6.0,6.0,8.0,17.0,18.0,16.0,D Bond
04/08/2018,Ipswich,Blackburn,2.0,2.0,D,3.0,0.0,2.0,3.0,3.0,2.0,11.0,21.0,9.0,6.0,A Davies
04/08/2018,Millwall,Middlesbrough,2.0,2.0,D,6.0,6.0,3.0,2.0,2.0,3.0,13.0,6.0,9.0,12.0,K Friend
04/08/2018,Preston,QPR,1.0,0.0,H,6.0,4.0,0.0,2.0,3.0,2.0,15.0,13.0,15.0,8.0,D England
04/08/2018,Sheffield United,Swansea,1.0,2.0,A,5.0,1.0,0.0,0.0,2.0,4.0,6.0,6.0,12.0,9.0,J Simpson
04/08/2018,West Brom,Bolton,1.0,2.0,A,10.0,6.0,1.0,0.0,3.0,4.0,9.0,14.0,20.0,11.0,G Eltringham
04/08/2018,Wigan,Sheffield Weds,3.0,2.0,H,3.0,3.0,1.0,3.0,10.0,4.0,12.0,12.0,21.0,8.0,T Robinson
05/08/2018,Leeds,Stoke,3.0,1.0,H,3.0,3.0,0.0,0.0,5.0,5.0,14.0,8.0,11.0,9.0,S Duncan
06/08/2018,Hull,Aston Villa,1.0,3.0,A,4.0,2.0,0.0,2.0,3.0,5.0,12.0,9.0,11.0,9.0,A Madley
07/08/2018,Middlesbrough,Sheffield United,3.0,0.0,H,7.0,6.0,0.0,3.0,5.0,4.0,10.0,13.0,13.0,17.0,R Jones
07/08/2018,Nott'm Forest,West Brom,1.0,1.0,D,7.0,6.0,2.0,1.0,5.0,2.0,12.0,10.0,20.0,10.0,D England
11/08/2018,Aston Villa,Wigan,3.0,2.0,H,3.0,4.0,1.0,4.0,6.0,3.0,17.0,16.0,17.0,10.0,J Simpson
11/08/2018,Blackburn,Millwall,0.0,0.0,D,7.0,1.0,0.0,1.0,4.0,0.0,13.0,13.0,10.0,7.0,G Ward
11/08/2018,Bolton,Bristol City,2.0,2.0,D,4.0,10.0,6.0,2.0,2.0,5.0,20.0,6.0,7.0,16.0,J Brooks
11/08/2018,Derby,Leeds,1.0,4.0,A,3.0,5.0,4.0,2.0,4.0,7.0,10.0,19.0,12.0,17.0,P Bankes
11/08/2018,Middlesbrough,Birmingham,1.0,0.0,H,3.0,9.0,0.0,1.0,2.0,4.0,9.0,11.0,10.0,11.0,A Madley
11/08/2018,Norwich,West Brom,3.0,4.0,A,4.0,2.0,0.0,0.0,10.0,7.0,12.0,14.0,20.0,13.0,L Mason
11/08/2018,Nott'm Forest,Reading,1.0,0.0,H,6.0,4.0,0.0,1.0,3.0,3.0,15.0,11.0,12.0,8.0,S Martin
11/08/2018,QPR,Sheffield United,1.0,2.0,A,4.0,6.0,1.0,1.0,6.0,5.0,12.0,11.0,14.0,8.0,S Duncan
11/08/2018,Rotherham,Ipswich,1.0,0.0,H,0.0,12.0,2.0,0.0,4.0,3.0,8.0,9.0,10.0,16.0,D Webb
11/08/2018,Sheffield Weds,Hull,1.0,1.0,D,5.0,6.0,3.0,1.0,6.0,4.0,5.0,7.0,12.0,16.0,S Attwell
11/08/2018,Stoke,Brentford,1.0,1.0,D,2.0,6.0,2.0,0.0,3.0,5.0,15.0,6.0,9.0,17.0,A Davies
11/08/2018,Swansea,Preston,1.0,0.0,H,4.0,5.0,0.0,1.0,7.0,5.0,6.0,14.0,10.0,12.0,J Linington
17/08/2018,Birmingham,Swansea,0.0,0.0,D,10.0,1.0,1.0,1.0,6.0,0.0,13.0,11.0,17.0,6.0,D England
18/08/2018,Bristol City,Middlesbrough,0.0,2.0,A,4.0,4.0,1.0,2.0,4.0,3.0,9.0,11.0,18.0,13.0,O Langford
18/08/2018,Hull,Blackburn,0.0,1.0,A,5.0,1.0,1.0,3.0,3.0,7.0,12.0,13.0,10.0,16.0,D Coote
18/08/2018,Ipswich,Aston Villa,1.0,1.0,D,2.0,7.0,1.0,2.0,1.0,3.0,13.0,15.0,9.0,10.0,T Robinson
18/08/2018,Leeds,Rotherham,2.0,0.0,H,7.0,1.0,0.0,1.0,7.0,4.0,10.0,8.0,17.0,9.0,R Jones
18/08/2018,Millwall,Derby,2.0,1.0,H,4.0,10.0,1.0,1.0,4.0,4.0,15.0,10.0,12.0,12.0,S Martin
18/08/2018,Preston,Stoke,2.0,2.0,D,4.0,2.0,2.0,3.0,6.0,3.0,13.0,15.0,15.0,8.0,A Madley
18/08/2018,Reading,Bolton,0.0,1.0,A,5.0,3.0,2.0,1.0,3.0,4.0,11.0,15.0,15.0,9.0,J Linington
18/08/2018,Sheffield United,Norwich,2.0,1.0,H,9.0,4.0,2.0,2.0,5.0,2.0,15.0,7.0,14.0,11.0,D Bond
18/08/2018,West Brom,QPR,7.0,1.0,H,3.0,5.0,2.0,1.0,9.0,2.0,14.0,15.0,15.0,6.0,T Harrington
18/08/2018,Wigan,Nott'm Forest,2.0,2.0,D,8.0,14.0,2.0,4.0,4.0,4.0,18.0,18.0,17.0,9.0,G Eltringham
19/08/2018,Brentford,Sheffield Weds,2.0,0.0,H,9.0,0.0,1.0,1.0,9.0,1.0,11.0,9.0,14.0,4.0,D Webb
21/08/2018,Derby,Ipswich,2.0,0.0,H,4.0,4.0,2.0,2.0,2.0,2.0,10.0,10.0,10.0,11.0,S Duncan
21/08/2018,QPR,Bristol City,0.0,3.0,A,2.0,3.0,1.0,3.0,4.0,5.0,16.0,10.0,14.0,11.0,P Bankes
21/08/2018,Rotherham,Hull,2.0,3.0,A,7.0,4.0,1.0,1.0,4.0,6.0,11.0,10.0,15.0,14.0,J Simpson
21/08/2018,Swansea,Leeds,2.0,2.0,D,2.0,5.0,0.0,4.0,4.0,3.0,13.0,17.0,12.0,8.0,A Davies
22/08/2018,Aston Villa,Brentford,2.0,2.0,D,13.0,6.0,3.0,2.0,7.0,7.0,9.0,18.0,16.0,13.0,J Moss
22/08/2018,Blackburn,Reading,2.0,2.0,D,6.0,1.0,1.0,0.0,4.0,4.0,7.0,9.0,16.0,8.0,O Langford
22/08/2018,Bolton,Birmingham,1.0,0.0,H,3.0,10.0,2.0,3.0,4.0,6.0,11.0,15.0,8.0,18.0,L Probert
22/08/2018,Norwich,Preston,2.0,0.0,H,11.0,4.0,2.0,2.0,4.0,3.0,13.0,16.0,12.0,9.0,G Ward
22/08/2018,Sheffield Weds,Millwall,2.0,1.0,H,7.0,4.0,2.0,0.0,3.0,4.0,8.0,10.0,13.0,12.0,A Madley
22/08/2018,Stoke,Wigan,0.0,3.0,A,4.0,3.0,3.0,2.0,0.0,4.0,16.0,16.0,9.0,10.0,J Brooks
24/08/2018,Middlesbrough,West Brom,1.0,0.0,H,10.0,4.0,3.0,2.0,4.0,2.0,12.0,11.0,18.0,13.0,J Brooks
25/08/2018,Aston Villa,Reading,1.0,1.0,D,4.0,9.0,0.0,2.0,8.0,7.0,9.0,13.0,21.0,10.0,D England
25/08/2018,Blackburn,Brentford,1.0,0.0,H,3.0,4.0,0.0,1.0,1.0,3.0,12.0,10.0,2.0,8.0,T Harrington
25/08/2018,Bolton,Sheffield United,0.0,3.0,A,8.0,10.0,2.0,1.0,2.0,6.0,6.0,14.0,10.0,17.0,A Madley
25/08/2018,Derby,Preston,2.0,0.0,H,9.0,4.0,3.0,1.0,4.0,4.0,17.0,10.0,15.0,6.0,D Webb
25/08/2018,Norwich,Leeds,0.0,3.0,A,10.0,4.0,1.0,2.0,2.0,5.0,13.0,16.0,10.0,12.0,S Hooper
25/08/2018,Nott'm Forest,Birmingham,2.0,2.0,D,0.0,4.0,4.0,0.0,3.0,3.0,17.0,20.0,9.0,9.0,T Robinson
25/08/2018,QPR,Wigan,1.0,0.0,H,7.0,3.0,2.0,1.0,3.0,5.0,17.0,14.0,12.0,18.0,S Martin
25/08/2018,Sheffield Weds,Ipswich,2.0,1.0,H,7.0,7.0,2.0,2.0,3.0,3.0,13.0,15.0,13.0,13.0,J Simpson
25/08/2018,Stoke,Hull,2.0,0.0,H,8.0,5.0,1.0,0.0,5.0,0.0,8.0,11.0,11.0,4.0,D Bond
25/08/2018,Swansea,Bristol City,0.0,1.0,A,4.0,5.0,0.0,1.0,3.0,6.0,8.0,11.0,12.0,10.0,G Ward
26/08/2018,Rotherham,Millwall,1.0,0.0,H,2.0,9.0,1.0,2.0,3.0,5.0,14.0,9.0,12.0,12.0,G Eltringham
31/08/2018,Leeds,Middlesbrough,0.0,0.0,D,6.0,5.0,4.0,4.0,3.0,3.0,11.0,16.0,11.0,9.0,T Robinson
01/09/2018,Birmingham,QPR,0.0,0.0,D,5.0,2.0,2.0,0.0,1.0,5.0,22.0,19.0,5.0,12.0,J Simpson
01/09/2018,Brentford,Nott'm Forest,2.0,1.0,H,9.0,2.0,5.0,7.0,6.0,2.0,10.0,16.0,20.0,6.0,P Bankes
01/09/2018,Hull,Derby,1.0,2.0,A,7.0,10.0,2.0,1.0,2.0,5.0,10.0,16.0,18.0,11.0,J Brooks
01/09/2018,Millwall,Swansea,1.0,2.0,A,5.0,3.0,1.0,1.0,2.0,2.0,12.0,8.0,11.0,8.0,G Scott
01/09/2018,Preston,Bolton,2.0,2.0,D,7.0,4.0,1.0,3.0,4.0,6.0,8.0,11.0,12.0,14.0,A Davies
01/09/2018,Reading,Sheffield Weds,1.0,2.0,A,9.0,6.0,1.0,1.0,4.0,4.0,12.0,20.0,12.0,10.0,G Ward
01/09/2018,Sheffield United,Aston Villa,4.0,1.0,H,9.0,1.0,1.0,1.0,6.0,2.0,18.0,12.0,9.0,9.0,J Linington
01/09/2018,West Brom,Stoke,2.0,1.0,H,3.0,7.0,3.0,1.0,6.0,5.0,9.0,14.0,12.0,16.0,S Hooper
01/09/2018,Wigan,Rotherham,1.0,0.0,H,3.0,6.0,2.0,3.0,5.0,4.0,10.0,13.0,16.0,16.0,S Duncan
02/09/2018,Bristol City,Blackburn,4.0,1.0,H,8.0,5.0,0.0,0.0,11.0,2.0,8.0,8.0,19.0,13.0,D Webb
02/09/2018,Ipswich,Norwich,1.0,1.0,D,7.0,6.0,2.0,1.0,6.0,2.0,12.0,21.0,19.0,11.0,R Jones
14/09/2018,Birmingham,West Brom,1.0,1.0,D,6.0,3.0,2.0,1.0,4.0,3.0,15.0,14.0,13.0,15.0,A Madley
15/09/2018,Blackburn,Aston Villa,1.0,1.0,D,8.0,3.0,3.0,2.0,3.0,5.0,8.0,11.0,13.0,15.0,S Martin
15/09/2018,Bolton,QPR,1.0,2.0,A,12.0,1.0,1.0,0.0,3.0,2.0,13.0,14.0,9.0,11.0,O Langford
15/09/2018,Brentford,Wigan,2.0,0.0,H,9.0,3.0,2.0,3.0,10.0,1.0,11.0,15.0,20.0,8.0,D England
15/09/2018,Bristol City,Sheffield United,1.0,0.0,H,3.0,4.0,1.0,4.0,3.0,1.0,13.0,15.0,11.0,11.0,J Brooks
15/09/2018,Hull,Ipswich,2.0,0.0,H,7.0,5.0,2.0,0.0,7.0,1.0,12.0,21.0,13.0,6.0,T Harrington
15/09/2018,Millwall,Leeds,1.0,1.0,D,6.0,4.0,1.0,0.0,2.0,4.0,14.0,7.0,16.0,11.0,C Kavanagh
15/09/2018,Norwich,Middlesbrough,1.0,0.0,H,0.0,4.0,3.0,1.0,6.0,2.0,13.0,12.0,16.0,8.0,J Linington
15/09/2018,Preston,Reading,2.0,3.0,A,9.0,2.0,1.0,1.0,10.0,5.0,11.0,9.0,23.0,9.0,D Bond
15/09/2018,Rotherham,Derby,1.0,0.0,H,9.0,5.0,4.0,4.0,6.0,4.0,15.0,12.0,16.0,12.0,P Bankes
15/09/2018,Sheffield Weds,Stoke,2.0,2.0,D,7.0,13.0,1.0,0.0,4.0,4.0,11.0,7.0,12.0,14.0,G Eltringham
15/09/2018,Swansea,Nott'm Forest,0.0,0.0,D,3.0,10.0,0.0,3.0,2.0,4.0,4.0,13.0,5.0,16.0,S Duncan
18/09/2018,Aston Villa,Rotherham,2.0,0.0,H,3.0,3.0,2.0,2.0,4.0,3.0,9.0,16.0,14.0,13.0,A Davies
18/09/2018,Derby,Blackburn,0.0,0.0,D,3.0,1.0,2.0,3.0,3.0,2.0,18.0,13.0,22.0,6.0,D England
18/09/2018,Ipswich,Brentford,1.0,1.0,D,8.0,6.0,1.0,2.0,5.0,6.0,16.0,9.0,10.0,14.0,D Bond
18/09/2018,Leeds,Preston,3.0,0.0,H,4.0,3.0,1.0,2.0,5.0,3.0,12.0,12.0,17.0,5.0,G Eltringham
18/09/2018,Stoke,Swansea,1.0,0.0,H,1.0,3.0,2.0,1.0,3.0,5.0,13.0,13.0,8.0,14.0,P Tierney
18/09/2018,West Brom,Bristol City,4.0,2.0,H,2.0,7.0,2.0,1.0,7.0,8.0,11.0,13.0,11.0,23.0,J Simpson
18/09/2018,Wigan,Hull,2.0,1.0,H,7.0,3.0,1.0,3.0,7.0,4.0,12.0,10.0,18.0,7.0,D Webb
19/09/2018,Middlesbrough,Bolton,2.0,0.0,H,10.0,1.0,1.0,4.0,4.0,2.0,7.0,13.0,19.0,7.0,D Coote
19/09/2018,Nott'm Forest,Sheffield Weds,2.0,1.0,H,2.0,2.0,2.0,0.0,6.0,3.0,13.0,12.0,13.0,6.0,T Harrington
19/09/2018,QPR,Millwall,2.0,0.0,H,3.0,5.0,3.0,2.0,9.0,2.0,15.0,18.0,20.0,14.0,R Jones
19/09/2018,Reading,Norwich,1.0,2.0,A,6.0,7.0,2.0,3.0,2.0,5.0,9.0,16.0,13.0,11.0,T Robinson
19/09/2018,Sheffield United,Birmingham,0.0,0.0,D,9.0,5.0,1.0,0.0,3.0,5.0,10.0,11.0,6.0,13.0,G Ward
21/09/2018,Wigan,Bristol City,1.0,0.0,H,2.0,4.0,2.0,1.0,1.0,3.0,12.0,13.0,9.0,9.0,O Langford
22/09/2018,Aston Villa,Sheffield Weds,1.0,2.0,A,3.0,7.0,2.0,1.0,4.0,5.0,15.0,12.0,18.0,13.0,D Webb
22/09/2018,Derby,Brentford,3.0,1.0,H,3.0,9.0,2.0,1.0,6.0,2.0,9.0,9.0,16.0,16.0,A Madley
22/09/2018,Ipswich,Bolton,0.0,0.0,D,6.0,4.0,2.0,0.0,2.0,0.0,14.0,9.0,9.0,7.0,S Martin
22/09/2018,Leeds,Birmingham,1.0,2.0,A,7.0,4.0,2.0,4.0,5.0,3.0,13.0,21.0,17.0,4.0,P Bankes
22/09/2018,Middlesbrough,Swansea,0.0,0.0,D,10.0,3.0,3.0,0.0,5.0,2.0,13.0,11.0,16.0,5.0,S Hooper
22/09/2018,Nott'm Forest,Rotherham,1.0,0.0,H,4.0,4.0,1.0,3.0,2.0,1.0,11.0,20.0,9.0,4.0,R Jones
22/09/2018,QPR,Norwich,0.0,1.0,A,2.0,2.0,0.0,2.0,3.0,4.0,17.0,12.0,10.0,9.0,D Bond
22/09/2018,Reading,Hull,3.0,0.0,H,4.0,4.0,0.0,2.0,6.0,2.0,12.0,10.0,14.0,9.0,J Simpson
22/09/2018,Sheffield United,Preston,3.0,2.0,H,4.0,3.0,1.0,2.0,3.0,3.0,10.0,6.0,13.0,10.0,S Duncan
22/09/2018,Stoke,Blackburn,2.0,3.0,A,9.0,2.0,2.0,1.0,3.0,4.0,11.0,14.0,17.0,8.0,T Harrington
22/09/2018,West Brom,Millwall,2.0,0.0,H,7.0,2.0,0.0,0.0,4.0,2.0,7.0,6.0,14.0,10.0,T Robinson
28/09/2018,Bristol City,Aston Villa,1.0,1.0,D,3.0,8.0,2.0,2.0,3.0,5.0,15.0,18.0,7.0,12.0,T Robinson
28/09/2018,Sheffield Weds,Leeds,1.0,1.0,D,3.0,11.0,2.0,1.0,4.0,7.0,14.0,9.0,10.0,25.0,R Jones
29/09/2018,Birmingham,Ipswich,2.0,2.0,D,10.0,2.0,0.0,1.0,9.0,3.0,11.0,16.0,22.0,7.0,J Brooks
29/09/2018,Blackburn,Nott'm Forest,2.0,2.0,D,6.0,8.0,0.0,1.0,9.0,5.0,5.0,11.0,17.0,17.0,A Madley
29/09/2018,Bolton,Derby,1.0,0.0,H,2.0,9.0,3.0,1.0,2.0,1.0,16.0,8.0,8.0,17.0,S Duncan
29/09/2018,Brentford,Reading,2.0,2.0,D,6.0,4.0,4.0,1.0,3.0,4.0,17.0,17.0,13.0,10.0,G Eltringham
29/09/2018,Hull,Middlesbrough,1.0,1.0,D,2.0,4.0,3.0,2.0,3.0,4.0,9.0,17.0,10.0,12.0,D England
29/09/2018,Millwall,Sheffield United,2.0,3.0,A,5.0,10.0,2.0,3.0,5.0,7.0,11.0,10.0,11.0,15.0,A Davies
29/09/2018,Norwich,Wigan,1.0,0.0,H,9.0,4.0,1.0,3.0,4.0,0.0,12.0,19.0,14.0,11.0,G Ward
29/09/2018,Preston,West Brom,2.0,3.0,A,2.0,2.0,0.0,4.0,4.0,7.0,10.0,12.0,13.0,12.0,T Harrington
29/09/2018,Rotherham,Stoke,2.0,2.0,D,6.0,8.0,0.0,0.0,2.0,7.0,8.0,7.0,13.0,19.0,D Webb
29/09/2018,Swansea,QPR,3.0,0.0,H,5.0,5.0,0.0,3.0,4.0,1.0,6.0,13.0,10.0,14.0,K Friend
02/10/2018,Aston Villa,Preston,3.0,3.0,D,4.0,4.0,2.0,4.0,6.0,7.0,13.0,13.0,12.0,19.0,P Bankes
02/10/2018,Brentford,Birmingham,1.0,1.0,D,9.0,7.0,3.0,5.0,7.0,6.0,13.0,13.0,18.0,14.0,T Robinson
02/10/2018,Hull,Leeds,0.0,1.0,A,3.0,4.0,1.0,3.0,1.0,1.0,13.0,9.0,10.0,11.0,D Bond
02/10/2018,Ipswich,Middlesbrough,0.0,2.0,A,5.0,1.0,0.0,0.0,1.0,4.0,9.0,10.0,7.0,14.0,A Madley
02/10/2018,Reading,QPR,0.0,1.0,A,4.0,5.0,3.0,0.0,1.0,4.0,14.0,14.0,14.0,10.0,A Davies
02/10/2018,Stoke,Bolton,2.0,0.0,H,9.0,3.0,1.0,2.0,7.0,1.0,16.0,17.0,14.0,6.0,J Simpson
02/10/2018,Wigan,Swansea,0.0,0.0,D,4.0,9.0,1.0,0.0,1.0,5.0,14.0,8.0,10.0,17.0,J Brooks
03/10/2018,Blackburn,Sheffield United,0.0,2.0,A,4.0,7.0,1.0,2.0,2.0,7.0,16.0,9.0,13.0,13.0,R Jones
03/10/2018,Derby,Norwich,1.0,1.0,D,7.0,8.0,1.0,2.0,6.0,5.0,12.0,17.0,14.0,14.0,G Eltringham
03/10/2018,Nott'm Forest,Millwall,2.0,2.0,D,2.0,7.0,1.0,2.0,2.0,10.0,16.0,11.0,7.0,20.0,J Moss
03/10/2018,Rotherham,Bristol City,0.0,0.0,D,6.0,3.0,2.0,3.0,6.0,3.0,12.0,15.0,21.0,13.0,G Ward
03/10/2018,Sheffield Weds,West Brom,2.0,2.0,D,3.0,4.0,2.0,3.0,5.0,4.0,12.0,15.0,14.0,19.0,O Langford
06/10/2018,Birmingham,Rotherham,3.0,1.0,H,3.0,5.0,0.0,1.0,6.0,6.0,13.0,13.0,13.0,11.0,K Stroud
06/10/2018,Bolton,Blackburn,0.0,1.0,A,7.0,3.0,3.0,3.0,4.0,4.0,14.0,11.0,13.0,7.0,D Bond
06/10/2018,Leeds,Brentford,1.0,1.0,D,2.0,3.0,2.0,2.0,3.0,7.0,18.0,15.0,13.0,13.0,J Simpson
06/10/2018,Middlesbrough,Nott'm Forest,0.0,2.0,A,11.0,4.0,2.0,1.0,4.0,5.0,15.0,16.0,17.0,16.0,J Brooks
06/10/2018,Millwall,Aston Villa,2.0,1.0,H,9.0,4.0,0.0,1.0,4.0,3.0,13.0,10.0,18.0,6.0,T Harrington
06/10/2018,Norwich,Stoke,0.0,1.0,A,5.0,1.0,0.0,1.0,3.0,2.0,14.0,15.0,15.0,6.0,D Coote
06/10/2018,Preston,Wigan,4.0,0.0,H,6.0,5.0,3.0,3.0,3.0,3.0,11.0,15.0,16.0,11.0,L Probert
06/10/2018,QPR,Derby,1.0,1.0,D,1.0,10.0,3.0,2.0,3.0,5.0,19.0,12.0,13.0,14.0,D Webb
06/10/2018,Sheffield United,Hull,1.0,0.0,H,7.0,5.0,2.0,1.0,3.0,3.0,11.0,9.0,12.0,8.0,P Bankes
06/10/2018,Swansea,Ipswich,2.0,3.0,A,13.0,6.0,1.0,2.0,3.0,3.0,5.0,13.0,18.0,8.0,O Langford
06/10/2018,West Brom,Reading,4.0,1.0,H,7.0,7.0,2.0,3.0,5.0,6.0,10.0,11.0,14.0,15.0,D England
07/10/2018,Bristol City,Sheffield Weds,1.0,2.0,A,5.0,5.0,1.0,5.0,5.0,5.0,7.0,22.0,12.0,9.0,A Davies
19/10/2018,Sheffield Weds,Middlesbrough,1.0,2.0,A,3.0,8.0,1.0,3.0,3.0,5.0,14.0,19.0,14.0,15.0,P Bankes
20/10/2018,Aston Villa,Swansea,1.0,0.0,H,3.0,8.0,1.0,1.0,5.0,4.0,13.0,8.0,11.0,15.0,A Madley
20/10/2018,Blackburn,Leeds,2.0,1.0,H,7.0,11.0,3.0,2.0,6.0,6.0,10.0,16.0,18.0,20.0,D England
20/10/2018,Brentford,Bristol City,0.0,1.0,A,8.0,7.0,3.0,3.0,4.0,5.0,17.0,17.0,11.0,12.0,R Jones
20/10/2018,Derby,Sheffield United,2.0,1.0,H,4.0,9.0,0.0,1.0,4.0,4.0,8.0,12.0,12.0,13.0,O Langford
20/10/2018,Hull,Preston,1.0,1.0,D,8.0,3.0,1.0,4.0,5.0,4.0,9.0,11.0,14.0,14.0,G Ward
20/10/2018,Ipswich,QPR,0.0,2.0,A,2.0,12.0,0.0,1.0,1.0,5.0,9.0,17.0,3.0,13.0,G Eltringham
20/10/2018,Nott'm Forest,Norwich,1.0,2.0,A,0.0,12.0,3.0,3.0,2.0,7.0,17.0,11.0,7.0,19.0,K Stroud
20/10/2018,Reading,Millwall,3.0,1.0,H,6.0,14.0,1.0,2.0,4.0,11.0,15.0,9.0,9.0,26.0,D Webb
20/10/2018,Rotherham,Bolton,1.0,1.0,D,5.0,4.0,2.0,2.0,3.0,3.0,21.0,18.0,16.0,12.0,T Robinson
20/10/2018,Stoke,Birmingham,0.0,1.0,A,11.0,4.0,1.0,2.0,3.0,6.0,11.0,17.0,19.0,13.0,R East
20/10/2018,Wigan,West Brom,1.0,0.0,H,4.0,3.0,3.0,4.0,3.0,1.0,12.0,14.0,11.0,7.0,J Simpson
23/10/2018,Birmingham,Reading,2.0,1.0,H,7.0,8.0,1.0,2.0,5.0,7.0,11.0,8.0,14.0,11.0,T Harrington
23/10/2018,Middlesbrough,Rotherham,0.0,0.0,D,13.0,7.0,0.0,1.0,5.0,2.0,6.0,11.0,20.0,8.0,D Bond
23/10/2018,Millwall,Wigan,2.0,1.0,H,10.0,2.0,3.0,2.0,5.0,1.0,17.0,17.0,21.0,9.0,J Linington
23/10/2018,Norwich,Aston Villa,2.0,1.0,H,7.0,7.0,2.0,1.0,2.0,1.0,15.0,13.0,10.0,8.0,S Hooper
23/10/2018,QPR,Sheffield Weds,3.0,0.0,H,4.0,9.0,0.0,0.0,8.0,4.0,10.0,10.0,22.0,14.0,J Brooks
23/10/2018,Sheffield United,Stoke,1.0,1.0,D,14.0,4.0,1.0,1.0,6.0,4.0,13.0,10.0,22.0,10.0,G Ward
23/10/2018,Swansea,Blackburn,3.0,1.0,H,5.0,4.0,0.0,2.0,2.0,3.0,11.0,13.0,16.0,9.0,G Eltringham
24/10/2018,Bolton,Nott'm Forest,0.0,3.0,A,4.0,4.0,1.0,2.0,1.0,8.0,10.0,13.0,10.0,12.0,A Davies
24/10/2018,Bristol City,Hull,1.0,0.0,H,7.0,7.0,1.0,1.0,7.0,2.0,10.0,11.0,17.0,13.0,P Bankes
24/10/2018,Leeds,Ipswich,2.0,0.0,H,15.0,0.0,1.0,3.0,5.0,2.0,10.0,12.0,18.0,3.0,C Pawson
24/10/2018,Preston,Brentford,4.0,3.0,H,4.0,6.0,2.0,2.0,8.0,8.0,8.0,16.0,15.0,15.0,S Duncan
24/10/2018,West Brom,Derby,1.0,4.0,A,4.0,2.0,1.0,2.0,5.0,9.0,9.0,16.0,16.0,20.0,R Joyce
26/10/2018,QPR,Aston Villa,1.0,0.0,H,5.0,9.0,3.0,0.0,7.0,5.0,23.0,12.0,16.0,18.0,D England
27/10/2018,Birmingham,Sheffield Weds,3.0,1.0,H,10.0,6.0,0.0,1.0,4.0,4.0,2.0,12.0,16.0,12.0,D Bond
27/10/2018,Bolton,Hull,0.0,1.0,A,3.0,2.0,1.0,2.0,3.0,2.0,12.0,13.0,16.0,7.0,D Webb
27/10/2018,Bristol City,Stoke,0.0,1.0,A,7.0,11.0,1.0,2.0,8.0,3.0,9.0,11.0,22.0,8.0,A Madley
27/10/2018,Leeds,Nott'm Forest,1.0,1.0,D,6.0,3.0,1.0,4.0,3.0,1.0,11.0,17.0,18.0,3.0,G Eltringham
27/10/2018,Middlesbrough,Derby,1.0,1.0,D,9.0,4.0,1.0,1.0,0.0,7.0,12.0,10.0,10.0,18.0,S Hooper
27/10/2018,Millwall,Ipswich,3.0,0.0,H,4.0,2.0,0.0,1.0,4.0,0.0,21.0,13.0,7.0,4.0,R Jones
27/10/2018,Norwich,Brentford,1.0,0.0,H,4.0,5.0,0.0,1.0,3.0,5.0,14.0,13.0,11.0,11.0,O Langford
27/10/2018,Preston,Rotherham,1.0,1.0,D,8.0,7.0,1.0,1.0,6.0,5.0,8.0,15.0,15.0,12.0,J Simpson
27/10/2018,Sheffield United,Wigan,4.0,2.0,H,6.0,11.0,3.0,2.0,4.0,7.0,15.0,12.0,12.0,15.0,T Harrington
27/10/2018,Swansea,Reading,2.0,0.0,H,7.0,8.0,2.0,1.0,9.0,4.0,5.0,14.0,25.0,14.0,K Stroud
27/10/2018,West Brom,Blackburn,1.0,1.0,D,6.0,3.0,1.0,1.0,7.0,5.0,8.0,6.0,19.0,9.0,S Duncan
02/11/2018,Aston Villa,Bolton,2.0,0.0,H,2.0,8.0,0.0,3.0,3.0,3.0,8.0,16.0,17.0,11.0,O Langford
03/11/2018,Blackburn,QPR,1.0,0.0,H,5.0,2.0,4.0,4.0,2.0,1.0,13.0,16.0,10.0,5.0,P Bankes
03/11/2018,Brentford,Millwall,2.0,0.0,H,9.0,3.0,1.0,1.0,4.0,1.0,8.0,11.0,18.0,10.0,S Hooper
03/11/2018,Derby,Birmingham,3.0,1.0,H,6.0,7.0,0.0,3.0,10.0,3.0,5.0,11.0,18.0,6.0,C Kavanagh
03/11/2018,Hull,West Brom,1.0,0.0,H,4.0,4.0,1.0,0.0,3.0,2.0,8.0,10.0,13.0,9.0,K Stroud
03/11/2018,Ipswich,Preston,1.0,1.0,D,8.0,6.0,4.0,2.0,2.0,3.0,17.0,9.0,13.0,8.0,A Woolmer
03/11/2018,Nott'm Forest,Sheffield United,1.0,0.0,H,4.0,9.0,3.0,1.0,2.0,1.0,12.0,9.0,12.0,11.0,S Duncan
03/11/2018,Reading,Bristol City,3.0,2.0,H,1.0,6.0,5.0,2.0,3.0,7.0,11.0,10.0,8.0,21.0,J Linington
03/11/2018,Rotherham,Swansea,2.0,1.0,H,3.0,2.0,2.0,4.0,4.0,4.0,17.0,12.0,7.0,12.0,T Harrington
03/11/2018,Sheffield Weds,Norwich,0.0,4.0,A,4.0,6.0,4.0,2.0,4.0,10.0,20.0,4.0,16.0,16.0,S Martin
03/11/2018,Stoke,Middlesbrough,0.0,0.0,D,7.0,2.0,1.0,1.0,1.0,4.0,8.0,10.0,13.0,11.0,R Jones
04/11/2018,Wigan,Leeds,1.0,2.0,A,4.0,6.0,2.0,2.0,1.0,4.0,12.0,15.0,6.0,12.0,A Davies
09/11/2018,Sheffield United,Sheffield Weds,0.0,0.0,D,12.0,4.0,0.0,3.0,5.0,1.0,5.0,11.0,19.0,7.0,A Madley
10/11/2018,Birmingham,Hull,3.0,3.0,D,3.0,3.0,1.0,3.0,4.0,5.0,9.0,11.0,11.0,12.0,G Ward
10/11/2018,Blackburn,Rotherham,1.0,1.0,D,11.0,3.0,0.0,1.0,9.0,1.0,9.0,10.0,25.0,13.0,D Webb
10/11/2018,Bolton,Swansea,0.0,1.0,A,2.0,6.0,3.0,3.0,3.0,2.0,14.0,9.0,12.0,10.0,G Scott
10/11/2018,Bristol City,Preston,0.0,1.0,A,3.0,2.0,1.0,2.0,1.0,3.0,15.0,14.0,6.0,9.0,G Eltringham
10/11/2018,Derby,Aston Villa,0.0,3.0,A,2.0,5.0,3.0,2.0,5.0,5.0,17.0,10.0,11.0,21.0,J Brooks
10/11/2018,Middlesbrough,Wigan,2.0,0.0,H,4.0,4.0,1.0,2.0,4.0,1.0,16.0,12.0,19.0,13.0,D England
10/11/2018,Norwich,Millwall,4.0,3.0,H,6.0,3.0,2.0,5.0,7.0,4.0,11.0,17.0,21.0,8.0,J Simpson
10/11/2018,Nott'm Forest,Stoke,0.0,0.0,D,4.0,4.0,1.0,0.0,4.0,2.0,11.0,10.0,12.0,8.0,O Langford
10/11/2018,QPR,Brentford,3.0,2.0,H,2.0,5.0,2.0,1.0,7.0,6.0,13.0,12.0,17.0,12.0,J Linington
10/11/2018,Reading,Ipswich,2.0,2.0,D,4.0,5.0,1.0,2.0,4.0,5.0,6.0,10.0,12.0,11.0,D Bond
10/11/2018,West Brom,Leeds,4.0,1.0,H,3.0,3.0,2.0,0.0,6.0,3.0,10.0,12.0,20.0,15.0,L Mason
23/11/2018,Ipswich,West Brom,1.0,2.0,A,8.0,5.0,1.0,3.0,2.0,3.0,9.0,13.0,12.0,13.0,K Stroud
24/11/2018,Brentford,Middlesbrough,1.0,2.0,A,9.0,4.0,1.0,2.0,9.0,4.0,6.0,11.0,17.0,11.0,J Brooks
24/11/2018,Hull,Nott'm Forest,0.0,2.0,A,6.0,5.0,2.0,0.0,1.0,6.0,10.0,6.0,7.0,15.0,G Scott
24/11/2018,Leeds,Bristol City,2.0,0.0,H,10.0,8.0,1.0,0.0,6.0,1.0,7.0,9.0,20.0,7.0,S Duncan
24/11/2018,Millwall,Bolton,1.0,1.0,D,10.0,4.0,1.0,2.0,5.0,4.0,12.0,12.0,13.0,9.0,L Swabey
24/11/2018,Preston,Blackburn,4.0,1.0,H,4.0,5.0,1.0,2.0,5.0,6.0,8.0,7.0,15.0,11.0,A Madley
24/11/2018,Rotherham,Sheffield United,2.0,2.0,D,6.0,5.0,0.0,1.0,8.0,4.0,14.0,12.0,26.0,6.0,P Bankes
24/11/2018,Sheffield Weds,Derby,1.0,2.0,A,6.0,9.0,0.0,3.0,3.0,3.0,11.0,14.0,14.0,9.0,J Simpson
24/11/2018,Stoke,QPR,2.0,2.0,D,6.0,2.0,1.0,4.0,3.0,4.0,8.0,13.0,14.0,8.0,A Davies
24/11/2018,Swansea,Norwich,1.0,4.0,A,7.0,2.0,0.0,2.0,6.0,7.0,11.0,13.0,13.0,11.0,D Bond
24/11/2018,Wigan,Reading,0.0,0.0,D,9.0,7.0,3.0,1.0,5.0,2.0,14.0,14.0,18.0,8.0,O Langford
25/11/2018,Aston Villa,Birmingham,4.0,2.0,H,3.0,6.0,2.0,3.0,5.0,3.0,9.0,20.0,12.0,10.0,R Jones
27/11/2018,Brentford,Sheffield United,2.0,3.0,A,2.0,9.0,1.0,1.0,3.0,5.0,6.0,7.0,14.0,18.0,S Martin
27/11/2018,Hull,Norwich,0.0,0.0,D,4.0,7.0,0.0,0.0,4.0,4.0,9.0,8.0,14.0,18.0,G Eltringham
27/11/2018,Leeds,Reading,1.0,0.0,H,3.0,3.0,3.0,2.0,5.0,2.0,12.0,9.0,19.0,9.0,M Dean
27/11/2018,Preston,Middlesbrough,1.0,1.0,D,7.0,5.0,1.0,4.0,4.0,3.0,15.0,14.0,13.0,11.0,P Bankes
27/11/2018,Rotherham,QPR,2.0,2.0,D,3.0,6.0,0.0,2.0,7.0,6.0,15.0,10.0,13.0,17.0,A Woolmer
27/11/2018,Sheffield Weds,Bolton,1.0,0.0,H,6.0,5.0,1.0,0.0,1.0,1.0,13.0,19.0,13.0,8.0,G Ward
28/11/2018,Aston Villa,Nott'm Forest,5.0,5.0,D,12.0,2.0,3.0,3.0,12.0,5.0,9.0,18.0,26.0,8.0,S Hooper
28/11/2018,Ipswich,Bristol City,2.0,3.0,A,6.0,2.0,3.0,1.0,3.0,4.0,13.0,9.0,10.0,9.0,D Webb
28/11/2018,Millwall,Birmingham,0.0,2.0,A,6.0,4.0,1.0,2.0,3.0,3.0,8.0,12.0,5.0,13.0,S Duncan
28/11/2018,Stoke,Derby,2.0,1.0,H,6.0,7.0,2.0,3.0,4.0,8.0,12.0,10.0,8.0,16.0,D England
28/11/2018,Swansea,West Brom,1.0,2.0,A,8.0,4.0,2.0,0.0,4.0,3.0,11.0,11.0,19.0,11.0,J Linington
28/11/2018,Wigan,Blackburn,3.0,1.0,H,5.0,4.0,3.0,1.0,9.0,2.0,10.0,15.0,17.0,6.0,K Stroud
01/12/2018,Birmingham,Preston,3.0,0.0,H,9.0,2.0,0.0,0.0,7.0,4.0,10.0,8.0,16.0,8.0,D Webb
01/12/2018,Blackburn,Sheffield Weds,4.0,2.0,H,9.0,7.0,1.0,1.0,7.0,2.0,14.0,14.0,18.0,7.0,R Jones
01/12/2018,Bolton,Wigan,1.0,1.0,D,5.0,6.0,3.0,2.0,1.0,2.0,12.0,14.0,11.0,7.0,S Hooper
01/12/2018,Derby,Swansea,2.0,1.0,H,5.0,5.0,0.0,0.0,4.0,2.0,7.0,7.0,16.0,7.0,A Madley
01/12/2018,Middlesbrough,Aston Villa,0.0,3.0,A,2.0,7.0,1.0,0.0,3.0,7.0,12.0,11.0,10.0,20.0,A Davies
01/12/2018,Norwich,Rotherham,3.0,1.0,H,7.0,5.0,0.0,0.0,7.0,4.0,7.0,14.0,19.0,10.0,S Martin
01/12/2018,Nott'm Forest,Ipswich,2.0,0.0,H,3.0,4.0,2.0,1.0,6.0,2.0,11.0,14.0,17.0,9.0,J Linington
01/12/2018,QPR,Hull,2.0,3.0,A,9.0,4.0,2.0,1.0,7.0,7.0,10.0,11.0,22.0,16.0,J Simpson
01/12/2018,Reading,Stoke,2.0,2.0,D,5.0,5.0,2.0,1.0,3.0,6.0,7.0,6.0,13.0,14.0,D Coote
01/12/2018,Sheffield United,Leeds,0.0,1.0,A,9.0,3.0,4.0,3.0,2.0,6.0,14.0,9.0,12.0,11.0,O Langford
02/12/2018,Bristol City,Millwall,1.0,1.0,D,4.0,2.0,2.0,3.0,1.0,3.0,8.0,12.0,14.0,3.0,D England
03/12/2018,West Brom,Brentford,1.0,1.0,D,7.0,3.0,0.0,2.0,5.0,2.0,9.0,9.0,23.0,13.0,D Bond
07/12/2018,West Brom,Aston Villa,2.0,2.0,D,5.0,2.0,2.0,1.0,6.0,7.0,17.0,12.0,14.0,15.0,D England
08/12/2018,Birmingham,Bristol City,0.0,1.0,A,6.0,4.0,4.0,3.0,3.0,2.0,16.0,12.0,8.0,6.0,J Brooks
08/12/2018,Brentford,Swansea,2.0,3.0,A,11.0,3.0,1.0,2.0,5.0,5.0,11.0,9.0,18.0,13.0,A Woolmer
08/12/2018,Leeds,QPR,2.0,1.0,H,3.0,2.0,2.0,4.0,7.0,4.0,11.0,21.0,20.0,10.0,P Bankes
08/12/2018,Middlesbrough,Blackburn,1.0,1.0,D,4.0,8.0,2.0,2.0,5.0,5.0,14.0,12.0,12.0,15.0,S Hooper
08/12/2018,Millwall,Hull,2.0,2.0,D,8.0,3.0,0.0,2.0,4.0,2.0,7.0,11.0,16.0,7.0,K Stroud
08/12/2018,Norwich,Bolton,3.0,2.0,H,6.0,0.0,1.0,1.0,7.0,4.0,7.0,13.0,21.0,12.0,S Duncan
08/12/2018,Nott'm Forest,Preston,0.0,1.0,A,10.0,2.0,1.0,1.0,3.0,3.0,11.0,12.0,14.0,8.0,S Martin
08/12/2018,Reading,Sheffield United,0.0,2.0,A,4.0,9.0,1.0,1.0,0.0,5.0,10.0,17.0,6.0,13.0,J Linington
08/12/2018,Sheffield Weds,Rotherham,2.0,2.0,D,4.0,2.0,1.0,0.0,4.0,4.0,12.0,7.0,12.0,15.0,D Bond
08/12/2018,Stoke,Ipswich,2.0,0.0,H,1.0,5.0,0.0,1.0,2.0,2.0,16.0,15.0,6.0,9.0,G Eltringham
08/12/2018,Wigan,Derby,0.0,1.0,A,1.0,6.0,1.0,2.0,2.0,5.0,9.0,14.0,7.0,16.0,G Ward
14/12/2018,Sheffield United,West Brom,1.0,2.0,A,5.0,5.0,1.0,0.0,3.0,5.0,8.0,12.0,10.0,14.0,J Simpson
15/12/2018,Aston Villa,Stoke,2.0,2.0,D,8.0,3.0,2.0,4.0,5.0,8.0,10.0,16.0,9.0,16.0,P Bankes
15/12/2018,Blackburn,Birmingham,2.0,2.0,D,2.0,2.0,1.0,2.0,5.0,6.0,11.0,13.0,8.0,12.0,T Harrington
15/12/2018,Bolton,Leeds,0.0,1.0,A,4.0,10.0,2.0,1.0,0.0,4.0,14.0,11.0,4.0,12.0,R Jones
15/12/2018,Bristol City,Norwich,2.0,2.0,D,7.0,1.0,1.0,3.0,6.0,5.0,10.0,16.0,13.0,9.0,R East
15/12/2018,Hull,Brentford,2.0,0.0,H,3.0,7.0,0.0,1.0,3.0,1.0,6.0,10.0,7.0,16.0,A Davies
15/12/2018,Ipswich,Wigan,1.0,0.0,H,3.0,7.0,3.0,2.0,1.0,2.0,14.0,9.0,3.0,16.0,S Duncan
15/12/2018,Preston,Millwall,3.0,2.0,H,8.0,10.0,1.0,3.0,7.0,4.0,10.0,10.0,14.0,17.0,J Duncan
15/12/2018,QPR,Middlesbrough,2.0,1.0,H,7.0,5.0,0.0,3.0,2.0,1.0,17.0,12.0,17.0,8.0,O Langford
15/12/2018,Rotherham,Reading,1.0,1.0,D,13.0,4.0,1.0,2.0,10.0,5.0,19.0,12.0,26.0,20.0,R Joyce
15/12/2018,Swansea,Sheffield Weds,2.0,1.0,H,7.0,8.0,0.0,2.0,4.0,2.0,6.0,13.0,12.0,11.0,D Webb
17/12/2018,Derby,Nott'm Forest,0.0,0.0,D,2.0,4.0,3.0,3.0,3.0,4.0,21.0,11.0,12.0,14.0,K Stroud
22/12/2018,Blackburn,Norwich,0.0,1.0,A,6.0,4.0,2.0,3.0,1.0,4.0,12.0,14.0,10.0,11.0,D England
22/12/2018,Brentford,Bolton,1.0,0.0,H,7.0,4.0,1.0,3.0,4.0,1.0,8.0,19.0,13.0,10.0,J Linington
22/12/2018,Derby,Bristol City,1.0,1.0,D,9.0,3.0,0.0,1.0,7.0,3.0,9.0,8.0,21.0,15.0,D Bond
22/12/2018,Hull,Swansea,3.0,2.0,H,7.0,2.0,1.0,2.0,8.0,4.0,13.0,8.0,13.0,15.0,O Langford
22/12/2018,Ipswich,Sheffield United,1.0,1.0,D,6.0,5.0,2.0,2.0,3.0,3.0,16.0,11.0,7.0,16.0,A Woolmer
22/12/2018,Nott'm Forest,QPR,0.0,1.0,A,4.0,3.0,3.0,1.0,2.0,2.0,13.0,8.0,12.0,7.0,G Ward
22/12/2018,Reading,Middlesbrough,0.0,1.0,A,9.0,8.0,2.0,2.0,4.0,6.0,12.0,5.0,12.0,16.0,S Martin
22/12/2018,Rotherham,West Brom,0.0,4.0,A,8.0,3.0,1.0,2.0,4.0,5.0,6.0,13.0,18.0,11.0,T Harrington
22/12/2018,Sheffield Weds,Preston,1.0,0.0,H,5.0,4.0,1.0,3.0,4.0,1.0,22.0,13.0,16.0,4.0,D Coote
22/12/2018,Stoke,Millwall,1.0,0.0,H,8.0,4.0,1.0,3.0,2.0,2.0,6.0,17.0,8.0,9.0,C Kavanagh
22/12/2018,Wigan,Birmingham,0.0,3.0,A,4.0,3.0,1.0,2.0,1.0,3.0,11.0,15.0,6.0,10.0,R Joyce
23/12/2018,Aston Villa,Leeds,2.0,3.0,A,6.0,8.0,2.0,3.0,2.0,7.0,12.0,13.0,10.0,16.0,A Madley
26/12/2018,Birmingham,Stoke,2.0,0.0,H,10.0,5.0,1.0,4.0,6.0,4.0,11.0,10.0,20.0,14.0,D Bond
26/12/2018,Bolton,Rotherham,2.0,1.0,H,2.0,4.0,1.0,1.0,4.0,2.0,8.0,12.0,12.0,12.0,J Simpson
26/12/2018,Bristol City,Brentford,1.0,1.0,D,3.0,4.0,0.0,1.0,2.0,3.0,8.0,14.0,7.0,14.0,D Webb
26/12/2018,Leeds,Blackburn,3.0,2.0,H,6.0,2.0,2.0,2.0,10.0,2.0,13.0,13.0,24.0,8.0,S Martin
26/12/2018,Middlesbrough,Sheffield Weds,0.0,1.0,A,5.0,1.0,3.0,2.0,3.0,2.0,13.0,12.0,12.0,4.0,P Bankes
26/12/2018,Millwall,Reading,1.0,0.0,H,8.0,4.0,3.0,1.0,4.0,2.0,18.0,16.0,17.0,8.0,A Davies
26/12/2018,Norwich,Nott'm Forest,3.0,3.0,D,4.0,1.0,4.0,4.0,11.0,7.0,11.0,18.0,27.0,9.0,J Brooks
26/12/2018,Preston,Hull,1.0,2.0,A,6.0,7.0,0.0,1.0,6.0,4.0,6.0,9.0,22.0,10.0,S Duncan
26/12/2018,QPR,Ipswich,3.0,0.0,H,5.0,5.0,1.0,2.0,8.0,2.0,17.0,14.0,13.0,7.0,K Stroud
26/12/2018,Sheffield United,Derby,3.0,1.0,H,2.0,6.0,3.0,5.0,6.0,3.0,13.0,10.0,16.0,9.0,G Eltringham
26/12/2018,Swansea,Aston Villa,0.0,1.0,A,9.0,4.0,2.0,2.0,5.0,5.0,8.0,11.0,19.0,13.0,R East
26/12/2018,West Brom,Wigan,2.0,0.0,H,6.0,6.0,2.0,2.0,5.0,3.0,13.0,13.0,17.0,18.0,R Jones
29/12/2018,Birmingham,Brentford,0.0,0.0,D,4.0,3.0,0.0,5.0,1.0,2.0,13.0,12.0,5.0,7.0,P Bankes
29/12/2018,Bolton,Stoke,0.0,0.0,D,1.0,6.0,2.0,3.0,5.0,3.0,15.0,9.0,13.0,11.0,K Stroud
29/12/2018,Bristol City,Rotherham,1.0,0.0,H,13.0,8.0,2.0,1.0,8.0,3.0,7.0,17.0,22.0,18.0,S Duncan
29/12/2018,Leeds,Hull,0.0,2.0,A,8.0,2.0,3.0,2.0,7.0,3.0,13.0,14.0,22.0,9.0,J Brooks
29/12/2018,Middlesbrough,Ipswich,2.0,0.0,H,5.0,3.0,1.0,2.0,9.0,4.0,16.0,12.0,19.0,6.0,J Simpson
29/12/2018,Millwall,Nott'm Forest,1.0,0.0,H,10.0,5.0,2.0,2.0,1.0,4.0,11.0,8.0,10.0,9.0,T Harrington
29/12/2018,Norwich,Derby,3.0,4.0,A,5.0,7.0,3.0,3.0,7.0,5.0,13.0,12.0,24.0,19.0,D Webb
29/12/2018,Preston,Aston Villa,1.0,1.0,D,6.0,5.0,2.0,2.0,4.0,5.0,14.0,10.0,13.0,15.0,G Eltringham
29/12/2018,QPR,Reading,0.0,0.0,D,7.0,7.0,3.0,2.0,4.0,5.0,16.0,12.0,16.0,13.0,R Jones
29/12/2018,Sheffield United,Blackburn,3.0,0.0,H,6.0,4.0,4.0,1.0,5.0,1.0,18.0,9.0,14.0,10.0,A Taylor
29/12/2018,Swansea,Wigan,2.0,2.0,D,7.0,5.0,3.0,4.0,6.0,5.0,16.0,18.0,13.0,16.0,J Linington
29/12/2018,West Brom,Sheffield Weds,1.0,1.0,D,10.0,4.0,2.0,2.0,3.0,5.0,6.0,8.0,10.0,9.0,A Davies
01/01/2019,Aston Villa,QPR,2.0,2.0,D,9.0,1.0,2.0,5.0,5.0,4.0,10.0,21.0,22.0,11.0,J Linington
01/01/2019,Blackburn,West Brom,2.0,1.0,H,3.0,6.0,3.0,3.0,4.0,6.0,14.0,12.0,10.0,14.0,O Langford
01/01/2019,Brentford,Norwich,1.0,1.0,D,5.0,8.0,4.0,2.0,4.0,3.0,10.0,16.0,16.0,8.0,G Ward
01/01/2019,Derby,Middlesbrough,1.0,1.0,D,4.0,5.0,0.0,2.0,2.0,2.0,8.0,12.0,8.0,11.0,R Jones
01/01/2019,Hull,Bolton,6.0,0.0,H,6.0,1.0,2.0,2.0,10.0,0.0,16.0,12.0,20.0,5.0,T Harrington
01/01/2019,Ipswich,Millwall,2.0,3.0,A,6.0,3.0,0.0,1.0,5.0,4.0,8.0,13.0,14.0,10.0,S Martin
01/01/2019,Nott'm Forest,Leeds,4.0,2.0,H,6.0,8.0,2.0,0.0,6.0,7.0,13.0,13.0,13.0,14.0,D England
01/01/2019,Reading,Swansea,1.0,4.0,A,7.0,1.0,2.0,1.0,5.0,5.0,13.0,12.0,16.0,8.0,T Robinson
01/01/2019,Rotherham,Preston,2.0,1.0,H,3.0,5.0,5.0,1.0,3.0,5.0,13.0,9.0,8.0,17.0,L Probert
01/01/2019,Sheffield Weds,Birmingham,1.0,1.0,D,6.0,4.0,1.0,3.0,7.0,1.0,13.0,15.0,15.0,11.0,A Woolmer
01/01/2019,Stoke,Bristol City,0.0,2.0,A,7.0,0.0,3.0,1.0,7.0,2.0,17.0,15.0,16.0,6.0,P Tierney
01/01/2019,Wigan,Sheffield United,0.0,3.0,A,7.0,8.0,2.0,2.0,2.0,4.0,7.0,14.0,13.0,13.0,A Madley
11/01/2019,Leeds,Derby,2.0,0.0,H,8.0,2.0,1.0,4.0,5.0,2.0,12.0,14.0,15.0,7.0,A Davies
12/01/2019,Birmingham,Middlesbrough,1.0,2.0,A,2.0,4.0,2.0,1.0,4.0,5.0,11.0,11.0,15.0,8.0,G Scott
12/01/2019,Brentford,Stoke,3.0,1.0,H,6.0,3.0,0.0,2.0,5.0,1.0,13.0,13.0,16.0,2.0,T Robinson
12/01/2019,Bristol City,Bolton,2.0,1.0,H,9.0,0.0,0.0,2.0,5.0,4.0,11.0,18.0,20.0,8.0,S Martin
12/01/2019,Hull,Sheffield Weds,3.0,0.0,H,5.0,1.0,0.0,2.0,7.0,0.0,5.0,13.0,17.0,3.0,G Eltringham
12/01/2019,Ipswich,Rotherham,1.0,0.0,H,1.0,4.0,2.0,1.0,1.0,2.0,17.0,10.0,3.0,18.0,J Linington
12/01/2019,Millwall,Blackburn,0.0,2.0,A,2.0,1.0,0.0,0.0,2.0,2.0,14.0,13.0,7.0,5.0,R Jones
12/01/2019,Preston,Swansea,1.0,1.0,D,3.0,4.0,0.0,3.0,5.0,3.0,16.0,16.0,8.0,12.0,K Stroud
12/01/2019,Reading,Nott'm Forest,2.0,0.0,H,6.0,2.0,3.0,3.0,5.0,3.0,14.0,16.0,13.0,8.0,O Langford
12/01/2019,Sheffield United,QPR,1.0,0.0,H,6.0,2.0,2.0,1.0,2.0,2.0,18.0,11.0,10.0,6.0,A Woolmer
12/01/2019,West Brom,Norwich,1.0,1.0,D,6.0,5.0,3.0,4.0,5.0,4.0,15.0,12.0,14.0,12.0,D England
12/01/2019,Wigan,Aston Villa,3.0,0.0,H,8.0,6.0,3.0,2.0,6.0,0.0,12.0,13.0,13.0,4.0,T Harrington
18/01/2019,Norwich,Birmingham,3.0,1.0,H,5.0,6.0,0.0,4.0,4.0,4.0,5.0,22.0,10.0,8.0,T Robinson
19/01/2019,Aston Villa,Hull,2.0,2.0,D,7.0,5.0,2.0,3.0,2.0,4.0,14.0,11.0,18.0,12.0,D Bond
19/01/2019,Blackburn,Ipswich,2.0,0.0,H,6.0,5.0,2.0,1.0,4.0,3.0,14.0,18.0,16.0,11.0,D England
19/01/2019,Derby,Reading,2.0,1.0,H,4.0,3.0,2.0,1.0,4.0,2.0,9.0,10.0,10.0,9.0,A Woolmer
19/01/2019,Middlesbrough,Millwall,1.0,1.0,D,8.0,4.0,3.0,1.0,2.0,3.0,13.0,10.0,16.0,7.0,K Stroud
19/01/2019,Nott'm Forest,Bristol City,0.0,1.0,A,10.0,4.0,2.0,0.0,4.0,7.0,12.0,8.0,15.0,13.0,J Simpson
19/01/2019,QPR,Preston,1.0,4.0,A,5.0,6.0,3.0,2.0,5.0,6.0,10.0,12.0,13.0,13.0,A Madley
19/01/2019,Rotherham,Brentford,2.0,4.0,A,5.0,1.0,1.0,0.0,4.0,7.0,12.0,12.0,13.0,15.0,T Harrington
19/01/2019,Sheffield Weds,Wigan,1.0,0.0,H,9.0,1.0,0.0,2.0,8.0,1.0,12.0,16.0,21.0,8.0,P Bankes
19/01/2019,Stoke,Leeds,2.0,1.0,H,6.0,8.0,1.0,2.0,5.0,4.0,11.0,10.0,12.0,17.0,G Ward
19/01/2019,Swansea,Sheffield United,1.0,0.0,H,3.0,7.0,0.0,4.0,3.0,4.0,8.0,17.0,11.0,12.0,J Brooks
21/01/2019,Bolton,West Brom,0.0,2.0,A,10.0,5.0,2.0,2.0,3.0,3.0,16.0,8.0,10.0,12.0,D Webb
26/01/2019,Aston Villa,Ipswich,2.0,1.0,H,9.0,3.0,3.0,1.0,13.0,4.0,14.0,19.0,23.0,8.0,K Stroud
26/01/2019,Blackburn,Hull,3.0,0.0,H,6.0,3.0,1.0,1.0,4.0,2.0,15.0,9.0,11.0,4.0,J Simpson
26/01/2019,Norwich,Sheffield United,2.0,2.0,D,10.0,3.0,3.0,2.0,5.0,3.0,16.0,14.0,7.0,17.0,J Linington
26/01/2019,Nott'm Forest,Wigan,3.0,1.0,H,3.0,4.0,4.0,2.0,3.0,7.0,16.0,13.0,12.0,12.0,A Davies
26/01/2019,Rotherham,Leeds,1.0,2.0,A,4.0,5.0,1.0,2.0,3.0,4.0,16.0,13.0,5.0,14.0,T Robinson
26/01/2019,Stoke,Preston,0.0,2.0,A,9.0,8.0,2.0,1.0,1.0,5.0,11.0,11.0,10.0,12.0,O Langford
29/01/2019,Bolton,Reading,1.0,1.0,D,3.0,2.0,2.0,3.0,6.0,7.0,12.0,11.0,13.0,16.0,S Duncan
29/01/2019,Swansea,Birmingham,3.0,3.0,D,12.0,4.0,2.0,4.0,7.0,3.0,15.0,15.0,16.0,9.0,S Martin
01/02/2019,Preston,Derby,0.0,0.0,D,11.0,1.0,1.0,1.0,3.0,0.0,8.0,17.0,23.0,7.0,D Bond
02/02/2019,Birmingham,Nott'm Forest,2.0,0.0,H,4.0,5.0,2.0,1.0,5.0,3.0,13.0,11.0,14.0,12.0,D Webb
02/02/2019,Brentford,Blackburn,5.0,2.0,H,5.0,5.0,1.0,1.0,9.0,4.0,6.0,12.0,20.0,10.0,A Davies
02/02/2019,Bristol City,Swansea,2.0,0.0,H,6.0,3.0,0.0,1.0,4.0,4.0,9.0,10.0,13.0,11.0,A Woolmer
02/02/2019,Hull,Stoke,2.0,0.0,H,3.0,3.0,2.0,2.0,3.0,2.0,11.0,15.0,7.0,9.0,P Bankes
02/02/2019,Ipswich,Sheffield Weds,0.0,1.0,A,3.0,2.0,1.0,2.0,2.0,3.0,16.0,16.0,8.0,17.0,O Langford
02/02/2019,Leeds,Norwich,1.0,3.0,A,4.0,4.0,3.0,2.0,6.0,5.0,16.0,14.0,21.0,14.0,S Attwell
02/02/2019,Millwall,Rotherham,0.0,0.0,D,7.0,6.0,0.0,4.0,1.0,3.0,16.0,21.0,9.0,8.0,A Madley
02/02/2019,Reading,Aston Villa,0.0,0.0,D,5.0,6.0,3.0,4.0,2.0,3.0,16.0,17.0,7.0,13.0,G Eltringham
02/02/2019,Sheffield United,Bolton,2.0,0.0,H,13.0,3.0,0.0,1.0,2.0,1.0,8.0,14.0,12.0,6.0,K Stroud
02/02/2019,West Brom,Middlesbrough,2.0,3.0,A,9.0,1.0,1.0,4.0,6.0,5.0,6.0,21.0,19.0,14.0,T Robinson
02/02/2019,Wigan,QPR,2.0,1.0,H,3.0,6.0,3.0,1.0,3.0,5.0,11.0,12.0,7.0,21.0,S Duncan
08/02/2019,Aston Villa,Sheffield United,3.0,3.0,D,2.0,2.0,3.0,3.0,4.0,7.0,11.0,17.0,11.0,11.0,T Harrington
09/02/2019,Blackburn,Bristol City,0.0,1.0,A,4.0,8.0,1.0,3.0,2.0,6.0,8.0,7.0,10.0,13.0,J Linington
09/02/2019,Bolton,Preston,1.0,2.0,A,4.0,10.0,2.0,0.0,3.0,7.0,13.0,5.0,7.0,16.0,A Madley
09/02/2019,Derby,Hull,2.0,0.0,H,5.0,3.0,1.0,1.0,10.0,1.0,8.0,11.0,20.0,7.0,G Ward
09/02/2019,Middlesbrough,Leeds,1.0,1.0,D,2.0,9.0,2.0,1.0,3.0,4.0,11.0,8.0,9.0,17.0,D England
09/02/2019,Nott'm Forest,Brentford,2.0,1.0,H,2.0,10.0,2.0,1.0,6.0,7.0,14.0,13.0,9.0,21.0,R Jones
09/02/2019,QPR,Birmingham,3.0,4.0,A,6.0,3.0,1.0,1.0,11.0,7.0,14.0,15.0,20.0,12.0,D Bond
09/02/2019,Rotherham,Wigan,1.0,1.0,D,12.0,2.0,1.0,3.0,5.0,3.0,17.0,12.0,17.0,8.0,O Langford
09/02/2019,Sheffield Weds,Reading,0.0,0.0,D,5.0,6.0,0.0,0.0,7.0,5.0,11.0,10.0,20.0,12.0,J Brooks
09/02/2019,Stoke,West Brom,0.0,1.0,A,5.0,4.0,1.0,2.0,1.0,2.0,11.0,11.0,13.0,11.0,J Simpson
09/02/2019,Swansea,Millwall,1.0,0.0,H,9.0,5.0,0.0,2.0,5.0,3.0,8.0,10.0,15.0,11.0,K Friend
10/02/2019,Norwich,Ipswich,3.0,0.0,H,5.0,7.0,4.0,3.0,3.0,2.0,14.0,19.0,11.0,15.0,P Bankes
12/02/2019,Birmingham,Bolton,0.0,1.0,A,3.0,4.0,1.0,2.0,3.0,2.0,10.0,14.0,13.0,6.0,A Davies
12/02/2019,Bristol City,QPR,2.0,1.0,H,8.0,1.0,2.0,6.0,7.0,3.0,12.0,21.0,15.0,11.0,T Harrington
12/02/2019,Hull,Rotherham,2.0,2.0,D,5.0,5.0,0.0,1.0,3.0,5.0,6.0,13.0,8.0,14.0,S Duncan
12/02/2019,Millwall,Sheffield Weds,0.0,0.0,D,5.0,4.0,1.0,2.0,6.0,2.0,14.0,13.0,10.0,9.0,T Robinson
12/02/2019,West Brom,Nott'm Forest,2.0,2.0,D,7.0,3.0,2.0,2.0,4.0,3.0,12.0,11.0,14.0,7.0,L Mason
13/02/2019,Brentford,Aston Villa,1.0,0.0,H,8.0,5.0,0.0,1.0,6.0,3.0,7.0,10.0,23.0,6.0,G Ward
13/02/2019,Ipswich,Derby,1.0,1.0,D,7.0,4.0,3.0,4.0,3.0,5.0,18.0,16.0,16.0,15.0,A Madley
13/02/2019,Leeds,Swansea,2.0,1.0,H,6.0,4.0,1.0,0.0,7.0,4.0,12.0,5.0,19.0,9.0,D Webb
13/02/2019,Preston,Norwich,3.0,1.0,H,3.0,8.0,3.0,2.0,4.0,10.0,13.0,13.0,11.0,22.0,G Eltringham
13/02/2019,Reading,Blackburn,2.0,1.0,H,4.0,5.0,1.0,1.0,4.0,5.0,13.0,6.0,12.0,15.0,S Martin
13/02/2019,Sheffield United,Middlesbrough,1.0,0.0,H,4.0,4.0,2.0,1.0,5.0,4.0,6.0,14.0,15.0,10.0,A Woolmer
13/02/2019,Wigan,Stoke,0.0,0.0,D,6.0,7.0,1.0,3.0,3.0,2.0,11.0,13.0,8.0,11.0,K Stroud
16/02/2019,Aston Villa,West Brom,0.0,2.0,A,9.0,2.0,3.0,2.0,2.0,3.0,9.0,14.0,11.0,10.0,J Linington
16/02/2019,Bolton,Norwich,0.0,4.0,A,3.0,8.0,1.0,0.0,3.0,12.0,20.0,14.0,12.0,23.0,A Woolmer
16/02/2019,Ipswich,Stoke,1.0,1.0,D,5.0,6.0,0.0,1.0,3.0,1.0,12.0,8.0,9.0,11.0,S Duncan
16/02/2019,Preston,Nott'm Forest,0.0,0.0,D,4.0,6.0,1.0,0.0,3.0,2.0,10.0,18.0,10.0,10.0,T Robinson
16/02/2019,Rotherham,Sheffield Weds,2.0,2.0,D,5.0,4.0,4.0,1.0,6.0,4.0,15.0,13.0,25.0,11.0,D England
16/02/2019,Sheffield United,Reading,4.0,0.0,H,4.0,5.0,2.0,1.0,10.0,2.0,14.0,12.0,14.0,10.0,R Jones
17/02/2019,Blackburn,Middlesbrough,0.0,1.0,A,4.0,5.0,1.0,0.0,1.0,7.0,8.0,9.0,5.0,26.0,D Bond
19/02/2019,QPR,West Brom,2.0,3.0,A,4.0,9.0,0.0,1.0,4.0,6.0,12.0,9.0,13.0,11.0,J Brooks
20/02/2019,Derby,Millwall,0.0,1.0,A,6.0,1.0,2.0,3.0,1.0,1.0,13.0,11.0,13.0,4.0,J Linington
23/02/2019,Birmingham,Blackburn,2.0,2.0,D,8.0,3.0,0.0,2.0,7.0,3.0,11.0,18.0,16.0,6.0,P Bankes
23/02/2019,Brentford,Hull,5.0,1.0,H,3.0,6.0,1.0,3.0,10.0,3.0,10.0,18.0,25.0,7.0,T Robinson
23/02/2019,Leeds,Bolton,2.0,1.0,H,8.0,4.0,1.0,4.0,8.0,6.0,10.0,14.0,21.0,12.0,T Harrington
23/02/2019,Middlesbrough,QPR,2.0,0.0,H,4.0,3.0,2.0,1.0,4.0,4.0,13.0,11.0,10.0,9.0,A Madley
23/02/2019,Millwall,Preston,1.0,3.0,A,4.0,6.0,2.0,1.0,3.0,5.0,12.0,11.0,12.0,12.0,S Martin
23/02/2019,Norwich,Bristol City,3.0,2.0,H,10.0,4.0,1.0,3.0,8.0,6.0,7.0,17.0,23.0,12.0,G Ward
23/02/2019,Reading,Rotherham,1.0,1.0,D,5.0,6.0,1.0,3.0,5.0,2.0,10.0,14.0,15.0,13.0,J Simpson
23/02/2019,Sheffield Weds,Swansea,3.0,1.0,H,4.0,1.0,1.0,0.0,7.0,6.0,7.0,6.0,16.0,12.0,G Eltringham
23/02/2019,Stoke,Aston Villa,1.0,1.0,D,2.0,6.0,3.0,1.0,4.0,3.0,18.0,13.0,7.0,10.0,D Webb
23/02/2019,West Brom,Sheffield United,0.0,1.0,A,5.0,3.0,2.0,3.0,3.0,4.0,8.0,8.0,17.0,7.0,O Langford
23/02/2019,Wigan,Ipswich,1.0,1.0,D,5.0,4.0,2.0,2.0,6.0,4.0,3.0,16.0,27.0,12.0,L Probert
25/02/2019,Nott'm Forest,Derby,1.0,0.0,H,2.0,3.0,2.0,3.0,2.0,2.0,17.0,13.0,15.0,6.0,R Jones
26/02/2019,Bristol City,Birmingham,1.0,2.0,A,4.0,1.0,3.0,2.0,2.0,5.0,12.0,13.0,9.0,11.0,G Eltringham
26/02/2019,Hull,Millwall,2.0,1.0,H,3.0,3.0,1.0,2.0,3.0,6.0,10.0,10.0,13.0,16.0,D Bond
26/02/2019,QPR,Leeds,1.0,0.0,H,2.0,13.0,4.0,1.0,5.0,4.0,14.0,14.0,13.0,11.0,A Davies
26/02/2019,Sheffield Weds,Brentford,2.0,0.0,H,5.0,5.0,1.0,0.0,6.0,3.0,12.0,9.0,16.0,8.0,S Duncan
01/03/2019,Leeds,West Brom,4.0,0.0,H,3.0,4.0,0.0,1.0,9.0,1.0,13.0,14.0,13.0,7.0,T Robinson
02/03/2019,Aston Villa,Derby,4.0,0.0,H,8.0,1.0,2.0,2.0,6.0,0.0,5.0,14.0,13.0,3.0,L Mason
02/03/2019,Brentford,QPR,3.0,0.0,H,3.0,5.0,2.0,2.0,6.0,1.0,10.0,17.0,11.0,10.0,K Stroud
02/03/2019,Hull,Birmingham,2.0,0.0,H,1.0,8.0,2.0,1.0,7.0,5.0,7.0,17.0,12.0,18.0,T Harrington
02/03/2019,Ipswich,Reading,1.0,2.0,A,3.0,1.0,3.0,4.0,6.0,4.0,19.0,13.0,17.0,12.0,G Eltringham
02/03/2019,Millwall,Norwich,1.0,3.0,A,8.0,6.0,2.0,0.0,8.0,7.0,11.0,11.0,17.0,11.0,D Webb
02/03/2019,Preston,Bristol City,1.0,1.0,D,5.0,5.0,0.0,3.0,3.0,3.0,9.0,16.0,17.0,15.0,J Simpson
02/03/2019,Rotherham,Blackburn,3.0,2.0,H,1.0,4.0,3.0,1.0,4.0,5.0,10.0,10.0,13.0,15.0,J Brooks
02/03/2019,Stoke,Nott'm Forest,2.0,0.0,H,6.0,3.0,2.0,2.0,4.0,2.0,16.0,12.0,8.0,14.0,R East
02/03/2019,Swansea,Bolton,2.0,0.0,H,6.0,1.0,1.0,0.0,11.0,3.0,9.0,15.0,29.0,5.0,G Ward
02/03/2019,Wigan,Middlesbrough,0.0,0.0,D,5.0,7.0,1.0,2.0,2.0,1.0,11.0,14.0,6.0,15.0,S Martin
04/03/2019,Sheffield Weds,Sheffield United,0.0,0.0,D,2.0,10.0,0.0,0.0,1.0,1.0,16.0,18.0,9.0,7.0,P Bankes
05/03/2019,Derby,Wigan,2.0,1.0,H,6.0,5.0,4.0,1.0,5.0,3.0,16.0,13.0,17.0,13.0,T Harrington
08/03/2019,Norwich,Swansea,1.0,0.0,H,7.0,8.0,1.0,1.0,1.0,5.0,13.0,15.0,8.0,12.0,R Jones
09/03/2019,Blackburn,Preston,0.0,1.0,A,8.0,5.0,2.0,0.0,5.0,3.0,11.0,7.0,20.0,6.0,O Langford
09/03/2019,Bolton,Millwall,2.0,1.0,H,5.0,8.0,0.0,3.0,4.0,4.0,11.0,17.0,15.0,11.0,S Hooper
09/03/2019,Bristol City,Leeds,0.0,1.0,A,1.0,2.0,4.0,4.0,1.0,3.0,15.0,18.0,4.0,16.0,P Bankes
09/03/2019,Derby,Sheffield Weds,1.0,1.0,D,6.0,2.0,2.0,3.0,5.0,3.0,12.0,18.0,10.0,13.0,K Stroud
09/03/2019,Middlesbrough,Brentford,1.0,2.0,A,3.0,3.0,5.0,1.0,6.0,3.0,14.0,10.0,19.0,14.0,J Simpson
09/03/2019,Nott'm Forest,Hull,3.0,0.0,H,4.0,2.0,2.0,1.0,7.0,3.0,14.0,15.0,20.0,10.0,J Linington
09/03/2019,QPR,Stoke,0.0,0.0,D,8.0,1.0,1.0,2.0,4.0,0.0,16.0,9.0,17.0,7.0,G Ward
09/03/2019,Reading,Wigan,3.0,2.0,H,3.0,3.0,3.0,3.0,4.0,8.0,12.0,16.0,9.0,18.0,A Davies
09/03/2019,Sheffield United,Rotherham,2.0,0.0,H,5.0,3.0,0.0,0.0,11.0,0.0,9.0,9.0,19.0,3.0,G Eltringham
09/03/2019,West Brom,Ipswich,1.0,1.0,D,8.0,7.0,3.0,2.0,5.0,7.0,12.0,9.0,16.0,22.0,A Woolmer
10/03/2019,Birmingham,Aston Villa,0.0,1.0,A,6.0,3.0,3.0,3.0,4.0,3.0,15.0,12.0,14.0,9.0,T Robinson
12/03/2019,Blackburn,Wigan,3.0,0.0,H,5.0,6.0,3.0,4.0,9.0,1.0,12.0,13.0,18.0,11.0,C Kavanagh
12/03/2019,Bolton,Sheffield Weds,0.0,2.0,A,3.0,3.0,0.0,0.0,2.0,7.0,10.0,18.0,11.0,10.0,S Martin
12/03/2019,Bristol City,Ipswich,1.0,1.0,D,5.0,5.0,1.0,3.0,1.0,4.0,13.0,11.0,12.0,7.0,D Bond
12/03/2019,Reading,Leeds,0.0,3.0,A,3.0,3.0,1.0,3.0,5.0,6.0,17.0,12.0,9.0,13.0,G Ward
12/03/2019,Sheffield United,Brentford,2.0,0.0,H,3.0,12.0,1.0,0.0,4.0,5.0,6.0,8.0,10.0,29.0,T Harrington
13/03/2019,Birmingham,Millwall,0.0,2.0,A,7.0,3.0,1.0,2.0,1.0,2.0,13.0,12.0,11.0,6.0,J Brooks
13/03/2019,Derby,Stoke,0.0,0.0,D,4.0,3.0,0.0,2.0,4.0,0.0,9.0,11.0,19.0,5.0,O Langford
13/03/2019,Middlesbrough,Preston,1.0,2.0,A,10.0,7.0,0.0,2.0,4.0,6.0,9.0,8.0,22.0,17.0,K Stroud
13/03/2019,Norwich,Hull,3.0,2.0,H,8.0,2.0,1.0,3.0,7.0,2.0,11.0,17.0,17.0,6.0,A Madley
13/03/2019,Nott'm Forest,Aston Villa,1.0,3.0,A,8.0,6.0,3.0,3.0,2.0,4.0,17.0,13.0,14.0,11.0,M Dean
13/03/2019,QPR,Rotherham,1.0,2.0,A,5.0,3.0,2.0,1.0,3.0,4.0,13.0,8.0,9.0,12.0,D Webb
13/03/2019,West Brom,Swansea,3.0,0.0,H,4.0,4.0,0.0,0.0,5.0,6.0,10.0,5.0,17.0,15.0,S Duncan
16/03/2019,Aston Villa,Middlesbrough,3.0,0.0,H,6.0,2.0,0.0,1.0,5.0,1.0,9.0,16.0,18.0,4.0,D Bond
16/03/2019,Brentford,West Brom,0.0,1.0,A,6.0,14.0,2.0,1.0,7.0,6.0,12.0,15.0,13.0,11.0,A Madley
16/03/2019,Hull,QPR,2.0,2.0,D,4.0,4.0,2.0,3.0,6.0,5.0,12.0,16.0,14.0,16.0,S Martin
16/03/2019,Ipswich,Nott'm Forest,1.0,1.0,D,6.0,5.0,0.0,2.0,6.0,5.0,16.0,12.0,16.0,12.0,K Stroud
16/03/2019,Leeds,Sheffield United,0.0,1.0,A,3.0,6.0,0.0,2.0,0.0,1.0,9.0,12.0,17.0,10.0,D Coote
16/03/2019,Preston,Birmingham,1.0,0.0,H,3.0,6.0,3.0,3.0,1.0,3.0,13.0,18.0,12.0,11.0,S Duncan
16/03/2019,Rotherham,Norwich,1.0,2.0,A,4.0,6.0,2.0,2.0,5.0,4.0,13.0,7.0,13.0,13.0,O Langford
16/03/2019,Sheffield Weds,Blackburn,4.0,2.0,H,2.0,3.0,4.0,0.0,4.0,4.0,14.0,11.0,10.0,8.0,J Linington
16/03/2019,Stoke,Reading,0.0,0.0,D,6.0,2.0,3.0,3.0,3.0,1.0,14.0,13.0,11.0,8.0,J Simpson
16/03/2019,Wigan,Bolton,5.0,2.0,H,4.0,9.0,0.0,1.0,7.0,4.0,13.0,16.0,10.0,13.0,R Jones
29/03/2019,West Brom,Birmingham,3.0,2.0,H,6.0,7.0,2.0,4.0,3.0,4.0,7.0,13.0,11.0,12.0,D Webb
30/03/2019,Aston Villa,Blackburn,2.0,1.0,H,4.0,5.0,1.0,1.0,10.0,2.0,8.0,15.0,15.0,12.0,R Jones
30/03/2019,Derby,Rotherham,6.0,1.0,H,1.0,5.0,0.0,1.0,7.0,4.0,9.0,12.0,15.0,8.0,T Robinson
30/03/2019,Ipswich,Hull,0.0,2.0,A,5.0,3.0,1.0,2.0,6.0,3.0,13.0,7.0,15.0,7.0,J Brooks
30/03/2019,Leeds,Millwall,3.0,2.0,H,7.0,2.0,3.0,4.0,8.0,3.0,14.0,11.0,18.0,7.0,D Bond
30/03/2019,Middlesbrough,Norwich,0.0,1.0,A,4.0,6.0,3.0,4.0,6.0,5.0,17.0,9.0,17.0,16.0,D Coote
30/03/2019,Nott'm Forest,Swansea,2.0,1.0,H,7.0,5.0,4.0,1.0,3.0,6.0,15.0,8.0,11.0,14.0,J Simpson
30/03/2019,QPR,Bolton,1.0,2.0,A,9.0,1.0,0.0,1.0,7.0,6.0,9.0,12.0,21.0,12.0,G Eltringham
30/03/2019,Reading,Preston,2.0,1.0,H,1.0,6.0,0.0,1.0,3.0,2.0,10.0,8.0,13.0,11.0,T Harrington
30/03/2019,Sheffield United,Bristol City,2.0,3.0,A,4.0,2.0,1.0,4.0,5.0,9.0,11.0,10.0,12.0,14.0,J Linington
30/03/2019,Stoke,Sheffield Weds,0.0,0.0,D,13.0,2.0,1.0,3.0,3.0,1.0,9.0,18.0,12.0,3.0,A Madley
30/03/2019,Wigan,Brentford,0.0,0.0,D,6.0,5.0,1.0,2.0,3.0,1.0,19.0,14.0,10.0,13.0,A Woolmer
02/04/2019,Middlesbrough,Bristol City,0.0,1.0,A,5.0,6.0,1.0,3.0,7.0,5.0,10.0,9.0,23.0,15.0,G Ward
02/04/2019,Swansea,Brentford,3.0,0.0,H,1.0,2.0,0.0,4.0,6.0,1.0,9.0,15.0,13.0,6.0,P Bankes
06/04/2019,Birmingham,Leeds,1.0,0.0,H,4.0,8.0,1.0,3.0,7.0,1.0,11.0,13.0,10.0,9.0,M Dean
06/04/2019,Blackburn,Stoke,0.0,1.0,A,5.0,4.0,2.0,0.0,3.0,3.0,12.0,9.0,11.0,8.0,G Eltringham
06/04/2019,Bolton,Ipswich,1.0,2.0,A,5.0,4.0,0.0,0.0,2.0,3.0,16.0,20.0,12.0,5.0,P Bankes
06/04/2019,Brentford,Derby,3.0,3.0,D,7.0,3.0,3.0,5.0,6.0,8.0,17.0,22.0,15.0,12.0,J Brooks
06/04/2019,Bristol City,Wigan,2.0,2.0,D,13.0,8.0,1.0,1.0,6.0,6.0,12.0,14.0,15.0,17.0,K Stroud
06/04/2019,Hull,Reading,3.0,1.0,H,5.0,3.0,3.0,2.0,4.0,3.0,12.0,8.0,16.0,7.0,T Robinson
06/04/2019,Millwall,West Brom,2.0,0.0,H,6.0,7.0,3.0,2.0,6.0,1.0,10.0,15.0,16.0,9.0,J Linington
06/04/2019,Norwich,QPR,4.0,0.0,H,5.0,4.0,0.0,2.0,8.0,4.0,8.0,25.0,17.0,6.0,S Duncan
06/04/2019,Preston,Sheffield United,0.0,1.0,A,5.0,8.0,3.0,1.0,3.0,5.0,7.0,16.0,11.0,15.0,G Ward
06/04/2019,Rotherham,Nott'm Forest,2.0,1.0,H,4.0,4.0,0.0,1.0,5.0,4.0,10.0,14.0,17.0,13.0,S Martin
06/04/2019,Sheffield Weds,Aston Villa,1.0,3.0,A,6.0,3.0,1.0,3.0,3.0,5.0,13.0,8.0,12.0,9.0,O Langford
06/04/2019,Swansea,Middlesbrough,3.0,1.0,H,3.0,4.0,1.0,1.0,7.0,1.0,11.0,13.0,16.0,13.0,A Woolmer
09/04/2019,Blackburn,Derby,2.0,0.0,H,9.0,3.0,2.0,0.0,5.0,1.0,10.0,13.0,23.0,6.0,J Simpson
09/04/2019,Bolton,Middlesbrough,0.0,2.0,A,8.0,9.0,0.0,0.0,2.0,5.0,11.0,6.0,14.0,18.0,S Martin
09/04/2019,Bristol City,West Brom,3.0,2.0,H,4.0,5.0,2.0,1.0,6.0,5.0,8.0,15.0,14.0,13.0,S Hooper
09/04/2019,Preston,Leeds,0.0,2.0,A,3.0,6.0,1.0,2.0,0.0,7.0,7.0,16.0,5.0,22.0,R Jones
09/04/2019,Sheffield Weds,Nott'm Forest,3.0,0.0,H,1.0,2.0,2.0,2.0,5.0,6.0,14.0,15.0,14.0,14.0,L Mason
09/04/2019,Swansea,Stoke,3.0,1.0,H,6.0,1.0,0.0,1.0,8.0,1.0,5.0,17.0,31.0,2.0,J Linington
10/04/2019,Birmingham,Sheffield United,1.0,1.0,D,5.0,4.0,2.0,0.0,5.0,3.0,10.0,9.0,8.0,8.0,D Bond
10/04/2019,Brentford,Ipswich,2.0,0.0,H,6.0,1.0,1.0,1.0,4.0,0.0,5.0,17.0,16.0,4.0,A Davies
10/04/2019,Hull,Wigan,2.0,1.0,H,12.0,2.0,2.0,1.0,4.0,2.0,10.0,15.0,14.0,11.0,D Webb
10/04/2019,Millwall,QPR,0.0,0.0,D,9.0,3.0,2.0,3.0,3.0,3.0,13.0,15.0,7.0,15.0,J Brooks
10/04/2019,Norwich,Reading,2.0,2.0,D,13.0,2.0,0.0,2.0,7.0,2.0,6.0,17.0,23.0,5.0,K Stroud
10/04/2019,Rotherham,Aston Villa,1.0,2.0,A,8.0,7.0,3.0,1.0,6.0,8.0,17.0,8.0,19.0,15.0,A Madley
13/04/2019,Aston Villa,Bristol City,2.0,1.0,H,10.0,4.0,1.0,6.0,11.0,1.0,7.0,13.0,25.0,11.0,S Duncan
13/04/2019,Derby,Bolton,4.0,0.0,H,10.0,3.0,1.0,1.0,9.0,2.0,14.0,8.0,20.0,8.0,A Davies
13/04/2019,Ipswich,Birmingham,1.0,1.0,D,7.0,5.0,5.0,1.0,3.0,5.0,18.0,14.0,12.0,17.0,J Simpson
13/04/2019,Leeds,Sheffield Weds,1.0,0.0,H,8.0,2.0,2.0,2.0,6.0,2.0,7.0,13.0,28.0,8.0,T Robinson
13/04/2019,Middlesbrough,Hull,1.0,0.0,H,4.0,5.0,1.0,1.0,4.0,4.0,7.0,10.0,15.0,15.0,R Jones
13/04/2019,Nott'm Forest,Blackburn,1.0,2.0,A,3.0,5.0,2.0,3.0,1.0,9.0,12.0,19.0,22.0,15.0,D Bond
13/04/2019,QPR,Swansea,4.0,0.0,H,8.0,8.0,4.0,1.0,7.0,1.0,13.0,10.0,15.0,9.0,A Madley
13/04/2019,Reading,Brentford,2.0,1.0,H,3.0,12.0,4.0,1.0,4.0,8.0,14.0,14.0,11.0,15.0,S Martin
13/04/2019,Sheffield United,Millwall,1.0,1.0,D,10.0,7.0,1.0,2.0,2.0,7.0,9.0,8.0,14.0,13.0,D Webb
13/04/2019,Stoke,Rotherham,2.0,2.0,D,4.0,8.0,0.0,1.0,3.0,7.0,9.0,12.0,4.0,16.0,A Woolmer
13/04/2019,West Brom,Preston,4.0,1.0,H,9.0,6.0,2.0,1.0,10.0,2.0,8.0,7.0,22.0,10.0,R East
14/04/2019,Wigan,Norwich,1.0,1.0,D,5.0,8.0,2.0,2.0,4.0,4.0,19.0,13.0,17.0,13.0,J Linington
19/04/2019,Birmingham,Derby,2.0,2.0,D,9.0,4.0,3.0,3.0,3.0,5.0,17.0,14.0,20.0,11.0,S Hooper
19/04/2019,Bolton,Aston Villa,0.0,2.0,A,2.0,16.0,2.0,1.0,1.0,9.0,16.0,8.0,6.0,21.0,J Brooks
19/04/2019,Bristol City,Reading,1.0,1.0,D,9.0,6.0,0.0,0.0,6.0,4.0,11.0,6.0,17.0,8.0,O Langford
19/04/2019,Leeds,Wigan,1.0,2.0,A,15.0,2.0,3.0,3.0,10.0,2.0,11.0,7.0,16.0,8.0,S Duncan
19/04/2019,Middlesbrough,Stoke,1.0,0.0,H,2.0,10.0,1.0,1.0,2.0,1.0,12.0,8.0,7.0,14.0,D Bond
19/04/2019,Millwall,Brentford,1.0,1.0,D,7.0,3.0,1.0,3.0,2.0,3.0,9.0,8.0,7.0,10.0,J Simpson
19/04/2019,Norwich,Sheffield Weds,2.0,2.0,D,13.0,2.0,1.0,2.0,5.0,6.0,13.0,19.0,15.0,12.0,G Eltringham
19/04/2019,Preston,Ipswich,4.0,0.0,H,3.0,4.0,0.0,1.0,10.0,5.0,8.0,13.0,17.0,18.0,S Martin
19/04/2019,QPR,Blackburn,1.0,2.0,A,8.0,4.0,3.0,3.0,3.0,5.0,14.0,8.0,19.0,12.0,T Robinson
19/04/2019,Sheffield United,Nott'm Forest,2.0,0.0,H,9.0,2.0,3.0,2.0,4.0,1.0,16.0,8.0,14.0,9.0,A Madley
19/04/2019,Swansea,Rotherham,4.0,3.0,H,6.0,9.0,0.0,1.0,8.0,8.0,4.0,13.0,15.0,16.0,K Stroud
19/04/2019,West Brom,Hull,3.0,2.0,H,5.0,9.0,0.0,0.0,5.0,3.0,9.0,13.0,10.0,11.0,P Bankes
22/04/2019,Aston Villa,Millwall,1.0,0.0,H,12.0,3.0,2.0,2.0,7.0,1.0,17.0,8.0,18.0,13.0,T Robinson
22/04/2019,Blackburn,Bolton,2.0,0.0,H,3.0,2.0,0.0,0.0,6.0,4.0,9.0,8.0,15.0,13.0,A Woolmer
22/04/2019,Brentford,Leeds,2.0,0.0,H,5.0,10.0,3.0,1.0,3.0,3.0,10.0,11.0,12.0,18.0,K Friend
22/04/2019,Derby,QPR,2.0,0.0,H,8.0,2.0,1.0,3.0,8.0,2.0,10.0,16.0,17.0,11.0,D Webb
22/04/2019,Hull,Sheffield United,0.0,3.0,A,7.0,4.0,0.0,0.0,2.0,5.0,5.0,13.0,11.0,11.0,G Scott
22/04/2019,Ipswich,Swansea,0.0,1.0,A,4.0,4.0,2.0,3.0,2.0,5.0,15.0,7.0,13.0,17.0,D England
22/04/2019,Nott'm Forest,Middlesbrough,3.0,0.0,H,7.0,2.0,1.0,1.0,9.0,1.0,9.0,14.0,20.0,3.0,P Bankes
22/04/2019,Reading,West Brom,0.0,0.0,D,4.0,4.0,2.0,1.0,5.0,6.0,13.0,10.0,14.0,14.0,G Ward
22/04/2019,Rotherham,Birmingham,1.0,3.0,A,7.0,6.0,3.0,1.0,1.0,8.0,14.0,13.0,9.0,16.0,A Davies
22/04/2019,Sheffield Weds,Bristol City,2.0,0.0,H,4.0,4.0,1.0,2.0,6.0,4.0,13.0,14.0,10.0,13.0,R Jones
22/04/2019,Stoke,Norwich,2.0,2.0,D,5.0,7.0,0.0,0.0,9.0,5.0,13.0,6.0,18.0,17.0,T Harrington
22/04/2019,Wigan,Preston,2.0,0.0,H,2.0,8.0,1.0,2.0,5.0,1.0,12.0,8.0,14.0,12.0,A Madley
27/04/2019,Birmingham,Wigan,1.0,1.0,D,1.0,3.0,1.0,1.0,3.0,5.0,14.0,8.0,12.0,13.0,S Martin
27/04/2019,Bolton,Brentford,0.0,1.0,A,,,,,,,,,,,
27/04/2019,Bristol City,Derby,0.0,2.0,A,5.0,2.0,0.0,4.0,11.0,4.0,8.0,19.0,23.0,8.0,D Bond
27/04/2019,Middlesbrough,Reading,2.0,1.0,H,7.0,4.0,3.0,1.0,6.0,4.0,14.0,12.0,18.0,12.0,J jBrooks
27/04/2019,Millwall,Stoke,0.0,0.0,D,3.0,5.0,1.0,2.0,1.0,2.0,13.0,10.0,13.0,12.0,O Langford
27/04/2019,Norwich,Blackburn,2.0,1.0,H,11.0,2.0,1.0,3.0,7.0,1.0,8.0,8.0,24.0,8.0,A Madley
27/04/2019,Preston,Sheffield Weds,3.0,3.0,D,5.0,4.0,1.0,2.0,5.0,8.0,8.0,19.0,13.0,16.0,J Simpson
27/04/2019,QPR,Nott'm Forest,0.0,1.0,A,8.0,4.0,1.0,2.0,7.0,4.0,11.0,15.0,21.0,7.0,S Duncan
27/04/2019,Sheffield United,Ipswich,2.0,0.0,H,9.0,1.0,0.0,1.0,3.0,1.0,17.0,10.0,12.0,4.0,T Robinson
27/04/2019,Swansea,Hull,2.0,2.0,D,10.0,6.0,1.0,4.0,7.0,4.0,7.0,15.0,14.0,8.0,G Eltringham
27/04/2019,West Brom,Rotherham,2.0,1.0,H,7.0,10.0,0.0,2.0,2.0,2.0,12.0,16.0,10.0,13.0,R Jones
28/04/2019,Leeds,Aston Villa,1.0,1.0,D,7.0,3.0,4.0,2.0,5.0,4.0,14.0,8.0,27.0,13.0,S Attwell
30/04/2019,Millwall,Bristol City,1.0,2.0,A,3.0,4.0,0.0,3.0,5.0,4.0,12.0,9.0,16.0,13.0,A Madley
01/05/2019,Swansea,Derby,1.0,1.0,D,4.0,8.0,3.0,4.0,6.0,4.0,7.0,16.0,12.0,13.0,P Bankes
05/05/2019,Aston Villa,Norwich,1.0,2.0,A,9.0,9.0,1.0,3.0,4.0,5.0,12.0,13.0,14.0,23.0,P Bankes
05/05/2019,Blackburn,Swansea,2.0,2.0,D,11.0,3.0,1.0,1.0,4.0,3.0,9.0,9.0,11.0,10.0,J Gillett
05/05/2019,Brentford,Preston,3.0,0.0,H,8.0,3.0,0.0,2.0,8.0,3.0,10.0,11.0,21.0,8.0,J Linington
05/05/2019,Derby,West Brom,3.0,1.0,H,5.0,2.0,1.0,5.0,13.0,2.0,12.0,14.0,23.0,8.0,T Robinson
05/05/2019,Hull,Bristol City,1.0,1.0,D,3.0,6.0,2.0,2.0,3.0,2.0,15.0,8.0,15.0,15.0,J Brooks
05/05/2019,Ipswich,Leeds,3.0,2.0,H,2.0,11.0,2.0,1.0,3.0,7.0,11.0,11.0,6.0,27.0,G Ward
05/05/2019,Nott'm Forest,Bolton,1.0,0.0,H,3.0,3.0,0.0,0.0,3.0,2.0,10.0,14.0,12.0,7.0,O Langford
05/05/2019,Reading,Birmingham,0.0,0.0,D,5.0,5.0,0.0,1.0,3.0,4.0,8.0,14.0,15.0,19.0,K Stroud
05/05/2019,Rotherham,Middlesbrough,1.0,2.0,A,6.0,5.0,0.0,1.0,4.0,4.0,12.0,16.0,18.0,12.0,A Madley
05/05/2019,Sheffield Weds,QPR,1.0,2.0,A,9.0,5.0,2.0,2.0,2.0,8.0,12.0,17.0,8.0,16.0,A Davies
05/05/2019,Stoke,Sheffield United,2.0,2.0,D,4.0,6.0,1.0,1.0,4.0,6.0,8.0,11.0,14.0,11.0,G Eltringham
05/05/2019,Wigan,Millwall,1.0,0.0,H,5.0,8.0,0.0,0.0,4.0,3.0,17.0,11.0,15.0,10.0,A Woolmer
02/08/2019,Luton,Middlesbrough,3.0,3.0,D,8.0,11.0,2.0,2.0,4.0,8.0,14.0,20.0,12.0,17.0,O Langford
03/08/2019,Barnsley,Fulham,1.0,0.0,H,7.0,5.0,3.0,1.0,4.0,4.0,16.0,14.0,17.0,15.0,A Davies
03/08/2019,Blackburn,Charlton,1.0,2.0,A,12.0,2.0,0.0,3.0,2.0,5.0,15.0,13.0,14.0,9.0,A Woolmer
03/08/2019,Brentford,Birmingham,0.0,1.0,A,6.0,2.0,1.0,3.0,3.0,1.0,10.0,12.0,15.0,1.0,G Ward
03/08/2019,Millwall,Preston,1.0,0.0,H,8.0,7.0,2.0,3.0,3.0,0.0,11.0,18.0,8.0,5.0,S Martin
03/08/2019,Nott'm Forest,West Brom,1.0,2.0,A,9.0,5.0,0.0,1.0,4.0,3.0,8.0,6.0,15.0,12.0,D England
03/08/2019,Reading,Sheffield Weds,1.0,3.0,A,7.0,3.0,0.0,3.0,4.0,5.0,12.0,15.0,13.0,13.0,J Linington
03/08/2019,Stoke,QPR,1.0,2.0,A,7.0,0.0,1.0,3.0,1.0,3.0,18.0,14.0,13.0,5.0,D Bond
03/08/2019,Swansea,Hull,2.0,1.0,H,10.0,4.0,2.0,2.0,8.0,4.0,9.0,10.0,19.0,12.0,J Brooks
03/08/2019,Wigan,Cardiff,3.0,2.0,H,6.0,6.0,2.0,4.0,4.0,4.0,9.0,15.0,12.0,13.0,D Webb
04/08/2019,Bristol City,Leeds,1.0,3.0,A,4.0,6.0,3.0,2.0,3.0,4.0,8.0,12.0,13.0,18.0,T Robinson
05/08/2019,Huddersfield,Derby,1.0,2.0,A,8.0,0.0,0.0,0.0,2.0,3.0,18.0,14.0,14.0,11.0,G Eltringham
10/08/2019,Birmingham,Bristol City,1.0,1.0,D,5.0,8.0,2.0,3.0,3.0,5.0,6.0,11.0,12.0,8.0,O Langford
10/08/2019,Cardiff,Luton,2.0,1.0,H,3.0,3.0,2.0,2.0,4.0,2.0,13.0,11.0,16.0,8.0,D Bond
10/08/2019,Charlton,Stoke,3.0,1.0,H,1.0,4.0,0.0,0.0,3.0,3.0,10.0,11.0,5.0,12.0,S Hooper
10/08/2019,Derby,Swansea,0.0,0.0,D,8.0,3.0,2.0,1.0,3.0,3.0,8.0,14.0,17.0,13.0,J Gillett
10/08/2019,Fulham,Blackburn,2.0,0.0,H,5.0,5.0,0.0,2.0,2.0,0.0,9.0,15.0,12.0,9.0,K Stroud
10/08/2019,Hull,Reading,2.0,1.0,H,5.0,7.0,2.0,2.0,5.0,4.0,23.0,12.0,14.0,13.0,M Donohue
10/08/2019,Leeds,Nott'm Forest,1.0,1.0,D,10.0,3.0,2.0,2.0,4.0,1.0,12.0,12.0,14.0,6.0,R Jones
10/08/2019,Middlesbrough,Brentford,0.0,1.0,A,7.0,3.0,0.0,1.0,5.0,2.0,10.0,17.0,14.0,9.0,S Martin
10/08/2019,Preston,Wigan,3.0,0.0,H,8.0,7.0,1.0,2.0,5.0,6.0,13.0,18.0,16.0,11.0,J Simpson
10/08/2019,QPR,Huddersfield,1.0,1.0,D,7.0,0.0,2.0,5.0,5.0,4.0,14.0,20.0,17.0,6.0,D Whitestone
10/08/2019,Sheffield Weds,Barnsley,2.0,0.0,H,6.0,4.0,1.0,1.0,7.0,3.0,10.0,22.0,16.0,11.0,T Harrington
10/08/2019,West Brom,Millwall,1.0,1.0,D,8.0,1.0,1.0,2.0,4.0,2.0,17.0,15.0,10.0,9.0,D Webb
16/08/2019,Huddersfield,Fulham,1.0,2.0,A,5.0,5.0,2.0,2.0,1.0,8.0,13.0,14.0,6.0,17.0,J Linington
17/08/2019,Barnsley,Charlton,2.0,2.0,D,4.0,2.0,4.0,3.0,3.0,5.0,15.0,21.0,13.0,12.0,M Donohue
17/08/2019,Blackburn,Middlesbrough,1.0,0.0,H,9.0,2.0,5.0,3.0,3.0,2.0,16.0,11.0,14.0,9.0,J Gillett
17/08/2019,Brentford,Hull,1.0,1.0,D,5.0,4.0,1.0,1.0,4.0,4.0,18.0,11.0,15.0,20.0,D England
17/08/2019,Bristol City,QPR,2.0,0.0,H,3.0,6.0,2.0,2.0,3.0,2.0,11.0,11.0,9.0,15.0,R Jones
17/08/2019,Luton,West Brom,1.0,2.0,A,4.0,8.0,2.0,0.0,4.0,3.0,10.0,6.0,8.0,24.0,A Woolmer
17/08/2019,Millwall,Sheffield Weds,1.0,0.0,H,6.0,4.0,1.0,1.0,2.0,9.0,6.0,16.0,3.0,21.0,G Ward
17/08/2019,Nott'm Forest,Birmingham,3.0,0.0,H,3.0,6.0,0.0,2.0,5.0,2.0,8.0,10.0,14.0,9.0,T Harrington
17/08/2019,Stoke,Derby,2.0,2.0,D,10.0,5.0,3.0,3.0,5.0,6.0,13.0,17.0,19.0,8.0,T Robinson
17/08/2019,Swansea,Preston,3.0,2.0,H,4.0,9.0,0.0,1.0,4.0,5.0,12.0,10.0,13.0,17.0,D Whitestone
17/08/2019,Wigan,Leeds,0.0,2.0,A,6.0,6.0,3.0,2.0,2.0,6.0,17.0,19.0,6.0,20.0,A Madley
18/08/2019,Reading,Cardiff,3.0,0.0,H,4.0,2.0,1.0,2.0,6.0,7.0,6.0,13.0,14.0,14.0,A Davies
20/08/2019,Birmingham,Barnsley,2.0,0.0,H,4.0,7.0,1.0,1.0,6.0,1.0,13.0,11.0,14.0,6.0,G Eltringham
20/08/2019,Derby,Bristol City,1.0,2.0,A,9.0,0.0,2.0,1.0,4.0,3.0,12.0,8.0,18.0,8.0,S Martin
20/08/2019,Hull,Blackburn,0.0,1.0,A,1.0,8.0,4.0,1.0,1.0,5.0,19.0,5.0,12.0,13.0,J Simpson
20/08/2019,Middlesbrough,Wigan,1.0,0.0,H,3.0,5.0,2.0,2.0,3.0,1.0,17.0,11.0,13.0,11.0,K Stroud
20/08/2019,Sheffield Weds,Luton,1.0,0.0,H,3.0,8.0,2.0,1.0,3.0,2.0,21.0,3.0,9.0,10.0,D Webb
21/08/2019,Cardiff,Huddersfield,2.0,1.0,H,8.0,2.0,1.0,1.0,6.0,3.0,15.0,12.0,24.0,8.0,J Gillett
21/08/2019,Charlton,Nott'm Forest,1.0,1.0,D,7.0,1.0,3.0,3.0,3.0,3.0,9.0,19.0,8.0,14.0,O Langford
21/08/2019,Fulham,Millwall,4.0,0.0,H,8.0,1.0,2.0,1.0,7.0,1.0,11.0,11.0,11.0,7.0,D Bond
21/08/2019,Leeds,Brentford,1.0,0.0,H,8.0,4.0,2.0,1.0,4.0,1.0,8.0,13.0,11.0,5.0,A Davies
21/08/2019,Preston,Stoke,3.0,1.0,H,0.0,4.0,2.0,2.0,5.0,2.0,16.0,6.0,8.0,8.0,J Brooks
21/08/2019,QPR,Swansea,1.0,3.0,A,7.0,2.0,2.0,3.0,3.0,5.0,10.0,13.0,22.0,10.0,P Tierney
21/08/2019,West Brom,Reading,1.0,1.0,D,11.0,5.0,2.0,2.0,4.0,5.0,9.0,11.0,20.0,10.0,P Bankes
24/08/2019,Barnsley,Luton,1.0,3.0,A,8.0,8.0,3.0,1.0,5.0,7.0,17.0,12.0,17.0,16.0,S Martin
24/08/2019,Blackburn,Cardiff,0.0,0.0,D,9.0,4.0,1.0,3.0,2.0,3.0,9.0,14.0,9.0,13.0,D Coote
24/08/2019,Charlton,Brentford,1.0,0.0,H,2.0,14.0,1.0,3.0,1.0,4.0,12.0,10.0,3.0,22.0,T Robinson
24/08/2019,Derby,West Brom,1.0,1.0,D,6.0,6.0,1.0,1.0,4.0,4.0,12.0,18.0,11.0,13.0,G Ward
24/08/2019,Fulham,Nott'm Forest,1.0,2.0,A,13.0,1.0,2.0,4.0,6.0,3.0,8.0,11.0,20.0,11.0,P Bankes
24/08/2019,Huddersfield,Reading,0.0,2.0,A,8.0,3.0,1.0,1.0,2.0,4.0,8.0,18.0,10.0,11.0,T Harrington
24/08/2019,Hull,Bristol City,1.0,3.0,A,9.0,6.0,0.0,3.0,6.0,4.0,11.0,13.0,16.0,10.0,D Whitestone
24/08/2019,Middlesbrough,Millwall,1.0,1.0,D,6.0,7.0,0.0,2.0,2.0,4.0,13.0,10.0,11.0,12.0,J Brooks
24/08/2019,Preston,Sheffield Weds,2.0,1.0,H,9.0,7.0,0.0,3.0,4.0,3.0,10.0,16.0,8.0,11.0,R Jones
24/08/2019,QPR,Wigan,3.0,1.0,H,3.0,5.0,2.0,4.0,5.0,3.0,13.0,16.0,20.0,9.0,M Donohue
24/08/2019,Stoke,Leeds,0.0,3.0,A,4.0,4.0,0.0,2.0,2.0,10.0,9.0,11.0,7.0,21.0,D England
25/08/2019,Swansea,Birmingham,3.0,0.0,H,5.0,1.0,1.0,5.0,6.0,0.0,8.0,13.0,12.0,4.0,A Woolmer
30/08/2019,Cardiff,Fulham,1.0,1.0,D,4.0,3.0,1.0,3.0,2.0,4.0,16.0,8.0,9.0,11.0,T Robinson
31/08/2019,Birmingham,Stoke,2.0,1.0,H,1.0,3.0,2.0,1.0,4.0,3.0,24.0,12.0,12.0,7.0,J Linington
31/08/2019,Brentford,Derby,3.0,0.0,H,6.0,3.0,0.0,2.0,8.0,0.0,12.0,13.0,22.0,5.0,D Webb
31/08/2019,Bristol City,Middlesbrough,2.0,2.0,D,6.0,10.0,1.0,1.0,5.0,6.0,13.0,11.0,18.0,22.0,L Mason
31/08/2019,Leeds,Swansea,0.0,1.0,A,6.0,5.0,2.0,2.0,3.0,2.0,15.0,10.0,21.0,7.0,D Bond
31/08/2019,Luton,Huddersfield,2.0,1.0,H,6.0,9.0,2.0,2.0,4.0,3.0,18.0,14.0,13.0,13.0,A Davies
31/08/2019,Millwall,Hull,1.0,1.0,D,11.0,5.0,2.0,4.0,5.0,3.0,10.0,14.0,13.0,7.0,O Langford
31/08/2019,Nott'm Forest,Preston,1.0,1.0,D,5.0,0.0,4.0,1.0,2.0,5.0,11.0,7.0,10.0,12.0,G Eltringham
31/08/2019,Reading,Charlton,0.0,2.0,A,8.0,4.0,1.0,3.0,3.0,5.0,14.0,14.0,19.0,14.0,J Gillett
31/08/2019,Sheffield Weds,QPR,1.0,2.0,A,1.0,6.0,4.0,3.0,2.0,5.0,22.0,13.0,7.0,11.0,J Brooks
31/08/2019,West Brom,Blackburn,3.0,2.0,H,7.0,3.0,2.0,2.0,8.0,4.0,15.0,16.0,21.0,7.0,T Harrington
31/08/2019,Wigan,Barnsley,0.0,0.0,D,6.0,7.0,1.0,4.0,4.0,3.0,12.0,18.0,12.0,13.0,A Woolmer
13/09/2019,Derby,Cardiff,1.0,1.0,D,6.0,4.0,2.0,2.0,5.0,4.0,13.0,10.0,13.0,13.0,D England
14/09/2019,Blackburn,Millwall,2.0,0.0,H,2.0,6.0,0.0,1.0,8.0,3.0,10.0,6.0,14.0,14.0,D Whitestone
14/09/2019,Charlton,Birmingham,0.0,1.0,A,2.0,4.0,1.0,3.0,3.0,6.0,7.0,18.0,12.0,11.0,M Donohue
14/09/2019,Fulham,West Brom,1.0,1.0,D,13.0,3.0,2.0,1.0,6.0,3.0,13.0,10.0,17.0,9.0,D Webb
14/09/2019,Hull,Wigan,2.0,2.0,D,7.0,5.0,2.0,6.0,3.0,3.0,15.0,16.0,16.0,10.0,G Ward
14/09/2019,Middlesbrough,Reading,1.0,0.0,H,5.0,10.0,0.0,3.0,2.0,7.0,12.0,17.0,10.0,18.0,R Jones
14/09/2019,Preston,Brentford,2.0,0.0,H,5.0,11.0,2.0,1.0,2.0,2.0,12.0,16.0,4.0,8.0,D Coote
14/09/2019,QPR,Luton,3.0,2.0,H,4.0,5.0,2.0,1.0,3.0,3.0,15.0,15.0,18.0,14.0,J Simpson
14/09/2019,Stoke,Bristol City,1.0,2.0,A,6.0,7.0,2.0,3.0,4.0,3.0,13.0,12.0,12.0,12.0,G Eltringham
14/09/2019,Swansea,Nott'm Forest,0.0,1.0,A,5.0,4.0,2.0,1.0,1.0,2.0,7.0,17.0,9.0,14.0,J Linington
15/09/2019,Barnsley,Leeds,0.0,2.0,A,5.0,9.0,1.0,0.0,6.0,7.0,11.0,11.0,17.0,21.0,K Stroud
15/09/2019,Huddersfield,Sheffield Weds,0.0,2.0,A,3.0,3.0,2.0,3.0,6.0,4.0,8.0,14.0,9.0,13.0,S Hooper
21/09/2019,Birmingham,Preston,0.0,1.0,A,7.0,0.0,0.0,0.0,2.0,3.0,12.0,12.0,7.0,4.0,S Martin
21/09/2019,Brentford,Stoke,0.0,0.0,D,4.0,5.0,1.0,2.0,2.0,4.0,13.0,6.0,12.0,11.0,A Woolmer
21/09/2019,Bristol City,Swansea,0.0,0.0,D,2.0,7.0,1.0,1.0,2.0,2.0,8.0,10.0,11.0,15.0,T Harrington
21/09/2019,Cardiff,Middlesbrough,1.0,0.0,H,3.0,8.0,1.0,2.0,1.0,0.0,10.0,12.0,9.0,11.0,D Bond
21/09/2019,Leeds,Derby,1.0,1.0,D,8.0,3.0,0.0,4.0,5.0,1.0,8.0,12.0,13.0,4.0,O Langford
21/09/2019,Luton,Hull,0.0,3.0,A,5.0,4.0,0.0,2.0,2.0,4.0,7.0,17.0,6.0,14.0,A Madley
21/09/2019,Millwall,QPR,1.0,2.0,A,6.0,3.0,2.0,3.0,5.0,3.0,8.0,8.0,13.0,14.0,P Bankes
21/09/2019,Nott'm Forest,Barnsley,1.0,0.0,H,8.0,10.0,2.0,3.0,1.0,5.0,6.0,10.0,11.0,13.0,J Gillett
21/09/2019,Reading,Blackburn,1.0,2.0,A,3.0,3.0,2.0,2.0,3.0,5.0,14.0,14.0,16.0,9.0,M Donohue
21/09/2019,Sheffield Weds,Fulham,1.0,1.0,D,2.0,5.0,2.0,1.0,5.0,2.0,15.0,11.0,12.0,9.0,G Eltringham
21/09/2019,Wigan,Charlton,2.0,0.0,H,9.0,5.0,1.0,1.0,4.0,3.0,16.0,13.0,17.0,13.0,A Davies
22/09/2019,West Brom,Huddersfield,4.0,2.0,H,8.0,2.0,0.0,0.0,7.0,2.0,13.0,9.0,17.0,5.0,T Robinson
27/09/2019,Fulham,Wigan,2.0,0.0,H,7.0,4.0,2.0,3.0,6.0,0.0,14.0,16.0,21.0,5.0,D Whitestone
27/09/2019,Stoke,Nott'm Forest,2.0,3.0,A,9.0,3.0,0.0,4.0,8.0,4.0,9.0,16.0,23.0,6.0,A Madley
28/09/2019,Blackburn,Luton,1.0,2.0,A,8.0,1.0,1.0,2.0,2.0,5.0,11.0,8.0,16.0,8.0,G Ward
28/09/2019,Charlton,Leeds,1.0,0.0,H,2.0,13.0,3.0,1.0,3.0,4.0,9.0,15.0,3.0,19.0,J Brooks
28/09/2019,Derby,Birmingham,3.0,2.0,H,2.0,9.0,3.0,1.0,4.0,6.0,9.0,18.0,7.0,17.0,S Hooper
28/09/2019,Huddersfield,Millwall,1.0,1.0,D,7.0,6.0,1.0,0.0,6.0,4.0,12.0,12.0,15.0,15.0,J Simpson
28/09/2019,Hull,Cardiff,2.0,2.0,D,5.0,8.0,2.0,0.0,3.0,3.0,11.0,11.0,12.0,8.0,J Gillett
28/09/2019,Middlesbrough,Sheffield Weds,1.0,4.0,A,5.0,6.0,0.0,3.0,2.0,6.0,10.0,19.0,9.0,12.0,J Linington
28/09/2019,Preston,Bristol City,3.0,3.0,D,3.0,5.0,1.0,1.0,3.0,7.0,11.0,12.0,9.0,15.0,A Davies
28/09/2019,QPR,West Brom,0.0,2.0,A,4.0,6.0,1.0,2.0,0.0,7.0,21.0,10.0,5.0,15.0,G Eltringham
28/09/2019,Swansea,Reading,1.0,1.0,D,3.0,6.0,0.0,3.0,4.0,5.0,8.0,14.0,17.0,12.0,K Stroud
29/09/2019,Barnsley,Brentford,1.0,3.0,A,8.0,3.0,0.0,0.0,3.0,5.0,11.0,8.0,10.0,13.0,D Webb
01/10/2019,Blackburn,Nott'm Forest,1.0,1.0,D,11.0,3.0,2.0,1.0,6.0,4.0,9.0,10.0,21.0,10.0,S Martin
01/10/2019,Hull,Sheffield Weds,1.0,0.0,H,8.0,3.0,1.0,3.0,2.0,3.0,11.0,10.0,8.0,12.0,A Davies
01/10/2019,Leeds,West Brom,1.0,0.0,H,7.0,6.0,1.0,5.0,9.0,4.0,6.0,12.0,19.0,10.0,D Coote
01/10/2019,Middlesbrough,Preston,1.0,1.0,D,2.0,3.0,2.0,2.0,3.0,1.0,16.0,17.0,14.0,9.0,D England
01/10/2019,Reading,Fulham,1.0,4.0,A,2.0,5.0,1.0,0.0,2.0,7.0,10.0,12.0,8.0,16.0,A Woolmer
01/10/2019,Stoke,Huddersfield,0.0,1.0,A,9.0,1.0,1.0,2.0,0.0,1.0,12.0,12.0,18.0,4.0,R Jones
01/10/2019,Wigan,Birmingham,1.0,0.0,H,7.0,6.0,0.0,0.0,3.0,0.0,9.0,14.0,12.0,12.0,T Robinson
02/10/2019,Barnsley,Derby,2.0,2.0,D,8.0,2.0,2.0,0.0,7.0,6.0,22.0,14.0,12.0,12.0,T Harrington
02/10/2019,Brentford,Bristol City,1.0,1.0,D,13.0,3.0,1.0,1.0,6.0,3.0,6.0,8.0,18.0,8.0,O Langford
02/10/2019,Cardiff,QPR,3.0,0.0,H,3.0,5.0,2.0,1.0,4.0,4.0,18.0,12.0,10.0,14.0,M Donohue
02/10/2019,Charlton,Swansea,1.0,2.0,A,3.0,3.0,4.0,1.0,3.0,4.0,14.0,14.0,8.0,13.0,P Bankes
02/10/2019,Luton,Millwall,1.0,1.0,D,5.0,4.0,0.0,2.0,4.0,4.0,7.0,18.0,13.0,13.0,D Bond
04/10/2019,Birmingham,Middlesbrough,2.0,1.0,H,11.0,3.0,2.0,3.0,8.0,3.0,18.0,11.0,26.0,5.0,J Simpson
05/10/2019,Bristol City,Reading,1.0,0.0,H,3.0,5.0,1.0,2.0,3.0,3.0,14.0,9.0,15.0,16.0,S Martin
05/10/2019,Derby,Luton,2.0,0.0,H,1.0,5.0,1.0,0.0,2.0,1.0,10.0,10.0,10.0,7.0,G Eltringham
05/10/2019,Fulham,Charlton,2.0,2.0,D,8.0,6.0,2.0,1.0,7.0,5.0,12.0,14.0,20.0,14.0,K Stroud
05/10/2019,Huddersfield,Hull,3.0,0.0,H,5.0,4.0,3.0,1.0,5.0,4.0,13.0,11.0,8.0,14.0,D Webb
05/10/2019,Millwall,Leeds,2.0,1.0,H,6.0,1.0,4.0,1.0,7.0,1.0,14.0,14.0,12.0,5.0,J Linington
05/10/2019,Nott'm Forest,Brentford,1.0,0.0,H,9.0,5.0,0.0,1.0,4.0,3.0,7.0,9.0,13.0,11.0,D Whitestone
05/10/2019,Preston,Barnsley,5.0,1.0,H,5.0,2.0,1.0,3.0,10.0,1.0,10.0,9.0,20.0,6.0,G Ward
05/10/2019,QPR,Blackburn,4.0,2.0,H,4.0,4.0,4.0,4.0,5.0,2.0,14.0,7.0,10.0,8.0,S Hooper
05/10/2019,Sheffield Weds,Wigan,1.0,0.0,H,3.0,2.0,1.0,1.0,2.0,3.0,15.0,9.0,8.0,5.0,L Mason
05/10/2019,Swansea,Stoke,1.0,2.0,A,7.0,1.0,2.0,1.0,6.0,9.0,11.0,17.0,22.0,18.0,O Langford
05/10/2019,West Brom,Cardiff,4.0,2.0,H,6.0,10.0,1.0,1.0,8.0,8.0,6.0,13.0,15.0,18.0,J Brooks
18/10/2019,Cardiff,Sheffield Weds,1.0,1.0,D,4.0,4.0,0.0,3.0,4.0,5.0,11.0,22.0,14.0,12.0,K Stroud
19/10/2019,Barnsley,Swansea,1.0,1.0,D,2.0,5.0,1.0,1.0,5.0,8.0,8.0,5.0,19.0,12.0,A Woolmer
19/10/2019,Blackburn,Huddersfield,2.0,2.0,D,5.0,6.0,1.0,3.0,3.0,2.0,18.0,19.0,13.0,12.0,D Bond
19/10/2019,Brentford,Millwall,3.0,2.0,H,8.0,4.0,3.0,6.0,10.0,4.0,13.0,13.0,23.0,8.0,S Attwell
19/10/2019,Charlton,Derby,3.0,0.0,H,7.0,5.0,1.0,2.0,7.0,2.0,16.0,13.0,10.0,4.0,S Martin
19/10/2019,Hull,QPR,2.0,3.0,A,4.0,8.0,1.0,0.0,3.0,8.0,14.0,10.0,11.0,15.0,T Harrington
19/10/2019,Leeds,Birmingham,1.0,0.0,H,9.0,2.0,2.0,2.0,5.0,4.0,13.0,18.0,15.0,16.0,R Jones
19/10/2019,Luton,Bristol City,3.0,0.0,H,8.0,7.0,2.0,2.0,5.0,2.0,10.0,11.0,12.0,10.0,G Scott
19/10/2019,Middlesbrough,West Brom,0.0,1.0,A,6.0,7.0,2.0,4.0,7.0,4.0,10.0,14.0,17.0,19.0,O Langford
19/10/2019,Reading,Preston,1.0,0.0,H,9.0,6.0,2.0,2.0,6.0,4.0,9.0,14.0,12.0,12.0,D Whitestone
19/10/2019,Stoke,Fulham,2.0,0.0,H,4.0,6.0,2.0,2.0,5.0,4.0,15.0,12.0,9.0,10.0,A Davies
20/10/2019,Wigan,Nott'm Forest,1.0,0.0,H,2.0,7.0,3.0,1.0,6.0,2.0,10.0,10.0,16.0,18.0,M Donohue
22/10/2019,Birmingham,Blackburn,1.0,0.0,H,7.0,6.0,2.0,1.0,6.0,1.0,12.0,6.0,12.0,13.0,D England
22/10/2019,Millwall,Cardiff,2.0,2.0,D,4.0,2.0,1.0,1.0,5.0,7.0,13.0,14.0,12.0,16.0,T Robinson
22/10/2019,Preston,Leeds,1.0,1.0,D,4.0,8.0,1.0,0.0,2.0,3.0,9.0,9.0,10.0,22.0,K Friend
22/10/2019,QPR,Reading,2.0,2.0,D,1.0,5.0,2.0,2.0,6.0,5.0,10.0,22.0,13.0,11.0,J Simpson
22/10/2019,Sheffield Weds,Stoke,1.0,0.0,H,5.0,3.0,2.0,1.0,4.0,1.0,17.0,12.0,11.0,12.0,A Madley
22/10/2019,Swansea,Brentford,0.0,3.0,A,6.0,6.0,2.0,1.0,5.0,7.0,7.0,6.0,17.0,14.0,G Ward
22/10/2019,West Brom,Barnsley,2.0,2.0,D,4.0,1.0,3.0,8.0,3.0,3.0,9.0,20.0,11.0,11.0,D Bond
23/10/2019,Bristol City,Charlton,2.0,1.0,H,9.0,5.0,2.0,5.0,8.0,5.0,13.0,12.0,23.0,10.0,J Linington
23/10/2019,Derby,Wigan,1.0,0.0,H,7.0,8.0,2.0,2.0,4.0,3.0,8.0,16.0,11.0,16.0,K Stroud
23/10/2019,Fulham,Luton,3.0,2.0,H,4.0,3.0,1.0,0.0,8.0,3.0,12.0,8.0,20.0,13.0,J Brooks
23/10/2019,Huddersfield,Middlesbrough,0.0,0.0,D,4.0,3.0,1.0,3.0,2.0,2.0,12.0,14.0,10.0,13.0,T Harrington
23/10/2019,Nott'm Forest,Hull,1.0,2.0,A,11.0,1.0,3.0,2.0,2.0,6.0,8.0,9.0,16.0,18.0,O Langford
26/10/2019,Birmingham,Luton,2.0,1.0,H,13.0,5.0,1.0,3.0,6.0,4.0,8.0,10.0,20.0,9.0,D Whitestone
26/10/2019,Huddersfield,Barnsley,2.0,1.0,H,3.0,5.0,1.0,1.0,4.0,2.0,7.0,13.0,11.0,14.0,J Linington
26/10/2019,Hull,Derby,2.0,0.0,H,7.0,1.0,4.0,1.0,4.0,3.0,11.0,8.0,14.0,10.0,S Hooper
26/10/2019,Middlesbrough,Fulham,0.0,0.0,D,5.0,2.0,3.0,2.0,1.0,1.0,16.0,9.0,14.0,7.0,P Bankes
26/10/2019,Millwall,Stoke,2.0,0.0,H,6.0,2.0,1.0,0.0,4.0,1.0,10.0,18.0,8.0,4.0,D England
26/10/2019,Preston,Blackburn,3.0,2.0,H,6.0,5.0,0.0,2.0,8.0,1.0,8.0,17.0,12.0,8.0,S Martin
26/10/2019,Sheffield Weds,Leeds,0.0,0.0,D,5.0,4.0,2.0,0.0,4.0,3.0,16.0,9.0,11.0,9.0,T Robinson
26/10/2019,West Brom,Charlton,2.0,2.0,D,4.0,4.0,2.0,3.0,5.0,5.0,12.0,9.0,13.0,13.0,M Donohue
27/10/2019,Bristol City,Wigan,2.0,2.0,D,5.0,10.0,1.0,2.0,4.0,7.0,8.0,15.0,9.0,19.0,J Brooks
27/10/2019,Swansea,Cardiff,1.0,0.0,H,9.0,3.0,0.0,1.0,5.0,3.0,12.0,15.0,19.0,8.0,R Jones
28/10/2019,QPR,Brentford,1.0,3.0,A,3.0,6.0,0.0,3.0,6.0,9.0,11.0,15.0,8.0,12.0,A Woolmer
01/11/2019,Barnsley,Bristol City,2.0,2.0,D,10.0,6.0,2.0,0.0,6.0,3.0,9.0,11.0,24.0,9.0,J Gillett
02/11/2019,Blackburn,Sheffield Weds,2.0,1.0,H,4.0,13.0,0.0,0.0,6.0,5.0,10.0,16.0,15.0,17.0,A Woolmer
02/11/2019,Brentford,Huddersfield,0.0,1.0,A,1.0,4.0,1.0,5.0,3.0,2.0,12.0,15.0,10.0,4.0,R Jones
02/11/2019,Cardiff,Birmingham,4.0,2.0,H,8.0,10.0,1.0,3.0,6.0,6.0,12.0,18.0,12.0,25.0,A Madley
02/11/2019,Derby,Middlesbrough,2.0,0.0,H,6.0,2.0,0.0,1.0,10.0,1.0,10.0,13.0,23.0,10.0,D Bond
02/11/2019,Fulham,Hull,0.0,3.0,A,9.0,1.0,2.0,2.0,1.0,5.0,8.0,14.0,8.0,10.0,K Stroud
02/11/2019,Leeds,QPR,2.0,0.0,H,6.0,2.0,1.0,4.0,6.0,1.0,18.0,20.0,18.0,6.0,G Eltringham
02/11/2019,Luton,Nott'm Forest,1.0,2.0,A,8.0,7.0,0.0,1.0,3.0,4.0,9.0,10.0,9.0,12.0,G Ward
02/11/2019,Reading,Millwall,2.0,1.0,H,3.0,6.0,1.0,0.0,6.0,2.0,11.0,13.0,12.0,14.0,T Harrington
02/11/2019,Wigan,Swansea,1.0,2.0,A,11.0,2.0,4.0,2.0,2.0,2.0,19.0,8.0,14.0,6.0,P Bankes
03/11/2019,Charlton,Preston,0.0,1.0,A,3.0,9.0,3.0,5.0,1.0,5.0,16.0,11.0,8.0,16.0,D Webb
04/11/2019,Stoke,West Brom,0.0,2.0,A,4.0,3.0,2.0,1.0,3.0,3.0,18.0,18.0,8.0,9.0,T Robinson
09/11/2019,Barnsley,Stoke,2.0,4.0,A,5.0,7.0,3.0,1.0,4.0,9.0,14.0,7.0,12.0,11.0,J Simpson
09/11/2019,Birmingham,Fulham,0.0,1.0,A,5.0,7.0,3.0,2.0,4.0,3.0,12.0,8.0,16.0,10.0,J Gillett
09/11/2019,Hull,West Brom,0.0,1.0,A,2.0,4.0,3.0,3.0,3.0,2.0,11.0,10.0,10.0,9.0,J Linington
09/11/2019,Leeds,Blackburn,2.0,1.0,H,4.0,5.0,1.0,2.0,4.0,1.0,9.0,12.0,15.0,4.0,G Ward
09/11/2019,Millwall,Charlton,2.0,1.0,H,8.0,3.0,1.0,1.0,5.0,5.0,14.0,13.0,8.0,6.0,R Jones
09/11/2019,Nott'm Forest,Derby,1.0,0.0,H,7.0,8.0,3.0,3.0,4.0,7.0,14.0,18.0,19.0,11.0,D England
09/11/2019,Preston,Huddersfield,3.0,1.0,H,12.0,4.0,4.0,2.0,4.0,1.0,11.0,17.0,21.0,8.0,G Eltringham
09/11/2019,QPR,Middlesbrough,2.0,2.0,D,8.0,6.0,4.0,2.0,7.0,4.0,20.0,9.0,14.0,9.0,D Coote
09/11/2019,Reading,Luton,3.0,0.0,H,5.0,3.0,0.0,1.0,7.0,1.0,12.0,13.0,17.0,4.0,A Woolmer
09/11/2019,Sheffield Weds,Swansea,2.0,2.0,D,7.0,4.0,1.0,0.0,7.0,6.0,10.0,9.0,20.0,13.0,D Webb
09/11/2019,Wigan,Brentford,0.0,3.0,A,1.0,2.0,1.0,1.0,1.0,5.0,16.0,17.0,5.0,7.0,A Davies
10/11/2019,Cardiff,Bristol City,0.0,1.0,A,7.0,2.0,1.0,2.0,3.0,2.0,15.0,13.0,16.0,6.0,T Harrington
22/11/2019,Fulham,QPR,2.0,1.0,H,4.0,11.0,1.0,0.0,4.0,7.0,13.0,15.0,11.0,19.0,J Linington
23/11/2019,Blackburn,Barnsley,3.0,2.0,H,2.0,3.0,1.0,1.0,5.0,5.0,8.0,14.0,9.0,16.0,D Whitestone
23/11/2019,Brentford,Reading,1.0,0.0,H,8.0,7.0,3.0,3.0,4.0,1.0,13.0,15.0,11.0,6.0,D Coote
23/11/2019,Bristol City,Nott'm Forest,0.0,0.0,D,6.0,6.0,1.0,2.0,0.0,3.0,15.0,13.0,7.0,12.0,C Pawson
23/11/2019,Charlton,Cardiff,2.0,2.0,D,5.0,4.0,1.0,3.0,4.0,8.0,12.0,16.0,15.0,23.0,D Bond
23/11/2019,Derby,Preston,1.0,0.0,H,6.0,3.0,0.0,2.0,4.0,2.0,15.0,9.0,13.0,12.0,T Robinson
23/11/2019,Huddersfield,Birmingham,1.0,1.0,D,5.0,2.0,1.0,1.0,6.0,2.0,9.0,16.0,17.0,10.0,K Stroud
23/11/2019,Luton,Leeds,1.0,2.0,A,4.0,8.0,0.0,1.0,5.0,12.0,7.0,11.0,11.0,21.0,J Brooks
23/11/2019,Stoke,Wigan,2.0,1.0,H,3.0,5.0,3.0,2.0,4.0,2.0,13.0,20.0,16.0,10.0,G Eltringham
23/11/2019,Swansea,Millwall,0.0,1.0,A,4.0,3.0,1.0,2.0,4.0,5.0,14.0,10.0,10.0,13.0,A Davies
23/11/2019,West Brom,Sheffield Weds,2.0,1.0,H,6.0,8.0,1.0,3.0,3.0,2.0,10.0,20.0,9.0,15.0,T Harrington
24/11/2019,Middlesbrough,Hull,2.0,2.0,D,3.0,9.0,2.0,1.0,5.0,4.0,10.0,16.0,10.0,12.0,J Simpson
26/11/2019,Cardiff,Stoke,1.0,0.0,H,2.0,4.0,1.0,1.0,3.0,1.0,11.0,9.0,7.0,12.0,G Ward
26/11/2019,Fulham,Derby,3.0,0.0,H,6.0,3.0,1.0,2.0,8.0,0.0,9.0,11.0,17.0,8.0,A Woolmer
26/11/2019,Huddersfield,Swansea,1.0,1.0,D,11.0,6.0,3.0,2.0,5.0,2.0,14.0,11.0,14.0,6.0,J Gillett
26/11/2019,Luton,Charlton,2.0,1.0,H,5.0,9.0,3.0,1.0,4.0,2.0,9.0,11.0,16.0,10.0,D England
26/11/2019,Millwall,Wigan,2.0,2.0,D,7.0,5.0,2.0,1.0,5.0,7.0,7.0,13.0,9.0,14.0,D Whitestone
26/11/2019,Reading,Leeds,0.0,1.0,A,7.0,11.0,1.0,1.0,2.0,2.0,12.0,12.0,8.0,16.0,D Bond
27/11/2019,Blackburn,Brentford,1.0,0.0,H,4.0,4.0,2.0,1.0,4.0,4.0,15.0,14.0,7.0,16.0,M Donohue
27/11/2019,Hull,Preston,4.0,0.0,H,4.0,8.0,1.0,1.0,10.0,4.0,11.0,9.0,21.0,13.0,J Moss
27/11/2019,Middlesbrough,Barnsley,1.0,0.0,H,8.0,3.0,3.0,0.0,5.0,2.0,9.0,13.0,12.0,14.0,O Langford
27/11/2019,QPR,Nott'm Forest,0.0,4.0,A,5.0,6.0,1.0,2.0,4.0,8.0,11.0,8.0,11.0,14.0,S Martin
27/11/2019,Sheffield Weds,Birmingham,1.0,1.0,D,12.0,1.0,1.0,3.0,5.0,2.0,7.0,10.0,24.0,7.0,P Bankes
27/11/2019,West Brom,Bristol City,4.0,1.0,H,4.0,4.0,0.0,2.0,7.0,1.0,12.0,11.0,15.0,9.0,G Eltringham
29/11/2019,Swansea,Fulham,1.0,2.0,A,6.0,0.0,0.0,1.0,7.0,4.0,12.0,18.0,18.0,10.0,S Hooper
30/11/2019,Barnsley,Hull,3.0,1.0,H,6.0,6.0,0.0,1.0,5.0,1.0,9.0,15.0,11.0,6.0,J Brooks
30/11/2019,Birmingham,Millwall,1.0,1.0,D,5.0,3.0,0.0,0.0,3.0,5.0,13.0,11.0,10.0,11.0,A Woolmer
30/11/2019,Brentford,Luton,7.0,0.0,H,9.0,3.0,0.0,0.0,12.0,1.0,7.0,10.0,21.0,4.0,T Harrington
30/11/2019,Bristol City,Huddersfield,5.0,2.0,H,4.0,4.0,0.0,1.0,8.0,5.0,6.0,11.0,12.0,11.0,D England
30/11/2019,Charlton,Sheffield Weds,1.0,3.0,A,1.0,7.0,2.0,2.0,2.0,8.0,9.0,12.0,8.0,18.0,T Robinson
30/11/2019,Derby,QPR,1.0,1.0,D,8.0,9.0,1.0,3.0,4.0,2.0,10.0,14.0,13.0,13.0,D Webb
30/11/2019,Leeds,Middlesbrough,4.0,0.0,H,4.0,1.0,2.0,3.0,10.0,1.0,11.0,19.0,16.0,7.0,K Stroud
30/11/2019,Nott'm Forest,Cardiff,0.0,1.0,A,9.0,1.0,0.0,1.0,2.0,4.0,12.0,14.0,32.0,10.0,R Jones
30/11/2019,Stoke,Blackburn,1.0,2.0,A,6.0,2.0,0.0,0.0,4.0,5.0,9.0,5.0,16.0,6.0,K Friend
30/11/2019,Wigan,Reading,1.0,3.0,A,4.0,3.0,2.0,2.0,7.0,5.0,15.0,11.0,9.0,21.0,J Simpson
02/12/2019,Preston,West Brom,0.0,1.0,A,4.0,9.0,0.0,1.0,2.0,4.0,10.0,10.0,7.0,11.0,O Langford
06/12/2019,Millwall,Nott'm Forest,2.0,2.0,D,10.0,2.0,1.0,2.0,5.0,5.0,10.0,9.0,16.0,10.0,J Brooks
07/12/2019,Blackburn,Derby,1.0,0.0,H,7.0,3.0,1.0,1.0,3.0,1.0,9.0,13.0,11.0,13.0,O Langford
07/12/2019,Cardiff,Barnsley,3.0,2.0,H,8.0,5.0,1.0,5.0,2.0,2.0,10.0,18.0,11.0,14.0,P Tierney
07/12/2019,Fulham,Bristol City,1.0,2.0,A,8.0,2.0,6.0,2.0,5.0,3.0,15.0,6.0,21.0,12.0,J Simpson
07/12/2019,Huddersfield,Leeds,0.0,2.0,A,7.0,5.0,2.0,3.0,3.0,4.0,10.0,15.0,10.0,14.0,G Ward
07/12/2019,Hull,Stoke,2.0,1.0,H,7.0,4.0,0.0,0.0,6.0,4.0,12.0,7.0,23.0,6.0,D Bond
07/12/2019,Luton,Wigan,2.0,1.0,H,8.0,3.0,1.0,2.0,5.0,1.0,9.0,18.0,18.0,11.0,A Madley
07/12/2019,Middlesbrough,Charlton,1.0,0.0,H,4.0,5.0,1.0,3.0,3.0,2.0,15.0,20.0,23.0,5.0,S Martin
07/12/2019,QPR,Preston,2.0,0.0,H,2.0,2.0,2.0,2.0,6.0,3.0,14.0,19.0,11.0,8.0,A Davies
07/12/2019,Reading,Birmingham,2.0,3.0,A,8.0,5.0,1.0,1.0,4.0,5.0,19.0,7.0,14.0,16.0,T Robinson
07/12/2019,Sheffield Weds,Brentford,2.0,1.0,H,5.0,7.0,1.0,2.0,3.0,2.0,10.0,7.0,12.0,12.0,D Whitestone
08/12/2019,West Brom,Swansea,5.0,1.0,H,7.0,7.0,1.0,2.0,9.0,4.0,15.0,11.0,19.0,11.0,K Stroud
10/12/2019,Bristol City,Millwall,1.0,2.0,A,6.0,4.0,0.0,0.0,5.0,3.0,6.0,14.0,10.0,14.0,G Ward
10/12/2019,Charlton,Huddersfield,0.0,1.0,A,1.0,6.0,3.0,2.0,0.0,5.0,16.0,15.0,6.0,15.0,G Scott
10/12/2019,Leeds,Hull,2.0,0.0,H,5.0,5.0,2.0,1.0,2.0,2.0,8.0,11.0,12.0,11.0,D Webb
10/12/2019,Nott'm Forest,Middlesbrough,1.0,1.0,D,10.0,1.0,4.0,2.0,3.0,3.0,13.0,20.0,9.0,9.0,A Woolmer
10/12/2019,Preston,Fulham,2.0,1.0,H,6.0,5.0,4.0,1.0,7.0,1.0,13.0,12.0,19.0,15.0,K Stroud
10/12/2019,Stoke,Luton,3.0,0.0,H,7.0,4.0,1.0,2.0,8.0,1.0,16.0,10.0,15.0,4.0,J Gillett
11/12/2019,Barnsley,Reading,1.0,1.0,D,7.0,5.0,2.0,1.0,8.0,6.0,11.0,17.0,21.0,14.0,M Donohue
11/12/2019,Birmingham,QPR,0.0,2.0,A,9.0,0.0,2.0,2.0,2.0,2.0,15.0,15.0,16.0,6.0,D Bond
11/12/2019,Brentford,Cardiff,2.0,1.0,H,6.0,9.0,2.0,2.0,5.0,3.0,13.0,11.0,16.0,10.0,J Brooks
11/12/2019,Derby,Sheffield Weds,1.0,1.0,D,5.0,12.0,3.0,3.0,2.0,3.0,12.0,14.0,11.0,12.0,S Martin
11/12/2019,Swansea,Blackburn,1.0,1.0,D,12.0,3.0,0.0,0.0,3.0,2.0,11.0,11.0,14.0,8.0,J Simpson
11/12/2019,Wigan,West Brom,1.0,1.0,D,4.0,3.0,1.0,2.0,5.0,2.0,14.0,14.0,14.0,6.0,A Davies
13/12/2019,Charlton,Hull,2.0,2.0,D,4.0,9.0,2.0,2.0,2.0,5.0,7.0,11.0,5.0,15.0,A Davies
14/12/2019,Barnsley,QPR,5.0,3.0,H,3.0,2.0,4.0,3.0,7.0,6.0,9.0,14.0,13.0,12.0,K Stroud
14/12/2019,Birmingham,West Brom,2.0,3.0,A,7.0,2.0,2.0,2.0,6.0,3.0,11.0,12.0,16.0,9.0,D England
14/12/2019,Brentford,Fulham,1.0,0.0,H,10.0,3.0,1.0,1.0,7.0,2.0,6.0,13.0,23.0,11.0,O Langford
14/12/2019,Bristol City,Blackburn,0.0,2.0,A,5.0,5.0,1.0,2.0,1.0,5.0,16.0,16.0,6.0,8.0,J Brooks
14/12/2019,Derby,Millwall,0.0,1.0,A,9.0,3.0,1.0,2.0,1.0,2.0,13.0,9.0,11.0,7.0,C Kavanagh
14/12/2019,Leeds,Cardiff,3.0,3.0,D,14.0,3.0,1.0,1.0,8.0,3.0,5.0,17.0,25.0,10.0,T Harrington
14/12/2019,Nott'm Forest,Sheffield Weds,0.0,4.0,A,4.0,4.0,0.0,0.0,3.0,6.0,6.0,12.0,9.0,13.0,J Linington
14/12/2019,Preston,Luton,2.0,1.0,H,6.0,5.0,0.0,3.0,3.0,3.0,13.0,16.0,11.0,10.0,G Ward
14/12/2019,Stoke,Reading,0.0,0.0,D,1.0,4.0,1.0,3.0,0.0,0.0,12.0,12.0,11.0,3.0,L Mason
14/12/2019,Swansea,Middlesbrough,3.0,1.0,H,6.0,6.0,2.0,1.0,7.0,3.0,13.0,19.0,10.0,8.0,D Whitestone
14/12/2019,Wigan,Huddersfield,1.0,1.0,D,3.0,2.0,1.0,2.0,2.0,4.0,13.0,20.0,7.0,4.0,S Martin
20/12/2019,Middlesbrough,Stoke,2.0,1.0,H,4.0,2.0,2.0,4.0,4.0,3.0,15.0,15.0,7.0,12.0,O Langford
21/12/2019,Cardiff,Preston,0.0,0.0,D,1.0,3.0,1.0,2.0,1.0,3.0,11.0,11.0,3.0,16.0,J Simpson
21/12/2019,Fulham,Leeds,2.0,1.0,H,4.0,7.0,3.0,4.0,3.0,7.0,15.0,15.0,7.0,15.0,T Robinson
21/12/2019,Huddersfield,Nott'm Forest,2.0,1.0,H,5.0,9.0,3.0,3.0,5.0,5.0,5.0,10.0,13.0,15.0,A Davies
21/12/2019,Hull,Birmingham,3.0,0.0,H,9.0,6.0,2.0,2.0,6.0,2.0,6.0,8.0,14.0,12.0,A Backhouse
21/12/2019,Luton,Swansea,0.0,1.0,A,4.0,8.0,1.0,2.0,1.0,4.0,6.0,12.0,14.0,20.0,D Webb
21/12/2019,Millwall,Barnsley,1.0,2.0,A,8.0,3.0,2.0,4.0,1.0,6.0,10.0,17.0,16.0,13.0,J Gillett
21/12/2019,QPR,Charlton,2.0,2.0,D,9.0,8.0,3.0,4.0,9.0,4.0,13.0,14.0,21.0,11.0,M Donohue
21/12/2019,Reading,Derby,3.0,0.0,H,6.0,6.0,2.0,7.0,7.0,6.0,8.0,17.0,14.0,16.0,M Salisbury
21/12/2019,West Brom,Brentford,1.0,1.0,D,6.0,7.0,2.0,1.0,4.0,3.0,13.0,3.0,12.0,15.0,D Bond
22/12/2019,Sheffield Weds,Bristol City,1.0,0.0,H,8.0,1.0,1.0,3.0,6.0,1.0,14.0,14.0,15.0,3.0,T Harrington
23/12/2019,Blackburn,Wigan,0.0,0.0,D,7.0,5.0,1.0,2.0,4.0,4.0,12.0,14.0,10.0,12.0,G Ward
26/12/2019,Barnsley,West Brom,1.0,1.0,D,6.0,2.0,1.0,3.0,8.0,2.0,8.0,15.0,22.0,7.0,T Harrington
26/12/2019,Blackburn,Birmingham,1.0,1.0,D,3.0,2.0,3.0,3.0,3.0,3.0,16.0,23.0,11.0,13.0,R Jones
26/12/2019,Brentford,Swansea,3.0,1.0,H,7.0,2.0,0.0,2.0,4.0,4.0,8.0,12.0,19.0,16.0,A Woolmer
26/12/2019,Cardiff,Millwall,1.0,1.0,D,5.0,8.0,0.0,0.0,5.0,3.0,12.0,8.0,13.0,7.0,D Webb
26/12/2019,Charlton,Bristol City,3.0,2.0,H,6.0,10.0,3.0,1.0,6.0,4.0,11.0,14.0,14.0,12.0,K Stroud
26/12/2019,Hull,Nott'm Forest,0.0,2.0,A,6.0,2.0,4.0,2.0,1.0,4.0,14.0,16.0,10.0,10.0,G Eltringham
26/12/2019,Leeds,Preston,1.0,1.0,D,12.0,4.0,3.0,4.0,4.0,2.0,11.0,22.0,17.0,12.0,D Bond
26/12/2019,Luton,Fulham,3.0,3.0,D,6.0,8.0,0.0,0.0,3.0,12.0,9.0,11.0,10.0,19.0,D Whitestone
26/12/2019,Middlesbrough,Huddersfield,1.0,0.0,H,5.0,4.0,3.0,4.0,3.0,3.0,12.0,7.0,14.0,8.0,D England
26/12/2019,Reading,QPR,1.0,0.0,H,7.0,6.0,1.0,0.0,4.0,4.0,11.0,15.0,13.0,16.0,J Linington
26/12/2019,Stoke,Sheffield Weds,3.0,2.0,H,8.0,2.0,0.0,2.0,8.0,3.0,6.0,25.0,17.0,4.0,J Brooks
26/12/2019,Wigan,Derby,1.0,1.0,D,10.0,2.0,1.0,3.0,4.0,3.0,12.0,22.0,11.0,7.0,J Gillett
29/12/2019,Birmingham,Leeds,4.0,5.0,A,7.0,9.0,5.0,3.0,4.0,5.0,10.0,11.0,15.0,11.0,K Stroud
29/12/2019,Bristol City,Luton,3.0,0.0,H,5.0,4.0,1.0,4.0,8.0,1.0,13.0,17.0,14.0,9.0,O Langford
29/12/2019,Fulham,Stoke,1.0,0.0,H,5.0,3.0,2.0,3.0,5.0,6.0,11.0,14.0,10.0,11.0,A Davies
29/12/2019,Huddersfield,Blackburn,2.0,1.0,H,7.0,3.0,2.0,1.0,4.0,3.0,15.0,13.0,17.0,10.0,A Woolmer
29/12/2019,Millwall,Brentford,1.0,0.0,H,4.0,5.0,3.0,1.0,2.0,2.0,9.0,8.0,8.0,6.0,R Jones
29/12/2019,Nott'm Forest,Wigan,1.0,0.0,H,2.0,13.0,0.0,2.0,2.0,4.0,15.0,14.0,9.0,14.0,M Donohue
29/12/2019,Preston,Reading,0.0,2.0,A,8.0,1.0,0.0,0.0,5.0,3.0,12.0,5.0,21.0,12.0,J Gillett
29/12/2019,QPR,Hull,1.0,2.0,A,7.0,0.0,0.0,2.0,4.0,3.0,10.0,15.0,13.0,5.0,G Ward
29/12/2019,Sheffield Weds,Cardiff,1.0,2.0,A,8.0,0.0,1.0,2.0,3.0,3.0,10.0,13.0,18.0,9.0,T Robinson
29/12/2019,Swansea,Barnsley,0.0,0.0,D,7.0,3.0,1.0,4.0,5.0,1.0,17.0,12.0,11.0,12.0,A Coggins
29/12/2019,West Brom,Middlesbrough,0.0,2.0,A,5.0,12.0,4.0,3.0,5.0,10.0,16.0,12.0,11.0,15.0,G Eltringham
30/12/2019,Derby,Charlton,2.0,1.0,H,5.0,2.0,1.0,5.0,7.0,5.0,5.0,21.0,12.0,11.0,J Simpson
01/01/2020,Birmingham,Wigan,2.0,3.0,A,3.0,11.0,0.0,2.0,5.0,7.0,17.0,13.0,13.0,10.0,D Webb
01/01/2020,Bristol City,Brentford,0.0,4.0,A,2.0,5.0,2.0,2.0,2.0,8.0,6.0,13.0,6.0,16.0,M Donohue
01/01/2020,Fulham,Reading,1.0,2.0,A,9.0,2.0,4.0,3.0,6.0,3.0,15.0,11.0,20.0,11.0,G Eltringham
01/01/2020,Huddersfield,Stoke,2.0,5.0,A,5.0,5.0,5.0,2.0,3.0,6.0,10.0,19.0,6.0,15.0,J Linington
01/01/2020,Millwall,Luton,3.0,1.0,H,5.0,1.0,0.0,0.0,7.0,4.0,10.0,13.0,20.0,6.0,S Martin
01/01/2020,Nott'm Forest,Blackburn,3.0,2.0,H,6.0,5.0,1.0,1.0,5.0,3.0,17.0,9.0,10.0,11.0,D Bond
01/01/2020,Preston,Middlesbrough,0.0,2.0,A,6.0,3.0,0.0,2.0,2.0,5.0,4.0,18.0,11.0,18.0,J Brooks
01/01/2020,QPR,Cardiff,6.0,1.0,H,4.0,10.0,2.0,1.0,7.0,2.0,9.0,10.0,14.0,12.0,D England
01/01/2020,Sheffield Weds,Hull,0.0,1.0,A,1.0,2.0,2.0,1.0,5.0,3.0,14.0,15.0,12.0,9.0,J Simpson
01/01/2020,West Brom,Leeds,1.0,1.0,D,8.0,9.0,2.0,3.0,6.0,2.0,18.0,13.0,13.0,10.0,R Jones
02/01/2020,Derby,Barnsley,2.0,1.0,H,5.0,6.0,1.0,0.0,4.0,4.0,8.0,11.0,15.0,14.0,D Whitestone
02/01/2020,Swansea,Charlton,1.0,0.0,H,7.0,5.0,1.0,3.0,3.0,5.0,8.0,9.0,14.0,7.0,P Bankes
11/01/2020,Barnsley,Huddersfield,2.0,1.0,H,4.0,4.0,2.0,5.0,2.0,2.0,13.0,22.0,7.0,10.0,S Hooper
11/01/2020,Blackburn,Preston,1.0,1.0,D,6.0,2.0,2.0,0.0,4.0,2.0,10.0,12.0,14.0,9.0,J Linington
11/01/2020,Brentford,QPR,3.0,1.0,H,8.0,0.0,0.0,5.0,6.0,2.0,8.0,17.0,14.0,4.0,J Brooks
11/01/2020,Charlton,West Brom,2.0,2.0,D,5.0,5.0,2.0,6.0,2.0,5.0,10.0,14.0,7.0,19.0,J Gillett
11/01/2020,Hull,Fulham,0.0,1.0,A,2.0,2.0,1.0,4.0,2.0,1.0,12.0,10.0,9.0,4.0,M Donohue
11/01/2020,Leeds,Sheffield Weds,0.0,2.0,A,7.0,5.0,1.0,2.0,5.0,2.0,8.0,16.0,14.0,10.0,O Langford
11/01/2020,Luton,Birmingham,1.0,2.0,A,5.0,5.0,1.0,3.0,2.0,7.0,7.0,20.0,9.0,10.0,G Scott
11/01/2020,Middlesbrough,Derby,2.0,2.0,D,5.0,2.0,1.0,2.0,5.0,3.0,11.0,13.0,15.0,7.0,T Robinson
11/01/2020,Reading,Nott'm Forest,1.0,1.0,D,10.0,9.0,4.0,2.0,3.0,3.0,10.0,19.0,17.0,13.0,D Whitestone
11/01/2020,Stoke,Millwall,0.0,0.0,D,6.0,3.0,1.0,1.0,2.0,3.0,9.0,10.0,9.0,5.0,J Simpson
11/01/2020,Wigan,Bristol City,0.0,2.0,A,5.0,6.0,1.0,1.0,7.0,3.0,9.0,10.0,17.0,6.0,S Martin
12/01/2020,Cardiff,Swansea,0.0,0.0,D,4.0,8.0,4.0,2.0,3.0,1.0,16.0,11.0,14.0,12.0,T Harrington
17/01/2020,Fulham,Middlesbrough,1.0,0.0,H,3.0,8.0,1.0,1.0,6.0,0.0,10.0,6.0,17.0,8.0,D Webb
18/01/2020,Birmingham,Cardiff,1.0,1.0,D,8.0,6.0,1.0,3.0,3.0,2.0,11.0,10.0,14.0,6.0,A Davies
18/01/2020,Bristol City,Barnsley,1.0,0.0,H,9.0,5.0,1.0,2.0,2.0,3.0,8.0,14.0,10.0,16.0,D Bond
18/01/2020,Derby,Hull,1.0,0.0,H,5.0,5.0,3.0,0.0,2.0,1.0,12.0,12.0,12.0,9.0,A Woolmer
18/01/2020,Huddersfield,Brentford,0.0,0.0,D,6.0,4.0,1.0,0.0,1.0,3.0,12.0,8.0,6.0,11.0,O Langford
18/01/2020,Millwall,Reading,2.0,0.0,H,10.0,1.0,1.0,3.0,8.0,0.0,12.0,9.0,22.0,8.0,K Stroud
18/01/2020,Preston,Charlton,2.0,1.0,H,3.0,4.0,1.0,0.0,8.0,2.0,7.0,6.0,14.0,6.0,D Whitestone
18/01/2020,QPR,Leeds,1.0,0.0,H,4.0,11.0,4.0,3.0,2.0,3.0,17.0,11.0,9.0,17.0,P Bankes
18/01/2020,Sheffield Weds,Blackburn,0.0,5.0,A,1.0,5.0,1.0,1.0,1.0,9.0,14.0,11.0,4.0,15.0,J Gillett
18/01/2020,Swansea,Wigan,2.0,1.0,H,6.0,5.0,0.0,1.0,3.0,2.0,8.0,14.0,13.0,12.0,J Linington
19/01/2020,Nott'm Forest,Luton,3.0,1.0,H,12.0,2.0,0.0,3.0,5.0,2.0,11.0,19.0,22.0,8.0,T Harrington
20/01/2020,West Brom,Stoke,0.0,1.0,A,7.0,1.0,1.0,3.0,2.0,2.0,10.0,18.0,16.0,4.0,T Robinson
21/01/2020,Barnsley,Preston,0.0,3.0,A,7.0,1.0,1.0,1.0,3.0,3.0,17.0,10.0,10.0,14.0,J Simpson
21/01/2020,Middlesbrough,Birmingham,1.0,1.0,D,7.0,5.0,0.0,1.0,2.0,4.0,10.0,11.0,16.0,11.0,A Woolmer
22/01/2020,Charlton,Fulham,0.0,0.0,D,6.0,6.0,1.0,1.0,1.0,4.0,7.0,13.0,4.0,11.0,S Martin
22/01/2020,Nott'm Forest,Reading,1.0,1.0,D,5.0,4.0,1.0,2.0,4.0,4.0,11.0,12.0,15.0,12.0,D Webb
25/01/2020,Stoke,Swansea,2.0,0.0,H,1.0,11.0,0.0,2.0,5.0,3.0,11.0,7.0,16.0,11.0,G Ward
28/01/2020,Blackburn,QPR,2.0,1.0,H,6.0,2.0,1.0,3.0,6.0,4.0,7.0,10.0,12.0,9.0,D Bond
28/01/2020,Brentford,Nott'm Forest,0.0,1.0,A,10.0,6.0,1.0,1.0,3.0,2.0,12.0,11.0,13.0,8.0,T Robinson
28/01/2020,Cardiff,West Brom,2.0,1.0,H,1.0,7.0,1.0,0.0,5.0,3.0,16.0,11.0,10.0,16.0,R Jones
28/01/2020,Hull,Huddersfield,1.0,2.0,A,8.0,7.0,0.0,1.0,5.0,4.0,8.0,10.0,20.0,14.0,S Martin
28/01/2020,Leeds,Millwall,3.0,2.0,H,7.0,3.0,2.0,1.0,11.0,5.0,12.0,10.0,28.0,11.0,D England
28/01/2020,Luton,Derby,3.0,2.0,H,10.0,3.0,1.0,4.0,5.0,4.0,7.0,18.0,8.0,15.0,A Davies
28/01/2020,Reading,Bristol City,0.0,1.0,A,10.0,3.0,1.0,3.0,5.0,3.0,9.0,10.0,16.0,11.0,J Linington
28/01/2020,Wigan,Sheffield Weds,2.0,1.0,H,7.0,3.0,0.0,0.0,5.0,4.0,8.0,15.0,17.0,9.0,D Webb
31/01/2020,Cardiff,Reading,1.0,1.0,D,8.0,5.0,3.0,2.0,4.0,2.0,17.0,13.0,18.0,8.0,S Hooper
31/01/2020,Derby,Stoke,4.0,0.0,H,1.0,7.0,2.0,2.0,5.0,1.0,15.0,16.0,10.0,7.0,R Jones
01/02/2020,Birmingham,Nott'm Forest,2.0,1.0,H,5.0,5.0,1.0,1.0,4.0,3.0,14.0,9.0,13.0,12.0,J Simpson
01/02/2020,Charlton,Barnsley,2.0,1.0,H,6.0,6.0,1.0,4.0,4.0,6.0,9.0,15.0,8.0,16.0,J Brooks
01/02/2020,Fulham,Huddersfield,3.0,2.0,H,2.0,6.0,4.0,1.0,3.0,8.0,12.0,10.0,10.0,12.0,G Ward
01/02/2020,Hull,Brentford,1.0,5.0,A,2.0,5.0,0.0,1.0,1.0,11.0,7.0,9.0,9.0,15.0,D Bond
01/02/2020,Leeds,Wigan,0.0,1.0,A,13.0,6.0,0.0,2.0,5.0,2.0,10.0,15.0,18.0,5.0,T Harrington
01/02/2020,Middlesbrough,Blackburn,1.0,1.0,D,6.0,2.0,0.0,2.0,6.0,2.0,12.0,12.0,18.0,7.0,M Donohue
01/02/2020,Preston,Swansea,1.0,1.0,D,3.0,3.0,1.0,3.0,2.0,3.0,15.0,15.0,10.0,11.0,G Eltringham
01/02/2020,QPR,Bristol City,0.0,1.0,A,10.0,5.0,0.0,0.0,1.0,5.0,11.0,12.0,18.0,11.0,D Whitestone
01/02/2020,Sheffield Weds,Millwall,0.0,0.0,D,6.0,2.0,4.0,3.0,2.0,2.0,20.0,13.0,15.0,7.0,D Coote
01/02/2020,West Brom,Luton,2.0,0.0,H,11.0,5.0,0.0,1.0,6.0,0.0,13.0,9.0,16.0,6.0,S Martin
07/02/2020,Bristol City,Birmingham,1.0,3.0,A,6.0,4.0,0.0,0.0,2.0,3.0,8.0,13.0,13.0,9.0,G Ward
08/02/2020,Barnsley,Sheffield Weds,1.0,1.0,D,6.0,6.0,1.0,2.0,4.0,2.0,7.0,19.0,12.0,6.0,T Robinson
08/02/2020,Blackburn,Fulham,0.0,1.0,A,4.0,6.0,0.0,1.0,1.0,4.0,8.0,14.0,4.0,11.0,T Harrington
08/02/2020,Brentford,Middlesbrough,3.0,2.0,H,7.0,4.0,0.0,1.0,5.0,5.0,11.0,12.0,14.0,10.0,P Bankes
08/02/2020,Huddersfield,QPR,2.0,0.0,H,4.0,3.0,0.0,3.0,7.0,2.0,15.0,15.0,16.0,8.0,D Webb
08/02/2020,Luton,Cardiff,0.0,1.0,A,4.0,7.0,0.0,1.0,2.0,2.0,9.0,14.0,10.0,15.0,J Linington
08/02/2020,Nott'm Forest,Leeds,2.0,0.0,H,3.0,8.0,3.0,3.0,6.0,1.0,11.0,14.0,14.0,13.0,O Langford
08/02/2020,Reading,Hull,1.0,1.0,D,3.0,4.0,1.0,3.0,5.0,7.0,8.0,12.0,19.0,14.0,A Davies
08/02/2020,Stoke,Charlton,3.0,1.0,H,8.0,4.0,0.0,5.0,6.0,2.0,22.0,15.0,13.0,5.0,J Gillett
08/02/2020,Swansea,Derby,2.0,3.0,A,3.0,2.0,1.0,4.0,7.0,4.0,7.0,16.0,16.0,8.0,M Donohue
08/02/2020,Wigan,Preston,1.0,2.0,A,11.0,8.0,1.0,3.0,4.0,4.0,13.0,10.0,12.0,15.0,D England
09/02/2020,Millwall,West Brom,0.0,2.0,A,4.0,9.0,2.0,2.0,3.0,6.0,11.0,14.0,7.0,29.0,G Ward
11/02/2020,Barnsley,Birmingham,0.0,1.0,A,3.0,5.0,1.0,1.0,4.0,2.0,8.0,8.0,9.0,11.0,D Whitestone
11/02/2020,Blackburn,Hull,3.0,0.0,H,7.0,3.0,1.0,2.0,11.0,0.0,9.0,11.0,26.0,10.0,J Simpson
11/02/2020,Brentford,Leeds,1.0,1.0,D,3.0,10.0,0.0,0.0,2.0,6.0,8.0,8.0,7.0,13.0,R Jones
11/02/2020,Nott'm Forest,Charlton,0.0,1.0,A,6.0,5.0,2.0,4.0,2.0,3.0,8.0,13.0,17.0,11.0,D Bond
11/02/2020,Swansea,QPR,0.0,0.0,D,4.0,3.0,1.0,2.0,0.0,4.0,17.0,12.0,8.0,16.0,A Woolmer
11/02/2020,Wigan,Middlesbrough,2.0,2.0,D,3.0,6.0,5.0,3.0,4.0,2.0,16.0,13.0,6.0,9.0,O Langford
12/02/2020,Bristol City,Derby,3.0,2.0,H,9.0,6.0,0.0,1.0,5.0,4.0,11.0,11.0,16.0,11.0,G Eltringham
12/02/2020,Huddersfield,Cardiff,0.0,3.0,A,5.0,6.0,1.0,2.0,4.0,6.0,9.0,10.0,19.0,11.0,D England
12/02/2020,Luton,Sheffield Weds,1.0,0.0,H,5.0,3.0,3.0,1.0,4.0,2.0,14.0,16.0,10.0,14.0,G Ward
12/02/2020,Millwall,Fulham,1.0,1.0,D,4.0,3.0,1.0,2.0,2.0,2.0,9.0,12.0,9.0,9.0,A Madley
12/02/2020,Reading,West Brom,1.0,2.0,A,8.0,4.0,2.0,2.0,1.0,7.0,13.0,15.0,11.0,26.0,M Donohue
12/02/2020,Stoke,Preston,0.0,2.0,A,7.0,4.0,3.0,2.0,5.0,3.0,11.0,14.0,14.0,4.0,J Brooks
14/02/2020,Hull,Swansea,4.0,4.0,D,3.0,8.0,0.0,3.0,4.0,6.0,10.0,10.0,11.0,20.0,D Webb
15/02/2020,Birmingham,Brentford,1.0,1.0,D,3.0,8.0,2.0,3.0,4.0,4.0,8.0,9.0,11.0,12.0,S Martin
15/02/2020,Cardiff,Wigan,2.0,2.0,D,9.0,8.0,3.0,3.0,5.0,4.0,18.0,12.0,15.0,11.0,J Jbrooks
15/02/2020,Charlton,Blackburn,0.0,2.0,A,4.0,4.0,0.0,3.0,7.0,5.0,15.0,12.0,9.0,14.0,A Davies
15/02/2020,Derby,Huddersfield,1.0,1.0,D,4.0,5.0,3.0,0.0,7.0,3.0,10.0,8.0,10.0,10.0,C Pawson
15/02/2020,Fulham,Barnsley,0.0,3.0,A,10.0,3.0,1.0,1.0,8.0,6.0,9.0,17.0,21.0,14.0,J Linington
15/02/2020,Leeds,Bristol City,1.0,0.0,H,12.0,0.0,2.0,2.0,6.0,1.0,13.0,14.0,21.0,3.0,T Robinson
15/02/2020,Middlesbrough,Luton,0.0,1.0,A,8.0,9.0,1.0,4.0,0.0,1.0,9.0,14.0,7.0,10.0,J Gillett
15/02/2020,Preston,Millwall,0.0,1.0,A,1.0,8.0,3.0,0.0,3.0,6.0,5.0,11.0,10.0,16.0,T Harrington
15/02/2020,QPR,Stoke,4.0,2.0,H,8.0,5.0,4.0,2.0,9.0,4.0,11.0,11.0,13.0,15.0,O Langford
15/02/2020,Sheffield Weds,Reading,0.0,3.0,A,5.0,3.0,0.0,2.0,3.0,5.0,21.0,12.0,10.0,9.0,A Woolmer
15/02/2020,West Brom,Nott'm Forest,2.0,2.0,D,8.0,0.0,1.0,3.0,9.0,1.0,8.0,11.0,18.0,8.0,K Stroud
21/02/2020,Derby,Fulham,1.0,1.0,D,11.0,4.0,0.0,1.0,7.0,5.0,12.0,11.0,14.0,17.0,D Bond
22/02/2020,Barnsley,Middlesbrough,1.0,0.0,H,6.0,2.0,2.0,0.0,4.0,0.0,8.0,7.0,18.0,5.0,G Eltringham
22/02/2020,Birmingham,Sheffield Weds,3.0,3.0,D,4.0,3.0,1.0,5.0,4.0,5.0,13.0,15.0,11.0,10.0,J Brooks
22/02/2020,Brentford,Blackburn,2.0,2.0,D,7.0,1.0,1.0,0.0,9.0,6.0,12.0,10.0,20.0,11.0,T Robinson
22/02/2020,Bristol City,West Brom,0.0,3.0,A,3.0,7.0,2.0,1.0,1.0,8.0,14.0,13.0,7.0,17.0,D England
22/02/2020,Charlton,Luton,3.0,1.0,H,6.0,5.0,2.0,1.0,3.0,2.0,10.0,8.0,12.0,9.0,A Marriner
22/02/2020,Leeds,Reading,1.0,0.0,H,6.0,3.0,1.0,2.0,5.0,2.0,12.0,10.0,18.0,8.0,J Gillett
22/02/2020,Nott'm Forest,QPR,0.0,0.0,D,10.0,2.0,1.0,3.0,2.0,3.0,11.0,17.0,12.0,6.0,R Jones
22/02/2020,Preston,Hull,2.0,1.0,H,2.0,6.0,1.0,3.0,4.0,3.0,8.0,14.0,12.0,7.0,S Martin
22/02/2020,Stoke,Cardiff,2.0,0.0,H,4.0,7.0,1.0,1.0,5.0,2.0,10.0,7.0,10.0,10.0,D Whitestone
22/02/2020,Swansea,Huddersfield,3.0,1.0,H,5.0,5.0,1.0,1.0,6.0,4.0,11.0,12.0,15.0,7.0,A Davies
22/02/2020,Wigan,Millwall,1.0,0.0,H,6.0,5.0,1.0,3.0,2.0,1.0,10.0,14.0,16.0,11.0,J Simpson
25/02/2020,Cardiff,Nott'm Forest,0.0,1.0,A,4.0,5.0,1.0,2.0,4.0,4.0,14.0,14.0,18.0,17.0,S Martin
25/02/2020,Huddersfield,Bristol City,2.0,1.0,H,2.0,2.0,2.0,4.0,6.0,3.0,7.0,12.0,20.0,8.0,R Jones
25/02/2020,Luton,Brentford,2.0,1.0,H,2.0,11.0,2.0,1.0,3.0,7.0,14.0,9.0,10.0,19.0,D England
25/02/2020,QPR,Derby,2.0,1.0,H,4.0,9.0,3.0,1.0,6.0,4.0,12.0,9.0,15.0,15.0,K Stroud
25/02/2020,West Brom,Preston,2.0,0.0,H,7.0,2.0,0.0,0.0,9.0,0.0,8.0,11.0,21.0,5.0,K Friend
26/02/2020,Blackburn,Stoke,0.0,0.0,D,4.0,3.0,2.0,2.0,6.0,2.0,10.0,17.0,16.0,11.0,D Bond
26/02/2020,Fulham,Swansea,1.0,0.0,H,11.0,4.0,0.0,4.0,6.0,2.0,6.0,13.0,15.0,6.0,T Robinson
26/02/2020,Hull,Barnsley,0.0,1.0,A,4.0,9.0,1.0,1.0,3.0,6.0,11.0,12.0,12.0,22.0,D Coote
26/02/2020,Middlesbrough,Leeds,0.0,1.0,A,3.0,6.0,3.0,0.0,2.0,8.0,14.0,11.0,14.0,12.0,G Ward
26/02/2020,Millwall,Birmingham,0.0,0.0,D,14.0,2.0,1.0,0.0,3.0,0.0,7.0,13.0,12.0,8.0,D Webb
26/02/2020,Reading,Wigan,0.0,3.0,A,5.0,8.0,3.0,1.0,4.0,10.0,12.0,12.0,10.0,17.0,G Eltringham
26/02/2020,Sheffield Weds,Charlton,1.0,0.0,H,12.0,3.0,2.0,3.0,8.0,1.0,17.0,18.0,24.0,6.0,O Langford
29/02/2020,Blackburn,Swansea,2.0,2.0,D,2.0,1.0,3.0,5.0,5.0,3.0,17.0,13.0,16.0,9.0,P Bankes
29/02/2020,Cardiff,Brentford,2.0,2.0,D,2.0,7.0,4.0,1.0,6.0,5.0,14.0,6.0,11.0,10.0,S Hooper
29/02/2020,Fulham,Preston,2.0,0.0,H,7.0,3.0,0.0,0.0,4.0,2.0,11.0,6.0,15.0,8.0,D Webb
29/02/2020,Huddersfield,Charlton,4.0,0.0,H,5.0,4.0,1.0,2.0,8.0,2.0,15.0,13.0,20.0,10.0,G Eltringham
29/02/2020,Hull,Leeds,0.0,4.0,A,5.0,11.0,2.0,1.0,2.0,8.0,13.0,13.0,8.0,17.0,K Stroud
29/02/2020,Luton,Stoke,1.0,1.0,D,4.0,6.0,1.0,1.0,3.0,4.0,11.0,9.0,9.0,9.0,A Woolmer
29/02/2020,Millwall,Bristol City,1.0,1.0,D,5.0,7.0,1.0,0.0,4.0,1.0,14.0,16.0,12.0,3.0,A Davies
29/02/2020,QPR,Birmingham,2.0,2.0,D,6.0,3.0,0.0,0.0,6.0,4.0,6.0,15.0,14.0,13.0,J Linington
29/02/2020,Reading,Barnsley,2.0,0.0,H,2.0,4.0,1.0,3.0,4.0,6.0,11.0,15.0,7.0,23.0,J Simpson
29/02/2020,Sheffield Weds,Derby,1.0,3.0,A,9.0,3.0,2.0,1.0,4.0,5.0,14.0,8.0,15.0,13.0,D Whitestone
29/02/2020,West Brom,Wigan,0.0,1.0,A,6.0,7.0,2.0,1.0,3.0,5.0,10.0,6.0,9.0,13.0,T Harrington
02/03/2020,Middlesbrough,Nott'm Forest,2.0,2.0,D,4.0,11.0,1.0,1.0,4.0,2.0,13.0,11.0,14.0,16.0,D England
06/03/2020,Nott'm Forest,Millwall,0.0,3.0,A,9.0,5.0,1.0,1.0,4.0,4.0,7.0,7.0,18.0,13.0,G Eltringham
07/03/2020,Barnsley,Cardiff,0.0,2.0,A,3.0,8.0,0.0,0.0,0.0,7.0,10.0,16.0,6.0,13.0,J Linington
07/03/2020,Birmingham,Reading,1.0,3.0,A,4.0,2.0,2.0,1.0,4.0,4.0,14.0,7.0,18.0,9.0,A Davies
07/03/2020,Brentford,Sheffield Weds,5.0,0.0,H,4.0,7.0,0.0,2.0,6.0,3.0,8.0,11.0,12.0,8.0,K Stroud
07/03/2020,Bristol City,Fulham,1.0,1.0,D,3.0,7.0,2.0,2.0,8.0,5.0,8.0,13.0,14.0,19.0,D Coote
07/03/2020,Charlton,Middlesbrough,0.0,1.0,A,3.0,9.0,2.0,1.0,3.0,4.0,9.0,10.0,13.0,23.0,S Martin
07/03/2020,Leeds,Huddersfield,2.0,0.0,H,2.0,3.0,3.0,3.0,5.0,2.0,13.0,18.0,16.0,6.0,O Langford
07/03/2020,Preston,QPR,1.0,3.0,A,5.0,2.0,2.0,1.0,2.0,3.0,16.0,12.0,10.0,10.0,D Whitestone
07/03/2020,Stoke,Hull,5.0,1.0,H,4.0,3.0,0.0,2.0,7.0,1.0,8.0,17.0,16.0,5.0,T Robinson
07/03/2020,Swansea,West Brom,0.0,0.0,D,3.0,4.0,1.0,2.0,2.0,1.0,9.0,18.0,9.0,10.0,R Jones
07/03/2020,Wigan,Luton,0.0,0.0,D,6.0,3.0,1.0,2.0,2.0,1.0,11.0,13.0,12.0,3.0,G Ward
08/03/2020,Derby,Blackburn,3.0,0.0,H,3.0,6.0,2.0,3.0,11.0,3.0,12.0,14.0,16.0,11.0,J Brooks
20/06/2020,Blackburn,Bristol City,3.0,1.0,H,2.0,1.0,2.0,2.0,4.0,1.0,14.0,21.0,9.0,7.0,O Langford
20/06/2020,Fulham,Brentford,0.0,2.0,A,2.0,5.0,1.0,1.0,4.0,5.0,11.0,12.0,9.0,13.0,J Linington
20/06/2020,Huddersfield,Wigan,0.0,2.0,A,3.0,2.0,2.0,1.0,1.0,5.0,16.0,17.0,9.0,9.0,J Gillett
20/06/2020,Hull,Charlton,0.0,1.0,A,9.0,3.0,1.0,0.0,3.0,2.0,13.0,20.0,12.0,10.0,J Brooks
20/06/2020,Luton,Preston,1.0,1.0,D,5.0,7.0,1.0,0.0,1.0,4.0,9.0,7.0,5.0,12.0,J Brooks
20/06/2020,Middlesbrough,Swansea,0.0,3.0,A,10.0,0.0,2.0,1.0,1.0,3.0,15.0,13.0,17.0,13.0,T Harrington
20/06/2020,Millwall,Derby,2.0,3.0,A,6.0,3.0,0.0,2.0,4.0,5.0,10.0,8.0,12.0,12.0,S Martin
20/06/2020,QPR,Barnsley,0.0,1.0,A,2.0,6.0,0.0,1.0,2.0,2.0,11.0,18.0,8.0,10.0,A Davies
20/06/2020,Reading,Stoke,1.0,1.0,D,4.0,5.0,0.0,1.0,3.0,3.0,11.0,13.0,7.0,10.0,M Salisbury
20/06/2020,Sheffield Weds,Nott'm Forest,1.0,1.0,D,7.0,4.0,3.0,3.0,3.0,3.0,17.0,15.0,13.0,10.0,R Jones
20/06/2020,West Brom,Birmingham,0.0,0.0,D,12.0,3.0,1.0,3.0,2.0,2.0,11.0,11.0,20.0,7.0,D Bond
21/06/2020,Cardiff,Leeds,2.0,0.0,H,2.0,10.0,2.0,4.0,2.0,3.0,17.0,12.0,7.0,13.0,A Woolmer
26/06/2020,Brentford,West Brom,1.0,0.0,H,3.0,2.0,2.0,1.0,2.0,2.0,18.0,14.0,9.0,12.0,K Stroud
27/06/2020,Barnsley,Millwall,0.0,0.0,D,4.0,8.0,2.0,2.0,5.0,1.0,12.0,16.0,9.0,9.0,J Simpson
27/06/2020,Birmingham,Hull,3.0,3.0,D,4.0,5.0,3.0,0.0,4.0,3.0,12.0,10.0,14.0,12.0,D Whitestone
27/06/2020,Charlton,QPR,1.0,0.0,H,10.0,1.0,1.0,0.0,5.0,1.0,11.0,11.0,12.0,6.0,T Robinson
27/06/2020,Derby,Reading,2.0,1.0,H,4.0,8.0,2.0,0.0,6.0,4.0,13.0,12.0,13.0,12.0,S Duncan
27/06/2020,Leeds,Fulham,3.0,0.0,H,4.0,4.0,2.0,2.0,5.0,5.0,16.0,15.0,10.0,12.0,T Harrington
27/06/2020,Preston,Cardiff,1.0,3.0,A,3.0,5.0,1.0,2.0,3.0,6.0,11.0,10.0,14.0,13.0,O Langford
27/06/2020,Stoke,Middlesbrough,0.0,2.0,A,7.0,7.0,0.0,1.0,6.0,3.0,16.0,16.0,22.0,8.0,M Donohue
27/06/2020,Swansea,Luton,0.0,1.0,A,6.0,2.0,2.0,3.0,3.0,2.0,12.0,19.0,10.0,7.0,A Woolmer
27/06/2020,Wigan,Blackburn,2.0,0.0,H,3.0,6.0,1.0,0.0,3.0,3.0,13.0,14.0,13.0,12.0,D England
28/06/2020,Bristol City,Sheffield Weds,1.0,2.0,A,3.0,9.0,1.0,2.0,3.0,4.0,13.0,17.0,7.0,12.0,J Brooks
28/06/2020,Nott'm Forest,Huddersfield,3.0,1.0,H,3.0,11.0,3.0,0.0,6.0,4.0,14.0,10.0,14.0,14.0,D Webb
30/06/2020,Barnsley,Blackburn,2.0,0.0,H,3.0,3.0,1.0,2.0,5.0,5.0,12.0,12.0,12.0,10.0,T Harrington
30/06/2020,Cardiff,Charlton,0.0,0.0,D,3.0,3.0,1.0,1.0,1.0,0.0,10.0,8.0,8.0,4.0,S Martin
30/06/2020,Leeds,Luton,1.0,1.0,D,15.0,1.0,0.0,5.0,9.0,2.0,9.0,10.0,23.0,3.0,J Brooks
30/06/2020,Millwall,Swansea,1.0,1.0,D,12.0,5.0,2.0,1.0,2.0,4.0,15.0,8.0,16.0,9.0,J Linington
30/06/2020,QPR,Fulham,1.0,2.0,A,6.0,6.0,2.0,3.0,2.0,5.0,8.0,10.0,11.0,14.0,G Ward
30/06/2020,Reading,Brentford,0.0,3.0,A,3.0,6.0,0.0,1.0,1.0,9.0,10.0,11.0,5.0,19.0,D Whitestone
30/06/2020,Wigan,Stoke,3.0,0.0,H,6.0,4.0,1.0,3.0,7.0,1.0,11.0,13.0,16.0,7.0,J Simpson
01/07/2020,Birmingham,Huddersfield,0.0,3.0,A,4.0,4.0,0.0,1.0,2.0,6.0,17.0,20.0,10.0,12.0,R Jones
01/07/2020,Nott'm Forest,Bristol City,1.0,0.0,H,3.0,8.0,0.0,2.0,3.0,2.0,12.0,11.0,11.0,8.0,D Bond
01/07/2020,Preston,Derby,0.0,1.0,A,7.0,5.0,0.0,0.0,1.0,3.0,10.0,11.0,9.0,8.0,J Gillett
01/07/2020,Sheffield Weds,West Brom,0.0,3.0,A,11.0,4.0,0.0,4.0,2.0,4.0,8.0,13.0,14.0,9.0,D Webb
02/07/2020,Hull,Middlesbrough,2.0,1.0,H,0.0,5.0,1.0,1.0,3.0,3.0,18.0,21.0,8.0,14.0,G Eltringham
03/07/2020,Charlton,Millwall,0.0,1.0,A,4.0,9.0,3.0,3.0,3.0,4.0,13.0,14.0,14.0,12.0,D Whitestone
04/07/2020,Blackburn,Leeds,1.0,3.0,A,0.0,4.0,1.0,2.0,3.0,5.0,18.0,12.0,11.0,17.0,R Jones
04/07/2020,Brentford,Wigan,3.0,0.0,H,9.0,2.0,0.0,1.0,6.0,0.0,9.0,14.0,18.0,3.0,M Donohue
04/07/2020,Bristol City,Cardiff,0.0,1.0,A,5.0,6.0,1.0,0.0,2.0,3.0,9.0,12.0,11.0,13.0,T Robinson
04/07/2020,Derby,Nott'm Forest,1.0,1.0,D,3.0,4.0,1.0,3.0,3.0,4.0,12.0,7.0,10.0,10.0,D England
04/07/2020,Fulham,Birmingham,1.0,0.0,H,9.0,4.0,2.0,4.0,5.0,2.0,9.0,18.0,15.0,6.0,K Stroud
04/07/2020,Huddersfield,Preston,0.0,0.0,D,2.0,7.0,0.0,0.0,1.0,0.0,9.0,14.0,2.0,9.0,D Bond
04/07/2020,Luton,Reading,0.0,5.0,A,4.0,3.0,0.0,1.0,1.0,10.0,11.0,13.0,5.0,16.0,J Linington
04/07/2020,Stoke,Barnsley,4.0,0.0,H,6.0,3.0,2.0,0.0,7.0,3.0,12.0,15.0,14.0,5.0,A Woolmer
05/07/2020,Middlesbrough,QPR,0.0,1.0,A,9.0,7.0,3.0,0.0,4.0,5.0,14.0,14.0,15.0,10.0,S Duncan
05/07/2020,Swansea,Sheffield Weds,2.0,1.0,H,5.0,8.0,2.0,1.0,4.0,3.0,12.0,20.0,7.0,10.0,S Martin
05/07/2020,West Brom,Hull,4.0,2.0,H,11.0,7.0,1.0,1.0,10.0,4.0,16.0,16.0,22.0,15.0,O Langford
07/07/2020,Brentford,Charlton,2.0,1.0,H,7.0,1.0,1.0,1.0,8.0,2.0,10.0,9.0,21.0,6.0,J Brooks
07/07/2020,Cardiff,Blackburn,2.0,3.0,A,2.0,5.0,0.0,1.0,4.0,4.0,14.0,12.0,12.0,14.0,M Donohue
07/07/2020,Luton,Barnsley,1.0,1.0,D,3.0,11.0,4.0,2.0,5.0,7.0,12.0,14.0,10.0,21.0,D Whitestone
07/07/2020,Nott'm Forest,Fulham,0.0,1.0,A,8.0,6.0,2.0,2.0,4.0,2.0,16.0,12.0,10.0,9.0,R Jones
07/07/2020,Reading,Huddersfield,0.0,0.0,D,4.0,2.0,1.0,2.0,2.0,3.0,14.0,10.0,7.0,11.0,S Martin
08/07/2020,Birmingham,Swansea,1.0,3.0,A,9.0,4.0,2.0,3.0,5.0,4.0,16.0,6.0,20.0,10.0,J Gillett
08/07/2020,Bristol City,Hull,2.0,1.0,H,3.0,6.0,0.0,3.0,5.0,4.0,10.0,20.0,9.0,18.0,G Ward
08/07/2020,Millwall,Middlesbrough,0.0,2.0,A,8.0,2.0,1.0,3.0,4.0,3.0,11.0,12.0,10.0,7.0,T Robinson
08/07/2020,Sheffield Weds,Preston,1.0,3.0,A,7.0,2.0,2.0,0.0,2.0,5.0,15.0,13.0,13.0,14.0,T Harrington
08/07/2020,West Brom,Derby,2.0,0.0,H,8.0,0.0,0.0,4.0,7.0,0.0,11.0,14.0,18.0,4.0,J Simpson
08/07/2020,Wigan,QPR,1.0,0.0,H,9.0,2.0,1.0,0.0,6.0,2.0,12.0,9.0,16.0,6.0,G Eltringham
09/07/2020,Leeds,Stoke,5.0,0.0,H,7.0,3.0,2.0,2.0,11.0,0.0,8.0,8.0,19.0,5.0,D Bond
10/07/2020,Fulham,Cardiff,2.0,0.0,H,3.0,3.0,3.0,1.0,7.0,1.0,18.0,13.0,14.0,13.0,G Ward
10/07/2020,Huddersfield,Luton,0.0,2.0,A,6.0,2.0,2.0,1.0,2.0,2.0,19.0,11.0,11.0,6.0,G Eltringham
11/07/2020,Barnsley,Wigan,0.0,0.0,D,5.0,3.0,2.0,3.0,5.0,0.0,13.0,15.0,13.0,6.0,D Robinson
11/07/2020,Blackburn,West Brom,1.0,1.0,D,3.0,7.0,2.0,2.0,4.0,8.0,14.0,12.0,7.0,18.0,J Gillett
11/07/2020,Charlton,Reading,0.0,1.0,A,8.0,1.0,4.0,3.0,2.0,2.0,18.0,22.0,15.0,4.0,D Bond
11/07/2020,Derby,Brentford,1.0,3.0,A,6.0,3.0,0.0,1.0,3.0,6.0,9.0,9.0,9.0,17.0,T Robinson
11/07/2020,Hull,Millwall,0.0,1.0,A,2.0,4.0,2.0,0.0,5.0,2.0,20.0,9.0,12.0,10.0,M Donohue
11/07/2020,Middlesbrough,Bristol City,1.0,3.0,A,9.0,7.0,1.0,0.0,4.0,6.0,11.0,9.0,14.0,12.0,D England
11/07/2020,Preston,Nott'm Forest,1.0,1.0,D,11.0,2.0,2.0,0.0,2.0,1.0,18.0,6.0,15.0,8.0,J Simpson
11/07/2020,QPR,Sheffield Weds,0.0,3.0,A,7.0,4.0,1.0,2.0,1.0,6.0,12.0,12.0,7.0,14.0,O Langford
12/07/2020,Stoke,Birmingham,2.0,0.0,H,8.0,7.0,1.0,4.0,5.0,1.0,12.0,11.0,15.0,7.0,S Duncan
12/07/2020,Swansea,Leeds,0.0,1.0,A,6.0,7.0,2.0,3.0,3.0,4.0,12.0,19.0,6.0,12.0,K Stroud
14/07/2020,Cardiff,Derby,2.0,1.0,H,3.0,2.0,1.0,0.0,8.0,2.0,8.0,9.0,14.0,8.0,D Bond
14/07/2020,Luton,QPR,1.0,1.0,D,6.0,4.0,1.0,0.0,3.0,5.0,9.0,15.0,11.0,11.0,S Martin
14/07/2020,Millwall,Blackburn,1.0,0.0,H,7.0,4.0,2.0,2.0,4.0,2.0,13.0,9.0,11.0,10.0,J Brooks
14/07/2020,Reading,Middlesbrough,1.0,2.0,A,5.0,5.0,2.0,0.0,1.0,6.0,11.0,17.0,10.0,13.0,A Woolmer
14/07/2020,Sheffield Weds,Huddersfield,0.0,0.0,D,6.0,5.0,1.0,1.0,4.0,1.0,13.0,16.0,13.0,12.0,D Whitestone
14/07/2020,West Brom,Fulham,0.0,0.0,D,8.0,7.0,3.0,0.0,3.0,2.0,12.0,12.0,12.0,6.0,G Eltringham
14/07/2020,Wigan,Hull,8.0,0.0,H,4.0,3.0,0.0,2.0,9.0,4.0,11.0,16.0,14.0,10.0,T Harrington
15/07/2020,Birmingham,Charlton,1.0,1.0,D,5.0,1.0,3.0,1.0,7.0,3.0,16.0,10.0,23.0,7.0,D Webb
15/07/2020,Brentford,Preston,1.0,0.0,H,4.0,6.0,2.0,1.0,3.0,4.0,15.0,11.0,14.0,8.0,D England
15/07/2020,Bristol City,Stoke,1.0,1.0,D,4.0,2.0,1.0,0.0,1.0,3.0,10.0,9.0,8.0,10.0,J Linington
15/07/2020,Nott'm Forest,Swansea,2.0,2.0,D,5.0,3.0,4.0,2.0,2.0,2.0,15.0,10.0,8.0,6.0,O Langford
16/07/2020,Leeds,Barnsley,1.0,0.0,H,7.0,7.0,1.0,1.0,3.0,3.0,9.0,15.0,7.0,12.0,J Gillett
17/07/2020,Huddersfield,West Brom,2.0,1.0,H,2.0,7.0,4.0,6.0,4.0,4.0,19.0,17.0,7.0,13.0,J Brooks
18/07/2020,Blackburn,Reading,4.0,3.0,H,5.0,4.0,1.0,0.0,5.0,3.0,15.0,13.0,17.0,13.0,T Robinson
18/07/2020,Charlton,Wigan,2.0,2.0,D,8.0,0.0,1.0,3.0,4.0,6.0,13.0,19.0,15.0,16.0,G Ward
18/07/2020,Fulham,Sheffield Weds,5.0,3.0,H,4.0,8.0,1.0,0.0,8.0,6.0,12.0,14.0,12.0,14.0,D England
18/07/2020,Hull,Luton,0.0,1.0,A,3.0,6.0,1.0,2.0,2.0,4.0,25.0,11.0,8.0,16.0,R Jones
18/07/2020,Middlesbrough,Cardiff,1.0,3.0,A,8.0,5.0,2.0,2.0,5.0,4.0,13.0,11.0,12.0,13.0,J Simpson
18/07/2020,Preston,Birmingham,2.0,0.0,H,5.0,7.0,2.0,2.0,7.0,2.0,11.0,10.0,14.0,12.0,S Martin
18/07/2020,QPR,Millwall,4.0,3.0,H,7.0,9.0,0.0,1.0,11.0,7.0,11.0,9.0,22.0,14.0,J Linington
18/07/2020,Stoke,Brentford,1.0,0.0,H,0.0,4.0,2.0,0.0,2.0,3.0,14.0,6.0,6.0,14.0,G Eltringham
18/07/2020,Swansea,Bristol City,1.0,0.0,H,2.0,8.0,0.0,0.0,7.0,1.0,8.0,11.0,17.0,14.0,D Bond
19/07/2020,Barnsley,Nott'm Forest,1.0,0.0,H,9.0,1.0,0.0,1.0,6.0,2.0,9.0,11.0,20.0,10.0,S Duncan
19/07/2020,Derby,Leeds,1.0,3.0,A,4.0,5.0,1.0,0.0,2.0,8.0,8.0,10.0,10.0,23.0,O Langford
22/07/2020,Birmingham,Derby,1.0,3.0,A,4.0,4.0,0.0,0.0,4.0,5.0,14.0,5.0,13.0,7.0,T Robinson
22/07/2020,Brentford,Barnsley,1.0,2.0,A,3.0,3.0,3.0,3.0,3.0,3.0,11.0,17.0,12.0,11.0,R Jones
22/07/2020,Bristol City,Preston,1.0,1.0,D,4.0,7.0,0.0,0.0,6.0,6.0,10.0,11.0,13.0,22.0,A Woolmer
22/07/2020,Cardiff,Hull,3.0,0.0,H,4.0,5.0,0.0,0.0,7.0,2.0,16.0,16.0,14.0,8.0,J Linington
22/07/2020,Leeds,Charlton,4.0,0.0,H,10.0,4.0,1.0,0.0,8.0,4.0,14.0,10.0,21.0,10.0,G Eltringham
22/07/2020,Luton,Blackburn,3.0,2.0,H,2.0,6.0,4.0,1.0,1.0,4.0,10.0,12.0,8.0,14.0,D Bond
22/07/2020,Millwall,Huddersfield,4.0,1.0,H,9.0,2.0,1.0,0.0,9.0,2.0,14.0,14.0,15.0,7.0,K Stroud
22/07/2020,Nott'm Forest,Stoke,1.0,4.0,A,6.0,4.0,0.0,1.0,5.0,4.0,9.0,13.0,16.0,10.0,G Ward
22/07/2020,Reading,Swansea,1.0,4.0,A,4.0,8.0,1.0,0.0,6.0,8.0,17.0,10.0,19.0,20.0,S Martin
22/07/2020,Sheffield Weds,Middlesbrough,1.0,2.0,A,10.0,2.0,0.0,0.0,4.0,4.0,11.0,11.0,18.0,10.0,J Gillett
22/07/2020,West Brom,QPR,2.0,2.0,D,5.0,3.0,0.0,0.0,6.0,3.0,13.0,9.0,16.0,7.0,D England
22/07/2020,Wigan,Fulham,1.0,1.0,D,5.0,4.0,3.0,4.0,7.0,4.0,14.0,11.0,13.0,19.0,J Brooks
11/09/2020,Watford,Middlesbrough,1.0,0.0,H,6.0,6.0,1.0,0.0,2.0,4.0,13.0,14.0,10.0,11.0,K Stroud
12/09/2020,Barnsley,Luton,0.0,1.0,A,5.0,6.0,1.0,3.0,1.0,1.0,14.0,10.0,10.0,3.0,Jj Gillett
12/09/2020,Birmingham,Brentford,1.0,0.0,H,6.0,3.0,4.0,1.0,3.0,4.0,16.0,11.0,11.0,16.0,T Harrington
12/09/2020,Bournemouth,Blackburn,3.0,2.0,H,5.0,2.0,2.0,0.0,5.0,2.0,12.0,16.0,12.0,15.0,G Ward
12/09/2020,Bristol City,Coventry,2.0,1.0,H,5.0,7.0,2.0,1.0,6.0,4.0,10.0,12.0,11.0,16.0,J Brooks
12/09/2020,Cardiff,Sheffield Weds,0.0,2.0,A,4.0,6.0,0.0,1.0,2.0,4.0,10.0,19.0,7.0,8.0,A Madley
12/09/2020,Derby,Reading,0.0,2.0,A,6.0,2.0,3.0,2.0,2.0,3.0,15.0,7.0,9.0,8.0,D Bond
12/09/2020,Huddersfield,Norwich,0.0,1.0,A,3.0,7.0,1.0,3.0,1.0,5.0,19.0,15.0,7.0,16.0,G Eltringham
12/09/2020,Millwall,Stoke,0.0,0.0,D,2.0,8.0,1.0,1.0,1.0,4.0,15.0,13.0,9.0,13.0,J Simpson
12/09/2020,Preston,Swansea,0.0,1.0,A,2.0,3.0,0.0,0.0,4.0,1.0,16.0,11.0,11.0,6.0,R Jones
12/09/2020,QPR,Nott'm Forest,2.0,0.0,H,4.0,2.0,1.0,2.0,3.0,0.0,13.0,11.0,9.0,6.0,T Robinson
12/09/2020,Wycombe,Rotherham,0.0,1.0,A,3.0,4.0,1.0,1.0,4.0,2.0,12.0,19.0,10.0,12.0,J Linington
18/09/2020,Coventry,QPR,3.0,2.0,H,7.0,4.0,1.0,2.0,5.0,4.0,10.0,11.0,12.0,7.0,S Martin
19/09/2020,Blackburn,Wycombe,5.0,0.0,H,12.0,2.0,0.0,1.0,16.0,1.0,17.0,13.0,23.0,9.0,P Bankes
19/09/2020,Brentford,Huddersfield,3.0,0.0,H,6.0,3.0,1.0,0.0,6.0,4.0,13.0,9.0,23.0,10.0,C Pawson
19/09/2020,Luton,Derby,2.0,1.0,H,4.0,5.0,2.0,0.0,3.0,3.0,15.0,13.0,9.0,14.0,D Whitestone
19/09/2020,Middlesbrough,Bournemouth,1.0,1.0,D,7.0,7.0,1.0,2.0,7.0,4.0,12.0,20.0,18.0,9.0,M Donohue
19/09/2020,Norwich,Preston,2.0,2.0,D,4.0,9.0,1.0,2.0,6.0,6.0,6.0,13.0,14.0,16.0,J Brooks
19/09/2020,Nott'm Forest,Cardiff,0.0,2.0,A,9.0,2.0,0.0,0.0,3.0,4.0,8.0,12.0,13.0,9.0,J Linington
19/09/2020,Reading,Barnsley,2.0,0.0,H,6.0,5.0,1.0,2.0,5.0,2.0,11.0,20.0,6.0,9.0,T Robinson
19/09/2020,Rotherham,Millwall,0.0,1.0,A,8.0,3.0,1.0,2.0,1.0,2.0,14.0,11.0,14.0,8.0,L Doughty
19/09/2020,Sheffield Weds,Watford,0.0,0.0,D,2.0,8.0,2.0,2.0,1.0,3.0,17.0,22.0,8.0,6.0,J Gillett
19/09/2020,Swansea,Birmingham,0.0,0.0,D,5.0,8.0,0.0,1.0,5.0,3.0,10.0,13.0,8.0,10.0,G Ward
20/09/2020,Stoke,Bristol City,0.0,2.0,A,7.0,4.0,1.0,1.0,0.0,4.0,14.0,9.0,8.0,10.0,O Langford
25/09/2020,Huddersfield,Nott'm Forest,1.0,0.0,H,3.0,4.0,2.0,4.0,7.0,4.0,12.0,19.0,15.0,14.0,O Langford
26/09/2020,Barnsley,Coventry,0.0,0.0,D,5.0,7.0,3.0,2.0,2.0,0.0,11.0,17.0,13.0,10.0,J Smith
26/09/2020,Birmingham,Rotherham,1.0,1.0,D,5.0,6.0,1.0,1.0,5.0,3.0,17.0,17.0,13.0,9.0,A Madley
26/09/2020,Cardiff,Reading,1.0,2.0,A,6.0,3.0,2.0,1.0,5.0,5.0,15.0,9.0,12.0,6.0,D Webb
26/09/2020,Derby,Blackburn,0.0,4.0,A,9.0,4.0,2.0,3.0,5.0,10.0,14.0,11.0,15.0,23.0,A Woolmer
26/09/2020,Millwall,Brentford,1.0,1.0,D,3.0,5.0,3.0,1.0,3.0,1.0,11.0,9.0,9.0,8.0,D Coote
26/09/2020,Preston,Stoke,0.0,1.0,A,7.0,7.0,1.0,3.0,4.0,4.0,14.0,16.0,14.0,15.0,M Donohue
26/09/2020,QPR,Middlesbrough,1.0,1.0,D,7.0,5.0,0.0,1.0,7.0,2.0,11.0,12.0,14.0,7.0,D Whitestone
26/09/2020,Watford,Luton,1.0,0.0,H,11.0,1.0,0.0,2.0,5.0,0.0,12.0,15.0,14.0,4.0,J Brooks
26/09/2020,Wycombe,Swansea,0.0,2.0,A,5.0,7.0,2.0,0.0,2.0,6.0,9.0,8.0,8.0,17.0,G Eltringham
27/09/2020,Bournemouth,Norwich,1.0,0.0,H,3.0,8.0,1.0,1.0,5.0,5.0,8.0,13.0,13.0,14.0,J Linington
27/09/2020,Bristol City,Sheffield Weds,2.0,0.0,H,6.0,2.0,2.0,1.0,3.0,2.0,12.0,19.0,16.0,7.0,T Harrington
02/10/2020,Coventry,Bournemouth,1.0,3.0,A,1.0,6.0,1.0,3.0,2.0,10.0,10.0,13.0,5.0,19.0,J Gillett
03/10/2020,Blackburn,Cardiff,0.0,0.0,D,5.0,6.0,1.0,2.0,6.0,5.0,13.0,15.0,16.0,16.0,D Bond
03/10/2020,Luton,Wycombe,2.0,0.0,H,7.0,4.0,1.0,1.0,7.0,1.0,10.0,18.0,16.0,5.0,G Scott
03/10/2020,Middlesbrough,Barnsley,2.0,1.0,H,4.0,3.0,6.0,2.0,6.0,1.0,17.0,11.0,13.0,13.0,O Langford
03/10/2020,Norwich,Derby,0.0,1.0,A,7.0,2.0,3.0,2.0,5.0,3.0,13.0,6.0,13.0,9.0,S Attwell
03/10/2020,Nott'm Forest,Bristol City,1.0,2.0,A,11.0,5.0,0.0,2.0,6.0,5.0,13.0,9.0,21.0,7.0,K Stroud
03/10/2020,Reading,Watford,1.0,0.0,H,1.0,6.0,3.0,3.0,4.0,2.0,13.0,19.0,9.0,11.0,G Ward
03/10/2020,Rotherham,Huddersfield,1.0,1.0,D,2.0,6.0,1.0,1.0,2.0,1.0,17.0,12.0,5.0,11.0,A Woolmer
03/10/2020,Sheffield Weds,QPR,1.0,1.0,D,5.0,7.0,2.0,1.0,2.0,2.0,11.0,13.0,11.0,9.0,M Salisbury
03/10/2020,Swansea,Millwall,2.0,1.0,H,5.0,7.0,1.0,1.0,4.0,5.0,6.0,12.0,14.0,12.0,S Martin
04/10/2020,Brentford,Preston,2.0,4.0,A,4.0,4.0,0.0,0.0,4.0,7.0,10.0,9.0,13.0,12.0,D Whitestone
04/10/2020,Stoke,Birmingham,1.0,1.0,D,5.0,4.0,3.0,1.0,1.0,1.0,7.0,14.0,11.0,4.0,J Brooks
16/10/2020,Derby,Watford,0.0,1.0,A,3.0,3.0,1.0,1.0,1.0,1.0,10.0,10.0,9.0,8.0,G Eltringham
17/10/2020,Barnsley,Bristol City,2.0,2.0,D,4.0,6.0,2.0,0.0,5.0,9.0,14.0,10.0,17.0,13.0,L Doughty
17/10/2020,Birmingham,Sheffield Weds,0.0,1.0,A,5.0,4.0,1.0,1.0,2.0,3.0,12.0,12.0,10.0,14.0,G Scott
17/10/2020,Blackburn,Nott'm Forest,0.0,1.0,A,5.0,3.0,2.0,1.0,2.0,4.0,11.0,13.0,6.0,16.0,J Gillett
17/10/2020,Bournemouth,QPR,0.0,0.0,D,3.0,6.0,1.0,3.0,0.0,2.0,11.0,14.0,8.0,6.0,J Brooks
17/10/2020,Brentford,Coventry,2.0,0.0,H,8.0,6.0,1.0,1.0,6.0,5.0,13.0,6.0,17.0,10.0,A Woolmer
17/10/2020,Luton,Stoke,0.0,2.0,A,16.0,3.0,2.0,2.0,7.0,3.0,13.0,12.0,18.0,8.0,J Simpson
17/10/2020,Middlesbrough,Reading,0.0,0.0,D,3.0,2.0,2.0,3.0,0.0,1.0,19.0,19.0,8.0,10.0,D Bond
17/10/2020,Rotherham,Norwich,1.0,2.0,A,7.0,6.0,1.0,1.0,3.0,7.0,18.0,12.0,14.0,21.0,D Webb
17/10/2020,Swansea,Huddersfield,1.0,2.0,A,15.0,2.0,1.0,4.0,6.0,3.0,18.0,16.0,17.0,10.0,T Harrington
17/10/2020,Wycombe,Millwall,1.0,2.0,A,1.0,2.0,1.0,0.0,3.0,6.0,17.0,15.0,9.0,18.0,A Madley
18/10/2020,Preston,Cardiff,0.0,1.0,A,9.0,3.0,1.0,0.0,4.0,3.0,9.0,10.0,7.0,10.0,K Stroud
20/10/2020,Bristol City,Middlesbrough,0.0,1.0,A,1.0,4.0,0.0,2.0,0.0,1.0,9.0,7.0,7.0,9.0,T Robinson
20/10/2020,Coventry,Swansea,1.0,1.0,D,3.0,2.0,0.0,1.0,3.0,3.0,12.0,11.0,9.0,6.0,K Stroud
20/10/2020,Huddersfield,Derby,1.0,0.0,H,6.0,5.0,1.0,3.0,3.0,2.0,15.0,11.0,18.0,12.0,D Webb
20/10/2020,Millwall,Luton,2.0,0.0,H,8.0,3.0,2.0,1.0,6.0,1.0,15.0,13.0,21.0,10.0,T Harrington
20/10/2020,Norwich,Birmingham,1.0,0.0,H,6.0,3.0,1.0,3.0,4.0,2.0,10.0,12.0,23.0,6.0,O Langford
20/10/2020,Nott'm Forest,Rotherham,1.0,1.0,D,3.0,3.0,0.0,2.0,4.0,2.0,13.0,25.0,20.0,7.0,S Martin
20/10/2020,Reading,Wycombe,1.0,0.0,H,2.0,1.0,2.0,0.0,1.0,3.0,12.0,17.0,4.0,10.0,A Davies
21/10/2020,Cardiff,Bournemouth,1.0,1.0,D,6.0,6.0,2.0,0.0,3.0,6.0,18.0,15.0,13.0,17.0,S Hooper
21/10/2020,QPR,Preston,0.0,2.0,A,2.0,2.0,0.0,1.0,0.0,3.0,14.0,9.0,6.0,8.0,K Friend
21/10/2020,Sheffield Weds,Brentford,1.0,2.0,A,3.0,4.0,1.0,0.0,3.0,5.0,14.0,11.0,6.0,14.0,D Bond
21/10/2020,Stoke,Barnsley,2.0,2.0,D,3.0,5.0,0.0,0.0,3.0,7.0,11.0,15.0,8.0,13.0,M Salisbury
21/10/2020,Watford,Blackburn,3.0,1.0,H,1.0,8.0,3.0,0.0,4.0,7.0,24.0,12.0,10.0,19.0,A Woolmer
23/10/2020,Nott'm Forest,Derby,1.0,1.0,D,8.0,5.0,2.0,0.0,5.0,4.0,18.0,8.0,12.0,12.0,T Harrington
24/10/2020,Bristol City,Swansea,1.0,1.0,D,6.0,4.0,1.0,5.0,4.0,2.0,10.0,17.0,9.0,10.0,O Langford
24/10/2020,Cardiff,Middlesbrough,1.0,1.0,D,4.0,8.0,1.0,0.0,3.0,1.0,16.0,14.0,17.0,10.0,J Brooks
24/10/2020,Coventry,Blackburn,0.0,4.0,A,0.0,5.0,1.0,2.0,1.0,9.0,9.0,12.0,3.0,24.0,D England
24/10/2020,Huddersfield,Preston,1.0,2.0,A,8.0,6.0,3.0,5.0,4.0,7.0,12.0,14.0,14.0,17.0,J Smith
24/10/2020,Millwall,Barnsley,1.0,1.0,D,7.0,6.0,0.0,2.0,3.0,2.0,8.0,8.0,12.0,6.0,A Davies
24/10/2020,Norwich,Wycombe,2.0,1.0,H,10.0,6.0,1.0,1.0,6.0,2.0,14.0,14.0,25.0,8.0,G Ward
24/10/2020,QPR,Birmingham,0.0,0.0,D,3.0,3.0,1.0,0.0,1.0,3.0,6.0,11.0,15.0,10.0,S Hooper
24/10/2020,Reading,Rotherham,3.0,0.0,H,4.0,5.0,0.0,2.0,6.0,2.0,9.0,13.0,7.0,10.0,M Donohue
24/10/2020,Sheffield Weds,Luton,0.0,1.0,A,4.0,2.0,1.0,1.0,3.0,2.0,16.0,12.0,14.0,7.0,G Eltringham
24/10/2020,Stoke,Brentford,3.0,2.0,H,2.0,3.0,2.0,1.0,4.0,3.0,11.0,10.0,7.0,9.0,K Stroud
24/10/2020,Watford,Bournemouth,1.0,1.0,D,3.0,10.0,3.0,2.0,5.0,5.0,16.0,16.0,9.0,14.0,T Robinson
27/10/2020,Barnsley,QPR,3.0,0.0,H,1.0,5.0,0.0,0.0,11.0,2.0,8.0,11.0,15.0,10.0,A Davies
27/10/2020,Blackburn,Reading,2.0,4.0,A,3.0,3.0,2.0,2.0,6.0,4.0,13.0,9.0,13.0,5.0,D Coote
27/10/2020,Brentford,Norwich,1.0,1.0,D,3.0,3.0,1.0,1.0,5.0,3.0,19.0,14.0,13.0,14.0,J Simpson
27/10/2020,Middlesbrough,Coventry,2.0,0.0,H,1.0,2.0,2.0,1.0,5.0,1.0,11.0,10.0,17.0,3.0,D Webb
27/10/2020,Swansea,Stoke,2.0,0.0,H,10.0,2.0,2.0,3.0,6.0,0.0,13.0,17.0,18.0,3.0,A Marriner
27/10/2020,Wycombe,Watford,1.0,1.0,D,5.0,7.0,0.0,1.0,6.0,4.0,7.0,10.0,14.0,13.0,J Brooks
28/10/2020,Birmingham,Huddersfield,2.0,1.0,H,2.0,4.0,2.0,1.0,4.0,2.0,18.0,10.0,14.0,12.0,L Doughty
28/10/2020,Bournemouth,Bristol City,1.0,0.0,H,5.0,4.0,0.0,0.0,3.0,3.0,10.0,12.0,12.0,8.0,S Martin
28/10/2020,Derby,Cardiff,1.0,1.0,D,5.0,3.0,3.0,3.0,5.0,2.0,12.0,10.0,15.0,8.0,O Langford
28/10/2020,Luton,Nott'm Forest,1.0,1.0,D,5.0,2.0,3.0,0.0,2.0,1.0,15.0,15.0,6.0,7.0,T Robinson
28/10/2020,Preston,Millwall,0.0,2.0,A,2.0,7.0,2.0,0.0,1.0,4.0,16.0,4.0,5.0,13.0,D Bond
28/10/2020,Rotherham,Sheffield Weds,3.0,0.0,H,8.0,0.0,3.0,2.0,8.0,2.0,12.0,17.0,15.0,7.0,J Gillett
30/10/2020,Coventry,Reading,3.0,2.0,H,4.0,5.0,5.0,0.0,4.0,7.0,16.0,9.0,14.0,14.0,D Webb
31/10/2020,Barnsley,Watford,1.0,0.0,H,2.0,3.0,1.0,1.0,2.0,0.0,9.0,9.0,7.0,7.0,M Donohue
31/10/2020,Bournemouth,Derby,1.0,1.0,D,4.0,1.0,2.0,1.0,5.0,4.0,13.0,13.0,10.0,10.0,R Jones
31/10/2020,Bristol City,Norwich,1.0,3.0,A,5.0,4.0,0.0,4.0,6.0,8.0,8.0,16.0,15.0,19.0,J Gillett
31/10/2020,Luton,Brentford,0.0,3.0,A,5.0,4.0,1.0,1.0,1.0,5.0,10.0,12.0,4.0,12.0,M Salisbury
31/10/2020,Middlesbrough,Nott'm Forest,1.0,0.0,H,8.0,2.0,1.0,2.0,3.0,1.0,8.0,18.0,12.0,5.0,L Mason
31/10/2020,Millwall,Huddersfield,0.0,3.0,A,10.0,2.0,2.0,0.0,4.0,7.0,8.0,8.0,10.0,12.0,G Ward
31/10/2020,Preston,Birmingham,1.0,2.0,A,4.0,4.0,1.0,0.0,6.0,6.0,17.0,15.0,11.0,19.0,T Harrington
31/10/2020,QPR,Cardiff,3.0,2.0,H,8.0,4.0,4.0,3.0,6.0,5.0,10.0,9.0,12.0,16.0,A Woolmer
31/10/2020,Stoke,Rotherham,1.0,0.0,H,7.0,2.0,1.0,2.0,3.0,0.0,16.0,14.0,8.0,7.0,D Bond
31/10/2020,Swansea,Blackburn,2.0,0.0,H,9.0,5.0,3.0,0.0,3.0,4.0,10.0,10.0,11.0,11.0,D Whitestone
31/10/2020,Wycombe,Sheffield Weds,1.0,0.0,H,7.0,9.0,2.0,2.0,3.0,3.0,17.0,10.0,11.0,15.0,K Stroud
03/11/2020,Blackburn,Middlesbrough,0.0,0.0,D,3.0,12.0,5.0,1.0,1.0,3.0,19.0,9.0,6.0,20.0,D Webb
03/11/2020,Brentford,Swansea,1.0,1.0,D,2.0,9.0,3.0,0.0,1.0,5.0,14.0,20.0,7.0,13.0,S Martin
03/11/2020,Cardiff,Barnsley,3.0,0.0,H,2.0,3.0,0.0,1.0,9.0,3.0,8.0,15.0,15.0,4.0,D Whitestone
03/11/2020,Huddersfield,Bristol City,1.0,2.0,A,3.0,4.0,3.0,0.0,2.0,3.0,15.0,10.0,7.0,10.0,P Bankes
03/11/2020,Norwich,Millwall,0.0,0.0,D,8.0,2.0,0.0,1.0,7.0,0.0,14.0,10.0,27.0,6.0,T Robinson
03/11/2020,Sheffield Weds,Bournemouth,1.0,0.0,H,4.0,7.0,4.0,2.0,2.0,5.0,23.0,16.0,10.0,15.0,J Simpson
04/11/2020,Birmingham,Wycombe,1.0,2.0,A,7.0,5.0,1.0,0.0,4.0,3.0,12.0,7.0,17.0,13.0,J Smith
04/11/2020,Derby,QPR,0.0,1.0,A,5.0,6.0,1.0,0.0,4.0,3.0,9.0,11.0,7.0,14.0,G Ward
04/11/2020,Nott'm Forest,Coventry,2.0,1.0,H,5.0,4.0,1.0,2.0,4.0,7.0,16.0,13.0,15.0,15.0,G Eltringham
04/11/2020,Reading,Preston,0.0,3.0,A,4.0,1.0,1.0,2.0,5.0,5.0,11.0,7.0,17.0,10.0,J Brooks
04/11/2020,Rotherham,Luton,0.0,1.0,A,5.0,7.0,1.0,1.0,5.0,5.0,10.0,18.0,16.0,10.0,A Madley
04/11/2020,Watford,Stoke,3.0,2.0,H,4.0,1.0,2.0,2.0,3.0,3.0,12.0,10.0,12.0,5.0,A Davies
06/11/2020,Cardiff,Bristol City,0.0,1.0,A,11.0,2.0,1.0,1.0,5.0,1.0,13.0,14.0,17.0,4.0,D Webb
07/11/2020,Birmingham,Bournemouth,1.0,3.0,A,5.0,10.0,2.0,1.0,3.0,7.0,17.0,5.0,15.0,21.0,J Gillett
07/11/2020,Blackburn,QPR,3.0,1.0,H,12.0,7.0,1.0,3.0,9.0,4.0,10.0,9.0,17.0,11.0,T Robinson
07/11/2020,Brentford,Middlesbrough,0.0,0.0,D,1.0,4.0,1.0,0.0,1.0,1.0,16.0,7.0,8.0,7.0,J Linington
07/11/2020,Derby,Barnsley,0.0,2.0,A,4.0,3.0,3.0,2.0,3.0,5.0,10.0,13.0,9.0,17.0,L Doughty
07/11/2020,Huddersfield,Luton,1.0,1.0,D,4.0,2.0,1.0,5.0,2.0,2.0,11.0,13.0,13.0,7.0,O Langford
07/11/2020,Norwich,Swansea,1.0,0.0,H,4.0,11.0,1.0,5.0,5.0,5.0,15.0,21.0,21.0,19.0,D England
07/11/2020,Nott'm Forest,Wycombe,2.0,0.0,H,6.0,8.0,1.0,2.0,5.0,5.0,12.0,13.0,13.0,12.0,M Donohue
07/11/2020,Reading,Stoke,0.0,3.0,A,8.0,1.0,0.0,2.0,5.0,3.0,7.0,15.0,15.0,10.0,K Stroud
07/11/2020,Rotherham,Preston,2.0,1.0,H,3.0,2.0,1.0,2.0,4.0,3.0,15.0,13.0,11.0,8.0,A Davies
07/11/2020,Sheffield Weds,Millwall,0.0,0.0,D,5.0,4.0,2.0,0.0,7.0,0.0,10.0,5.0,15.0,11.0,T Harrington
07/11/2020,Watford,Coventry,3.0,2.0,H,7.0,1.0,1.0,2.0,5.0,3.0,16.0,15.0,12.0,13.0,S Hooper
20/11/2020,Coventry,Birmingham,0.0,0.0,D,1.0,2.0,1.0,0.0,1.0,2.0,9.0,11.0,6.0,7.0,O Langford
21/11/2020,Barnsley,Nott'm Forest,2.0,0.0,H,4.0,8.0,0.0,1.0,2.0,3.0,9.0,14.0,13.0,10.0,A Woolmer
21/11/2020,Bournemouth,Reading,4.0,2.0,H,10.0,2.0,3.0,1.0,6.0,5.0,13.0,7.0,10.0,9.0,D Bond
21/11/2020,Bristol City,Derby,1.0,0.0,H,1.0,6.0,1.0,1.0,3.0,2.0,7.0,11.0,11.0,13.0,K Stroud
21/11/2020,Luton,Blackburn,1.0,1.0,D,4.0,6.0,0.0,4.0,5.0,6.0,11.0,14.0,13.0,15.0,G Ward
21/11/2020,Middlesbrough,Norwich,0.0,1.0,A,5.0,5.0,0.0,1.0,4.0,2.0,14.0,16.0,8.0,12.0,T Harrington
21/11/2020,Millwall,Cardiff,1.0,1.0,D,0.0,5.0,3.0,0.0,2.0,6.0,13.0,14.0,7.0,14.0,G Scott
21/11/2020,Preston,Sheffield Weds,1.0,0.0,H,6.0,6.0,0.0,1.0,1.0,0.0,10.0,8.0,9.0,5.0,D Webb
21/11/2020,QPR,Watford,1.0,1.0,D,7.0,7.0,1.0,2.0,3.0,3.0,14.0,12.0,14.0,10.0,M Salisbury
21/11/2020,Stoke,Huddersfield,4.0,3.0,H,4.0,2.0,2.0,1.0,7.0,4.0,16.0,14.0,14.0,10.0,M Gillett
21/11/2020,Swansea,Rotherham,1.0,0.0,H,8.0,7.0,1.0,1.0,4.0,3.0,16.0,11.0,11.0,8.0,M Donohue
21/11/2020,Wycombe,Brentford,0.0,0.0,D,3.0,5.0,4.0,2.0,2.0,4.0,11.0,9.0,11.0,12.0,L Mason
24/11/2020,Barnsley,Brentford,0.0,1.0,A,2.0,12.0,1.0,0.0,1.0,6.0,10.0,6.0,3.0,13.0,D Bond
24/11/2020,Bournemouth,Nott'm Forest,2.0,0.0,H,5.0,7.0,2.0,0.0,4.0,3.0,11.0,13.0,12.0,11.0,S Hooper
24/11/2020,Luton,Birmingham,1.0,1.0,D,8.0,4.0,1.0,1.0,7.0,3.0,9.0,11.0,16.0,11.0,D Webb
24/11/2020,Preston,Blackburn,0.0,3.0,A,0.0,4.0,1.0,1.0,0.0,4.0,12.0,9.0,4.0,17.0,T Harrington
24/11/2020,QPR,Rotherham,3.0,2.0,H,5.0,4.0,0.0,3.0,5.0,5.0,9.0,19.0,14.0,13.0,O Langford
24/11/2020,Stoke,Norwich,2.0,3.0,A,9.0,5.0,2.0,2.0,5.0,3.0,19.0,12.0,24.0,5.0,G Eltringham
24/11/2020,Wycombe,Huddersfield,0.0,0.0,D,6.0,4.0,0.0,1.0,1.0,3.0,12.0,7.0,9.0,9.0,S Martin
25/11/2020,Bristol City,Watford,0.0,0.0,D,5.0,8.0,0.0,0.0,2.0,1.0,15.0,10.0,9.0,7.0,D Whitestone
25/11/2020,Coventry,Cardiff,1.0,0.0,H,3.0,5.0,0.0,2.0,5.0,3.0,13.0,14.0,11.0,8.0,J Simpson
25/11/2020,Middlesbrough,Derby,3.0,0.0,H,4.0,5.0,0.0,4.0,5.0,2.0,11.0,16.0,10.0,10.0,P Bankes
25/11/2020,Millwall,Reading,1.0,1.0,D,5.0,0.0,4.0,4.0,8.0,3.0,15.0,14.0,13.0,7.0,L Doughty
25/11/2020,Swansea,Sheffield Weds,1.0,1.0,D,6.0,3.0,3.0,0.0,4.0,2.0,11.0,14.0,10.0,4.0,A Woolmer
27/11/2020,Brentford,QPR,2.0,1.0,H,2.0,9.0,2.0,2.0,6.0,2.0,8.0,13.0,14.0,10.0,M Donohue
28/11/2020,Birmingham,Millwall,0.0,0.0,D,3.0,6.0,2.0,1.0,2.0,1.0,16.0,10.0,8.0,9.0,A Woolmer
28/11/2020,Blackburn,Barnsley,2.0,1.0,H,3.0,11.0,2.0,0.0,6.0,5.0,14.0,13.0,7.0,23.0,A Madley
28/11/2020,Cardiff,Luton,4.0,0.0,H,11.0,0.0,1.0,0.0,6.0,0.0,12.0,7.0,20.0,5.0,J Smith
28/11/2020,Derby,Wycombe,1.0,1.0,D,5.0,3.0,0.0,1.0,5.0,2.0,13.0,14.0,11.0,8.0,O Langford
28/11/2020,Huddersfield,Middlesbrough,3.0,2.0,H,5.0,9.0,4.0,3.0,5.0,3.0,17.0,12.0,13.0,10.0,J Brooks
28/11/2020,Norwich,Coventry,1.0,1.0,D,1.0,8.0,2.0,0.0,6.0,4.0,13.0,10.0,9.0,13.0,K Stroud
28/11/2020,Reading,Bristol City,3.0,1.0,H,5.0,1.0,0.0,2.0,10.0,2.0,14.0,13.0,21.0,4.0,J Simpson
28/11/2020,Rotherham,Bournemouth,2.0,2.0,D,7.0,4.0,2.0,3.0,5.0,5.0,20.0,16.0,13.0,11.0,G Eltringham
28/11/2020,Sheffield Weds,Stoke,0.0,0.0,D,1.0,5.0,4.0,2.0,0.0,2.0,16.0,12.0,5.0,8.0,T Robinson
28/11/2020,Watford,Preston,4.0,1.0,H,9.0,3.0,1.0,0.0,11.0,4.0,7.0,2.0,26.0,9.0,J Gillett
29/11/2020,Nott'm Forest,Swansea,0.0,1.0,A,6.0,8.0,4.0,2.0,1.0,3.0,17.0,12.0,13.0,13.0,T Harrington
01/12/2020,Birmingham,Barnsley,1.0,2.0,A,1.0,1.0,2.0,1.0,1.0,3.0,13.0,10.0,5.0,12.0,T Harrington
01/12/2020,Bournemouth,Preston,2.0,3.0,A,1.0,4.0,2.0,3.0,4.0,5.0,11.0,16.0,15.0,8.0,G Ward
01/12/2020,Cardiff,Huddersfield,3.0,0.0,H,4.0,2.0,1.0,1.0,4.0,4.0,17.0,9.0,10.0,10.0,K Friend
01/12/2020,Derby,Coventry,1.0,1.0,D,2.0,2.0,4.0,1.0,3.0,3.0,13.0,13.0,12.0,9.0,D Whitestone
01/12/2020,QPR,Bristol City,1.0,2.0,A,9.0,2.0,2.0,1.0,4.0,3.0,16.0,8.0,19.0,12.0,J Linington
01/12/2020,Rotherham,Brentford,0.0,2.0,A,6.0,3.0,3.0,0.0,2.0,4.0,21.0,10.0,8.0,9.0,T Robinson
02/12/2020,Blackburn,Millwall,2.0,1.0,H,2.0,8.0,0.0,2.0,4.0,5.0,14.0,12.0,20.0,17.0,M Salisbury
02/12/2020,Luton,Norwich,3.0,1.0,H,4.0,9.0,1.0,2.0,5.0,4.0,9.0,12.0,10.0,11.0,D England
02/12/2020,Middlesbrough,Swansea,2.0,1.0,H,6.0,8.0,2.0,2.0,5.0,3.0,15.0,17.0,13.0,10.0,K Stroud
02/12/2020,Nott'm Forest,Watford,0.0,0.0,D,5.0,6.0,3.0,2.0,0.0,1.0,14.0,10.0,13.0,6.0,D Webb
02/12/2020,Sheffield Weds,Reading,1.0,1.0,D,2.0,7.0,2.0,0.0,1.0,6.0,13.0,12.0,3.0,20.0,O Langford
02/12/2020,Wycombe,Stoke,0.0,1.0,A,3.0,7.0,2.0,4.0,1.0,4.0,13.0,8.0,8.0,14.0,D Bond
04/12/2020,Barnsley,Bournemouth,0.0,4.0,A,3.0,4.0,3.0,0.0,4.0,6.0,14.0,13.0,10.0,12.0,K Stroud
05/12/2020,Brentford,Blackburn,2.0,2.0,D,4.0,2.0,3.0,4.0,3.0,2.0,11.0,8.0,15.0,7.0,O Langford
05/12/2020,Bristol City,Birmingham,0.0,1.0,A,4.0,6.0,0.0,2.0,3.0,3.0,6.0,20.0,10.0,11.0,J Brooks
05/12/2020,Coventry,Rotherham,3.0,1.0,H,5.0,6.0,0.0,3.0,7.0,1.0,14.0,17.0,10.0,10.0,D Webb
05/12/2020,Huddersfield,QPR,2.0,0.0,H,3.0,4.0,0.0,2.0,6.0,2.0,15.0,7.0,11.0,4.0,D Whitestone
05/12/2020,Millwall,Derby,0.0,1.0,A,4.0,3.0,0.0,5.0,3.0,3.0,14.0,15.0,12.0,11.0,D England
05/12/2020,Norwich,Sheffield Weds,2.0,1.0,H,9.0,4.0,1.0,2.0,4.0,5.0,7.0,11.0,19.0,11.0,J Gillett
05/12/2020,Preston,Wycombe,2.0,2.0,D,8.0,6.0,0.0,3.0,3.0,4.0,17.0,15.0,19.0,17.0,J Linington
05/12/2020,Reading,Nott'm Forest,2.0,0.0,H,7.0,3.0,1.0,1.0,9.0,1.0,14.0,16.0,24.0,2.0,G Ward
05/12/2020,Stoke,Middlesbrough,1.0,0.0,H,0.0,2.0,2.0,3.0,5.0,1.0,18.0,12.0,9.0,8.0,J Simpson
05/12/2020,Swansea,Luton,2.0,0.0,H,2.0,3.0,1.0,1.0,5.0,2.0,12.0,14.0,11.0,7.0,L Doughty
05/12/2020,Watford,Cardiff,0.0,1.0,A,6.0,5.0,1.0,2.0,1.0,2.0,15.0,17.0,12.0,10.0,S Martin
08/12/2020,Coventry,Luton,0.0,0.0,D,4.0,7.0,3.0,2.0,1.0,1.0,14.0,20.0,7.0,6.0,A Woolmer
08/12/2020,Huddersfield,Sheffield Weds,2.0,0.0,H,2.0,8.0,1.0,3.0,2.0,2.0,8.0,14.0,13.0,5.0,K Stroud
08/12/2020,Millwall,QPR,1.0,1.0,D,2.0,2.0,0.0,3.0,4.0,6.0,6.0,16.0,17.0,11.0,J Gillett
08/12/2020,Stoke,Cardiff,1.0,2.0,A,3.0,4.0,2.0,1.0,1.0,2.0,13.0,11.0,5.0,4.0,T Harrington
08/12/2020,Swansea,Bournemouth,0.0,0.0,D,1.0,3.0,1.0,3.0,1.0,1.0,10.0,14.0,6.0,14.0,P Bankes
08/12/2020,Watford,Rotherham,2.0,0.0,H,2.0,4.0,0.0,2.0,3.0,1.0,11.0,15.0,12.0,10.0,G Ward
09/12/2020,Barnsley,Wycombe,2.0,1.0,H,7.0,5.0,3.0,3.0,8.0,2.0,15.0,11.0,14.0,6.0,G Eltringham
09/12/2020,Brentford,Derby,0.0,0.0,D,10.0,2.0,2.0,1.0,0.0,0.0,13.0,8.0,12.0,5.0,D Webb
09/12/2020,Bristol City,Blackburn,1.0,0.0,H,5.0,8.0,1.0,0.0,3.0,7.0,11.0,7.0,16.0,21.0,S Martin
09/12/2020,Norwich,Nott'm Forest,2.0,1.0,H,7.0,7.0,4.0,1.0,6.0,2.0,12.0,7.0,19.0,13.0,D Bond
09/12/2020,Preston,Middlesbrough,3.0,0.0,H,0.0,4.0,0.0,1.0,6.0,3.0,10.0,8.0,11.0,10.0,A Madley
09/12/2020,Reading,Birmingham,1.0,2.0,A,4.0,1.0,1.0,3.0,2.0,3.0,9.0,25.0,10.0,5.0,T Robinson
12/12/2020,Birmingham,Watford,0.0,1.0,A,5.0,6.0,1.0,1.0,2.0,3.0,13.0,10.0,9.0,4.0,M Donohue
12/12/2020,Blackburn,Norwich,1.0,2.0,A,6.0,3.0,0.0,1.0,7.0,7.0,6.0,16.0,20.0,17.0,D Whitestone
12/12/2020,Bournemouth,Huddersfield,5.0,0.0,H,3.0,2.0,1.0,1.0,8.0,5.0,11.0,8.0,13.0,12.0,O Langford
12/12/2020,Cardiff,Swansea,0.0,2.0,A,2.0,3.0,2.0,2.0,2.0,4.0,19.0,12.0,8.0,11.0,J Brooks
12/12/2020,Derby,Stoke,0.0,0.0,D,8.0,3.0,3.0,1.0,5.0,1.0,16.0,14.0,11.0,4.0,A Woolmer
12/12/2020,Luton,Preston,3.0,0.0,H,10.0,4.0,0.0,0.0,5.0,1.0,16.0,7.0,19.0,4.0,J Simpson
12/12/2020,Middlesbrough,Millwall,3.0,0.0,H,7.0,0.0,1.0,1.0,6.0,1.0,9.0,14.0,16.0,4.0,D Bond
12/12/2020,Nott'm Forest,Brentford,1.0,3.0,A,6.0,6.0,2.0,3.0,6.0,6.0,14.0,14.0,12.0,10.0,G Eltringham
12/12/2020,QPR,Reading,0.0,1.0,A,2.0,3.0,1.0,0.0,2.0,2.0,12.0,5.0,9.0,6.0,T Harrington
12/12/2020,Rotherham,Bristol City,2.0,0.0,H,6.0,3.0,2.0,1.0,8.0,2.0,13.0,14.0,22.0,4.0,L Doughty
12/12/2020,Sheffield Weds,Barnsley,1.0,2.0,A,6.0,4.0,1.0,0.0,4.0,3.0,12.0,10.0,7.0,11.0,J Linington
12/12/2020,Wycombe,Coventry,1.0,2.0,A,4.0,4.0,1.0,4.0,3.0,3.0,23.0,15.0,11.0,9.0,A Davies
15/12/2020,Barnsley,Preston,2.0,1.0,H,3.0,2.0,2.0,2.0,3.0,3.0,11.0,12.0,11.0,4.0,D Whitestone
15/12/2020,Bournemouth,Wycombe,1.0,0.0,H,8.0,4.0,1.0,1.0,7.0,3.0,7.0,13.0,22.0,10.0,M Donohue
15/12/2020,Bristol City,Millwall,0.0,2.0,A,0.0,2.0,1.0,0.0,1.0,5.0,14.0,11.0,3.0,13.0,D Webb
15/12/2020,Nott'm Forest,Sheffield Weds,2.0,0.0,H,6.0,1.0,0.0,1.0,4.0,1.0,12.0,10.0,12.0,5.0,S Martin
15/12/2020,QPR,Stoke,0.0,0.0,D,5.0,3.0,2.0,1.0,2.0,2.0,12.0,7.0,12.0,6.0,K Stroud
15/12/2020,Watford,Brentford,1.0,1.0,D,2.0,0.0,4.0,0.0,3.0,2.0,18.0,12.0,14.0,12.0,J Linington
16/12/2020,Blackburn,Rotherham,2.0,1.0,H,3.0,0.0,2.0,3.0,4.0,1.0,12.0,12.0,11.0,10.0,A Gillett
16/12/2020,Cardiff,Birmingham,3.0,2.0,H,8.0,1.0,2.0,2.0,7.0,4.0,10.0,19.0,13.0,15.0,M Salisbury
16/12/2020,Coventry,Huddersfield,0.0,0.0,D,0.0,3.0,1.0,1.0,3.0,2.0,15.0,12.0,5.0,6.0,T Robinson
16/12/2020,Derby,Swansea,2.0,0.0,H,2.0,5.0,0.0,1.0,5.0,0.0,16.0,12.0,11.0,4.0,G Ward
16/12/2020,Middlesbrough,Luton,1.0,0.0,H,4.0,8.0,1.0,1.0,2.0,3.0,12.0,12.0,4.0,11.0,A Davies
16/12/2020,Reading,Norwich,1.0,2.0,A,4.0,5.0,1.0,0.0,2.0,6.0,15.0,10.0,7.0,11.0,G Eltringham
18/12/2020,Preston,Bristol City,1.0,0.0,H,9.0,7.0,1.0,0.0,4.0,3.0,14.0,10.0,14.0,8.0,G Eltringham
19/12/2020,Birmingham,Middlesbrough,1.0,4.0,A,4.0,2.0,0.0,0.0,2.0,4.0,17.0,10.0,9.0,6.0,S Martin
19/12/2020,Brentford,Reading,3.0,1.0,H,5.0,5.0,2.0,1.0,4.0,5.0,17.0,6.0,11.0,9.0,K Stroud
19/12/2020,Huddersfield,Watford,2.0,0.0,H,5.0,7.0,2.0,1.0,3.0,5.0,13.0,11.0,10.0,21.0,L Doughty
19/12/2020,Luton,Bournemouth,0.0,0.0,D,6.0,7.0,1.0,1.0,4.0,2.0,16.0,12.0,8.0,16.0,D Whitestone
19/12/2020,Millwall,Nott'm Forest,1.0,1.0,D,5.0,2.0,2.0,4.0,5.0,1.0,13.0,15.0,15.0,4.0,O Langford
19/12/2020,Norwich,Cardiff,2.0,0.0,H,6.0,7.0,0.0,4.0,5.0,3.0,14.0,16.0,16.0,10.0,T Robinson
19/12/2020,Sheffield Weds,Coventry,1.0,0.0,H,5.0,3.0,2.0,1.0,4.0,5.0,15.0,10.0,12.0,13.0,J Brooks
19/12/2020,Stoke,Blackburn,1.0,0.0,H,2.0,6.0,1.0,0.0,1.0,3.0,9.0,9.0,3.0,15.0,D Webb
19/12/2020,Swansea,Barnsley,2.0,0.0,H,4.0,6.0,1.0,1.0,2.0,1.0,10.0,11.0,6.0,8.0,A Davies
19/12/2020,Wycombe,QPR,1.0,1.0,D,5.0,8.0,2.0,1.0,7.0,5.0,17.0,10.0,15.0,11.0,G Ward
26/12/2020,Barnsley,Huddersfield,2.0,1.0,H,5.0,4.0,1.0,0.0,7.0,1.0,15.0,8.0,10.0,6.0,D Webb
26/12/2020,Blackburn,Sheffield Weds,1.0,1.0,D,5.0,1.0,1.0,0.0,4.0,1.0,7.0,9.0,16.0,7.0,T Harrington
26/12/2020,Bristol City,Wycombe,2.0,1.0,H,7.0,7.0,0.0,2.0,4.0,1.0,15.0,11.0,9.0,13.0,K Stroud
26/12/2020,Cardiff,Brentford,2.0,3.0,A,3.0,6.0,1.0,0.0,3.0,7.0,13.0,7.0,6.0,16.0,D Whitestone
26/12/2020,Coventry,Stoke,0.0,0.0,D,7.0,6.0,0.0,1.0,2.0,1.0,12.0,11.0,7.0,11.0,J Gillett
26/12/2020,Derby,Preston,0.0,1.0,A,2.0,7.0,0.0,1.0,1.0,4.0,11.0,10.0,5.0,9.0,D Bond
26/12/2020,Nott'm Forest,Birmingham,0.0,0.0,D,7.0,3.0,3.0,2.0,6.0,3.0,11.0,18.0,14.0,8.0,J Simpson
26/12/2020,QPR,Swansea,0.0,2.0,A,7.0,3.0,1.0,1.0,1.0,4.0,16.0,12.0,12.0,6.0,S Martin
26/12/2020,Reading,Luton,2.0,1.0,H,2.0,4.0,1.0,2.0,2.0,3.0,18.0,10.0,4.0,8.0,M Donohue
26/12/2020,Watford,Norwich,1.0,0.0,H,11.0,4.0,4.0,0.0,1.0,3.0,18.0,8.0,7.0,16.0,J Brooks
29/12/2020,Birmingham,Derby,0.0,4.0,A,2.0,7.0,0.0,1.0,1.0,9.0,17.0,14.0,7.0,20.0,T Harrington
29/12/2020,Huddersfield,Blackburn,2.0,1.0,H,5.0,3.0,3.0,2.0,7.0,4.0,17.0,12.0,15.0,16.0,M Donohue
29/12/2020,Luton,Bristol City,2.0,1.0,H,6.0,3.0,1.0,1.0,5.0,1.0,15.0,11.0,11.0,8.0,G Ward
29/12/2020,Norwich,QPR,1.0,1.0,D,8.0,7.0,3.0,6.0,9.0,3.0,10.0,17.0,23.0,12.0,O Langford
29/12/2020,Preston,Coventry,2.0,0.0,H,3.0,8.0,3.0,0.0,4.0,4.0,18.0,12.0,7.0,10.0,K Stroud
29/12/2020,Rotherham,Barnsley,1.0,2.0,A,5.0,1.0,3.0,1.0,5.0,3.0,14.0,13.0,10.0,7.0,S Martin
29/12/2020,Sheffield Weds,Middlesbrough,2.0,1.0,H,2.0,5.0,1.0,2.0,3.0,3.0,14.0,11.0,5.0,21.0,G Eltringham
29/12/2020,Stoke,Nott'm Forest,1.0,1.0,D,1.0,9.0,1.0,0.0,4.0,2.0,11.0,13.0,6.0,14.0,D Whitestone
29/12/2020,Wycombe,Cardiff,2.0,1.0,H,5.0,7.0,2.0,2.0,4.0,3.0,11.0,12.0,12.0,16.0,L Doughty
30/12/2020,Brentford,Bournemouth,2.0,1.0,H,7.0,6.0,0.0,1.0,8.0,6.0,9.0,8.0,16.0,11.0,J Gillett
30/12/2020,Swansea,Reading,0.0,0.0,D,7.0,2.0,1.0,0.0,6.0,3.0,12.0,14.0,11.0,8.0,D Webb
01/01/2021,Sheffield Weds,Derby,1.0,0.0,H,0.0,7.0,0.0,2.0,5.0,3.0,11.0,14.0,10.0,14.0,M Donohue
02/01/2021,Birmingham,Blackburn,0.0,2.0,A,7.0,3.0,1.0,3.0,1.0,6.0,13.0,9.0,7.0,11.0,G Ward
02/01/2021,Huddersfield,Reading,1.0,2.0,A,4.0,4.0,2.0,1.0,2.0,5.0,17.0,9.0,7.0,8.0,J Simpson
02/01/2021,Millwall,Coventry,1.0,2.0,A,3.0,9.0,1.0,1.0,3.0,5.0,18.0,9.0,6.0,17.0,J Linington
02/01/2021,Norwich,Barnsley,1.0,0.0,H,7.0,2.0,0.0,1.0,6.0,2.0,5.0,13.0,11.0,8.0,M Salisbury
02/01/2021,Preston,Nott'm Forest,0.0,1.0,A,6.0,7.0,1.0,3.0,3.0,1.0,7.0,12.0,14.0,10.0,T Robinson
02/01/2021,Stoke,Bournemouth,0.0,1.0,A,2.0,3.0,4.0,1.0,3.0,2.0,11.0,14.0,11.0,10.0,J Brooks
02/01/2021,Swansea,Watford,2.0,1.0,H,6.0,8.0,3.0,2.0,5.0,3.0,12.0,13.0,13.0,11.0,D Bond
02/01/2021,Wycombe,Middlesbrough,1.0,3.0,A,6.0,10.0,2.0,3.0,2.0,7.0,14.0,9.0,12.0,21.0,J Gillett
12/01/2021,Bournemouth,Millwall,1.0,1.0,D,7.0,7.0,1.0,2.0,2.0,6.0,13.0,10.0,6.0,15.0,T Robinson
12/01/2021,Luton,QPR,0.0,2.0,A,2.0,6.0,0.0,1.0,2.0,8.0,7.0,11.0,9.0,13.0,A Woolmer
16/01/2021,Barnsley,Swansea,0.0,2.0,A,8.0,5.0,1.0,1.0,3.0,2.0,11.0,8.0,15.0,7.0,J Simpson
16/01/2021,Blackburn,Stoke,1.0,1.0,D,2.0,7.0,1.0,2.0,3.0,2.0,11.0,14.0,7.0,14.0,G Eltringham
16/01/2021,Bournemouth,Luton,0.0,1.0,A,8.0,4.0,1.0,2.0,4.0,4.0,12.0,16.0,14.0,8.0,D Webb
16/01/2021,Bristol City,Preston,2.0,0.0,H,5.0,2.0,1.0,1.0,5.0,1.0,12.0,10.0,13.0,9.0,D Whitestone
16/01/2021,Cardiff,Norwich,1.0,2.0,A,3.0,7.0,3.0,0.0,4.0,7.0,26.0,15.0,12.0,17.0,T Harrington
16/01/2021,Derby,Rotherham,0.0,1.0,A,7.0,2.0,2.0,1.0,4.0,3.0,15.0,13.0,9.0,10.0,J Linington
16/01/2021,Middlesbrough,Birmingham,0.0,1.0,A,6.0,4.0,1.0,2.0,3.0,2.0,12.0,16.0,8.0,6.0,D England
16/01/2021,Nott'm Forest,Millwall,3.0,1.0,H,5.0,8.0,1.0,0.0,5.0,5.0,11.0,9.0,17.0,15.0,K Stroud
16/01/2021,Watford,Huddersfield,2.0,0.0,H,4.0,3.0,3.0,2.0,7.0,1.0,10.0,12.0,10.0,5.0,M Salisbury
19/01/2021,Derby,Bournemouth,1.0,0.0,H,3.0,4.0,0.0,1.0,6.0,2.0,12.0,12.0,12.0,10.0,O Langford
19/01/2021,Reading,Coventry,3.0,0.0,H,0.0,5.0,3.0,1.0,6.0,2.0,12.0,17.0,12.0,7.0,D Whitestone
19/01/2021,Rotherham,Stoke,3.0,3.0,D,5.0,7.0,2.0,0.0,3.0,4.0,10.0,14.0,13.0,11.0,M Donohue
19/01/2021,Watford,Barnsley,1.0,0.0,H,5.0,3.0,1.0,1.0,3.0,0.0,13.0,11.0,9.0,11.0,T Robinson
20/01/2021,Birmingham,Preston,0.0,1.0,A,5.0,3.0,2.0,0.0,2.0,2.0,9.0,8.0,14.0,5.0,T Harrington
20/01/2021,Brentford,Luton,1.0,0.0,H,6.0,5.0,1.0,1.0,5.0,3.0,14.0,17.0,15.0,11.0,S Martin
20/01/2021,Cardiff,QPR,0.0,1.0,A,4.0,6.0,0.0,3.0,6.0,5.0,12.0,16.0,11.0,11.0,D Bond
20/01/2021,Huddersfield,Millwall,0.0,1.0,A,3.0,7.0,0.0,2.0,1.0,1.0,13.0,14.0,8.0,5.0,P Bankes
20/01/2021,Norwich,Bristol City,2.0,0.0,H,6.0,3.0,1.0,1.0,6.0,0.0,5.0,11.0,14.0,3.0,J Linington
20/01/2021,Nott'm Forest,Middlesbrough,1.0,2.0,A,4.0,6.0,3.0,2.0,1.0,4.0,21.0,12.0,5.0,16.0,A Woolmer
22/01/2021,Stoke,Watford,1.0,2.0,A,8.0,4.0,1.0,2.0,3.0,4.0,10.0,15.0,14.0,7.0,O Langford
23/01/2021,QPR,Derby,0.0,1.0,A,8.0,5.0,2.0,1.0,2.0,2.0,15.0,11.0,12.0,6.0,T Robinson
24/01/2021,Middlesbrough,Blackburn,0.0,1.0,A,7.0,5.0,3.0,1.0,3.0,2.0,11.0,15.0,12.0,7.0,D Whitestone
24/01/2021,Preston,Reading,0.0,0.0,D,4.0,5.0,4.0,0.0,2.0,4.0,18.0,9.0,8.0,12.0,G Eltringham
26/01/2021,Bristol City,Huddersfield,2.0,1.0,H,0.0,13.0,3.0,2.0,2.0,6.0,11.0,8.0,4.0,26.0,S Martin
26/01/2021,Millwall,Watford,0.0,0.0,D,2.0,8.0,2.0,4.0,2.0,5.0,10.0,17.0,4.0,13.0,J Simpson
27/01/2021,Barnsley,Cardiff,2.0,2.0,D,1.0,3.0,0.0,0.0,4.0,4.0,21.0,13.0,12.0,11.0,A Woolmer
27/01/2021,Coventry,Sheffield Weds,2.0,0.0,H,5.0,7.0,2.0,3.0,5.0,1.0,8.0,14.0,14.0,6.0,L Doughty
27/01/2021,Middlesbrough,Rotherham,0.0,3.0,A,7.0,3.0,0.0,0.0,1.0,6.0,13.0,14.0,14.0,11.0,M Salisbury
27/01/2021,Swansea,Brentford,1.0,1.0,D,1.0,9.0,3.0,0.0,1.0,5.0,17.0,11.0,2.0,21.0,J Brooks
29/01/2021,Reading,Bournemouth,3.0,1.0,H,2.0,12.0,1.0,1.0,9.0,5.0,12.0,19.0,18.0,19.0,J Linington
30/01/2021,Birmingham,Coventry,1.0,1.0,D,9.0,0.0,3.0,1.0,3.0,3.0,19.0,11.0,13.0,13.0,G Eltringham
30/01/2021,Blackburn,Luton,1.0,0.0,H,3.0,3.0,1.0,1.0,2.0,1.0,12.0,16.0,10.0,7.0,J Simpson
30/01/2021,Brentford,Wycombe,7.0,2.0,H,5.0,2.0,0.0,1.0,13.0,5.0,11.0,18.0,22.0,11.0,M Salisbury
30/01/2021,Cardiff,Millwall,1.0,1.0,D,5.0,3.0,3.0,0.0,3.0,1.0,10.0,14.0,17.0,5.0,M Donohue
30/01/2021,Derby,Bristol City,1.0,0.0,H,4.0,0.0,1.0,1.0,6.0,2.0,14.0,13.0,12.0,4.0,D England
30/01/2021,Huddersfield,Stoke,1.0,1.0,D,10.0,3.0,0.0,1.0,4.0,1.0,12.0,9.0,18.0,7.0,G Ward
30/01/2021,Norwich,Middlesbrough,0.0,0.0,D,3.0,7.0,0.0,2.0,0.0,3.0,12.0,19.0,10.0,12.0,k Stroud
30/01/2021,Nott'm Forest,Barnsley,0.0,0.0,D,4.0,8.0,1.0,2.0,1.0,3.0,10.0,16.0,6.0,12.0,L Doughty
30/01/2021,Rotherham,Swansea,1.0,3.0,A,7.0,7.0,1.0,1.0,2.0,5.0,9.0,10.0,13.0,6.0,T Harrington
30/01/2021,Sheffield Weds,Preston,1.0,0.0,H,6.0,3.0,1.0,1.0,2.0,3.0,7.0,7.0,10.0,10.0,A Marriner
01/02/2021,Watford,QPR,1.0,2.0,A,7.0,5.0,2.0,1.0,4.0,5.0,9.0,12.0,10.0,13.0,J Gillett
02/02/2021,Bournemouth,Sheffield Weds,1.0,2.0,A,7.0,5.0,1.0,2.0,5.0,5.0,8.0,11.0,12.0,14.0,A Woolmer
02/02/2021,Coventry,Nott'm Forest,1.0,2.0,A,6.0,5.0,1.0,4.0,5.0,1.0,11.0,16.0,14.0,6.0,T Harrington
02/02/2021,Millwall,Norwich,0.0,0.0,D,4.0,4.0,1.0,2.0,3.0,2.0,14.0,6.0,15.0,17.0,S Martin
02/02/2021,Wycombe,Birmingham,0.0,0.0,D,4.0,7.0,1.0,1.0,2.0,5.0,15.0,10.0,3.0,18.0,J Brooks
03/02/2021,Brentford,Bristol City,3.0,2.0,H,5.0,3.0,0.0,0.0,8.0,4.0,8.0,14.0,17.0,7.0,T Robinson
03/02/2021,Rotherham,Derby,3.0,0.0,H,5.0,5.0,2.0,3.0,4.0,2.0,16.0,12.0,9.0,10.0,J Simpson
05/02/2021,Swansea,Norwich,2.0,0.0,H,4.0,2.0,3.0,2.0,4.0,1.0,13.0,12.0,9.0,13.0,S Hooper
06/02/2021,Bournemouth,Birmingham,3.0,2.0,H,2.0,6.0,1.0,2.0,4.0,6.0,9.0,19.0,8.0,9.0,J Simpson
06/02/2021,Bristol City,Cardiff,0.0,2.0,A,3.0,11.0,3.0,2.0,1.0,4.0,12.0,14.0,7.0,12.0,J Gillett
06/02/2021,Coventry,Watford,0.0,0.0,D,5.0,6.0,0.0,2.0,6.0,3.0,9.0,18.0,14.0,13.0,G Scott
06/02/2021,Luton,Huddersfield,1.0,1.0,D,7.0,6.0,1.0,3.0,4.0,2.0,14.0,18.0,14.0,7.0,L Doughty
06/02/2021,Middlesbrough,Brentford,1.0,4.0,A,7.0,2.0,1.0,2.0,6.0,6.0,11.0,16.0,11.0,15.0,D Bond
06/02/2021,Millwall,Sheffield Weds,4.0,1.0,H,9.0,1.0,1.0,1.0,9.0,2.0,10.0,14.0,21.0,4.0,G Eltringham
06/02/2021,Preston,Rotherham,1.0,2.0,A,5.0,3.0,1.0,3.0,6.0,5.0,9.0,15.0,14.0,15.0,G Ward
06/02/2021,QPR,Blackburn,1.0,0.0,H,5.0,7.0,3.0,2.0,2.0,7.0,17.0,11.0,12.0,15.0,T Harrington
06/02/2021,Stoke,Reading,0.0,0.0,D,6.0,4.0,3.0,0.0,2.0,1.0,14.0,8.0,10.0,8.0,T Robinson
06/02/2021,Wycombe,Nott'm Forest,0.0,3.0,A,3.0,6.0,0.0,0.0,1.0,5.0,17.0,12.0,11.0,17.0,J Linington
09/02/2021,Rotherham,Cardiff,1.0,2.0,A,12.0,7.0,0.0,0.0,3.0,6.0,13.0,11.0,15.0,12.0,G Eltringham
09/02/2021,Sheffield Weds,Wycombe,2.0,0.0,H,9.0,2.0,0.0,2.0,8.0,2.0,15.0,14.0,15.0,6.0,G Ward
10/02/2021,Reading,Brentford,1.0,3.0,A,9.0,5.0,1.0,0.0,3.0,4.0,17.0,12.0,8.0,5.0,T Harrington
12/02/2021,Blackburn,Preston,1.0,2.0,A,6.0,5.0,0.0,2.0,2.0,3.0,7.0,16.0,15.0,9.0,D Webb
13/02/2021,Birmingham,Luton,0.0,1.0,A,4.0,7.0,2.0,1.0,1.0,4.0,18.0,16.0,4.0,9.0,G Ward
13/02/2021,Cardiff,Coventry,3.0,1.0,H,1.0,4.0,3.0,1.0,3.0,5.0,24.0,11.0,8.0,21.0,J Linington
13/02/2021,Derby,Middlesbrough,2.0,1.0,H,3.0,1.0,2.0,1.0,5.0,5.0,17.0,17.0,10.0,7.0,M Donohue
13/02/2021,Huddersfield,Wycombe,2.0,3.0,A,2.0,2.0,4.0,4.0,4.0,7.0,11.0,17.0,10.0,16.0,K Stroud
13/02/2021,Norwich,Stoke,4.0,1.0,H,3.0,7.0,0.0,2.0,7.0,3.0,8.0,10.0,16.0,11.0,J Simpson
13/02/2021,Nott'm Forest,Bournemouth,0.0,0.0,D,3.0,6.0,2.0,1.0,3.0,0.0,14.0,12.0,10.0,4.0,C Kavanagh
13/02/2021,Reading,Millwall,1.0,2.0,A,4.0,5.0,0.0,2.0,6.0,4.0,8.0,17.0,17.0,16.0,A Woolmer
13/02/2021,Watford,Bristol City,6.0,0.0,H,11.0,2.0,2.0,3.0,7.0,1.0,12.0,9.0,17.0,4.0,J Brooks
14/02/2021,Brentford,Barnsley,0.0,2.0,A,7.0,5.0,1.0,4.0,3.0,6.0,9.0,24.0,14.0,11.0,D Coote
16/02/2021,Bristol City,Reading,0.0,2.0,A,5.0,6.0,4.0,3.0,1.0,5.0,24.0,7.0,5.0,14.0,O Langford
16/02/2021,Luton,Cardiff,0.0,2.0,A,9.0,5.0,0.0,1.0,3.0,7.0,13.0,13.0,8.0,10.0,T Robinson
16/02/2021,Middlesbrough,Huddersfield,2.0,1.0,H,9.0,4.0,1.0,1.0,5.0,5.0,14.0,17.0,11.0,16.0,J Simpson
16/02/2021,Preston,Watford,0.0,1.0,A,4.0,8.0,0.0,1.0,0.0,1.0,14.0,10.0,12.0,9.0,T Harrington
16/02/2021,Stoke,Sheffield Weds,1.0,0.0,H,7.0,4.0,1.0,1.0,6.0,2.0,15.0,14.0,11.0,5.0,J Linington
16/02/2021,Wycombe,Derby,1.0,2.0,A,5.0,3.0,2.0,2.0,6.0,3.0,14.0,15.0,17.0,14.0,K Friend
17/02/2021,Barnsley,Blackburn,2.0,1.0,H,7.0,2.0,1.0,1.0,6.0,3.0,10.0,11.0,16.0,8.0,M Donohue
17/02/2021,Bournemouth,Rotherham,1.0,0.0,H,5.0,4.0,0.0,3.0,6.0,1.0,9.0,10.0,11.0,7.0,K Stroud
17/02/2021,Coventry,Norwich,0.0,2.0,A,4.0,5.0,1.0,3.0,4.0,5.0,20.0,8.0,10.0,12.0,J Gillett
17/02/2021,Millwall,Birmingham,2.0,0.0,H,2.0,5.0,2.0,2.0,4.0,3.0,14.0,18.0,8.0,12.0,D Bond
17/02/2021,QPR,Brentford,2.0,1.0,H,5.0,4.0,5.0,1.0,3.0,2.0,17.0,16.0,9.0,10.0,G Ward
17/02/2021,Swansea,Nott'm Forest,1.0,0.0,H,7.0,6.0,1.0,0.0,2.0,3.0,9.0,10.0,5.0,11.0,G Eltringham
19/02/2021,Watford,Derby,2.0,1.0,H,3.0,10.0,2.0,2.0,4.0,0.0,12.0,9.0,8.0,4.0,T Robinson
20/02/2021,Bristol City,Barnsley,0.0,1.0,A,0.0,5.0,1.0,2.0,1.0,5.0,8.0,14.0,1.0,15.0,J Linington
20/02/2021,Cardiff,Preston,4.0,0.0,H,1.0,5.0,2.0,0.0,8.0,5.0,9.0,8.0,12.0,12.0,J Simpson
20/02/2021,Coventry,Brentford,2.0,0.0,H,4.0,7.0,2.0,0.0,5.0,2.0,14.0,15.0,11.0,10.0,S Martin
20/02/2021,Huddersfield,Swansea,4.0,1.0,H,4.0,4.0,1.0,1.0,5.0,3.0,8.0,10.0,11.0,9.0,J Brooks
20/02/2021,Millwall,Wycombe,0.0,0.0,D,2.0,0.0,2.0,1.0,3.0,3.0,15.0,14.0,13.0,9.0,J Gillett
20/02/2021,Norwich,Rotherham,1.0,0.0,H,3.0,5.0,0.0,1.0,4.0,2.0,9.0,17.0,13.0,9.0,T Harrington
20/02/2021,Nott'm Forest,Blackburn,1.0,0.0,H,2.0,2.0,2.0,1.0,3.0,5.0,18.0,19.0,13.0,12.0,K Stroud
20/02/2021,QPR,Bournemouth,2.0,1.0,H,2.0,3.0,3.0,1.0,5.0,5.0,16.0,9.0,11.0,11.0,D Bond
20/02/2021,Reading,Middlesbrough,0.0,2.0,A,5.0,4.0,2.0,2.0,3.0,5.0,8.0,17.0,13.0,8.0,D Webb
20/02/2021,Sheffield Weds,Birmingham,0.0,1.0,A,7.0,2.0,0.0,2.0,3.0,2.0,7.0,14.0,10.0,7.0,L Mason
20/02/2021,Stoke,Luton,3.0,0.0,H,8.0,2.0,1.0,2.0,8.0,1.0,13.0,11.0,18.0,8.0,R Jones
23/02/2021,Birmingham,Norwich,1.0,3.0,A,4.0,3.0,2.0,2.0,6.0,6.0,19.0,8.0,14.0,12.0,O Langford
23/02/2021,Derby,Huddersfield,2.0,0.0,H,3.0,6.0,1.0,1.0,4.0,1.0,7.0,13.0,12.0,5.0,G Eltringham
23/02/2021,Luton,Millwall,1.0,1.0,D,1.0,4.0,2.0,1.0,4.0,3.0,11.0,17.0,9.0,14.0,G Scott
23/02/2021,Middlesbrough,Bristol City,1.0,3.0,A,6.0,2.0,1.0,2.0,3.0,6.0,10.0,13.0,17.0,6.0,T Robinson
23/02/2021,Rotherham,Nott'm Forest,0.0,1.0,A,2.0,5.0,3.0,1.0,1.0,4.0,18.0,10.0,7.0,10.0,M Donohue
23/02/2021,Wycombe,Reading,1.0,0.0,H,3.0,11.0,2.0,2.0,5.0,4.0,16.0,14.0,9.0,18.0,D Whitestone
24/02/2021,Barnsley,Stoke,2.0,0.0,H,5.0,8.0,0.0,3.0,4.0,1.0,12.0,8.0,12.0,12.0,D Bond
24/02/2021,Blackburn,Watford,2.0,3.0,A,7.0,6.0,1.0,0.0,5.0,7.0,13.0,9.0,10.0,17.0,J Linington
24/02/2021,Bournemouth,Cardiff,1.0,2.0,A,4.0,5.0,3.0,4.0,6.0,4.0,20.0,16.0,11.0,9.0,G Ward
24/02/2021,Brentford,Sheffield Weds,3.0,0.0,H,4.0,4.0,3.0,1.0,4.0,1.0,15.0,9.0,12.0,3.0,J Simpson
24/02/2021,Preston,QPR,0.0,0.0,D,8.0,2.0,0.0,2.0,3.0,2.0,9.0,11.0,15.0,6.0,D England
24/02/2021,Swansea,Coventry,1.0,0.0,H,2.0,4.0,1.0,2.0,2.0,1.0,12.0,18.0,11.0,8.0,A Woolmer
26/02/2021,Derby,Nott'm Forest,1.0,1.0,D,3.0,5.0,1.0,0.0,2.0,5.0,12.0,13.0,13.0,13.0,O Langford
27/02/2021,Barnsley,Millwall,2.0,1.0,H,10.0,3.0,1.0,1.0,6.0,3.0,17.0,9.0,14.0,6.0,L Doughty
27/02/2021,Birmingham,QPR,2.0,1.0,H,7.0,3.0,3.0,2.0,6.0,2.0,12.0,12.0,13.0,10.0,D Webb
27/02/2021,Blackburn,Coventry,1.0,1.0,D,5.0,2.0,1.0,0.0,2.0,3.0,11.0,11.0,6.0,10.0,D Bond
27/02/2021,Bournemouth,Watford,1.0,0.0,H,5.0,4.0,2.0,4.0,3.0,1.0,13.0,19.0,7.0,12.0,T Harrington
27/02/2021,Brentford,Stoke,2.0,1.0,H,4.0,1.0,1.0,3.0,4.0,3.0,15.0,18.0,15.0,10.0,J Brooks
27/02/2021,Luton,Sheffield Weds,3.0,2.0,H,7.0,7.0,1.0,2.0,3.0,3.0,10.0,9.0,7.0,16.0,M Salisbury
27/02/2021,Middlesbrough,Cardiff,1.0,1.0,D,11.0,0.0,0.0,3.0,2.0,2.0,8.0,12.0,10.0,2.0,J Gillett
27/02/2021,Preston,Huddersfield,3.0,0.0,H,5.0,8.0,2.0,3.0,7.0,7.0,13.0,13.0,13.0,16.0,J Linington
27/02/2021,Rotherham,Reading,0.0,1.0,A,10.0,8.0,3.0,0.0,1.0,4.0,15.0,8.0,17.0,11.0,D Coote
27/02/2021,Swansea,Bristol City,1.0,3.0,A,8.0,3.0,1.0,2.0,9.0,4.0,10.0,12.0,21.0,9.0,K Stroud
28/02/2021,Wycombe,Norwich,0.0,2.0,A,5.0,4.0,3.0,1.0,1.0,5.0,18.0,8.0,8.0,19.0,R Jones
02/03/2021,Cardiff,Derby,4.0,0.0,H,6.0,5.0,0.0,0.0,11.0,1.0,9.0,5.0,14.0,7.0,D Whitestone
02/03/2021,Coventry,Middlesbrough,1.0,2.0,A,3.0,2.0,1.0,2.0,0.0,2.0,15.0,9.0,8.0,11.0,G Scott
02/03/2021,Huddersfield,Birmingham,1.0,1.0,D,7.0,3.0,2.0,2.0,2.0,4.0,6.0,10.0,5.0,11.0,M Donohue
02/03/2021,Millwall,Preston,2.0,1.0,H,4.0,2.0,1.0,1.0,3.0,2.0,12.0,11.0,13.0,6.0,K Stroud
02/03/2021,Nott'm Forest,Luton,0.0,1.0,A,8.0,1.0,0.0,1.0,4.0,3.0,8.0,8.0,19.0,9.0,J Simpson
02/03/2021,Reading,Blackburn,1.0,0.0,H,2.0,5.0,1.0,3.0,4.0,2.0,11.0,15.0,9.0,12.0,G Ward
03/03/2021,Bristol City,Bournemouth,1.0,2.0,A,4.0,5.0,0.0,1.0,3.0,5.0,7.0,11.0,8.0,14.0,S Hooper
03/03/2021,Norwich,Brentford,1.0,0.0,H,2.0,1.0,2.0,1.0,7.0,2.0,12.0,13.0,13.0,11.0,T Robinson
03/03/2021,QPR,Barnsley,1.0,3.0,A,3.0,6.0,1.0,0.0,4.0,5.0,8.0,9.0,13.0,13.0,A Woolmer
03/03/2021,Sheffield Weds,Rotherham,1.0,2.0,A,7.0,4.0,1.0,0.0,5.0,5.0,13.0,11.0,15.0,9.0,D Bond
03/03/2021,Stoke,Swansea,1.0,2.0,A,5.0,4.0,0.0,1.0,2.0,7.0,12.0,10.0,9.0,10.0,D Webb
03/03/2021,Watford,Wycombe,2.0,0.0,H,3.0,3.0,0.0,0.0,3.0,0.0,15.0,9.0,11.0,7.0,G Eltringham
05/03/2021,Huddersfield,Cardiff,0.0,0.0,D,4.0,4.0,0.0,2.0,3.0,3.0,13.0,11.0,9.0,8.0,T Robinson
06/03/2021,Barnsley,Birmingham,1.0,0.0,H,5.0,3.0,2.0,2.0,4.0,0.0,11.0,12.0,12.0,3.0,G Scott
06/03/2021,Bristol City,QPR,0.0,2.0,A,4.0,8.0,2.0,3.0,1.0,5.0,10.0,15.0,7.0,16.0,T Harrington
06/03/2021,Coventry,Derby,1.0,0.0,H,5.0,7.0,2.0,4.0,3.0,1.0,12.0,14.0,10.0,7.0,J Brooks
06/03/2021,Millwall,Blackburn,0.0,2.0,A,3.0,2.0,2.0,3.0,2.0,5.0,15.0,12.0,12.0,13.0,M Donohue
06/03/2021,Norwich,Luton,3.0,0.0,H,6.0,1.0,0.0,0.0,5.0,2.0,9.0,6.0,15.0,7.0,D Webb
06/03/2021,Preston,Bournemouth,1.0,1.0,D,5.0,4.0,2.0,0.0,3.0,6.0,17.0,8.0,10.0,12.0,J Gillett
06/03/2021,Reading,Sheffield Weds,3.0,0.0,H,7.0,3.0,1.0,0.0,7.0,0.0,13.0,11.0,15.0,4.0,J Linington
06/03/2021,Stoke,Wycombe,2.0,0.0,H,6.0,4.0,3.0,2.0,6.0,2.0,18.0,4.0,16.0,13.0,A Woolmer
06/03/2021,Swansea,Middlesbrough,2.0,1.0,H,1.0,7.0,2.0,4.0,4.0,3.0,13.0,17.0,5.0,8.0,G Ward
06/03/2021,Watford,Nott'm Forest,1.0,0.0,H,7.0,8.0,2.0,1.0,4.0,0.0,16.0,8.0,12.0,9.0,J Moss
09/03/2021,Blackburn,Swansea,1.0,1.0,D,5.0,3.0,1.0,1.0,4.0,1.0,12.0,12.0,15.0,10.0,R Jones
09/03/2021,QPR,Wycombe,1.0,0.0,H,4.0,6.0,0.0,0.0,2.0,2.0,8.0,4.0,10.0,11.0,S Hooper
10/03/2021,Barnsley,Derby,0.0,0.0,D,3.0,5.0,2.0,0.0,2.0,2.0,14.0,7.0,7.0,6.0,K Stroud
12/03/2021,Blackburn,Brentford,0.0,1.0,A,2.0,3.0,4.0,2.0,4.0,3.0,19.0,15.0,10.0,13.0,G Eltringham
13/03/2021,Birmingham,Bristol City,0.0,3.0,A,5.0,2.0,3.0,2.0,0.0,4.0,12.0,10.0,9.0,9.0,J Gillett
13/03/2021,Bournemouth,Barnsley,2.0,3.0,A,6.0,6.0,2.0,3.0,3.0,6.0,7.0,12.0,10.0,17.0,J Brooks
13/03/2021,Cardiff,Watford,1.0,2.0,A,2.0,4.0,2.0,4.0,1.0,5.0,17.0,12.0,10.0,14.0,K Stroud
13/03/2021,Derby,Millwall,0.0,1.0,A,3.0,1.0,1.0,1.0,3.0,1.0,10.0,14.0,13.0,2.0,D England
13/03/2021,Luton,Swansea,0.0,1.0,A,7.0,4.0,0.0,4.0,5.0,2.0,10.0,11.0,12.0,8.0,D Bond
13/03/2021,Middlesbrough,Stoke,3.0,0.0,H,4.0,9.0,0.0,1.0,3.0,4.0,9.0,12.0,9.0,16.0,A Madley
13/03/2021,Nott'm Forest,Reading,1.0,1.0,D,4.0,6.0,1.0,0.0,4.0,6.0,16.0,9.0,15.0,23.0,S Martin
13/03/2021,QPR,Huddersfield,0.0,1.0,A,5.0,7.0,1.0,0.0,2.0,3.0,7.0,9.0,4.0,13.0,M Salisbury
13/03/2021,Wycombe,Preston,1.0,0.0,H,9.0,5.0,2.0,1.0,5.0,1.0,14.0,9.0,14.0,6.0,T Robinson
14/03/2021,Sheffield Weds,Norwich,1.0,2.0,A,3.0,5.0,2.0,3.0,4.0,3.0,17.0,9.0,12.0,12.0,T Harrington
16/03/2021,Bournemouth,Swansea,3.0,0.0,H,8.0,7.0,1.0,0.0,3.0,2.0,12.0,13.0,17.0,7.0,J Linington
16/03/2021,Cardiff,Stoke,0.0,0.0,D,5.0,3.0,1.0,1.0,2.0,5.0,11.0,13.0,13.0,9.0,G Scott
16/03/2021,Derby,Brentford,2.0,2.0,D,7.0,4.0,0.0,0.0,3.0,4.0,10.0,9.0,11.0,10.0,D Webb
16/03/2021,Luton,Coventry,2.0,0.0,H,5.0,4.0,2.0,0.0,6.0,1.0,15.0,14.0,20.0,8.0,S Martin
16/03/2021,Middlesbrough,Preston,2.0,0.0,H,2.0,2.0,1.0,1.0,3.0,3.0,9.0,12.0,15.0,7.0,O Langford
16/03/2021,Rotherham,Watford,1.0,4.0,A,5.0,8.0,0.0,0.0,4.0,10.0,12.0,14.0,11.0,16.0,J Simpson
17/03/2021,Birmingham,Reading,2.0,1.0,H,3.0,2.0,2.0,0.0,4.0,3.0,15.0,12.0,13.0,8.0,A Woolmer
17/03/2021,Blackburn,Bristol City,0.0,0.0,D,6.0,4.0,0.0,1.0,2.0,3.0,8.0,12.0,13.0,6.0,C Hicks
17/03/2021,Nott'm Forest,Norwich,0.0,2.0,A,4.0,5.0,0.0,1.0,1.0,7.0,13.0,6.0,5.0,22.0,L Doughty
17/03/2021,QPR,Millwall,3.0,2.0,H,4.0,2.0,2.0,0.0,8.0,4.0,11.0,8.0,16.0,14.0,J Gillett
17/03/2021,Sheffield Weds,Huddersfield,1.0,1.0,D,2.0,6.0,1.0,1.0,2.0,3.0,9.0,9.0,8.0,9.0,R Jones
17/03/2021,Wycombe,Barnsley,1.0,3.0,A,5.0,8.0,2.0,3.0,3.0,4.0,13.0,11.0,7.0,14.0,D Bond
20/03/2021,Barnsley,Sheffield Weds,1.0,2.0,A,6.0,2.0,1.0,4.0,4.0,2.0,8.0,17.0,9.0,6.0,T Robinson
20/03/2021,Brentford,Nott'm Forest,1.0,1.0,D,6.0,2.0,3.0,4.0,4.0,1.0,18.0,13.0,21.0,8.0,G Scott
20/03/2021,Bristol City,Rotherham,0.0,2.0,A,7.0,2.0,1.0,1.0,1.0,4.0,8.0,10.0,10.0,7.0,M Donohue
20/03/2021,Coventry,Wycombe,0.0,0.0,D,1.0,2.0,0.0,2.0,1.0,1.0,10.0,17.0,9.0,8.0,T Harrington
20/03/2021,Millwall,Middlesbrough,1.0,0.0,H,7.0,11.0,1.0,1.0,4.0,2.0,12.0,10.0,9.0,10.0,J Linington
20/03/2021,Norwich,Blackburn,1.0,1.0,D,5.0,4.0,0.0,0.0,7.0,4.0,12.0,11.0,16.0,11.0,K Stroud
20/03/2021,Preston,Luton,0.0,1.0,A,4.0,3.0,0.0,0.0,2.0,4.0,12.0,11.0,9.0,20.0,T Bramall
20/03/2021,Reading,QPR,1.0,1.0,D,7.0,5.0,0.0,1.0,2.0,4.0,8.0,19.0,17.0,13.0,D Whitestone
20/03/2021,Stoke,Derby,1.0,0.0,H,1.0,2.0,1.0,1.0,3.0,0.0,9.0,17.0,11.0,5.0,J Gillett
20/03/2021,Swansea,Cardiff,0.0,1.0,A,11.0,0.0,0.0,3.0,1.0,7.0,7.0,14.0,23.0,9.0,P Tierney
20/03/2021,Watford,Birmingham,3.0,0.0,H,6.0,5.0,1.0,1.0,9.0,1.0,9.0,13.0,12.0,14.0,D Bond
02/04/2021,Barnsley,Reading,1.0,1.0,D,7.0,5.0,3.0,0.0,2.0,1.0,19.0,6.0,16.0,6.0,G Eltringham
02/04/2021,Birmingham,Swansea,1.0,0.0,H,2.0,4.0,1.0,0.0,4.0,3.0,17.0,9.0,10.0,7.0,T Harrington
02/04/2021,Bournemouth,Middlesbrough,3.0,1.0,H,6.0,6.0,2.0,2.0,5.0,1.0,4.0,16.0,7.0,8.0,S Hooper
02/04/2021,Bristol City,Stoke,0.0,2.0,A,8.0,2.0,1.0,1.0,1.0,2.0,10.0,12.0,9.0,5.0,M Salisbury
02/04/2021,Cardiff,Nott'm Forest,0.0,1.0,A,6.0,4.0,2.0,3.0,3.0,1.0,15.0,13.0,18.0,8.0,G Ward
02/04/2021,Derby,Luton,2.0,0.0,H,5.0,4.0,4.0,2.0,5.0,3.0,14.0,11.0,11.0,13.0,A Woolmer
02/04/2021,Millwall,Rotherham,1.0,0.0,H,8.0,3.0,1.0,1.0,2.0,2.0,12.0,6.0,12.0,7.0,J Brooks
02/04/2021,Preston,Norwich,1.0,1.0,D,4.0,2.0,1.0,1.0,3.0,5.0,17.0,10.0,11.0,18.0,D Whitestone
02/04/2021,QPR,Coventry,3.0,0.0,H,6.0,6.0,1.0,0.0,10.0,3.0,17.0,7.0,17.0,10.0,J Simpson
02/04/2021,Watford,Sheffield Weds,1.0,0.0,H,6.0,3.0,2.0,4.0,2.0,1.0,19.0,14.0,11.0,8.0,C Kavanagh
02/04/2021,Wycombe,Blackburn,1.0,0.0,H,7.0,4.0,1.0,1.0,2.0,2.0,17.0,13.0,9.0,11.0,D Webb
03/04/2021,Huddersfield,Brentford,1.0,1.0,D,2.0,4.0,4.0,1.0,2.0,5.0,19.0,15.0,3.0,15.0,O Langford
05/04/2021,Blackburn,Bournemouth,0.0,2.0,A,4.0,3.0,1.0,2.0,4.0,2.0,16.0,17.0,10.0,6.0,D Bond
05/04/2021,Coventry,Bristol City,3.0,1.0,H,2.0,0.0,2.0,2.0,5.0,3.0,14.0,16.0,15.0,6.0,G Eltringham
05/04/2021,Luton,Barnsley,1.0,2.0,A,3.0,4.0,1.0,0.0,2.0,7.0,8.0,8.0,8.0,17.0,M Donohue
05/04/2021,Middlesbrough,Watford,1.0,1.0,D,5.0,2.0,0.0,1.0,1.0,2.0,11.0,15.0,3.0,10.0,T Robinson
05/04/2021,Nott'm Forest,QPR,3.0,1.0,H,6.0,2.0,3.0,1.0,8.0,2.0,9.0,11.0,20.0,8.0,K Stroud
05/04/2021,Reading,Derby,3.0,1.0,H,2.0,4.0,2.0,0.0,5.0,5.0,11.0,11.0,6.0,12.0,J Moss
05/04/2021,Rotherham,Wycombe,0.0,3.0,A,6.0,2.0,1.0,2.0,7.0,5.0,14.0,17.0,19.0,11.0,J Linington
05/04/2021,Sheffield Weds,Cardiff,5.0,0.0,H,4.0,7.0,0.0,0.0,6.0,3.0,15.0,11.0,12.0,17.0,D Webb
05/04/2021,Stoke,Millwall,1.0,2.0,A,5.0,4.0,1.0,1.0,5.0,3.0,11.0,17.0,14.0,10.0,G Ward
05/04/2021,Swansea,Preston,0.0,1.0,A,1.0,6.0,2.0,0.0,0.0,3.0,9.0,16.0,9.0,14.0,P Bankes
06/04/2021,Brentford,Birmingham,0.0,0.0,D,5.0,3.0,0.0,0.0,4.0,0.0,12.0,13.0,9.0,7.0,D Whitestone
06/04/2021,Norwich,Huddersfield,7.0,0.0,H,7.0,3.0,0.0,1.0,11.0,2.0,8.0,12.0,22.0,7.0,J Gillett
09/04/2021,Watford,Reading,2.0,0.0,H,3.0,3.0,3.0,1.0,3.0,5.0,23.0,14.0,12.0,17.0,J Linington
10/04/2021,Barnsley,Middlesbrough,2.0,0.0,H,5.0,6.0,1.0,0.0,5.0,2.0,12.0,7.0,13.0,5.0,K Stroud
10/04/2021,Birmingham,Stoke,2.0,0.0,H,3.0,4.0,1.0,1.0,3.0,1.0,13.0,13.0,9.0,5.0,G Eltringham
10/04/2021,Bournemouth,Coventry,4.0,1.0,H,4.0,3.0,0.0,1.0,7.0,2.0,9.0,10.0,12.0,7.0,D Webb
10/04/2021,Bristol City,Nott'm Forest,0.0,0.0,D,3.0,8.0,0.0,1.0,1.0,4.0,12.0,13.0,7.0,16.0,S Martin
10/04/2021,Cardiff,Blackburn,2.0,2.0,D,5.0,2.0,2.0,2.0,6.0,5.0,12.0,10.0,12.0,20.0,J Simpson
10/04/2021,Derby,Norwich,0.0,1.0,A,5.0,5.0,4.0,0.0,3.0,4.0,17.0,6.0,11.0,13.0,M Salisbury
10/04/2021,Huddersfield,Rotherham,0.0,0.0,D,6.0,9.0,0.0,0.0,4.0,4.0,12.0,5.0,9.0,13.0,L Mason
10/04/2021,Millwall,Swansea,0.0,3.0,A,4.0,3.0,0.0,0.0,2.0,5.0,13.0,8.0,12.0,10.0,R Jones
10/04/2021,Preston,Brentford,0.0,5.0,A,3.0,7.0,1.0,0.0,1.0,9.0,8.0,8.0,8.0,18.0,T Harrington
10/04/2021,QPR,Sheffield Weds,4.0,1.0,H,2.0,4.0,2.0,0.0,6.0,2.0,9.0,9.0,9.0,18.0,J Brooks
10/04/2021,Wycombe,Luton,1.0,3.0,A,4.0,3.0,1.0,1.0,4.0,6.0,10.0,12.0,7.0,13.0,O Langford
13/04/2021,Huddersfield,Bournemouth,1.0,2.0,A,6.0,5.0,0.0,2.0,3.0,5.0,14.0,8.0,9.0,15.0,J Simpson
13/04/2021,Rotherham,QPR,3.0,1.0,H,7.0,4.0,4.0,0.0,5.0,3.0,11.0,9.0,14.0,12.0,D Whitestone
13/04/2021,Sheffield Weds,Swansea,0.0,2.0,A,6.0,5.0,0.0,0.0,1.0,3.0,5.0,9.0,6.0,6.0,M Donohue
15/04/2021,Rotherham,Coventry,0.0,1.0,A,5.0,5.0,3.0,1.0,0.0,4.0,16.0,14.0,4.0,12.0,J Gillett
16/04/2021,Blackburn,Derby,2.0,1.0,H,4.0,5.0,2.0,1.0,7.0,6.0,12.0,10.0,11.0,12.0,S Martin
16/04/2021,Reading,Cardiff,1.0,1.0,D,3.0,3.0,0.0,3.0,4.0,5.0,17.0,16.0,15.0,10.0,J Brooks
17/04/2021,Brentford,Millwall,0.0,0.0,D,5.0,4.0,1.0,1.0,1.0,1.0,12.0,11.0,10.0,4.0,D Bond
17/04/2021,Luton,Watford,1.0,0.0,H,6.0,3.0,2.0,2.0,2.0,0.0,12.0,16.0,16.0,5.0,G Ward
17/04/2021,Middlesbrough,QPR,1.0,2.0,A,9.0,4.0,0.0,1.0,7.0,3.0,8.0,13.0,14.0,9.0,M Donohue
17/04/2021,Norwich,Bournemouth,1.0,3.0,A,1.0,7.0,3.0,3.0,1.0,5.0,10.0,10.0,5.0,7.0,G Scott
17/04/2021,Nott'm Forest,Huddersfield,0.0,2.0,A,5.0,2.0,0.0,2.0,3.0,4.0,14.0,13.0,16.0,10.0,A Woolmer
17/04/2021,Sheffield Weds,Bristol City,1.0,1.0,D,5.0,0.0,1.0,0.0,3.0,3.0,16.0,12.0,20.0,5.0,T Harrington
17/04/2021,Stoke,Preston,0.0,0.0,D,7.0,1.0,2.0,1.0,3.0,2.0,19.0,16.0,9.0,12.0,J Linington
17/04/2021,Swansea,Wycombe,2.0,2.0,D,4.0,5.0,1.0,3.0,8.0,5.0,9.0,14.0,14.0,15.0,K Stroud
18/04/2021,Coventry,Barnsley,2.0,0.0,H,3.0,3.0,0.0,1.0,4.0,2.0,16.0,12.0,14.0,7.0,L Mason
18/04/2021,Rotherham,Birmingham,0.0,1.0,A,5.0,5.0,2.0,0.0,2.0,2.0,12.0,8.0,17.0,14.0,T Robinson
20/04/2021,Brentford,Cardiff,1.0,1.0,D,10.0,3.0,2.0,0.0,6.0,3.0,15.0,9.0,15.0,13.0,D England
20/04/2021,Norwich,Watford,0.0,1.0,A,5.0,13.0,3.0,4.0,2.0,5.0,13.0,11.0,14.0,23.0,T Robinson
20/04/2021,Preston,Derby,3.0,0.0,H,1.0,7.0,0.0,1.0,5.0,2.0,13.0,11.0,10.0,10.0,G Eltringham
20/04/2021,Sheffield Weds,Blackburn,1.0,0.0,H,3.0,2.0,2.0,2.0,6.0,4.0,6.0,6.0,14.0,9.0,P Tierney
20/04/2021,Swansea,QPR,0.0,1.0,A,4.0,7.0,1.0,4.0,2.0,7.0,13.0,10.0,11.0,21.0,J Gillett
21/04/2021,Birmingham,Nott'm Forest,1.0,1.0,D,5.0,3.0,0.0,0.0,6.0,2.0,15.0,11.0,18.0,4.0,J Simpson
21/04/2021,Huddersfield,Barnsley,0.0,1.0,A,4.0,6.0,1.0,2.0,1.0,7.0,11.0,15.0,5.0,21.0,D Webb
21/04/2021,Luton,Reading,0.0,0.0,D,7.0,8.0,2.0,1.0,4.0,1.0,13.0,10.0,12.0,12.0,M Salisbury
21/04/2021,Millwall,Bournemouth,1.0,4.0,A,3.0,1.0,3.0,1.0,3.0,7.0,10.0,11.0,7.0,14.0,K Stroud
21/04/2021,Rotherham,Middlesbrough,1.0,2.0,A,3.0,13.0,2.0,3.0,1.0,5.0,12.0,14.0,6.0,25.0,D Bond
21/04/2021,Stoke,Coventry,2.0,3.0,A,6.0,2.0,1.0,1.0,5.0,7.0,14.0,13.0,13.0,11.0,O Langford
21/04/2021,Wycombe,Bristol City,2.0,1.0,H,5.0,2.0,1.0,0.0,6.0,3.0,12.0,11.0,22.0,9.0,D Whitestone
24/04/2021,Barnsley,Rotherham,1.0,0.0,H,3.0,9.0,2.0,3.0,2.0,7.0,15.0,15.0,7.0,16.0,G Ward
24/04/2021,Blackburn,Huddersfield,5.0,2.0,H,7.0,2.0,3.0,1.0,12.0,1.0,9.0,7.0,16.0,8.0,T Robinson
24/04/2021,Bournemouth,Brentford,0.0,1.0,A,3.0,5.0,1.0,3.0,1.0,6.0,13.0,18.0,4.0,18.0,J Brooks
24/04/2021,Cardiff,Wycombe,2.0,1.0,H,7.0,6.0,3.0,1.0,4.0,2.0,15.0,15.0,10.0,15.0,M Donohue
24/04/2021,Coventry,Preston,0.0,1.0,A,5.0,2.0,3.0,2.0,1.0,4.0,16.0,14.0,10.0,10.0,A Woolmer
24/04/2021,Derby,Birmingham,1.0,2.0,A,0.0,3.0,0.0,0.0,2.0,2.0,13.0,22.0,7.0,7.0,R Jones
24/04/2021,Middlesbrough,Sheffield Weds,3.0,1.0,H,8.0,7.0,1.0,0.0,5.0,6.0,12.0,9.0,14.0,18.0,J Gillett
24/04/2021,Nott'm Forest,Stoke,1.0,1.0,D,3.0,6.0,1.0,1.0,2.0,1.0,7.0,11.0,6.0,10.0,A Davies
24/04/2021,QPR,Norwich,1.0,3.0,A,5.0,5.0,1.0,0.0,5.0,7.0,13.0,6.0,14.0,19.0,J Linington
24/04/2021,Watford,Millwall,1.0,0.0,H,5.0,5.0,0.0,1.0,4.0,2.0,9.0,19.0,13.0,10.0,D Whitestone
25/04/2021,Bristol City,Luton,2.0,3.0,A,4.0,5.0,0.0,0.0,4.0,5.0,10.0,9.0,10.0,14.0,J Busby
25/04/2021,Reading,Swansea,2.0,2.0,D,7.0,4.0,1.0,2.0,4.0,4.0,13.0,15.0,14.0,15.0,J Brooks
27/04/2021,Brentford,Rotherham,1.0,0.0,H,2.0,4.0,0.0,0.0,5.0,3.0,14.0,15.0,15.0,10.0,M Salisbury
01/05/2021,Birmingham,Cardiff,0.0,4.0,A,4.0,4.0,1.0,1.0,1.0,7.0,11.0,20.0,11.0,13.0,A Davies
01/05/2021,Brentford,Watford,2.0,0.0,H,5.0,1.0,2.0,1.0,3.0,4.0,11.0,13.0,13.0,7.0,L Mason
01/05/2021,Huddersfield,Coventry,1.0,1.0,D,7.0,4.0,2.0,1.0,3.0,5.0,10.0,16.0,7.0,13.0,K Stroud
01/05/2021,Luton,Middlesbrough,1.0,1.0,D,10.0,6.0,1.0,0.0,2.0,1.0,20.0,14.0,10.0,6.0,J Simpson
01/05/2021,Millwall,Bristol City,4.0,1.0,H,5.0,0.0,2.0,1.0,12.0,1.0,13.0,9.0,20.0,4.0,J Smith
01/05/2021,Norwich,Reading,4.0,1.0,H,5.0,2.0,2.0,2.0,12.0,2.0,13.0,21.0,23.0,7.0,O Langford
01/05/2021,Preston,Barnsley,2.0,0.0,H,6.0,4.0,1.0,2.0,4.0,2.0,14.0,11.0,9.0,11.0,M Donohue
01/05/2021,Rotherham,Blackburn,1.0,1.0,D,4.0,7.0,3.0,0.0,5.0,6.0,16.0,12.0,14.0,17.0,T Harrington
01/05/2021,Sheffield Weds,Nott'm Forest,0.0,0.0,D,6.0,2.0,2.0,2.0,5.0,2.0,12.0,9.0,14.0,12.0,T Robinson
01/05/2021,Stoke,QPR,0.0,2.0,A,9.0,1.0,1.0,2.0,1.0,3.0,11.0,13.0,14.0,6.0,C Pawson
01/05/2021,Swansea,Derby,2.0,1.0,H,4.0,6.0,2.0,1.0,2.0,4.0,12.0,15.0,4.0,9.0,D Bond
01/05/2021,Wycombe,Bournemouth,1.0,0.0,H,4.0,1.0,1.0,1.0,4.0,1.0,12.0,17.0,13.0,11.0,G Eltringham
04/05/2021,Luton,Rotherham,0.0,0.0,D,6.0,7.0,0.0,1.0,3.0,2.0,11.0,8.0,13.0,9.0,D Whitestone
08/05/2021,Barnsley,Norwich,2.0,2.0,D,2.0,1.0,3.0,1.0,7.0,2.0,23.0,5.0,15.0,5.0,J Smith
08/05/2021,Blackburn,Birmingham,5.0,2.0,H,5.0,1.0,0.0,3.0,8.0,3.0,8.0,17.0,18.0,5.0,K Stroud
08/05/2021,Bournemouth,Stoke,0.0,2.0,A,6.0,3.0,2.0,1.0,1.0,5.0,14.0,17.0,8.0,13.0,D Webb
08/05/2021,Bristol City,Brentford,1.0,3.0,A,1.0,2.0,4.0,1.0,3.0,5.0,12.0,13.0,4.0,14.0,J Linington
08/05/2021,Cardiff,Rotherham,1.0,1.0,D,6.0,4.0,1.0,2.0,3.0,4.0,12.0,15.0,9.0,17.0,G Scott
08/05/2021,Coventry,Millwall,6.0,1.0,H,10.0,8.0,1.0,3.0,11.0,0.0,7.0,10.0,21.0,12.0,M Salisbury
08/05/2021,Derby,Sheffield Weds,3.0,3.0,D,6.0,10.0,2.0,3.0,4.0,5.0,10.0,13.0,12.0,9.0,M Dean
08/05/2021,Middlesbrough,Wycombe,0.0,3.0,A,6.0,6.0,0.0,1.0,0.0,5.0,11.0,15.0,5.0,16.0,M Atkinson
08/05/2021,Nott'm Forest,Preston,1.0,2.0,A,4.0,3.0,1.0,1.0,3.0,3.0,10.0,12.0,16.0,7.0,D Bond
08/05/2021,QPR,Luton,3.0,1.0,H,8.0,6.0,1.0,1.0,4.0,4.0,14.0,6.0,9.0,17.0,T Harrington
08/05/2021,Reading,Huddersfield,2.0,2.0,D,3.0,3.0,1.0,1.0,7.0,4.0,5.0,10.0,13.0,11.0,J Gillett
08/05/2021,Watford,Swansea,2.0,0.0,H,3.0,8.0,0.0,0.0,3.0,2.0,12.0,6.0,10.0,15.0,G Eltringham
06/08/2021,Bournemouth,West Brom,2.0,2.0,D,4.0,8.0,1.0,3.0,4.0,5.0,11.0,13.0,7.0,15.0,D Whitestone
07/08/2021,Blackburn,Swansea,2.0,1.0,H,7.0,5.0,4.0,2.0,10.0,4.0,11.0,10.0,21.0,7.0,D Webb
07/08/2021,Bristol City,Blackpool,1.0,1.0,D,2.0,4.0,2.0,0.0,2.0,1.0,10.0,13.0,11.0,7.0,A Davies
07/08/2021,Cardiff,Barnsley,1.0,1.0,D,2.0,4.0,0.0,0.0,6.0,3.0,7.0,6.0,10.0,10.0,S Martin
07/08/2021,Derby,Huddersfield,1.0,1.0,D,4.0,6.0,3.0,2.0,3.0,6.0,17.0,15.0,11.0,17.0,G Eltringham
07/08/2021,Luton,Peterboro,3.0,0.0,H,7.0,2.0,1.0,5.0,6.0,1.0,18.0,7.0,12.0,4.0,A Woolmer
07/08/2021,Preston,Hull,1.0,4.0,A,2.0,7.0,2.0,2.0,4.0,5.0,9.0,6.0,7.0,16.0,G Ward
07/08/2021,QPR,Millwall,1.0,1.0,D,7.0,5.0,0.0,3.0,4.0,3.0,11.0,18.0,11.0,10.0,O Langford
07/08/2021,Sheffield United,Birmingham,0.0,1.0,A,8.0,2.0,1.0,6.0,2.0,2.0,3.0,12.0,16.0,9.0,T Robinson
07/08/2021,Stoke,Reading,3.0,2.0,H,6.0,9.0,0.0,2.0,6.0,5.0,16.0,7.0,18.0,11.0,M Donohue
08/08/2021,Coventry,Nott'm Forest,2.0,1.0,H,0.0,5.0,4.0,1.0,6.0,2.0,16.0,12.0,12.0,10.0,J Linington
08/08/2021,Fulham,Middlesbrough,1.0,1.0,D,4.0,2.0,2.0,3.0,3.0,1.0,14.0,14.0,16.0,7.0,K Stroud
14/08/2021,Barnsley,Coventry,1.0,0.0,H,1.0,5.0,8.0,2.0,1.0,2.0,16.0,14.0,8.0,12.0,J Busby
14/08/2021,Birmingham,Stoke,0.0,0.0,D,7.0,6.0,1.0,2.0,2.0,2.0,7.0,8.0,9.0,8.0,G Ward
14/08/2021,Blackpool,Cardiff,0.0,2.0,A,5.0,3.0,1.0,1.0,2.0,8.0,9.0,18.0,8.0,17.0,A Woolmer
14/08/2021,Huddersfield,Fulham,1.0,5.0,A,5.0,7.0,1.0,1.0,2.0,11.0,10.0,9.0,9.0,15.0,D Whitestone
14/08/2021,Hull,QPR,0.0,3.0,A,7.0,2.0,0.0,0.0,4.0,8.0,6.0,7.0,12.0,14.0,M Donohue
14/08/2021,Middlesbrough,Bristol City,2.0,1.0,H,1.0,1.0,1.0,1.0,7.0,2.0,15.0,13.0,13.0,10.0,O Langford
14/08/2021,Millwall,Blackburn,1.0,1.0,D,7.0,3.0,1.0,2.0,2.0,1.0,10.0,15.0,15.0,2.0,A Davies
14/08/2021,Nott'm Forest,Bournemouth,1.0,2.0,A,6.0,4.0,2.0,1.0,5.0,3.0,8.0,16.0,15.0,8.0,G Eltringham
14/08/2021,Peterboro,Derby,2.0,1.0,H,2.0,5.0,4.0,2.0,4.0,2.0,9.0,13.0,13.0,7.0,D Webb
14/08/2021,Reading,Preston,2.0,1.0,H,2.0,12.0,3.0,0.0,2.0,5.0,11.0,16.0,12.0,13.0,J Smith
14/08/2021,Swansea,Sheffield United,0.0,0.0,D,1.0,6.0,1.0,2.0,1.0,2.0,8.0,14.0,8.0,8.0,K Stroud
14/08/2021,West Brom,Luton,3.0,2.0,H,8.0,4.0,2.0,2.0,6.0,5.0,15.0,9.0,18.0,11.0,T Robinson
17/08/2021,Barnsley,Luton,0.0,1.0,A,4.0,4.0,1.0,4.0,3.0,4.0,13.0,13.0,10.0,7.0,O Langford
17/08/2021,Blackpool,Coventry,0.0,1.0,A,6.0,11.0,2.0,4.0,4.0,5.0,7.0,11.0,12.0,19.0,K Stroud
17/08/2021,Huddersfield,Preston,1.0,0.0,H,4.0,4.0,3.0,2.0,0.0,2.0,12.0,7.0,7.0,8.0,J Linington
17/08/2021,Millwall,Fulham,1.0,2.0,A,2.0,5.0,4.0,2.0,2.0,6.0,11.0,11.0,7.0,16.0,G Eltringham
17/08/2021,Peterboro,Cardiff,2.0,2.0,D,0.0,6.0,1.0,2.0,3.0,3.0,9.0,18.0,8.0,9.0,T Bramall
17/08/2021,Reading,Bristol City,2.0,3.0,A,5.0,2.0,0.0,1.0,3.0,5.0,11.0,12.0,11.0,8.0,A Woolmer
17/08/2021,Swansea,Stoke,1.0,3.0,A,5.0,5.0,0.0,2.0,3.0,5.0,6.0,14.0,9.0,12.0,J Smith
18/08/2021,Birmingham,Bournemouth,0.0,2.0,A,5.0,3.0,1.0,0.0,3.0,4.0,17.0,8.0,9.0,9.0,A Davies
18/08/2021,Hull,Derby,0.0,1.0,A,5.0,3.0,1.0,3.0,2.0,5.0,7.0,11.0,9.0,13.0,D Whitestone
18/08/2021,Middlesbrough,QPR,2.0,3.0,A,7.0,1.0,2.0,1.0,6.0,6.0,14.0,17.0,14.0,8.0,S Martin
18/08/2021,Nott'm Forest,Blackburn,1.0,2.0,A,3.0,1.0,1.0,3.0,4.0,7.0,13.0,15.0,7.0,9.0,G Ward
18/08/2021,West Brom,Sheffield United,4.0,0.0,H,5.0,4.0,0.0,1.0,4.0,1.0,11.0,3.0,12.0,5.0,M Donohue
20/08/2021,Bristol City,Swansea,0.0,1.0,A,1.0,2.0,4.0,6.0,5.0,4.0,14.0,14.0,15.0,8.0,G Eltringham
21/08/2021,Blackburn,West Brom,1.0,2.0,A,5.0,6.0,1.0,2.0,2.0,11.0,11.0,12.0,7.0,23.0,T Harrington
21/08/2021,Bournemouth,Blackpool,2.0,2.0,D,6.0,5.0,0.0,4.0,5.0,5.0,20.0,12.0,13.0,11.0,S Martin
21/08/2021,Cardiff,Millwall,3.0,1.0,H,2.0,3.0,2.0,1.0,5.0,5.0,15.0,14.0,16.0,12.0,J Linington
21/08/2021,Coventry,Reading,2.0,1.0,H,10.0,2.0,5.0,3.0,7.0,2.0,14.0,8.0,25.0,7.0,D Webb
21/08/2021,Derby,Middlesbrough,0.0,0.0,D,7.0,3.0,2.0,4.0,4.0,3.0,15.0,7.0,9.0,11.0,A Davies
21/08/2021,Fulham,Hull,2.0,0.0,H,9.0,1.0,3.0,2.0,6.0,3.0,14.0,5.0,15.0,8.0,T Robinson
21/08/2021,Luton,Birmingham,0.0,5.0,A,5.0,5.0,1.0,1.0,3.0,9.0,10.0,7.0,11.0,20.0,J Busby
21/08/2021,Preston,Peterboro,1.0,0.0,H,5.0,1.0,2.0,0.0,7.0,2.0,14.0,7.0,16.0,9.0,D Whitestone
21/08/2021,QPR,Barnsley,2.0,2.0,D,6.0,9.0,2.0,3.0,6.0,4.0,3.0,15.0,13.0,12.0,G Ward
21/08/2021,Sheffield United,Huddersfield,1.0,2.0,A,6.0,4.0,0.0,3.0,6.0,3.0,7.0,9.0,16.0,6.0,M Salisbury
21/08/2021,Stoke,Nott'm Forest,1.0,0.0,H,6.0,2.0,2.0,2.0,5.0,0.0,8.0,6.0,11.0,2.0,O Langford
28/08/2021,Barnsley,Birmingham,1.0,1.0,D,2.0,2.0,2.0,4.0,2.0,4.0,10.0,11.0,7.0,14.0,M Donohue
28/08/2021,Cardiff,Bristol City,1.0,2.0,A,4.0,3.0,2.0,2.0,5.0,5.0,9.0,8.0,12.0,9.0,D Webb
28/08/2021,Derby,Nott'm Forest,1.0,1.0,D,8.0,4.0,4.0,1.0,4.0,4.0,6.0,7.0,13.0,13.0,T Robinson
28/08/2021,Fulham,Stoke,3.0,0.0,H,8.0,7.0,0.0,1.0,9.0,3.0,7.0,9.0,20.0,11.0,J Gillett
28/08/2021,Huddersfield,Reading,4.0,0.0,H,5.0,3.0,3.0,2.0,8.0,1.0,10.0,10.0,16.0,7.0,L Doughty
28/08/2021,Hull,Bournemouth,0.0,0.0,D,2.0,6.0,0.0,2.0,0.0,5.0,15.0,16.0,3.0,12.0,G Eltringham
28/08/2021,Luton,Sheffield United,0.0,0.0,D,2.0,6.0,1.0,1.0,1.0,1.0,13.0,8.0,9.0,8.0,A Davies
28/08/2021,Middlesbrough,Blackburn,1.0,1.0,D,11.0,5.0,1.0,2.0,5.0,1.0,9.0,7.0,12.0,6.0,M Salisbury
28/08/2021,Millwall,Blackpool,2.0,1.0,H,14.0,1.0,4.0,3.0,7.0,3.0,8.0,7.0,18.0,10.0,G Ward
28/08/2021,Peterboro,West Brom,0.0,1.0,A,6.0,5.0,2.0,4.0,1.0,3.0,9.0,10.0,5.0,19.0,J Linington
28/08/2021,Preston,Swansea,3.0,1.0,H,3.0,1.0,4.0,1.0,6.0,2.0,22.0,10.0,11.0,5.0,T Bramall
28/08/2021,QPR,Coventry,2.0,0.0,H,5.0,11.0,1.0,1.0,5.0,4.0,5.0,16.0,13.0,15.0,D Whitestone
10/09/2021,Birmingham,Derby,2.0,0.0,H,2.0,2.0,2.0,3.0,4.0,2.0,19.0,6.0,13.0,7.0,G Ward
11/09/2021,Blackburn,Luton,2.0,2.0,D,1.0,4.0,4.0,5.0,5.0,4.0,11.0,11.0,11.0,10.0,O Langford
11/09/2021,Blackpool,Fulham,1.0,0.0,H,4.0,4.0,3.0,2.0,1.0,4.0,12.0,10.0,8.0,17.0,J Busby
11/09/2021,Bournemouth,Barnsley,3.0,0.0,H,6.0,0.0,3.0,3.0,8.0,0.0,10.0,11.0,14.0,2.0,J Linington
11/09/2021,Bristol City,Preston,0.0,0.0,D,8.0,6.0,0.0,1.0,3.0,2.0,8.0,9.0,10.0,10.0,T Robinson
11/09/2021,Coventry,Middlesbrough,2.0,0.0,H,7.0,7.0,1.0,3.0,6.0,5.0,13.0,12.0,12.0,8.0,L Doughty
11/09/2021,Reading,QPR,3.0,3.0,D,3.0,6.0,2.0,1.0,4.0,4.0,13.0,12.0,12.0,22.0,G Eltringham
11/09/2021,Sheffield United,Peterboro,6.0,2.0,H,11.0,3.0,0.0,2.0,9.0,5.0,1.0,18.0,24.0,7.0,S Martin
11/09/2021,Stoke,Huddersfield,2.0,1.0,H,3.0,5.0,2.0,3.0,2.0,4.0,16.0,8.0,6.0,15.0,J Smith
11/09/2021,Swansea,Hull,0.0,0.0,D,7.0,2.0,1.0,2.0,4.0,1.0,9.0,11.0,16.0,4.0,K Stroud
11/09/2021,West Brom,Millwall,1.0,1.0,D,4.0,5.0,1.0,3.0,2.0,4.0,14.0,16.0,11.0,13.0,A Woolmer
12/09/2021,Nott'm Forest,Cardiff,1.0,2.0,A,4.0,4.0,0.0,3.0,4.0,5.0,9.0,9.0,15.0,22.0,D Whitestone
14/09/2021,Blackburn,Hull,2.0,0.0,H,6.0,6.0,1.0,2.0,6.0,4.0,7.0,11.0,18.0,16.0,J Brooks
14/09/2021,Blackpool,Huddersfield,0.0,3.0,A,4.0,3.0,0.0,1.0,3.0,6.0,11.0,12.0,16.0,13.0,T Bramall
14/09/2021,Bournemouth,QPR,2.0,1.0,H,3.0,6.0,5.0,3.0,4.0,6.0,21.0,7.0,10.0,15.0,K Stroud
14/09/2021,Reading,Peterboro,3.0,1.0,H,3.0,5.0,0.0,1.0,6.0,3.0,14.0,6.0,12.0,6.0,T Robinson
14/09/2021,Sheffield United,Preston,2.0,2.0,D,2.0,6.0,2.0,1.0,6.0,4.0,10.0,6.0,13.0,9.0,G Eltringham
14/09/2021,West Brom,Derby,0.0,0.0,D,5.0,4.0,1.0,1.0,9.0,0.0,8.0,10.0,25.0,4.0,K Friend
15/09/2021,Birmingham,Fulham,1.0,4.0,A,10.0,2.0,2.0,1.0,7.0,10.0,9.0,10.0,18.0,15.0,D Webb
15/09/2021,Bristol City,Luton,1.0,1.0,D,7.0,9.0,1.0,2.0,2.0,4.0,10.0,17.0,13.0,19.0,J Simpson
15/09/2021,Coventry,Cardiff,1.0,0.0,H,7.0,6.0,2.0,1.0,4.0,1.0,3.0,15.0,11.0,10.0,M Salisbury
15/09/2021,Nott'm Forest,Middlesbrough,0.0,2.0,A,6.0,7.0,1.0,5.0,3.0,6.0,14.0,13.0,15.0,13.0,A Woolmer
15/09/2021,Stoke,Barnsley,1.0,1.0,D,12.0,4.0,1.0,5.0,7.0,4.0,12.0,12.0,12.0,9.0,L Doughty
15/09/2021,Swansea,Millwall,0.0,0.0,D,7.0,3.0,2.0,3.0,4.0,4.0,13.0,8.0,12.0,10.0,J Busby
18/09/2021,Barnsley,Blackburn,0.0,0.0,D,8.0,1.0,0.0,1.0,4.0,2.0,9.0,13.0,13.0,3.0,A Woolmer
18/09/2021,Cardiff,Bournemouth,0.0,1.0,A,2.0,5.0,3.0,3.0,2.0,5.0,6.0,7.0,6.0,16.0,J Smith
18/09/2021,Derby,Stoke,2.0,1.0,H,7.0,6.0,2.0,3.0,5.0,5.0,10.0,8.0,14.0,13.0,J Simpson
18/09/2021,Fulham,Reading,1.0,2.0,A,9.0,0.0,4.0,3.0,5.0,4.0,17.0,12.0,25.0,8.0,S Martin
18/09/2021,Huddersfield,Nott'm Forest,0.0,2.0,A,6.0,5.0,2.0,1.0,2.0,4.0,9.0,9.0,10.0,8.0,C Kavanagh
18/09/2021,Hull,Sheffield United,1.0,3.0,A,6.0,4.0,3.0,2.0,5.0,8.0,8.0,10.0,10.0,15.0,D Whitestone
18/09/2021,Luton,Swansea,3.0,3.0,D,5.0,7.0,2.0,1.0,5.0,3.0,18.0,10.0,16.0,15.0,T Harrington
18/09/2021,Middlesbrough,Blackpool,1.0,2.0,A,6.0,6.0,2.0,1.0,5.0,1.0,9.0,7.0,9.0,11.0,D Webb
18/09/2021,Millwall,Coventry,1.0,1.0,D,8.0,4.0,2.0,0.0,4.0,3.0,12.0,7.0,17.0,15.0,K Stroud
18/09/2021,Peterboro,Birmingham,3.0,0.0,H,4.0,6.0,2.0,2.0,2.0,2.0,11.0,16.0,9.0,13.0,J Gillett
18/09/2021,Preston,West Brom,1.0,1.0,D,3.0,10.0,1.0,1.0,2.0,3.0,10.0,12.0,8.0,12.0,A Davies
18/09/2021,QPR,Bristol City,1.0,2.0,A,9.0,4.0,4.0,1.0,11.0,3.0,13.0,8.0,26.0,9.0,L Doughty
24/09/2021,Coventry,Peterboro,3.0,0.0,H,4.0,1.0,0.0,1.0,7.0,2.0,12.0,9.0,16.0,8.0,G Eltringham
24/09/2021,West Brom,QPR,2.0,1.0,H,8.0,5.0,1.0,1.0,7.0,4.0,13.0,10.0,18.0,5.0,J Linington
25/09/2021,Birmingham,Preston,0.0,0.0,D,5.0,8.0,1.0,3.0,2.0,2.0,10.0,13.0,6.0,9.0,M Donohue
25/09/2021,Blackburn,Cardiff,5.0,1.0,H,2.0,6.0,0.0,2.0,10.0,5.0,7.0,9.0,17.0,11.0,K Stroud
25/09/2021,Blackpool,Barnsley,1.0,0.0,H,6.0,4.0,1.0,3.0,6.0,4.0,17.0,13.0,13.0,13.0,S Martin
25/09/2021,Bournemouth,Luton,2.0,1.0,H,4.0,7.0,2.0,0.0,2.0,3.0,12.0,9.0,6.0,10.0,T Robinson
25/09/2021,Bristol City,Fulham,1.0,1.0,D,3.0,7.0,1.0,3.0,5.0,5.0,7.0,11.0,14.0,22.0,S Hooper
25/09/2021,Nott'm Forest,Millwall,1.0,1.0,D,3.0,4.0,2.0,3.0,3.0,2.0,10.0,12.0,10.0,12.0,J Simpson
25/09/2021,Reading,Middlesbrough,1.0,0.0,H,2.0,4.0,3.0,3.0,5.0,2.0,6.0,15.0,13.0,10.0,P Bankes
25/09/2021,Sheffield United,Derby,1.0,0.0,H,11.0,1.0,1.0,1.0,2.0,4.0,9.0,5.0,17.0,9.0,D Webb
25/09/2021,Stoke,Hull,2.0,0.0,H,1.0,5.0,2.0,0.0,5.0,4.0,11.0,14.0,10.0,12.0,T Bramall
25/09/2021,Swansea,Huddersfield,1.0,0.0,H,3.0,2.0,2.0,2.0,6.0,0.0,14.0,18.0,7.0,5.0,G Ward
28/09/2021,Cardiff,West Brom,0.0,4.0,A,4.0,6.0,1.0,1.0,0.0,6.0,14.0,10.0,6.0,11.0,G Scott
28/09/2021,Huddersfield,Blackburn,3.0,2.0,H,5.0,3.0,2.0,0.0,8.0,3.0,6.0,5.0,13.0,13.0,J Simpson
28/09/2021,Hull,Blackpool,1.0,1.0,D,9.0,3.0,1.0,2.0,3.0,3.0,8.0,14.0,15.0,10.0,M Donohue
28/09/2021,Middlesbrough,Sheffield United,2.0,0.0,H,4.0,7.0,4.0,2.0,4.0,4.0,9.0,6.0,9.0,13.0,J Linington
28/09/2021,Preston,Stoke,1.0,1.0,D,1.0,6.0,2.0,4.0,2.0,5.0,8.0,13.0,9.0,21.0,J Brooks
28/09/2021,QPR,Birmingham,2.0,0.0,H,1.0,4.0,1.0,1.0,5.0,0.0,9.0,10.0,12.0,13.0,M Salisbury
29/09/2021,Barnsley,Nott'm Forest,1.0,3.0,A,2.0,6.0,1.0,0.0,3.0,7.0,13.0,6.0,8.0,12.0,G Eltringham
29/09/2021,Derby,Reading,1.0,0.0,H,2.0,4.0,4.0,0.0,5.0,7.0,10.0,10.0,14.0,16.0,J Busby
29/09/2021,Fulham,Swansea,3.0,1.0,H,3.0,4.0,0.0,1.0,7.0,1.0,16.0,7.0,10.0,7.0,J Smith
29/09/2021,Luton,Coventry,5.0,0.0,H,5.0,7.0,0.0,2.0,9.0,1.0,12.0,8.0,21.0,6.0,S Martin
29/09/2021,Millwall,Bristol City,1.0,0.0,H,4.0,6.0,1.0,2.0,4.0,1.0,8.0,11.0,12.0,11.0,D Whitestone
29/09/2021,Peterboro,Bournemouth,0.0,0.0,D,4.0,6.0,1.0,0.0,1.0,3.0,12.0,14.0,4.0,11.0,A Woolmer
01/10/2021,Stoke,West Brom,1.0,0.0,H,1.0,5.0,2.0,2.0,6.0,2.0,11.0,15.0,11.0,11.0,T Robinson
02/10/2021,Barnsley,Millwall,0.0,1.0,A,5.0,8.0,2.0,1.0,3.0,7.0,10.0,5.0,14.0,17.0,D Webb
02/10/2021,Birmingham,Nott'm Forest,0.0,3.0,A,6.0,4.0,1.0,3.0,9.0,7.0,15.0,11.0,18.0,12.0,K Stroud
02/10/2021,Blackpool,Blackburn,2.0,1.0,H,2.0,9.0,3.0,1.0,3.0,6.0,13.0,8.0,8.0,16.0,J Smith
02/10/2021,Bournemouth,Sheffield United,2.0,1.0,H,4.0,7.0,3.0,2.0,7.0,1.0,13.0,9.0,11.0,8.0,R Jones
02/10/2021,Cardiff,Reading,0.0,1.0,A,7.0,2.0,4.0,0.0,5.0,1.0,18.0,5.0,27.0,2.0,T Bramall
02/10/2021,Coventry,Fulham,4.0,1.0,H,7.0,7.0,1.0,3.0,5.0,1.0,11.0,11.0,14.0,12.0,G Ward
02/10/2021,Derby,Swansea,0.0,0.0,D,0.0,4.0,3.0,0.0,5.0,2.0,11.0,10.0,6.0,15.0,A Madley
02/10/2021,Hull,Middlesbrough,2.0,0.0,H,1.0,1.0,1.0,3.0,2.0,4.0,14.0,9.0,9.0,17.0,A Davies
02/10/2021,Luton,Huddersfield,0.0,0.0,D,6.0,4.0,2.0,3.0,3.0,2.0,10.0,14.0,14.0,9.0,L Doughty
02/10/2021,Peterboro,Bristol City,2.0,3.0,A,5.0,10.0,1.0,1.0,3.0,7.0,13.0,9.0,15.0,15.0,D Coote
02/10/2021,QPR,Preston,3.0,2.0,H,7.0,3.0,1.0,0.0,9.0,5.0,12.0,11.0,19.0,11.0,J Simpson
15/10/2021,West Brom,Birmingham,1.0,0.0,H,8.0,2.0,3.0,0.0,3.0,1.0,11.0,12.0,11.0,10.0,J Simpson
16/10/2021,Blackburn,Coventry,2.0,2.0,D,4.0,5.0,2.0,2.0,6.0,4.0,9.0,15.0,10.0,9.0,M Donohue
16/10/2021,Bristol City,Bournemouth,0.0,2.0,A,5.0,11.0,0.0,0.0,2.0,5.0,4.0,7.0,5.0,22.0,G Ward
16/10/2021,Fulham,QPR,4.0,1.0,H,7.0,2.0,0.0,4.0,7.0,1.0,9.0,12.0,16.0,7.0,O Langford
16/10/2021,Huddersfield,Hull,2.0,0.0,H,4.0,5.0,1.0,2.0,4.0,2.0,8.0,12.0,12.0,9.0,R Jones
16/10/2021,Middlesbrough,Peterboro,2.0,0.0,H,4.0,3.0,2.0,4.0,5.0,0.0,8.0,11.0,17.0,6.0,J Busby
16/10/2021,Millwall,Luton,0.0,2.0,A,12.0,3.0,1.0,3.0,5.0,2.0,10.0,18.0,14.0,6.0,C Kavanagh
16/10/2021,Nott'm Forest,Blackpool,2.0,1.0,H,4.0,3.0,2.0,0.0,5.0,3.0,11.0,7.0,13.0,6.0,K Friend
16/10/2021,Preston,Derby,0.0,0.0,D,4.0,10.0,2.0,0.0,3.0,5.0,13.0,7.0,8.0,17.0,J Smith
16/10/2021,Reading,Barnsley,1.0,0.0,H,4.0,6.0,0.0,2.0,6.0,7.0,10.0,9.0,10.0,16.0,A Davies
16/10/2021,Sheffield United,Stoke,2.0,1.0,H,8.0,4.0,0.0,2.0,4.0,4.0,14.0,8.0,16.0,12.0,K Stroud
17/10/2021,Swansea,Cardiff,3.0,0.0,H,8.0,5.0,1.0,2.0,7.0,3.0,5.0,15.0,12.0,10.0,J Linington
19/10/2021,Bristol City,Nott'm Forest,1.0,2.0,A,1.0,9.0,1.0,0.0,2.0,6.0,7.0,8.0,9.0,15.0,S Martin
19/10/2021,Derby,Luton,2.0,2.0,D,5.0,5.0,1.0,2.0,3.0,3.0,12.0,14.0,9.0,10.0,G Eltringham
19/10/2021,QPR,Blackburn,1.0,0.0,H,4.0,2.0,2.0,3.0,5.0,1.0,14.0,7.0,16.0,5.0,D Webb
19/10/2021,Sheffield United,Millwall,1.0,2.0,A,5.0,4.0,2.0,1.0,3.0,5.0,11.0,12.0,12.0,12.0,M Donohue
19/10/2021,Stoke,Bournemouth,0.0,1.0,A,9.0,7.0,0.0,2.0,2.0,4.0,3.0,13.0,13.0,10.0,D Whitestone
20/10/2021,Fulham,Cardiff,2.0,0.0,H,6.0,2.0,0.0,3.0,6.0,2.0,8.0,15.0,24.0,15.0,T Robinson
20/10/2021,Huddersfield,Birmingham,0.0,0.0,D,2.0,2.0,3.0,1.0,1.0,2.0,9.0,17.0,9.0,6.0,A Woolmer
20/10/2021,Hull,Peterboro,1.0,2.0,A,8.0,4.0,1.0,2.0,5.0,5.0,10.0,11.0,19.0,9.0,L Doughty
20/10/2021,Middlesbrough,Barnsley,2.0,0.0,H,8.0,4.0,1.0,1.0,8.0,3.0,5.0,9.0,21.0,9.0,A Madley
20/10/2021,Preston,Coventry,2.0,1.0,H,9.0,3.0,2.0,1.0,4.0,3.0,11.0,11.0,16.0,8.0,D England
20/10/2021,Reading,Blackpool,2.0,3.0,A,0.0,8.0,0.0,3.0,3.0,10.0,13.0,13.0,6.0,18.0,J Simpson
20/10/2021,Swansea,West Brom,2.0,1.0,H,5.0,3.0,2.0,4.0,3.0,6.0,7.0,14.0,9.0,10.0,S Hooper
23/10/2021,Birmingham,Swansea,2.0,1.0,H,6.0,12.0,2.0,1.0,6.0,1.0,16.0,8.0,15.0,7.0,O Langford
23/10/2021,Blackburn,Reading,2.0,0.0,H,2.0,2.0,4.0,2.0,5.0,2.0,11.0,14.0,12.0,12.0,T Harrington
23/10/2021,Blackpool,Preston,2.0,0.0,H,3.0,5.0,4.0,4.0,2.0,2.0,9.0,13.0,11.0,9.0,T Robinson
23/10/2021,Bournemouth,Huddersfield,3.0,0.0,H,7.0,2.0,2.0,0.0,6.0,1.0,12.0,9.0,14.0,4.0,J Brooks
23/10/2021,Cardiff,Middlesbrough,0.0,2.0,A,4.0,14.0,3.0,1.0,1.0,6.0,14.0,11.0,9.0,21.0,J Simpson
23/10/2021,Coventry,Derby,1.0,1.0,D,4.0,0.0,1.0,2.0,3.0,1.0,12.0,8.0,11.0,7.0,D Whitestone
23/10/2021,Luton,Hull,1.0,0.0,H,6.0,7.0,0.0,1.0,4.0,1.0,10.0,11.0,12.0,10.0,J Busby
23/10/2021,Millwall,Stoke,2.0,1.0,H,0.0,10.0,2.0,1.0,4.0,3.0,9.0,13.0,8.0,14.0,A Davies
23/10/2021,Peterboro,QPR,2.0,1.0,H,1.0,4.0,0.0,0.0,5.0,6.0,7.0,11.0,12.0,14.0,J Gillett
23/10/2021,West Brom,Bristol City,3.0,0.0,H,11.0,6.0,0.0,2.0,9.0,2.0,8.0,10.0,23.0,7.0,J Smith
24/10/2021,Barnsley,Sheffield United,2.0,3.0,A,5.0,2.0,0.0,2.0,4.0,4.0,6.0,15.0,11.0,7.0,G Ward
24/10/2021,Nott'm Forest,Fulham,0.0,4.0,A,5.0,1.0,5.0,4.0,1.0,3.0,13.0,17.0,8.0,11.0,J Linington
29/10/2021,QPR,Nott'm Forest,1.0,1.0,D,5.0,8.0,2.0,1.0,4.0,4.0,15.0,7.0,13.0,12.0,A Davies
30/10/2021,Bristol City,Barnsley,2.0,1.0,H,3.0,9.0,0.0,0.0,4.0,7.0,7.0,4.0,12.0,18.0,T Bramall
30/10/2021,Derby,Blackburn,1.0,2.0,A,2.0,3.0,2.0,5.0,3.0,5.0,12.0,17.0,9.0,12.0,S Martin
30/10/2021,Fulham,West Brom,3.0,0.0,H,4.0,7.0,0.0,3.0,4.0,3.0,3.0,10.0,15.0,11.0,M Salisbury
30/10/2021,Huddersfield,Millwall,1.0,0.0,H,6.0,3.0,3.0,2.0,6.0,1.0,8.0,14.0,14.0,4.0,G Eltringham
30/10/2021,Hull,Coventry,0.0,1.0,A,4.0,8.0,2.0,0.0,4.0,3.0,12.0,13.0,13.0,11.0,D Webb
30/10/2021,Middlesbrough,Birmingham,0.0,2.0,A,9.0,0.0,0.0,3.0,3.0,3.0,9.0,15.0,11.0,8.0,J Smith
30/10/2021,Preston,Luton,2.0,0.0,H,7.0,5.0,1.0,2.0,5.0,4.0,20.0,13.0,14.0,8.0,D Whitestone
30/10/2021,Reading,Bournemouth,0.0,2.0,A,6.0,5.0,1.0,3.0,1.0,3.0,8.0,9.0,9.0,8.0,O Langford
30/10/2021,Sheffield United,Blackpool,0.0,1.0,A,4.0,4.0,2.0,1.0,4.0,2.0,15.0,8.0,13.0,5.0,T Harrington
30/10/2021,Stoke,Cardiff,3.0,3.0,D,7.0,5.0,3.0,3.0,4.0,5.0,7.0,13.0,11.0,9.0,J Brooks
30/10/2021,Swansea,Peterboro,3.0,0.0,H,7.0,3.0,2.0,0.0,5.0,1.0,7.0,10.0,13.0,2.0,M Donohue
02/11/2021,Birmingham,Bristol City,3.0,0.0,H,6.0,2.0,0.0,2.0,3.0,1.0,12.0,8.0,14.0,8.0,S Hooper
02/11/2021,Coventry,Swansea,1.0,2.0,A,7.0,3.0,1.0,2.0,4.0,4.0,12.0,8.0,11.0,9.0,A Davies
02/11/2021,Luton,Middlesbrough,3.0,1.0,H,5.0,0.0,4.0,3.0,3.0,4.0,14.0,12.0,10.0,9.0,T Robinson
02/11/2021,Millwall,Reading,1.0,0.0,H,4.0,1.0,2.0,0.0,5.0,0.0,10.0,5.0,17.0,9.0,G Ward
02/11/2021,Nott'm Forest,Sheffield United,1.0,1.0,D,6.0,4.0,4.0,2.0,1.0,3.0,11.0,11.0,10.0,6.0,L Doughty
02/11/2021,Peterboro,Huddersfield,1.0,1.0,D,2.0,3.0,3.0,3.0,5.0,2.0,10.0,15.0,9.0,9.0,K Stroud
03/11/2021,Barnsley,Derby,2.0,1.0,H,7.0,8.0,3.0,2.0,4.0,5.0,10.0,9.0,9.0,15.0,R Jones
03/11/2021,Blackburn,Fulham,0.0,7.0,A,2.0,8.0,2.0,0.0,2.0,10.0,7.0,4.0,5.0,18.0,J Gillett
03/11/2021,Blackpool,Stoke,0.0,1.0,A,4.0,4.0,0.0,5.0,1.0,4.0,6.0,9.0,9.0,11.0,J Busby
03/11/2021,Bournemouth,Preston,1.0,2.0,A,9.0,2.0,3.0,1.0,5.0,3.0,10.0,10.0,10.0,8.0,D Webb
03/11/2021,Cardiff,QPR,0.0,1.0,A,6.0,2.0,0.0,2.0,3.0,4.0,14.0,8.0,10.0,8.0,A Woolmer
03/11/2021,West Brom,Hull,1.0,0.0,H,8.0,6.0,2.0,2.0,5.0,1.0,11.0,9.0,17.0,9.0,D Whitestone
06/11/2021,Barnsley,Hull,0.0,2.0,A,3.0,7.0,2.0,2.0,6.0,4.0,10.0,11.0,13.0,19.0,S Martin
06/11/2021,Birmingham,Reading,1.0,2.0,A,3.0,3.0,4.0,1.0,2.0,5.0,14.0,3.0,17.0,14.0,T Bramall
06/11/2021,Blackburn,Sheffield United,3.0,1.0,H,4.0,8.0,1.0,3.0,6.0,4.0,9.0,13.0,12.0,9.0,O Langford
06/11/2021,Blackpool,QPR,1.0,1.0,D,8.0,4.0,2.0,5.0,1.0,1.0,12.0,16.0,10.0,5.0,J Smith
06/11/2021,Bournemouth,Swansea,4.0,0.0,H,7.0,2.0,2.0,3.0,7.0,4.0,16.0,6.0,16.0,7.0,T Harrington
06/11/2021,Cardiff,Huddersfield,2.0,1.0,H,5.0,3.0,4.0,1.0,5.0,2.0,15.0,3.0,15.0,13.0,D Webb
06/11/2021,Coventry,Bristol City,3.0,2.0,H,8.0,1.0,1.0,3.0,6.0,5.0,15.0,11.0,17.0,8.0,J Simpson
06/11/2021,Luton,Stoke,0.0,1.0,A,5.0,6.0,1.0,5.0,2.0,1.0,10.0,10.0,7.0,5.0,J Moss
06/11/2021,Millwall,Derby,1.0,1.0,D,5.0,3.0,2.0,0.0,3.0,5.0,11.0,7.0,14.0,13.0,T Robinson
06/11/2021,Nott'm Forest,Preston,3.0,0.0,H,5.0,1.0,2.0,3.0,4.0,2.0,7.0,15.0,11.0,4.0,S Hooper
06/11/2021,Peterboro,Fulham,0.0,1.0,A,3.0,5.0,1.0,4.0,5.0,4.0,6.0,13.0,12.0,11.0,D Whitestone
06/11/2021,West Brom,Middlesbrough,1.0,1.0,D,9.0,3.0,3.0,4.0,4.0,3.0,21.0,13.0,9.0,6.0,M Donohue
19/11/2021,QPR,Luton,2.0,0.0,H,4.0,4.0,3.0,3.0,2.0,4.0,12.0,11.0,8.0,16.0,M Donohue
20/11/2021,Bristol City,Blackburn,1.0,1.0,D,5.0,1.0,2.0,2.0,4.0,1.0,7.0,13.0,12.0,8.0,J Busby
20/11/2021,Fulham,Barnsley,4.0,1.0,H,7.0,7.0,0.0,0.0,12.0,3.0,9.0,6.0,21.0,9.0,J Smith
20/11/2021,Huddersfield,West Brom,1.0,0.0,H,3.0,7.0,1.0,2.0,2.0,2.0,5.0,12.0,6.0,20.0,T Robinson
20/11/2021,Hull,Birmingham,2.0,0.0,H,10.0,2.0,4.0,1.0,5.0,5.0,8.0,9.0,18.0,8.0,T Harrington
20/11/2021,Middlesbrough,Millwall,1.0,1.0,D,10.0,4.0,1.0,2.0,7.0,1.0,10.0,16.0,13.0,6.0,O Langford
20/11/2021,Preston,Cardiff,1.0,2.0,A,8.0,6.0,2.0,3.0,5.0,3.0,9.0,12.0,12.0,14.0,L Doughty
20/11/2021,Reading,Nott'm Forest,1.0,1.0,D,5.0,4.0,4.0,1.0,6.0,4.0,14.0,13.0,12.0,13.0,A Woolmer
20/11/2021,Sheffield United,Coventry,0.0,0.0,D,1.0,2.0,3.0,2.0,2.0,4.0,9.0,12.0,13.0,9.0,M Salisbury
20/11/2021,Stoke,Peterboro,2.0,0.0,H,3.0,9.0,5.0,2.0,3.0,1.0,13.0,10.0,7.0,14.0,G Eltringham
20/11/2021,Swansea,Blackpool,1.0,1.0,D,3.0,4.0,1.0,1.0,2.0,3.0,13.0,9.0,5.0,8.0,K Stroud
21/11/2021,Derby,Bournemouth,3.0,2.0,H,3.0,4.0,0.0,1.0,3.0,5.0,7.0,9.0,9.0,12.0,G Ward
23/11/2021,Blackpool,West Brom,0.0,0.0,D,1.0,8.0,2.0,2.0,4.0,3.0,8.0,12.0,13.0,25.0,J Gillett
23/11/2021,Coventry,Birmingham,0.0,0.0,D,9.0,1.0,0.0,3.0,5.0,1.0,7.0,15.0,13.0,6.0,L Doughty
23/11/2021,Middlesbrough,Preston,1.0,2.0,A,11.0,4.0,0.0,4.0,6.0,2.0,9.0,17.0,18.0,7.0,A Woolmer
23/11/2021,Nott'm Forest,Luton,0.0,0.0,D,5.0,7.0,2.0,3.0,0.0,2.0,15.0,15.0,8.0,10.0,J Simpson
23/11/2021,Reading,Sheffield United,0.0,1.0,A,5.0,5.0,0.0,3.0,2.0,2.0,9.0,14.0,6.0,8.0,A Davies
24/11/2021,Barnsley,Swansea,0.0,2.0,A,0.0,2.0,2.0,3.0,1.0,3.0,12.0,8.0,3.0,6.0,D Webb
24/11/2021,Blackburn,Peterboro,4.0,0.0,H,5.0,3.0,1.0,2.0,7.0,2.0,13.0,11.0,13.0,7.0,J Brooks
24/11/2021,Bristol City,Stoke,1.0,0.0,H,4.0,5.0,2.0,1.0,2.0,4.0,7.0,13.0,8.0,13.0,O Langford
24/11/2021,Cardiff,Hull,0.0,1.0,A,4.0,4.0,2.0,2.0,4.0,1.0,9.0,14.0,14.0,6.0,T Bramall
24/11/2021,Fulham,Derby,0.0,0.0,D,7.0,5.0,1.0,2.0,5.0,2.0,12.0,9.0,21.0,4.0,G Eltringham
24/11/2021,Millwall,Bournemouth,1.0,1.0,D,6.0,2.0,1.0,2.0,1.0,3.0,7.0,17.0,8.0,9.0,D Whitestone
24/11/2021,QPR,Huddersfield,1.0,0.0,H,9.0,4.0,2.0,2.0,5.0,5.0,12.0,7.0,22.0,10.0,G Scott
26/11/2021,West Brom,Nott'm Forest,0.0,0.0,D,7.0,7.0,1.0,2.0,3.0,1.0,13.0,7.0,16.0,9.0,G Ward
27/11/2021,Birmingham,Blackpool,1.0,0.0,H,2.0,1.0,2.0,3.0,3.0,1.0,16.0,11.0,9.0,8.0,M Donohue
27/11/2021,Bournemouth,Coventry,2.0,2.0,D,4.0,6.0,2.0,1.0,5.0,6.0,10.0,15.0,9.0,9.0,D Coote
27/11/2021,Huddersfield,Middlesbrough,1.0,2.0,A,5.0,1.0,0.0,3.0,1.0,6.0,11.0,6.0,8.0,10.0,T Bramall
27/11/2021,Hull,Millwall,2.0,1.0,H,7.0,5.0,2.0,2.0,3.0,5.0,8.0,10.0,10.0,12.0,J Smith
27/11/2021,Luton,Cardiff,1.0,2.0,A,6.0,1.0,1.0,2.0,1.0,4.0,7.0,10.0,12.0,9.0,O Langford
27/11/2021,Peterboro,Barnsley,0.0,0.0,D,6.0,3.0,3.0,2.0,2.0,3.0,7.0,14.0,12.0,10.0,J Busby
27/11/2021,Preston,Fulham,1.0,1.0,D,4.0,4.0,2.0,2.0,4.0,2.0,10.0,13.0,15.0,9.0,C Kavanagh
27/11/2021,Stoke,Blackburn,0.0,1.0,A,5.0,3.0,4.0,4.0,4.0,2.0,13.0,6.0,7.0,7.0,T Robinson
27/11/2021,Swansea,Reading,2.0,3.0,A,3.0,3.0,1.0,3.0,10.0,6.0,4.0,12.0,19.0,9.0,T Harrington
28/11/2021,Sheffield United,Bristol City,2.0,0.0,H,7.0,7.0,3.0,4.0,5.0,2.0,11.0,9.0,21.0,7.0,G Eltringham
29/11/2021,Derby,QPR,1.0,2.0,A,1.0,11.0,0.0,1.0,1.0,4.0,9.0,11.0,6.0,10.0,J Simpson
03/12/2021,Fulham,Bournemouth,1.0,1.0,D,11.0,3.0,3.0,6.0,7.0,3.0,7.0,11.0,24.0,8.0,T Robinson
04/12/2021,Barnsley,Huddersfield,1.0,1.0,D,0.0,6.0,2.0,0.0,2.0,7.0,10.0,2.0,13.0,18.0,M Donohue
04/12/2021,Blackburn,Preston,1.0,0.0,H,2.0,1.0,3.0,2.0,3.0,1.0,10.0,9.0,6.0,10.0,G Ward
04/12/2021,Blackpool,Luton,0.0,3.0,A,3.0,2.0,0.0,0.0,5.0,5.0,9.0,10.0,11.0,11.0,P Bankes
04/12/2021,Bristol City,Derby,1.0,0.0,H,3.0,3.0,3.0,2.0,2.0,1.0,10.0,10.0,7.0,9.0,G Scott
04/12/2021,Cardiff,Sheffield United,2.0,3.0,A,5.0,3.0,1.0,1.0,5.0,8.0,7.0,5.0,7.0,16.0,J Busby
04/12/2021,Coventry,West Brom,1.0,2.0,A,4.0,2.0,0.0,3.0,3.0,4.0,7.0,17.0,12.0,10.0,K Stroud
04/12/2021,Middlesbrough,Swansea,1.0,0.0,H,5.0,5.0,1.0,1.0,2.0,5.0,11.0,9.0,5.0,15.0,A Davies
04/12/2021,Millwall,Birmingham,3.0,1.0,H,11.0,5.0,0.0,2.0,9.0,3.0,9.0,12.0,19.0,16.0,A Woolmer
04/12/2021,Nott'm Forest,Peterboro,2.0,0.0,H,5.0,3.0,1.0,4.0,3.0,2.0,13.0,15.0,15.0,10.0,T Bramall
04/12/2021,Reading,Hull,1.0,1.0,D,4.0,6.0,2.0,1.0,7.0,2.0,10.0,9.0,19.0,11.0,S Martin
05/12/2021,QPR,Stoke,0.0,2.0,A,17.0,4.0,0.0,1.0,9.0,5.0,7.0,13.0,23.0,17.0,T Harrington
11/12/2021,Birmingham,Cardiff,2.0,2.0,D,7.0,5.0,2.0,2.0,4.0,7.0,14.0,12.0,12.0,16.0,J Simpson
11/12/2021,Bournemouth,Blackburn,0.0,2.0,A,5.0,5.0,3.0,4.0,6.0,5.0,8.0,18.0,15.0,11.0,S Hooper
11/12/2021,Derby,Blackpool,1.0,0.0,H,6.0,2.0,2.0,2.0,2.0,2.0,13.0,10.0,10.0,6.0,A Woolmer
11/12/2021,Huddersfield,Coventry,1.0,1.0,D,5.0,9.0,2.0,1.0,2.0,12.0,8.0,10.0,10.0,22.0,J Smith
11/12/2021,Hull,Bristol City,2.0,2.0,D,1.0,5.0,1.0,2.0,5.0,3.0,9.0,12.0,13.0,10.0,G Ward
11/12/2021,Luton,Fulham,1.0,1.0,D,2.0,4.0,1.0,0.0,1.0,6.0,10.0,9.0,7.0,11.0,T Bramall
11/12/2021,Peterboro,Millwall,2.0,1.0,H,8.0,3.0,2.0,5.0,7.0,3.0,8.0,21.0,21.0,15.0,L Doughty
11/12/2021,Preston,Barnsley,2.0,1.0,H,6.0,3.0,0.0,2.0,4.0,4.0,11.0,8.0,16.0,13.0,K Stroud
11/12/2021,Stoke,Middlesbrough,0.0,0.0,D,5.0,4.0,2.0,1.0,1.0,1.0,7.0,5.0,8.0,7.0,M Salisbury
11/12/2021,Swansea,Nott'm Forest,1.0,4.0,A,2.0,2.0,3.0,4.0,4.0,5.0,12.0,13.0,12.0,9.0,M Donohue
11/12/2021,West Brom,Reading,1.0,0.0,H,6.0,1.0,1.0,2.0,11.0,0.0,9.0,8.0,25.0,4.0,G Webb
17/12/2021,Barnsley,West Brom,0.0,0.0,D,3.0,11.0,1.0,3.0,1.0,3.0,12.0,13.0,3.0,16.0,T Robinson
18/12/2021,Blackburn,Birmingham,4.0,0.0,H,8.0,4.0,1.0,1.0,5.0,2.0,7.0,18.0,16.0,8.0,G Eltringham
18/12/2021,Blackpool,Peterboro,3.0,1.0,H,6.0,7.0,0.0,0.0,8.0,1.0,8.0,6.0,15.0,9.0,D Webb
18/12/2021,Bristol City,Huddersfield,2.0,3.0,A,5.0,5.0,0.0,2.0,6.0,6.0,8.0,11.0,17.0,11.0,D Whitestone
18/12/2021,Middlesbrough,Bournemouth,1.0,0.0,H,7.0,4.0,4.0,2.0,7.0,3.0,13.0,11.0,19.0,10.0,C Kavanagh
18/12/2021,Nott'm Forest,Hull,2.0,1.0,H,5.0,5.0,2.0,5.0,3.0,2.0,7.0,12.0,9.0,11.0,J Busby
20/12/2021,Fulham,Sheffield United,0.0,1.0,A,7.0,2.0,0.0,3.0,1.0,2.0,6.0,15.0,11.0,2.0,J Linington
26/12/2021,Huddersfield,Blackpool,3.0,2.0,H,6.0,0.0,2.0,0.0,6.0,3.0,11.0,10.0,14.0,10.0,J Simpson
26/12/2021,Middlesbrough,Nott'm Forest,2.0,0.0,H,6.0,8.0,1.0,3.0,6.0,0.0,11.0,11.0,12.0,7.0,J Smith
27/12/2021,Derby,West Brom,1.0,0.0,H,2.0,4.0,4.0,1.0,1.0,5.0,14.0,9.0,3.0,19.0,J Linington
27/12/2021,QPR,Bournemouth,0.0,1.0,A,4.0,4.0,2.0,4.0,2.0,6.0,11.0,12.0,8.0,15.0,K Stroud
29/12/2021,Blackburn,Barnsley,2.0,1.0,H,4.0,1.0,3.0,1.0,5.0,2.0,9.0,9.0,14.0,7.0,D Whitestone
29/12/2021,Blackpool,Middlesbrough,1.0,2.0,A,5.0,4.0,2.0,4.0,2.0,3.0,9.0,8.0,12.0,11.0,S Martin
29/12/2021,Coventry,Millwall,0.0,1.0,A,6.0,3.0,1.0,1.0,3.0,2.0,13.0,9.0,14.0,9.0,G Eltringham
30/12/2021,Bournemouth,Cardiff,3.0,0.0,H,6.0,1.0,1.0,2.0,5.0,3.0,7.0,7.0,16.0,7.0,J Linington
30/12/2021,Bristol City,QPR,1.0,2.0,A,5.0,9.0,1.0,3.0,3.0,4.0,14.0,8.0,11.0,11.0,A Davies
30/12/2021,Nott'm Forest,Huddersfield,0.0,1.0,A,8.0,3.0,1.0,2.0,6.0,2.0,14.0,4.0,23.0,9.0,G Ward
30/12/2021,Stoke,Derby,1.0,2.0,A,5.0,5.0,3.0,1.0,1.0,4.0,15.0,9.0,7.0,10.0,M Donohue
01/01/2022,Blackpool,Hull,1.0,0.0,H,1.0,2.0,0.0,2.0,3.0,6.0,7.0,14.0,8.0,14.0,D Whitestone
02/01/2022,Birmingham,QPR,1.0,2.0,A,1.0,3.0,1.0,3.0,1.0,5.0,11.0,9.0,8.0,6.0,M Donohue
02/01/2022,Blackburn,Huddersfield,0.0,0.0,D,10.0,3.0,3.0,2.0,2.0,1.0,13.0,13.0,11.0,4.0,K Stroud
02/01/2022,Bristol City,Millwall,3.0,2.0,H,5.0,3.0,4.0,2.0,8.0,3.0,14.0,11.0,12.0,11.0,S Hooper
02/01/2022,West Brom,Cardiff,1.0,1.0,D,5.0,1.0,2.0,2.0,3.0,1.0,9.0,14.0,13.0,6.0,T Bramall
03/01/2022,Reading,Derby,2.0,2.0,D,3.0,10.0,1.0,2.0,3.0,5.0,14.0,7.0,9.0,16.0,J Busby
03/01/2022,Stoke,Preston,1.0,2.0,A,4.0,6.0,3.0,2.0,2.0,3.0,11.0,8.0,14.0,6.0,J Simpson
11/01/2022,Reading,Fulham,0.0,7.0,A,2.0,11.0,1.0,0.0,1.0,13.0,6.0,6.0,3.0,22.0,T Harrington
15/01/2022,Cardiff,Blackburn,0.0,1.0,A,7.0,2.0,4.0,5.0,2.0,2.0,10.0,13.0,11.0,4.0,M Donohue
15/01/2022,Derby,Sheffield United,2.0,0.0,H,1.0,0.0,1.0,1.0,2.0,2.0,7.0,13.0,5.0,8.0,G Scott
15/01/2022,Fulham,Bristol City,6.0,2.0,H,6.0,4.0,0.0,2.0,8.0,5.0,8.0,8.0,18.0,8.0,T Robinson
15/01/2022,Huddersfield,Swansea,1.0,1.0,D,4.0,7.0,0.0,0.0,8.0,11.0,8.0,3.0,11.0,18.0,D Webb
15/01/2022,Luton,Bournemouth,3.0,2.0,H,4.0,6.0,0.0,2.0,7.0,6.0,7.0,10.0,15.0,12.0,L Doughty
15/01/2022,Middlesbrough,Reading,2.0,1.0,H,5.0,5.0,1.0,3.0,5.0,4.0,11.0,17.0,10.0,10.0,J Linington
15/01/2022,Millwall,Nott'm Forest,0.0,1.0,A,7.0,7.0,1.0,2.0,4.0,7.0,6.0,8.0,12.0,24.0,P Bankes
15/01/2022,Peterboro,Coventry,1.0,4.0,A,3.0,8.0,3.0,1.0,4.0,9.0,13.0,10.0,9.0,22.0,K Stroud
15/01/2022,Preston,Birmingham,1.0,1.0,D,7.0,7.0,1.0,1.0,5.0,3.0,10.0,9.0,15.0,16.0,A Davies
15/01/2022,QPR,West Brom,1.0,0.0,H,2.0,5.0,2.0,1.0,4.0,2.0,12.0,12.0,9.0,12.0,S Hooper
16/01/2022,Hull,Stoke,0.0,2.0,A,7.0,5.0,3.0,1.0,1.0,9.0,17.0,10.0,5.0,22.0,J Smith
18/01/2022,Fulham,Birmingham,6.0,2.0,H,6.0,5.0,1.0,1.0,11.0,6.0,7.0,10.0,15.0,14.0,G Ward
18/01/2022,Preston,Sheffield United,2.0,2.0,D,4.0,11.0,1.0,2.0,8.0,7.0,6.0,8.0,12.0,18.0,D Webb
19/01/2022,Hull,Blackburn,2.0,0.0,H,4.0,10.0,0.0,3.0,5.0,4.0,11.0,9.0,14.0,15.0,T Bramall
19/01/2022,Reading,Luton,0.0,2.0,A,6.0,4.0,2.0,0.0,4.0,4.0,9.0,13.0,8.0,16.0,T Robinson
22/01/2022,Birmingham,Barnsley,2.0,1.0,H,5.0,3.0,1.0,2.0,5.0,4.0,9.0,11.0,11.0,9.0,T Harrington
22/01/2022,Blackpool,Millwall,1.0,0.0,H,6.0,2.0,1.0,0.0,5.0,3.0,8.0,10.0,14.0,9.0,D Webb
22/01/2022,Bournemouth,Hull,0.0,1.0,A,4.0,7.0,2.0,2.0,6.0,4.0,11.0,11.0,17.0,6.0,M Donohue
22/01/2022,Bristol City,Cardiff,3.0,2.0,H,3.0,6.0,1.0,2.0,6.0,5.0,8.0,10.0,12.0,16.0,G Ward
22/01/2022,Coventry,QPR,1.0,2.0,A,13.0,2.0,2.0,1.0,7.0,3.0,12.0,7.0,21.0,8.0,A Woolmer
22/01/2022,Nott'm Forest,Derby,2.0,1.0,H,4.0,2.0,2.0,5.0,6.0,1.0,17.0,22.0,13.0,4.0,T Robinson
22/01/2022,Reading,Huddersfield,3.0,4.0,A,4.0,4.0,3.0,1.0,4.0,7.0,13.0,11.0,14.0,19.0,R Jones
22/01/2022,Sheffield United,Luton,2.0,0.0,H,8.0,1.0,0.0,0.0,7.0,2.0,14.0,8.0,25.0,4.0,S Martin
22/01/2022,Stoke,Fulham,2.0,3.0,A,3.0,5.0,2.0,0.0,3.0,6.0,7.0,11.0,6.0,12.0,D Whitestone
22/01/2022,Swansea,Preston,1.0,0.0,H,2.0,9.0,3.0,3.0,4.0,1.0,16.0,11.0,10.0,9.0,J Smith
22/01/2022,West Brom,Peterboro,3.0,0.0,H,10.0,1.0,1.0,1.0,6.0,0.0,11.0,8.0,27.0,1.0,J Simpson
24/01/2022,Blackburn,Middlesbrough,1.0,0.0,H,6.0,7.0,4.0,6.0,3.0,1.0,14.0,14.0,15.0,9.0,D England
25/01/2022,Birmingham,Peterboro,2.0,2.0,D,3.0,4.0,0.0,1.0,3.0,4.0,15.0,12.0,12.0,10.0,O Langford
25/01/2022,Coventry,Stoke,1.0,0.0,H,5.0,5.0,2.0,1.0,4.0,0.0,6.0,9.0,14.0,7.0,J Brooks
25/01/2022,Luton,Bristol City,2.0,1.0,H,8.0,9.0,2.0,2.0,3.0,3.0,11.0,9.0,8.0,12.0,A Davies
25/01/2022,Nott'm Forest,Barnsley,3.0,0.0,H,12.0,0.0,2.0,3.0,6.0,2.0,9.0,15.0,18.0,9.0,M Salisbury
25/01/2022,QPR,Swansea,0.0,0.0,D,4.0,3.0,3.0,3.0,2.0,5.0,15.0,15.0,6.0,12.0,A Davies
26/01/2022,West Brom,Preston,0.0,2.0,A,3.0,4.0,2.0,4.0,0.0,3.0,13.0,19.0,8.0,10.0,K Stroud
28/01/2022,Huddersfield,Stoke,1.0,1.0,D,3.0,5.0,2.0,3.0,5.0,8.0,8.0,10.0,13.0,16.0,G Ward
29/01/2022,Barnsley,Bournemouth,0.0,1.0,A,2.0,9.0,0.0,2.0,7.0,3.0,4.0,14.0,14.0,15.0,A Marriner
29/01/2022,Fulham,Blackpool,1.0,1.0,D,9.0,3.0,4.0,2.0,6.0,4.0,13.0,15.0,19.0,10.0,P Bankes
29/01/2022,Hull,Swansea,2.0,0.0,H,1.0,2.0,0.0,2.0,2.0,5.0,7.0,10.0,5.0,15.0,L Doughty
29/01/2022,Luton,Blackburn,0.0,0.0,D,6.0,5.0,3.0,2.0,2.0,2.0,16.0,14.0,8.0,7.0,J Linington
29/01/2022,Middlesbrough,Coventry,1.0,0.0,H,6.0,8.0,2.0,1.0,3.0,5.0,10.0,17.0,9.0,15.0,M Donohue
29/01/2022,Millwall,West Brom,2.0,0.0,H,2.0,4.0,1.0,1.0,3.0,2.0,16.0,13.0,9.0,6.0,J Smith
29/01/2022,Peterboro,Sheffield United,0.0,2.0,A,0.0,9.0,0.0,1.0,2.0,5.0,9.0,13.0,3.0,20.0,D Whitestone
29/01/2022,Preston,Bristol City,2.0,2.0,D,3.0,6.0,0.0,0.0,4.0,3.0,9.0,10.0,10.0,12.0,J Busby
29/01/2022,QPR,Reading,4.0,0.0,H,6.0,8.0,4.0,2.0,8.0,3.0,19.0,10.0,16.0,18.0,J Simpson
30/01/2022,Cardiff,Nott'm Forest,2.0,1.0,H,3.0,2.0,2.0,1.0,4.0,1.0,14.0,7.0,10.0,6.0,D Webb
30/01/2022,Derby,Birmingham,2.0,2.0,D,7.0,6.0,0.0,4.0,6.0,4.0,4.0,18.0,16.0,13.0,J Brooks
01/02/2022,Millwall,Preston,0.0,0.0,D,2.0,3.0,3.0,1.0,2.0,1.0,8.0,8.0,7.0,4.0,K Friend
01/02/2022,Swansea,Luton,0.0,1.0,A,7.0,4.0,2.0,4.0,4.0,2.0,7.0,9.0,16.0,13.0,O Langford
02/02/2022,Barnsley,Cardiff,0.0,1.0,A,6.0,0.0,2.0,4.0,1.0,1.0,14.0,11.0,8.0,5.0,G Eltringham
02/02/2022,Huddersfield,Derby,2.0,0.0,H,4.0,3.0,1.0,3.0,6.0,0.0,11.0,9.0,16.0,1.0,M Donohue
04/02/2022,Birmingham,Sheffield United,1.0,2.0,A,1.0,6.0,4.0,1.0,2.0,5.0,14.0,8.0,7.0,9.0,K Stroud
05/02/2022,Blackpool,Bristol City,3.0,1.0,H,6.0,4.0,4.0,4.0,5.0,4.0,11.0,4.0,7.0,9.0,J Linington
05/02/2022,Hull,Preston,0.0,1.0,A,7.0,4.0,0.0,2.0,2.0,4.0,14.0,15.0,10.0,7.0,D Bond
05/02/2022,Swansea,Blackburn,1.0,0.0,H,0.0,13.0,2.0,2.0,2.0,4.0,9.0,13.0,4.0,17.0,T Robinson
08/02/2022,Coventry,Blackpool,1.0,1.0,D,9.0,4.0,4.0,1.0,4.0,4.0,10.0,9.0,20.0,10.0,A Marriner
08/02/2022,Derby,Hull,3.0,1.0,H,2.0,10.0,2.0,3.0,5.0,2.0,9.0,16.0,11.0,9.0,G Eltringham
08/02/2022,Fulham,Millwall,3.0,0.0,H,6.0,4.0,1.0,3.0,6.0,2.0,12.0,14.0,20.0,8.0,M Donohue
08/02/2022,Luton,Barnsley,2.0,1.0,H,9.0,4.0,1.0,2.0,4.0,2.0,11.0,12.0,8.0,7.0,A Davies
08/02/2022,Stoke,Swansea,3.0,0.0,H,8.0,1.0,2.0,4.0,7.0,1.0,7.0,14.0,22.0,3.0,J Simpson
09/02/2022,Blackburn,Nott'm Forest,0.0,2.0,A,5.0,4.0,3.0,3.0,8.0,5.0,20.0,11.0,13.0,14.0,J Smith
09/02/2022,Bournemouth,Birmingham,3.0,1.0,H,5.0,8.0,0.0,5.0,5.0,5.0,10.0,16.0,9.0,10.0,J Linington
09/02/2022,Bristol City,Reading,2.0,1.0,H,5.0,6.0,4.0,1.0,4.0,4.0,20.0,7.0,10.0,18.0,O Langford
09/02/2022,Cardiff,Peterboro,4.0,0.0,H,7.0,6.0,3.0,1.0,4.0,1.0,17.0,10.0,14.0,5.0,K Friend
09/02/2022,Preston,Huddersfield,0.0,0.0,D,1.0,2.0,1.0,2.0,4.0,1.0,12.0,7.0,16.0,8.0,R Jones
09/02/2022,QPR,Middlesbrough,2.0,2.0,D,3.0,8.0,0.0,1.0,4.0,5.0,9.0,10.0,7.0,18.0,D Whitestone
09/02/2022,Sheffield United,West Brom,2.0,0.0,H,3.0,2.0,1.0,1.0,5.0,3.0,10.0,10.0,12.0,13.0,L Doughty
12/02/2022,Barnsley,QPR,1.0,0.0,H,2.0,4.0,1.0,1.0,5.0,3.0,11.0,11.0,19.0,12.0,M Salisbury
12/02/2022,Birmingham,Luton,3.0,0.0,H,0.0,7.0,0.0,0.0,6.0,2.0,8.0,12.0,9.0,8.0,D Bond
12/02/2022,Blackpool,Bournemouth,1.0,2.0,A,6.0,7.0,2.0,1.0,7.0,7.0,14.0,11.0,15.0,13.0,D Whitestone
12/02/2022,Huddersfield,Sheffield United,0.0,0.0,D,9.0,2.0,1.0,4.0,3.0,6.0,5.0,13.0,12.0,9.0,J Linington
12/02/2022,Hull,Fulham,0.0,1.0,A,1.0,4.0,2.0,1.0,2.0,4.0,14.0,15.0,8.0,11.0,A Woolmer
12/02/2022,Middlesbrough,Derby,4.0,1.0,H,6.0,7.0,3.0,2.0,9.0,1.0,13.0,12.0,14.0,6.0,M Dean
12/02/2022,Millwall,Cardiff,2.0,1.0,H,6.0,5.0,1.0,0.0,3.0,5.0,14.0,10.0,12.0,17.0,S Martin
12/02/2022,Nott'm Forest,Stoke,2.0,2.0,D,5.0,5.0,3.0,3.0,6.0,7.0,15.0,14.0,11.0,19.0,L Doughty
12/02/2022,Peterboro,Preston,0.0,1.0,A,3.0,5.0,0.0,2.0,6.0,2.0,10.0,15.0,16.0,7.0,T Robinson
12/02/2022,Reading,Coventry,2.0,3.0,A,4.0,5.0,1.0,5.0,4.0,4.0,9.0,9.0,12.0,13.0,D Webb
13/02/2022,Swansea,Bristol City,3.0,1.0,H,6.0,5.0,2.0,5.0,6.0,3.0,5.0,17.0,16.0,10.0,K Stroud
14/02/2022,West Brom,Blackburn,0.0,0.0,D,3.0,7.0,0.0,1.0,3.0,3.0,8.0,10.0,13.0,10.0,J Brooks
15/02/2022,Cardiff,Coventry,2.0,0.0,H,4.0,2.0,2.0,1.0,6.0,3.0,10.0,6.0,8.0,11.0,J Busby
15/02/2022,Millwall,QPR,2.0,0.0,H,2.0,5.0,2.0,1.0,8.0,2.0,7.0,10.0,13.0,10.0,J Linington
15/02/2022,Sheffield United,Hull,0.0,0.0,D,12.0,3.0,2.0,2.0,3.0,1.0,11.0,13.0,21.0,8.0,O Langford
16/02/2022,Peterboro,Reading,0.0,0.0,D,8.0,3.0,3.0,2.0,9.0,4.0,17.0,16.0,16.0,8.0,M Donohue
19/02/2022,Bristol City,Middlesbrough,2.0,1.0,H,0.0,13.0,2.0,1.0,4.0,10.0,19.0,6.0,5.0,21.0,L Doughty
19/02/2022,Cardiff,Blackpool,1.0,1.0,D,3.0,2.0,3.0,1.0,2.0,2.0,15.0,11.0,11.0,6.0,D Bond
19/02/2022,Coventry,Barnsley,1.0,0.0,H,3.0,3.0,0.0,2.0,7.0,0.0,11.0,14.0,19.0,6.0,J Smith
19/02/2022,Derby,Peterboro,1.0,0.0,H,8.0,1.0,5.0,4.0,5.0,0.0,10.0,13.0,25.0,5.0,J Linington
19/02/2022,Fulham,Huddersfield,1.0,2.0,A,12.0,2.0,2.0,1.0,6.0,4.0,5.0,9.0,20.0,6.0,T Harrington
19/02/2022,Luton,West Brom,2.0,0.0,H,4.0,4.0,2.0,3.0,3.0,6.0,13.0,5.0,6.0,16.0,G Ward
19/02/2022,Preston,Reading,2.0,3.0,A,5.0,6.0,1.0,0.0,2.0,9.0,11.0,5.0,18.0,13.0,J Busby
19/02/2022,QPR,Hull,1.0,1.0,D,5.0,2.0,2.0,1.0,4.0,2.0,8.0,4.0,13.0,6.0,T Robinson
19/02/2022,Sheffield United,Swansea,4.0,0.0,H,5.0,2.0,2.0,0.0,6.0,2.0,18.0,7.0,12.0,6.0,D Webb
19/02/2022,Stoke,Birmingham,2.0,2.0,D,5.0,2.0,0.0,0.0,3.0,3.0,8.0,10.0,10.0,8.0,A Davies
22/02/2022,Bristol City,Coventry,1.0,2.0,A,4.0,4.0,1.0,3.0,4.0,4.0,5.0,13.0,13.0,12.0,D Whitestone
22/02/2022,Hull,Barnsley,0.0,2.0,A,6.0,4.0,1.0,0.0,3.0,5.0,4.0,18.0,6.0,8.0,S Martin
22/02/2022,Middlesbrough,West Brom,2.0,1.0,H,2.0,3.0,2.0,3.0,3.0,2.0,16.0,8.0,8.0,8.0,M Salisbury
22/02/2022,Preston,Nott'm Forest,0.0,0.0,D,11.0,3.0,3.0,2.0,4.0,2.0,10.0,8.0,15.0,7.0,G Eltringham
22/02/2022,Reading,Birmingham,2.0,1.0,H,0.0,6.0,0.0,3.0,3.0,7.0,7.0,14.0,9.0,16.0,S Hooper
23/02/2022,Derby,Millwall,1.0,2.0,A,9.0,1.0,1.0,1.0,3.0,4.0,11.0,11.0,14.0,8.0,J Simpson
23/02/2022,Fulham,Peterboro,2.0,1.0,H,10.0,4.0,0.0,1.0,11.0,2.0,5.0,6.0,25.0,6.0,J Gillett
23/02/2022,Huddersfield,Cardiff,2.0,1.0,H,12.0,2.0,2.0,7.0,4.0,7.0,5.0,9.0,14.0,10.0,O Langford
23/02/2022,QPR,Blackpool,2.0,1.0,H,3.0,1.0,3.0,2.0,5.0,2.0,7.0,11.0,8.0,7.0,G Ward
23/02/2022,Sheffield United,Blackburn,1.0,0.0,H,7.0,5.0,3.0,2.0,6.0,4.0,15.0,9.0,13.0,11.0,M Donohue
23/02/2022,Stoke,Luton,1.0,2.0,A,6.0,6.0,1.0,6.0,2.0,4.0,8.0,11.0,5.0,12.0,J Busby
26/02/2022,Barnsley,Middlesbrough,3.0,2.0,H,2.0,12.0,3.0,0.0,5.0,4.0,14.0,12.0,7.0,16.0,J Linington
26/02/2022,Birmingham,Huddersfield,0.0,2.0,A,6.0,2.0,0.0,0.0,2.0,5.0,9.0,14.0,11.0,7.0,D Webb
26/02/2022,Blackburn,QPR,1.0,0.0,H,9.0,1.0,3.0,2.0,7.0,2.0,15.0,12.0,11.0,7.0,J Simpson
26/02/2022,Blackpool,Reading,4.0,1.0,H,7.0,2.0,1.0,0.0,8.0,3.0,14.0,3.0,15.0,15.0,P Bankes
26/02/2022,Bournemouth,Stoke,2.0,1.0,H,6.0,3.0,4.0,3.0,5.0,3.0,16.0,11.0,16.0,8.0,T Robinson
26/02/2022,Cardiff,Fulham,0.0,1.0,A,8.0,9.0,2.0,2.0,4.0,3.0,12.0,10.0,9.0,11.0,L Doughty
26/02/2022,Coventry,Preston,1.0,1.0,D,4.0,8.0,2.0,3.0,3.0,6.0,10.0,20.0,10.0,14.0,K Stroud
26/02/2022,Luton,Derby,1.0,0.0,H,7.0,4.0,2.0,2.0,5.0,1.0,13.0,16.0,8.0,6.0,A Woolmer
26/02/2022,Millwall,Sheffield United,1.0,0.0,H,4.0,2.0,0.0,4.0,2.0,3.0,7.0,13.0,6.0,8.0,M Salisbury
26/02/2022,Nott'm Forest,Bristol City,2.0,0.0,H,11.0,5.0,1.0,4.0,6.0,1.0,9.0,14.0,16.0,5.0,D Bond
26/02/2022,Peterboro,Hull,0.0,3.0,A,5.0,1.0,3.0,0.0,1.0,6.0,8.0,4.0,5.0,11.0,T Harrington
28/02/2022,West Brom,Swansea,0.0,2.0,A,4.0,7.0,0.0,2.0,1.0,4.0,7.0,8.0,12.0,15.0,D Whitestone
01/03/2022,Cardiff,Derby,1.0,0.0,H,3.0,6.0,2.0,4.0,4.0,1.0,11.0,10.0,14.0,9.0,A Davies
04/03/2022,Huddersfield,Peterboro,3.0,0.0,H,4.0,4.0,0.0,1.0,7.0,1.0,9.0,7.0,16.0,10.0,D Bond
04/03/2022,Sheffield United,Nott'm Forest,1.0,1.0,D,6.0,12.0,4.0,1.0,6.0,4.0,17.0,12.0,8.0,13.0,J Smith
05/03/2022,Bristol City,Birmingham,1.0,2.0,A,4.0,5.0,2.0,1.0,4.0,6.0,6.0,8.0,11.0,13.0,T Bramall
05/03/2022,Derby,Barnsley,2.0,0.0,H,4.0,4.0,0.0,2.0,2.0,3.0,8.0,9.0,9.0,9.0,R Jones
05/03/2022,Fulham,Blackburn,2.0,0.0,H,5.0,5.0,2.0,2.0,6.0,1.0,10.0,14.0,14.0,4.0,D Webb
05/03/2022,Hull,West Brom,0.0,2.0,A,5.0,3.0,2.0,2.0,2.0,5.0,9.0,10.0,13.0,7.0,J Linington
05/03/2022,Middlesbrough,Luton,2.0,1.0,H,4.0,2.0,2.0,3.0,3.0,5.0,10.0,20.0,8.0,9.0,J Simpson
05/03/2022,Preston,Bournemouth,2.0,1.0,H,2.0,4.0,4.0,1.0,5.0,3.0,11.0,10.0,13.0,8.0,M Donohue
05/03/2022,QPR,Cardiff,1.0,2.0,A,8.0,2.0,1.0,0.0,3.0,4.0,8.0,12.0,18.0,11.0,M Salisbury
05/03/2022,Reading,Millwall,0.0,1.0,A,6.0,2.0,2.0,2.0,3.0,2.0,11.0,13.0,11.0,7.0,A Woolmer
05/03/2022,Stoke,Blackpool,0.0,1.0,A,2.0,2.0,3.0,3.0,2.0,4.0,15.0,10.0,10.0,9.0,T Harrington
05/03/2022,Swansea,Coventry,3.0,1.0,H,1.0,4.0,2.0,2.0,3.0,4.0,9.0,11.0,8.0,12.0,G Eltringham
08/03/2022,Barnsley,Stoke,1.0,1.0,D,2.0,8.0,2.0,0.0,2.0,2.0,15.0,11.0,7.0,12.0,L Doughty
08/03/2022,Blackburn,Millwall,0.0,0.0,D,10.0,2.0,1.0,2.0,3.0,0.0,3.0,13.0,12.0,0.0,D Whitestone
08/03/2022,Bournemouth,Peterboro,1.0,1.0,D,3.0,7.0,2.0,1.0,2.0,2.0,6.0,9.0,22.0,6.0,G Ward
08/03/2022,Coventry,Luton,0.0,1.0,A,2.0,2.0,3.0,5.0,3.0,3.0,7.0,16.0,12.0,6.0,O Langford
08/03/2022,Sheffield United,Middlesbrough,4.0,1.0,H,5.0,3.0,3.0,3.0,5.0,2.0,15.0,7.0,12.0,7.0,T Robinson
08/03/2022,Swansea,Fulham,1.0,5.0,A,2.0,5.0,0.0,0.0,3.0,7.0,6.0,10.0,5.0,12.0,J Gillett
11/03/2022,West Brom,Huddersfield,2.0,2.0,D,6.0,7.0,3.0,2.0,4.0,9.0,12.0,6.0,13.0,15.0,M Donohue
12/03/2022,Barnsley,Fulham,1.0,1.0,D,4.0,5.0,4.0,3.0,3.0,3.0,15.0,13.0,8.0,16.0,T Robinson
12/03/2022,Birmingham,Hull,0.0,0.0,D,5.0,6.0,0.0,1.0,2.0,2.0,10.0,15.0,13.0,8.0,M Salisbury
12/03/2022,Blackburn,Bristol City,0.0,1.0,A,7.0,3.0,1.0,3.0,7.0,3.0,11.0,12.0,14.0,8.0,G Ward
12/03/2022,Blackpool,Swansea,1.0,0.0,H,7.0,3.0,0.0,2.0,4.0,1.0,11.0,10.0,11.0,8.0,S Martin
12/03/2022,Bournemouth,Derby,2.0,0.0,H,7.0,4.0,3.0,2.0,7.0,3.0,11.0,6.0,14.0,8.0,A Madley
12/03/2022,Cardiff,Preston,0.0,0.0,D,5.0,2.0,2.0,2.0,3.0,3.0,7.0,5.0,9.0,9.0,J Linington
12/03/2022,Coventry,Sheffield United,4.0,1.0,H,5.0,7.0,0.0,0.0,14.0,4.0,13.0,4.0,27.0,12.0,J Simpson
12/03/2022,Millwall,Middlesbrough,0.0,0.0,D,8.0,6.0,4.0,1.0,2.0,4.0,12.0,7.0,10.0,7.0,R Jones
12/03/2022,Nott'm Forest,Reading,4.0,0.0,H,2.0,4.0,2.0,4.0,5.0,3.0,18.0,14.0,10.0,7.0,T Bramall
12/03/2022,Peterboro,Stoke,2.0,2.0,D,3.0,3.0,1.0,2.0,3.0,2.0,18.0,10.0,6.0,14.0,D Whitestone
13/03/2022,Luton,QPR,1.0,2.0,A,4.0,4.0,0.0,3.0,4.0,3.0,10.0,7.0,13.0,5.0,J Smith
15/03/2022,Barnsley,Bristol City,2.0,0.0,H,7.0,3.0,0.0,0.0,5.0,3.0,10.0,7.0,12.0,16.0,D Webb
15/03/2022,Birmingham,Middlesbrough,0.0,2.0,A,5.0,7.0,1.0,2.0,0.0,5.0,14.0,11.0,8.0,10.0,D Bond
15/03/2022,Blackburn,Derby,3.0,1.0,H,9.0,1.0,1.0,1.0,5.0,2.0,6.0,6.0,12.0,11.0,T Harrington
15/03/2022,Bournemouth,Reading,1.0,1.0,D,5.0,7.0,2.0,1.0,6.0,3.0,21.0,8.0,10.0,8.0,L Doughty
15/03/2022,West Brom,Fulham,1.0,0.0,H,8.0,8.0,1.0,1.0,5.0,1.0,7.0,7.0,9.0,8.0,K Friend
16/03/2022,Blackpool,Sheffield United,0.0,0.0,D,2.0,5.0,1.0,2.0,1.0,2.0,6.0,12.0,10.0,8.0,G Eltringham
16/03/2022,Cardiff,Stoke,2.0,1.0,H,9.0,8.0,1.0,0.0,6.0,4.0,11.0,10.0,12.0,7.0,A Woolmer
16/03/2022,Coventry,Hull,0.0,2.0,A,12.0,5.0,2.0,0.0,5.0,6.0,9.0,6.0,17.0,12.0,J Busby
16/03/2022,Luton,Preston,4.0,0.0,H,4.0,3.0,1.0,2.0,5.0,2.0,8.0,13.0,12.0,10.0,S Martin
16/03/2022,Millwall,Huddersfield,2.0,0.0,H,7.0,3.0,2.0,0.0,7.0,3.0,8.0,7.0,19.0,13.0,J Linington
16/03/2022,Nott'm Forest,QPR,3.0,1.0,H,6.0,2.0,2.0,5.0,8.0,1.0,11.0,18.0,16.0,6.0,P Bankes
16/03/2022,Peterboro,Swansea,2.0,3.0,A,3.0,4.0,1.0,5.0,2.0,9.0,10.0,11.0,5.0,16.0,O Langford
19/03/2022,Bristol City,West Brom,2.0,2.0,D,3.0,5.0,1.0,1.0,3.0,2.0,17.0,18.0,8.0,7.0,L Doughty
19/03/2022,Derby,Coventry,1.0,1.0,D,7.0,10.0,1.0,3.0,6.0,6.0,4.0,15.0,15.0,13.0,D Bond
19/03/2022,Huddersfield,Bournemouth,0.0,3.0,A,2.0,5.0,0.0,3.0,4.0,6.0,7.0,8.0,7.0,14.0,S Hooper
19/03/2022,Hull,Luton,1.0,3.0,A,6.0,5.0,2.0,2.0,4.0,5.0,9.0,11.0,16.0,11.0,T Harrington
19/03/2022,Reading,Blackburn,1.0,0.0,H,3.0,4.0,1.0,2.0,6.0,5.0,9.0,10.0,8.0,16.0,J Linington
19/03/2022,Sheffield United,Barnsley,2.0,0.0,H,7.0,6.0,1.0,1.0,4.0,3.0,7.0,19.0,12.0,10.0,S Martin
19/03/2022,Stoke,Millwall,2.0,0.0,H,4.0,4.0,3.0,1.0,2.0,2.0,10.0,12.0,15.0,7.0,J Brooks
19/03/2022,Swansea,Birmingham,0.0,0.0,D,1.0,6.0,0.0,0.0,4.0,4.0,13.0,8.0,9.0,16.0,J Simpson
20/03/2022,QPR,Peterboro,1.0,3.0,A,4.0,2.0,1.0,3.0,1.0,8.0,9.0,12.0,13.0,12.0,D Webb
01/04/2022,Hull,Huddersfield,0.0,1.0,A,4.0,9.0,2.0,1.0,1.0,8.0,12.0,9.0,6.0,23.0,J Simpson
02/04/2022,Barnsley,Reading,1.0,1.0,D,1.0,8.0,2.0,3.0,2.0,4.0,19.0,12.0,8.0,13.0,K Stroud
02/04/2022,Blackpool,Nott'm Forest,1.0,4.0,A,8.0,4.0,1.0,1.0,5.0,7.0,9.0,8.0,18.0,17.0,J Gillett
02/04/2022,Bournemouth,Bristol City,3.0,2.0,H,12.0,3.0,0.0,1.0,9.0,3.0,8.0,7.0,25.0,6.0,S Martin
02/04/2022,Cardiff,Swansea,0.0,4.0,A,8.0,4.0,2.0,4.0,2.0,4.0,14.0,14.0,10.0,12.0,J Smith
02/04/2022,Coventry,Blackburn,2.0,2.0,D,2.0,4.0,2.0,5.0,4.0,4.0,13.0,16.0,11.0,11.0,P Bankes
02/04/2022,Derby,Preston,1.0,0.0,H,9.0,5.0,2.0,2.0,13.0,1.0,10.0,10.0,22.0,12.0,G Eltringham
02/04/2022,Luton,Millwall,2.0,2.0,D,5.0,4.0,0.0,0.0,2.0,4.0,6.0,10.0,9.0,10.0,G Scott
02/04/2022,Peterboro,Middlesbrough,0.0,4.0,A,5.0,7.0,3.0,1.0,3.0,6.0,19.0,10.0,10.0,11.0,L Doughty
02/04/2022,QPR,Fulham,0.0,2.0,A,4.0,5.0,3.0,0.0,2.0,8.0,15.0,5.0,8.0,13.0,G Ward
02/04/2022,Stoke,Sheffield United,1.0,0.0,H,4.0,7.0,0.0,0.0,1.0,1.0,10.0,5.0,9.0,10.0,D Webb
03/04/2022,Birmingham,West Brom,1.0,0.0,H,3.0,6.0,2.0,1.0,2.0,0.0,11.0,11.0,3.0,8.0,D Whitestone
05/04/2022,Millwall,Swansea,0.0,1.0,A,10.0,5.0,1.0,2.0,2.0,5.0,9.0,5.0,13.0,14.0,A Davies
05/04/2022,Peterboro,Luton,1.0,1.0,D,4.0,6.0,4.0,2.0,6.0,3.0,19.0,12.0,18.0,9.0,T Bramall
05/04/2022,Preston,Blackpool,1.0,0.0,H,3.0,3.0,4.0,0.0,2.0,0.0,17.0,9.0,12.0,8.0,D Webb
05/04/2022,Reading,Stoke,2.0,1.0,H,5.0,3.0,1.0,3.0,3.0,3.0,6.0,13.0,9.0,12.0,D Whitestone
05/04/2022,Sheffield United,QPR,1.0,0.0,H,5.0,5.0,2.0,3.0,3.0,1.0,14.0,9.0,9.0,7.0,D Bond
06/04/2022,Middlesbrough,Fulham,0.0,1.0,A,8.0,4.0,3.0,2.0,2.0,2.0,13.0,13.0,15.0,6.0,J Linington
06/04/2022,Nott'm Forest,Coventry,2.0,0.0,H,7.0,2.0,3.0,3.0,3.0,5.0,9.0,9.0,18.0,13.0,T Robinson
06/04/2022,West Brom,Bournemouth,2.0,0.0,H,6.0,5.0,3.0,3.0,4.0,0.0,9.0,14.0,12.0,17.0,K Stroud
09/04/2022,Blackburn,Blackpool,1.0,1.0,D,7.0,6.0,2.0,3.0,2.0,3.0,15.0,10.0,10.0,18.0,M Donohue
09/04/2022,Bristol City,Peterboro,1.0,1.0,D,11.0,4.0,0.0,1.0,2.0,5.0,12.0,13.0,19.0,16.0,J Brooks
09/04/2022,Middlesbrough,Hull,0.0,1.0,A,7.0,1.0,3.0,5.0,4.0,3.0,7.0,13.0,11.0,5.0,A Woolmer
09/04/2022,Millwall,Barnsley,4.0,1.0,H,7.0,7.0,1.0,1.0,10.0,4.0,7.0,12.0,15.0,13.0,O Langford
09/04/2022,Nott'm Forest,Birmingham,2.0,0.0,H,9.0,4.0,1.0,3.0,5.0,2.0,11.0,13.0,13.0,7.0,G Ward
09/04/2022,Preston,QPR,2.0,1.0,H,7.0,5.0,0.0,1.0,7.0,7.0,11.0,9.0,20.0,15.0,T Harrington
09/04/2022,Reading,Cardiff,1.0,2.0,A,5.0,5.0,0.0,1.0,2.0,3.0,8.0,10.0,10.0,7.0,M Salisbury
09/04/2022,Sheffield United,Bournemouth,0.0,0.0,D,7.0,4.0,3.0,2.0,2.0,2.0,18.0,14.0,10.0,6.0,D Whitestone
09/04/2022,Swansea,Derby,2.0,1.0,H,3.0,4.0,2.0,1.0,3.0,3.0,11.0,9.0,10.0,8.0,T Robinson
09/04/2022,West Brom,Stoke,1.0,3.0,A,6.0,4.0,0.0,0.0,3.0,4.0,7.0,6.0,15.0,13.0,A Davies
10/04/2022,Fulham,Coventry,1.0,3.0,A,6.0,10.0,1.0,4.0,7.0,5.0,10.0,12.0,28.0,18.0,K Stroud
11/04/2022,Huddersfield,Luton,2.0,0.0,H,6.0,3.0,3.0,2.0,4.0,1.0,7.0,14.0,11.0,7.0,G Eltringham
15/04/2022,Birmingham,Coventry,2.0,4.0,A,8.0,7.0,4.0,0.0,2.0,7.0,6.0,5.0,12.0,13.0,O Langford
15/04/2022,Bournemouth,Middlesbrough,0.0,0.0,D,3.0,4.0,1.0,2.0,2.0,1.0,8.0,10.0,8.0,5.0,T Robinson
15/04/2022,Derby,Fulham,2.0,1.0,H,3.0,8.0,4.0,1.0,4.0,8.0,8.0,11.0,6.0,21.0,R Jones
15/04/2022,Huddersfield,QPR,2.0,2.0,D,7.0,4.0,3.0,2.0,2.0,3.0,13.0,9.0,6.0,11.0,L Doughty
15/04/2022,Hull,Cardiff,2.0,1.0,H,4.0,4.0,0.0,3.0,3.0,4.0,4.0,13.0,8.0,11.0,S Martin
15/04/2022,Luton,Nott'm Forest,1.0,0.0,H,6.0,1.0,6.0,4.0,4.0,3.0,17.0,15.0,8.0,11.0,J Linington
15/04/2022,Peterboro,Blackburn,2.0,1.0,H,7.0,6.0,1.0,1.0,10.0,2.0,8.0,13.0,15.0,13.0,C Kavanagh
15/04/2022,Preston,Millwall,1.0,1.0,D,10.0,6.0,0.0,1.0,5.0,7.0,10.0,7.0,17.0,14.0,T Bramall
15/04/2022,Sheffield United,Reading,1.0,2.0,A,6.0,2.0,4.0,4.0,2.0,3.0,15.0,11.0,13.0,8.0,G Ward
15/04/2022,Stoke,Bristol City,0.0,1.0,A,6.0,0.0,2.0,4.0,3.0,4.0,16.0,13.0,12.0,6.0,M Donohue
15/04/2022,Swansea,Barnsley,1.0,1.0,D,6.0,8.0,1.0,3.0,7.0,4.0,13.0,11.0,17.0,19.0,A Woolmer
15/04/2022,West Brom,Blackpool,2.0,1.0,H,7.0,3.0,0.0,1.0,5.0,4.0,8.0,9.0,17.0,11.0,J Simpson
18/04/2022,Barnsley,Peterboro,0.0,2.0,A,9.0,3.0,1.0,2.0,11.0,4.0,15.0,13.0,19.0,10.0,D Bond
18/04/2022,Blackburn,Stoke,0.0,1.0,A,1.0,3.0,2.0,2.0,4.0,2.0,13.0,12.0,13.0,7.0,G Eltringham
18/04/2022,Blackpool,Birmingham,6.0,1.0,H,9.0,7.0,0.0,1.0,9.0,6.0,7.0,13.0,16.0,11.0,T Robinson
18/04/2022,Bristol City,Sheffield United,1.0,1.0,D,2.0,7.0,2.0,4.0,3.0,5.0,11.0,14.0,7.0,16.0,K Stroud
18/04/2022,Cardiff,Luton,0.0,1.0,A,9.0,4.0,1.0,1.0,3.0,3.0,12.0,6.0,13.0,10.0,A Davies
18/04/2022,Coventry,Bournemouth,0.0,3.0,A,10.0,3.0,0.0,0.0,4.0,3.0,15.0,6.0,11.0,5.0,M Donohue
18/04/2022,Middlesbrough,Huddersfield,0.0,2.0,A,11.0,4.0,3.0,3.0,2.0,7.0,11.0,15.0,13.0,10.0,D England
18/04/2022,Millwall,Hull,2.0,1.0,H,5.0,7.0,2.0,0.0,8.0,4.0,9.0,12.0,17.0,9.0,D Whitestone
18/04/2022,Nott'm Forest,West Brom,4.0,0.0,H,8.0,0.0,2.0,2.0,6.0,0.0,10.0,6.0,17.0,1.0,D Webb
18/04/2022,QPR,Derby,1.0,0.0,H,6.0,5.0,2.0,0.0,6.0,2.0,13.0,8.0,14.0,13.0,J Smith
18/04/2022,Reading,Swansea,4.0,4.0,D,5.0,3.0,2.0,4.0,6.0,5.0,12.0,12.0,9.0,11.0,K Friend
19/04/2022,Fulham,Preston,3.0,0.0,H,6.0,5.0,1.0,1.0,6.0,1.0,13.0,14.0,14.0,8.0,D Doughty
22/04/2022,Huddersfield,Barnsley,2.0,1.0,H,2.0,7.0,0.0,3.0,5.0,3.0,7.0,17.0,10.0,11.0,J Linington
23/04/2022,Birmingham,Millwall,2.0,2.0,D,4.0,6.0,4.0,3.0,3.0,8.0,16.0,15.0,15.0,13.0,L Doughty
23/04/2022,Bournemouth,Fulham,1.0,1.0,D,4.0,3.0,3.0,7.0,2.0,2.0,15.0,26.0,9.0,6.0,G Scott
23/04/2022,Derby,Bristol City,1.0,3.0,A,2.0,5.0,1.0,3.0,2.0,7.0,10.0,13.0,11.0,18.0,T Bramall
23/04/2022,Hull,Reading,3.0,0.0,H,5.0,5.0,2.0,1.0,3.0,4.0,10.0,12.0,9.0,13.0,T Robinson
23/04/2022,Luton,Blackpool,1.0,1.0,D,0.0,3.0,0.0,4.0,5.0,2.0,17.0,14.0,10.0,14.0,J Brooks
23/04/2022,Peterboro,Nott'm Forest,0.0,1.0,A,6.0,5.0,3.0,3.0,5.0,4.0,14.0,17.0,12.0,12.0,M Salisbury
23/04/2022,Sheffield United,Cardiff,1.0,0.0,H,5.0,4.0,1.0,3.0,4.0,1.0,10.0,10.0,7.0,5.0,O Langford
23/04/2022,Stoke,QPR,1.0,0.0,H,9.0,7.0,0.0,1.0,6.0,0.0,13.0,7.0,15.0,10.0,A Woolmer
23/04/2022,Swansea,Middlesbrough,1.0,1.0,D,8.0,2.0,2.0,1.0,4.0,4.0,12.0,12.0,19.0,13.0,D Webb
23/04/2022,West Brom,Coventry,0.0,0.0,D,7.0,3.0,1.0,1.0,2.0,3.0,10.0,9.0,12.0,10.0,S Martin
25/04/2022,Preston,Blackburn,1.0,4.0,A,4.0,6.0,2.0,3.0,3.0,6.0,16.0,9.0,11.0,12.0,J Simpson
26/04/2022,Barnsley,Blackpool,0.0,2.0,A,6.0,4.0,1.0,1.0,2.0,4.0,13.0,10.0,6.0,11.0,J Busby
26/04/2022,Fulham,Nott'm Forest,0.0,1.0,A,8.0,5.0,2.0,1.0,5.0,6.0,6.0,15.0,20.0,9.0,J Smith
26/04/2022,Swansea,Bournemouth,3.0,3.0,D,4.0,7.0,2.0,6.0,3.0,11.0,10.0,13.0,5.0,24.0,D Bond
27/04/2022,Middlesbrough,Cardiff,2.0,0.0,H,9.0,4.0,2.0,4.0,4.0,4.0,6.0,16.0,14.0,8.0,M Donohue
29/04/2022,QPR,Sheffield United,1.0,3.0,A,1.0,15.0,2.0,2.0,2.0,8.0,6.0,6.0,8.0,27.0,P Bankes
30/04/2022,Barnsley,Preston,1.0,3.0,A,3.0,10.0,0.0,0.0,5.0,7.0,11.0,5.0,15.0,18.0,D Webb
30/04/2022,Blackburn,Bournemouth,0.0,3.0,A,6.0,2.0,4.0,2.0,2.0,6.0,10.0,10.0,9.0,13.0,R Jones
30/04/2022,Blackpool,Derby,0.0,2.0,A,5.0,1.0,1.0,2.0,3.0,4.0,5.0,11.0,17.0,9.0,A Davies
30/04/2022,Bristol City,Hull,5.0,0.0,H,1.0,4.0,1.0,2.0,8.0,5.0,12.0,8.0,12.0,12.0,B Toner
30/04/2022,Cardiff,Birmingham,1.0,1.0,D,7.0,2.0,4.0,2.0,5.0,4.0,7.0,8.0,12.0,13.0,J Busby
30/04/2022,Coventry,Huddersfield,1.0,2.0,A,10.0,3.0,1.0,0.0,9.0,4.0,8.0,5.0,22.0,7.0,T Harrington
30/04/2022,Middlesbrough,Stoke,3.0,1.0,H,7.0,1.0,0.0,0.0,2.0,3.0,4.0,7.0,9.0,10.0,J Simpson
30/04/2022,Millwall,Peterboro,3.0,0.0,H,8.0,12.0,0.0,0.0,4.0,2.0,9.0,9.0,18.0,14.0,G Eltringham
30/04/2022,Nott'm Forest,Swansea,5.0,1.0,H,12.0,4.0,0.0,2.0,17.0,3.0,11.0,9.0,27.0,12.0,G Scott
30/04/2022,Reading,West Brom,0.0,1.0,A,6.0,5.0,1.0,3.0,0.0,4.0,8.0,10.0,9.0,14.0,M Donohue
02/05/2022,Fulham,Luton,7.0,0.0,H,5.0,3.0,2.0,6.0,12.0,2.0,6.0,14.0,19.0,5.0,T Robinson
03/05/2022,Bournemouth,Nott'm Forest,1.0,0.0,H,4.0,3.0,2.0,2.0,3.0,2.0,7.0,14.0,11.0,7.0,S Attwell
07/05/2022,Birmingham,Blackburn,1.0,2.0,A,8.0,1.0,0.0,1.0,5.0,7.0,7.0,11.0,14.0,14.0,A Davies
07/05/2022,Bournemouth,Millwall,1.0,0.0,H,6.0,5.0,0.0,2.0,3.0,3.0,8.0,7.0,20.0,8.0,A Marriner
07/05/2022,Derby,Cardiff,0.0,1.0,A,7.0,1.0,1.0,2.0,4.0,1.0,9.0,8.0,17.0,3.0,K Stroud
07/05/2022,Huddersfield,Bristol City,2.0,0.0,H,7.0,2.0,2.0,1.0,5.0,3.0,5.0,4.0,13.0,11.0,D Webb
07/05/2022,Hull,Nott'm Forest,1.0,1.0,D,6.0,4.0,0.0,2.0,3.0,4.0,14.0,9.0,7.0,14.0,S Hooper
07/05/2022,Luton,Reading,1.0,0.0,H,1.0,4.0,0.0,1.0,4.0,2.0,11.0,10.0,16.0,8.0,J Simpson
07/05/2022,Peterboro,Blackpool,5.0,0.0,H,4.0,4.0,1.0,0.0,10.0,3.0,14.0,5.0,17.0,10.0,A Woolmer
07/05/2022,Preston,Middlesbrough,4.0,1.0,H,7.0,0.0,3.0,5.0,10.0,4.0,14.0,13.0,15.0,12.0,T Robinson
07/05/2022,Sheffield United,Fulham,4.0,0.0,H,2.0,7.0,2.0,1.0,5.0,4.0,17.0,12.0,10.0,14.0,J Smith
07/05/2022,Stoke,Coventry,1.0,1.0,D,4.0,7.0,0.0,1.0,2.0,5.0,9.0,11.0,9.0,18.0,G Ward
07/05/2022,Swansea,QPR,0.0,1.0,A,0.0,5.0,0.0,0.0,6.0,3.0,9.0,11.0,11.0,7.0,S Martin
07/05/2022,West Brom,Barnsley,4.0,0.0,H,6.0,1.0,0.0,1.0,7.0,2.0,5.0,9.0,17.0,3.0,L Doughty
29/07/2022,Huddersfield,Burnley,0.0,1.0,A,1.0,5.0,1.0,2.0,0.0,7.0,13.0,10.0,2.0,16.0,J Linington
30/07/2022,Blackburn,QPR,1.0,0.0,H,6.0,0.0,1.0,1.0,4.0,0.0,15.0,9.0,9.0,4.0,T Bramall
30/07/2022,Blackpool,Reading,1.0,0.0,H,3.0,10.0,1.0,0.0,5.0,3.0,12.0,7.0,10.0,12.0,D Webb
30/07/2022,Cardiff,Norwich,1.0,0.0,H,1.0,7.0,4.0,0.0,2.0,1.0,16.0,9.0,3.0,7.0,T Robinson
30/07/2022,Hull,Bristol City,2.0,1.0,H,6.0,3.0,0.0,0.0,4.0,4.0,11.0,5.0,14.0,10.0,D Whitestone
30/07/2022,Luton,Birmingham,0.0,0.0,D,10.0,6.0,0.0,3.0,4.0,3.0,7.0,15.0,14.0,12.0,G Scott
30/07/2022,Middlesbrough,West Brom,1.0,1.0,D,4.0,3.0,2.0,1.0,2.0,5.0,7.0,9.0,16.0,12.0,T Harrington
30/07/2022,Millwall,Stoke,2.0,0.0,H,8.0,2.0,1.0,2.0,5.0,2.0,14.0,8.0,13.0,4.0,K Stroud
30/07/2022,Rotherham,Swansea,1.0,1.0,D,5.0,6.0,1.0,2.0,8.0,5.0,12.0,6.0,9.0,14.0,M Donohue
30/07/2022,Wigan,Preston,0.0,0.0,D,7.0,4.0,2.0,3.0,5.0,2.0,9.0,17.0,20.0,11.0,R Madley
31/07/2022,Sunderland,Coventry,1.0,1.0,D,4.0,3.0,4.0,1.0,5.0,2.0,16.0,6.0,10.0,9.0,D Bond
01/08/2022,Watford,Sheffield United,1.0,0.0,H,5.0,4.0,4.0,3.0,4.0,3.0,13.0,8.0,10.0,6.0,J Smith
05/08/2022,Birmingham,Huddersfield,2.0,1.0,H,6.0,7.0,1.0,2.0,6.0,2.0,10.0,10.0,18.0,9.0,G Ward
06/08/2022,Bristol City,Sunderland,2.0,3.0,A,8.0,9.0,2.0,2.0,5.0,6.0,10.0,9.0,13.0,16.0,K Stroud
06/08/2022,Burnley,Luton,1.0,1.0,D,11.0,2.0,2.0,1.0,1.0,2.0,10.0,11.0,13.0,13.0,D Bond
06/08/2022,Norwich,Wigan,1.0,1.0,D,9.0,0.0,0.0,4.0,4.0,3.0,6.0,13.0,22.0,6.0,M Donohue
06/08/2022,Preston,Hull,0.0,0.0,D,4.0,1.0,1.0,4.0,6.0,1.0,13.0,10.0,20.0,6.0,J Simpson
06/08/2022,QPR,Middlesbrough,3.0,2.0,H,5.0,5.0,2.0,2.0,5.0,3.0,12.0,12.0,10.0,12.0,J Smith
06/08/2022,Reading,Cardiff,2.0,1.0,H,1.0,2.0,3.0,3.0,2.0,2.0,17.0,16.0,8.0,6.0,D England
06/08/2022,Sheffield United,Millwall,2.0,0.0,H,3.0,5.0,3.0,2.0,6.0,1.0,12.0,10.0,19.0,11.0,D Coote
06/08/2022,Stoke,Blackpool,2.0,0.0,H,5.0,6.0,2.0,2.0,7.0,0.0,10.0,8.0,20.0,10.0,R Madley
06/08/2022,Swansea,Blackburn,0.0,3.0,A,5.0,4.0,3.0,1.0,5.0,4.0,8.0,9.0,8.0,5.0,S Martin
08/08/2022,West Brom,Watford,1.0,1.0,D,12.0,0.0,2.0,1.0,7.0,3.0,7.0,13.0,19.0,5.0,T Robinson
12/08/2022,Watford,Burnley,1.0,0.0,H,3.0,6.0,1.0,1.0,1.0,4.0,13.0,12.0,5.0,11.0,T Bramall
13/08/2022,Blackpool,Swansea,0.0,1.0,A,3.0,6.0,1.0,3.0,4.0,5.0,6.0,13.0,10.0,15.0,A Woolmer
13/08/2022,Cardiff,Birmingham,1.0,0.0,H,2.0,2.0,1.0,4.0,7.0,0.0,9.0,12.0,16.0,4.0,D Bond
13/08/2022,Huddersfield,Stoke,3.0,1.0,H,3.0,3.0,1.0,3.0,5.0,5.0,9.0,9.0,10.0,18.0,M Donohue
13/08/2022,Hull,Norwich,2.0,1.0,H,2.0,11.0,1.0,1.0,4.0,12.0,15.0,6.0,13.0,18.0,J Linington
13/08/2022,Luton,Preston,0.0,1.0,A,8.0,3.0,0.0,6.0,2.0,5.0,11.0,12.0,18.0,7.0,D Whitestone
13/08/2022,Millwall,Coventry,3.0,2.0,H,3.0,6.0,4.0,2.0,6.0,7.0,8.0,13.0,13.0,17.0,R Madley
13/08/2022,Rotherham,Reading,4.0,0.0,H,5.0,7.0,0.0,2.0,4.0,6.0,5.0,8.0,11.0,12.0,S Martin
13/08/2022,Sunderland,QPR,2.0,2.0,D,4.0,3.0,3.0,2.0,8.0,4.0,12.0,9.0,16.0,20.0,J Simpson
13/08/2022,Wigan,Bristol City,1.0,1.0,D,5.0,1.0,1.0,2.0,3.0,1.0,10.0,13.0,13.0,5.0,J Busby
14/08/2022,Blackburn,West Brom,2.0,1.0,H,1.0,5.0,4.0,1.0,2.0,4.0,14.0,16.0,7.0,13.0,J Smith
14/08/2022,Middlesbrough,Sheffield United,2.0,2.0,D,5.0,4.0,2.0,3.0,4.0,4.0,6.0,13.0,7.0,4.0,A Marriner
16/08/2022,Birmingham,Watford,1.0,1.0,D,3.0,5.0,1.0,1.0,4.0,2.0,12.0,5.0,7.0,14.0,D Webb
16/08/2022,Bristol City,Luton,2.0,0.0,H,5.0,7.0,2.0,2.0,3.0,2.0,9.0,14.0,10.0,11.0,L Doughty
16/08/2022,Burnley,Hull,1.0,1.0,D,6.0,2.0,1.0,3.0,5.0,3.0,7.0,13.0,15.0,4.0,R Madley
16/08/2022,Norwich,Huddersfield,2.0,1.0,H,8.0,1.0,1.0,0.0,9.0,5.0,13.0,5.0,22.0,11.0,J Smith
16/08/2022,Preston,Rotherham,0.0,0.0,D,10.0,3.0,1.0,3.0,6.0,1.0,5.0,11.0,21.0,5.0,O Langford
16/08/2022,QPR,Blackpool,0.0,1.0,A,2.0,2.0,1.0,2.0,6.0,4.0,10.0,13.0,12.0,14.0,A Davies
16/08/2022,Swansea,Millwall,2.0,2.0,D,6.0,7.0,2.0,3.0,9.0,1.0,8.0,8.0,17.0,15.0,G Ward
17/08/2022,Reading,Blackburn,3.0,0.0,H,7.0,3.0,5.0,2.0,7.0,1.0,8.0,7.0,12.0,8.0,K Stroud
17/08/2022,Sheffield United,Sunderland,2.0,1.0,H,13.0,3.0,1.0,4.0,7.0,2.0,7.0,13.0,22.0,4.0,J Linington
17/08/2022,Stoke,Middlesbrough,2.0,2.0,D,4.0,8.0,2.0,1.0,4.0,4.0,12.0,10.0,9.0,15.0,M Salisbury
17/08/2022,West Brom,Cardiff,0.0,0.0,D,9.0,2.0,3.0,3.0,5.0,0.0,12.0,10.0,13.0,7.0,A Madley
19/08/2022,Norwich,Millwall,2.0,0.0,H,5.0,4.0,2.0,2.0,3.0,2.0,4.0,16.0,18.0,10.0,R Jones
20/08/2022,Birmingham,Wigan,0.0,1.0,A,7.0,3.0,0.0,2.0,4.0,2.0,11.0,8.0,14.0,5.0,A Davies
20/08/2022,Burnley,Blackpool,3.0,3.0,D,4.0,6.0,1.0,3.0,4.0,8.0,10.0,13.0,13.0,12.0,K Stroud
20/08/2022,Preston,Watford,0.0,0.0,D,7.0,5.0,2.0,2.0,4.0,2.0,14.0,9.0,10.0,12.0,D Bond
20/08/2022,QPR,Rotherham,1.0,1.0,D,9.0,3.0,3.0,2.0,5.0,2.0,11.0,11.0,17.0,6.0,A Woolmer
20/08/2022,Reading,Middlesbrough,1.0,0.0,H,5.0,7.0,4.0,1.0,3.0,3.0,8.0,15.0,8.0,16.0,J Linington
20/08/2022,Sheffield United,Blackburn,3.0,0.0,H,11.0,4.0,3.0,2.0,11.0,0.0,8.0,8.0,22.0,3.0,L Doughty
20/08/2022,Stoke,Sunderland,0.0,1.0,A,7.0,3.0,3.0,6.0,3.0,2.0,14.0,14.0,15.0,12.0,O Langford
20/08/2022,Swansea,Luton,0.0,2.0,A,7.0,5.0,1.0,0.0,2.0,5.0,7.0,12.0,14.0,7.0,J Busby
20/08/2022,West Brom,Hull,5.0,2.0,H,12.0,2.0,0.0,3.0,7.0,5.0,2.0,12.0,16.0,7.0,J Bell
21/08/2022,Bristol City,Cardiff,2.0,0.0,H,7.0,8.0,4.0,3.0,3.0,3.0,12.0,12.0,15.0,10.0,T Bramall
26/08/2022,Luton,Sheffield United,1.0,1.0,D,4.0,9.0,0.0,4.0,4.0,3.0,11.0,8.0,12.0,12.0,D Webb
27/08/2022,Blackburn,Stoke,0.0,1.0,A,12.0,3.0,3.0,3.0,2.0,3.0,8.0,14.0,18.0,8.0,L Doughty
27/08/2022,Blackpool,Bristol City,3.0,3.0,D,5.0,3.0,1.0,5.0,4.0,4.0,15.0,17.0,19.0,13.0,J Simpson
27/08/2022,Cardiff,Preston,0.0,0.0,D,8.0,2.0,0.0,2.0,2.0,0.0,5.0,8.0,22.0,5.0,A Woolmer
27/08/2022,Huddersfield,West Brom,2.0,2.0,D,6.0,4.0,1.0,2.0,3.0,6.0,2.0,6.0,11.0,16.0,A Davies
27/08/2022,Hull,Coventry,3.0,2.0,H,3.0,4.0,3.0,2.0,4.0,6.0,9.0,6.0,9.0,15.0,O Langford
27/08/2022,Middlesbrough,Swansea,2.0,1.0,H,8.0,4.0,5.0,2.0,3.0,4.0,13.0,14.0,7.0,9.0,R Madley
27/08/2022,Millwall,Reading,0.0,1.0,A,3.0,1.0,0.0,1.0,1.0,2.0,11.0,13.0,13.0,5.0,C Kavanagh
27/08/2022,Rotherham,Birmingham,2.0,0.0,H,7.0,2.0,1.0,2.0,6.0,3.0,7.0,13.0,20.0,10.0,G Ward
27/08/2022,Sunderland,Norwich,0.0,1.0,A,8.0,7.0,2.0,2.0,6.0,3.0,11.0,9.0,20.0,12.0,T Robinson
27/08/2022,Watford,QPR,2.0,3.0,A,1.0,4.0,4.0,2.0,5.0,5.0,9.0,9.0,12.0,9.0,K Stroud
27/08/2022,Wigan,Burnley,1.0,5.0,A,6.0,1.0,1.0,1.0,4.0,6.0,8.0,8.0,18.0,8.0,J Bell
30/08/2022,Birmingham,Norwich,1.0,2.0,A,6.0,8.0,4.0,4.0,2.0,5.0,15.0,5.0,9.0,14.0,K Stroud
30/08/2022,Burnley,Millwall,2.0,0.0,H,5.0,3.0,0.0,3.0,10.0,5.0,7.0,15.0,22.0,12.0,L Doughty
30/08/2022,Cardiff,Luton,1.0,2.0,A,5.0,2.0,0.0,3.0,2.0,4.0,9.0,15.0,17.0,14.0,J Linington
30/08/2022,QPR,Hull,3.0,1.0,H,2.0,7.0,1.0,1.0,7.0,3.0,4.0,12.0,11.0,7.0,S Martin
30/08/2022,Sheffield United,Reading,4.0,0.0,H,3.0,5.0,0.0,0.0,7.0,0.0,13.0,7.0,18.0,4.0,G Ward
30/08/2022,Watford,Middlesbrough,2.0,1.0,H,2.0,7.0,2.0,4.0,4.0,3.0,13.0,9.0,14.0,14.0,C Kavanagh
30/08/2022,Wigan,West Brom,1.0,1.0,D,3.0,2.0,2.0,2.0,3.0,3.0,12.0,12.0,8.0,8.0,A Woolmer
31/08/2022,Blackpool,Blackburn,0.0,1.0,A,7.0,5.0,2.0,3.0,1.0,5.0,9.0,15.0,13.0,17.0,M Donohue
31/08/2022,Bristol City,Huddersfield,2.0,0.0,H,4.0,7.0,0.0,0.0,7.0,4.0,6.0,13.0,12.0,12.0,D Bond
31/08/2022,Coventry,Preston,0.0,1.0,A,9.0,6.0,1.0,2.0,4.0,4.0,7.0,8.0,13.0,13.0,J Busby
31/08/2022,Stoke,Swansea,1.0,1.0,D,12.0,3.0,1.0,2.0,4.0,5.0,12.0,8.0,20.0,10.0,D Webb
31/08/2022,Sunderland,Rotherham,3.0,0.0,H,2.0,1.0,0.0,4.0,3.0,3.0,8.0,13.0,16.0,7.0,T Harrington
02/09/2022,West Brom,Burnley,1.0,1.0,D,9.0,1.0,1.0,4.0,8.0,4.0,12.0,10.0,23.0,11.0,J Linington
03/09/2022,Blackburn,Bristol City,2.0,3.0,A,5.0,6.0,2.0,2.0,6.0,5.0,8.0,10.0,11.0,16.0,T Robinson
03/09/2022,Luton,Wigan,1.0,2.0,A,9.0,4.0,1.0,1.0,4.0,1.0,10.0,7.0,13.0,9.0,C Kavanagh
03/09/2022,Millwall,Cardiff,2.0,0.0,H,4.0,6.0,2.0,2.0,7.0,2.0,9.0,15.0,16.0,12.0,J Simpson
03/09/2022,Norwich,Coventry,3.0,0.0,H,4.0,1.0,1.0,0.0,7.0,1.0,8.0,4.0,14.0,7.0,G Ward
03/09/2022,Preston,Birmingham,0.0,1.0,A,4.0,6.0,1.0,3.0,3.0,3.0,14.0,12.0,10.0,8.0,J Bell
03/09/2022,Rotherham,Watford,1.0,1.0,D,3.0,6.0,3.0,2.0,3.0,2.0,12.0,11.0,8.0,12.0,L Doughty
03/09/2022,Swansea,QPR,1.0,0.0,H,6.0,4.0,3.0,0.0,4.0,3.0,8.0,9.0,13.0,8.0,O Langford
04/09/2022,Huddersfield,Blackpool,0.0,1.0,A,10.0,2.0,0.0,3.0,6.0,2.0,8.0,4.0,15.0,7.0,J Busby
04/09/2022,Hull,Sheffield United,0.0,2.0,A,6.0,1.0,1.0,2.0,3.0,5.0,8.0,14.0,11.0,12.0,M Donohue
04/09/2022,Reading,Stoke,2.0,1.0,H,4.0,6.0,2.0,0.0,3.0,3.0,5.0,15.0,11.0,11.0,D Coote
05/09/2022,Middlesbrough,Sunderland,1.0,0.0,H,4.0,6.0,5.0,1.0,5.0,2.0,10.0,11.0,15.0,8.0,D Bond
13/09/2022,Blackburn,Watford,2.0,0.0,H,9.0,5.0,2.0,0.0,6.0,2.0,9.0,12.0,15.0,6.0,S Martin
13/09/2022,Huddersfield,Wigan,1.0,2.0,A,4.0,5.0,2.0,2.0,6.0,5.0,12.0,10.0,18.0,12.0,J Simpson
13/09/2022,Hull,Stoke,0.0,3.0,A,7.0,6.0,2.0,1.0,4.0,7.0,13.0,12.0,15.0,20.0,L Doughty
13/09/2022,Middlesbrough,Cardiff,2.0,3.0,A,9.0,3.0,1.0,1.0,2.0,4.0,6.0,6.0,10.0,6.0,J Bell
13/09/2022,Preston,Burnley,1.0,1.0,D,4.0,6.0,2.0,0.0,3.0,4.0,17.0,6.0,6.0,12.0,P Bankes
13/09/2022,Swansea,Sheffield United,0.0,1.0,A,6.0,4.0,1.0,1.0,2.0,3.0,9.0,13.0,12.0,12.0,D Bond
14/09/2022,Luton,Coventry,2.0,2.0,D,7.0,3.0,2.0,1.0,4.0,4.0,7.0,11.0,11.0,12.0,A Davies
14/09/2022,Millwall,QPR,0.0,2.0,A,5.0,4.0,0.0,0.0,3.0,4.0,10.0,7.0,12.0,13.0,T Robinson
14/09/2022,Norwich,Bristol City,3.0,2.0,H,2.0,7.0,0.0,0.0,6.0,4.0,10.0,8.0,11.0,11.0,D Webb
14/09/2022,Reading,Sunderland,0.0,3.0,A,3.0,7.0,1.0,1.0,2.0,6.0,16.0,8.0,6.0,13.0,M Donohue
14/09/2022,Rotherham,Blackpool,3.0,0.0,H,5.0,4.0,1.0,1.0,4.0,1.0,9.0,8.0,11.0,6.0,M Salisbury
14/09/2022,West Brom,Birmingham,2.0,3.0,A,6.0,2.0,2.0,1.0,5.0,3.0,6.0,12.0,18.0,7.0,J Smith
17/09/2022,Birmingham,Coventry,0.0,0.0,D,6.0,4.0,1.0,3.0,4.0,3.0,6.0,17.0,12.0,13.0,G Scott
17/09/2022,Burnley,Bristol City,2.0,1.0,H,8.0,5.0,1.0,1.0,6.0,5.0,10.0,6.0,13.0,9.0,O Langford
17/09/2022,Huddersfield,Cardiff,1.0,0.0,H,1.0,3.0,3.0,0.0,4.0,2.0,10.0,6.0,8.0,7.0,D Whitestone
17/09/2022,Luton,Blackburn,2.0,0.0,H,4.0,3.0,2.0,2.0,4.0,1.0,10.0,13.0,13.0,7.0,J Smith
17/09/2022,Middlesbrough,Rotherham,0.0,0.0,D,8.0,3.0,1.0,2.0,3.0,0.0,14.0,15.0,13.0,3.0,T Robinson
17/09/2022,Millwall,Blackpool,2.0,1.0,H,5.0,2.0,2.0,2.0,6.0,2.0,16.0,12.0,16.0,8.0,D Bond
17/09/2022,Norwich,West Brom,1.0,1.0,D,7.0,4.0,1.0,1.0,3.0,2.0,10.0,13.0,11.0,11.0,T Bramall
17/09/2022,Preston,Sheffield United,0.0,2.0,A,7.0,5.0,1.0,3.0,3.0,6.0,11.0,10.0,18.0,15.0,J Simpson
17/09/2022,QPR,Stoke,0.0,0.0,D,8.0,6.0,1.0,2.0,5.0,1.0,11.0,14.0,20.0,8.0,M Donohue
17/09/2022,Swansea,Hull,3.0,0.0,H,5.0,3.0,1.0,2.0,5.0,1.0,6.0,7.0,17.0,6.0,K Stroud
17/09/2022,Watford,Sunderland,2.0,2.0,D,8.0,3.0,0.0,4.0,4.0,5.0,8.0,6.0,13.0,12.0,R Madley
17/09/2022,Wigan,Reading,0.0,1.0,A,1.0,3.0,3.0,2.0,0.0,2.0,10.0,12.0,10.0,7.0,D Webb
30/09/2022,Hull,Luton,0.0,2.0,A,7.0,6.0,1.0,3.0,0.0,5.0,11.0,10.0,11.0,10.0,J Linington
01/10/2022,Blackburn,Millwall,2.0,1.0,H,4.0,4.0,1.0,0.0,4.0,2.0,6.0,9.0,10.0,10.0,D Webb
01/10/2022,Blackpool,Norwich,0.0,1.0,A,9.0,6.0,3.0,0.0,6.0,8.0,13.0,4.0,17.0,22.0,D Coote
01/10/2022,Bristol City,QPR,1.0,2.0,A,8.0,2.0,3.0,1.0,2.0,6.0,13.0,13.0,12.0,15.0,J Simpson
01/10/2022,Cardiff,Burnley,1.0,1.0,D,9.0,1.0,3.0,0.0,4.0,2.0,9.0,5.0,12.0,8.0,G Ward
01/10/2022,Coventry,Middlesbrough,1.0,0.0,H,3.0,6.0,4.0,1.0,4.0,3.0,22.0,12.0,11.0,6.0,S Martin
01/10/2022,Reading,Huddersfield,3.0,1.0,H,5.0,1.0,0.0,3.0,3.0,3.0,5.0,13.0,11.0,10.0,O Langford
01/10/2022,Rotherham,Wigan,0.0,2.0,A,8.0,4.0,3.0,1.0,3.0,5.0,9.0,8.0,12.0,14.0,A Davies
01/10/2022,Sheffield United,Birmingham,1.0,1.0,D,4.0,4.0,3.0,3.0,3.0,2.0,9.0,14.0,13.0,8.0,D Bond
01/10/2022,Sunderland,Preston,0.0,0.0,D,4.0,8.0,1.0,1.0,2.0,5.0,11.0,14.0,16.0,8.0,A Woolmer
01/10/2022,West Brom,Swansea,2.0,3.0,A,8.0,6.0,3.0,1.0,5.0,4.0,21.0,8.0,13.0,7.0,G Scott
02/10/2022,Stoke,Watford,0.0,4.0,A,6.0,6.0,2.0,5.0,2.0,9.0,10.0,15.0,15.0,16.0,J Smith
04/10/2022,Bristol City,Coventry,0.0,0.0,D,9.0,2.0,2.0,1.0,3.0,3.0,7.0,11.0,9.0,10.0,J Bell
04/10/2022,Cardiff,Blackburn,1.0,0.0,H,7.0,0.0,2.0,2.0,5.0,2.0,13.0,14.0,14.0,5.0,J Brooks
04/10/2022,Luton,Huddersfield,3.0,3.0,D,9.0,5.0,0.0,0.0,10.0,3.0,9.0,9.0,24.0,3.0,L Doughty
04/10/2022,Reading,Norwich,1.0,1.0,D,3.0,7.0,3.0,1.0,3.0,1.0,10.0,4.0,10.0,7.0,D Bond
04/10/2022,Sheffield United,QPR,0.0,1.0,A,9.0,3.0,2.0,2.0,5.0,3.0,8.0,10.0,21.0,10.0,J Linington
04/10/2022,Sunderland,Blackpool,0.0,0.0,D,5.0,12.0,1.0,3.0,4.0,4.0,10.0,13.0,15.0,13.0,J Simpson
05/10/2022,Burnley,Stoke,1.0,1.0,D,15.0,2.0,2.0,2.0,6.0,4.0,5.0,11.0,13.0,6.0,D Webb
05/10/2022,Hull,Wigan,2.0,1.0,H,9.0,5.0,3.0,1.0,5.0,4.0,13.0,10.0,11.0,12.0,A Woolmer
05/10/2022,Middlesbrough,Birmingham,1.0,0.0,H,6.0,6.0,2.0,1.0,3.0,4.0,11.0,10.0,13.0,13.0,M Salisbury
05/10/2022,Preston,West Brom,1.0,0.0,H,2.0,10.0,2.0,1.0,4.0,5.0,9.0,3.0,9.0,18.0,J Smith
05/10/2022,Rotherham,Millwall,1.0,1.0,D,6.0,4.0,2.0,2.0,1.0,4.0,9.0,8.0,10.0,14.0,D Whitestone
05/10/2022,Watford,Swansea,1.0,2.0,A,1.0,6.0,1.0,5.0,4.0,4.0,18.0,12.0,9.0,12.0,T Robinson
07/10/2022,QPR,Reading,2.0,1.0,H,4.0,5.0,2.0,3.0,5.0,2.0,10.0,14.0,11.0,9.0,T Bramall
08/10/2022,Birmingham,Bristol City,3.0,0.0,H,7.0,4.0,3.0,2.0,5.0,1.0,23.0,11.0,10.0,7.0,J Linington
08/10/2022,Blackburn,Rotherham,3.0,0.0,H,8.0,3.0,0.0,3.0,6.0,2.0,7.0,9.0,19.0,9.0,O Langford
08/10/2022,Blackpool,Watford,3.0,1.0,H,5.0,7.0,1.0,1.0,9.0,5.0,10.0,9.0,18.0,10.0,R Madley
08/10/2022,Coventry,Burnley,0.0,1.0,A,2.0,7.0,1.0,3.0,0.0,4.0,7.0,8.0,6.0,13.0,J Busby
08/10/2022,Millwall,Middlesbrough,2.0,0.0,H,0.0,7.0,2.0,2.0,7.0,1.0,15.0,12.0,9.0,7.0,M Donohue
08/10/2022,Norwich,Preston,2.0,3.0,A,8.0,3.0,1.0,5.0,8.0,5.0,10.0,12.0,17.0,8.0,O Langford
08/10/2022,Stoke,Sheffield United,3.0,1.0,H,6.0,5.0,3.0,1.0,5.0,3.0,12.0,6.0,12.0,8.0,P Bankes
08/10/2022,Swansea,Sunderland,2.0,1.0,H,7.0,4.0,2.0,5.0,6.0,3.0,7.0,13.0,10.0,11.0,G Ward
08/10/2022,West Brom,Luton,0.0,0.0,D,7.0,4.0,1.0,1.0,3.0,3.0,5.0,10.0,12.0,8.0,D Webb
08/10/2022,Wigan,Cardiff,1.0,3.0,A,6.0,3.0,4.0,2.0,1.0,6.0,7.0,15.0,10.0,10.0,J Bell
09/10/2022,Huddersfield,Hull,2.0,0.0,H,6.0,3.0,4.0,3.0,5.0,2.0,10.0,14.0,9.0,12.0,T Robinson
11/10/2022,Wigan,Blackburn,1.0,0.0,H,2.0,1.0,2.0,1.0,6.0,0.0,11.0,10.0,13.0,3.0,J Smith
12/10/2022,Bristol City,Preston,2.0,1.0,H,5.0,1.0,3.0,4.0,4.0,2.0,12.0,12.0,13.0,8.0,K Stroud
15/10/2022,Bristol City,Millwall,1.0,2.0,A,0.0,6.0,2.0,3.0,1.0,7.0,10.0,11.0,9.0,16.0,G Ward
15/10/2022,Burnley,Swansea,4.0,0.0,H,5.0,6.0,1.0,4.0,5.0,2.0,9.0,11.0,10.0,6.0,S Martin
15/10/2022,Cardiff,Coventry,0.0,1.0,A,12.0,7.0,1.0,4.0,1.0,4.0,6.0,12.0,15.0,11.0,R Madley
15/10/2022,Luton,QPR,3.0,1.0,H,9.0,9.0,2.0,0.0,4.0,4.0,16.0,12.0,17.0,12.0,T Harrington
15/10/2022,Middlesbrough,Blackburn,1.0,2.0,A,9.0,4.0,2.0,4.0,8.0,5.0,7.0,9.0,16.0,10.0,D Bond
15/10/2022,Preston,Stoke,0.0,2.0,A,3.0,6.0,1.0,0.0,0.0,6.0,9.0,11.0,7.0,18.0,M Donohue
15/10/2022,Reading,West Brom,0.0,2.0,A,4.0,7.0,3.0,1.0,6.0,3.0,10.0,11.0,17.0,9.0,T Robinson
15/10/2022,Rotherham,Huddersfield,2.0,1.0,H,3.0,3.0,3.0,2.0,4.0,4.0,12.0,12.0,10.0,7.0,J Simpson
15/10/2022,Sheffield United,Blackpool,3.0,3.0,D,14.0,4.0,5.0,0.0,9.0,3.0,13.0,10.0,20.0,10.0,D Webb
15/10/2022,Sunderland,Wigan,2.0,1.0,H,1.0,5.0,3.0,2.0,3.0,1.0,7.0,15.0,8.0,8.0,K Stroud
15/10/2022,Watford,Norwich,2.0,1.0,H,3.0,12.0,1.0,1.0,9.0,2.0,10.0,8.0,16.0,11.0,D England
16/10/2022,Hull,Birmingham,0.0,2.0,A,7.0,6.0,4.0,3.0,2.0,3.0,15.0,6.0,12.0,9.0,L Doughty
18/10/2022,Blackburn,Sunderland,2.0,0.0,H,3.0,7.0,3.0,3.0,3.0,4.0,16.0,11.0,11.0,13.0,C Pawson
18/10/2022,Huddersfield,Preston,0.0,1.0,A,5.0,5.0,5.0,1.0,0.0,3.0,13.0,9.0,9.0,10.0,A Woolmer
18/10/2022,Norwich,Luton,0.0,1.0,A,4.0,2.0,1.0,2.0,1.0,2.0,9.0,13.0,14.0,6.0,O Langford
18/10/2022,Stoke,Rotherham,0.0,1.0,A,8.0,3.0,0.0,3.0,12.0,1.0,7.0,14.0,29.0,4.0,G Ward
18/10/2022,Swansea,Reading,3.0,2.0,H,8.0,0.0,1.0,1.0,5.0,4.0,2.0,7.0,13.0,7.0,A Davies
18/10/2022,West Brom,Bristol City,0.0,2.0,A,13.0,1.0,3.0,1.0,0.0,2.0,12.0,8.0,14.0,6.0,R Madley
19/10/2022,Birmingham,Burnley,1.0,1.0,D,8.0,4.0,1.0,2.0,2.0,1.0,13.0,11.0,14.0,9.0,D Whitestone
19/10/2022,Blackpool,Hull,1.0,3.0,A,2.0,4.0,3.0,4.0,1.0,3.0,13.0,15.0,8.0,11.0,J Smith
19/10/2022,Coventry,Sheffield United,1.0,0.0,H,4.0,10.0,4.0,1.0,2.0,3.0,14.0,7.0,7.0,18.0,K Stroud
19/10/2022,Millwall,Watford,3.0,0.0,H,2.0,5.0,0.0,2.0,4.0,2.0,12.0,10.0,12.0,13.0,D Webb
19/10/2022,QPR,Cardiff,3.0,0.0,H,6.0,2.0,2.0,5.0,10.0,0.0,16.0,11.0,22.0,4.0,J Linington
19/10/2022,Wigan,Middlesbrough,1.0,4.0,A,4.0,4.0,1.0,2.0,5.0,7.0,7.0,11.0,10.0,16.0,L Doughty
22/10/2022,Blackburn,Birmingham,2.0,1.0,H,2.0,9.0,1.0,1.0,3.0,6.0,8.0,6.0,5.0,17.0,G Ward
22/10/2022,Blackpool,Preston,4.0,2.0,H,1.0,6.0,1.0,2.0,5.0,6.0,11.0,12.0,11.0,18.0,C Kavanagh
22/10/2022,Middlesbrough,Huddersfield,0.0,0.0,D,3.0,5.0,3.0,1.0,2.0,4.0,7.0,11.0,11.0,9.0,A Davies
22/10/2022,Millwall,West Brom,2.0,1.0,H,5.0,2.0,1.0,1.0,3.0,2.0,8.0,11.0,18.0,8.0,A Madley
22/10/2022,QPR,Wigan,2.0,1.0,H,5.0,4.0,1.0,2.0,4.0,2.0,10.0,6.0,9.0,11.0,D Whitestone
22/10/2022,Reading,Bristol City,2.0,0.0,H,10.0,5.0,2.0,3.0,4.0,0.0,12.0,8.0,15.0,5.0,J Busby
22/10/2022,Rotherham,Hull,2.0,4.0,A,4.0,7.0,1.0,0.0,3.0,13.0,6.0,9.0,11.0,19.0,S Martin
22/10/2022,Sheffield United,Norwich,2.0,2.0,D,4.0,9.0,1.0,5.0,8.0,6.0,16.0,12.0,22.0,10.0,J Smith
22/10/2022,Stoke,Coventry,0.0,2.0,A,9.0,2.0,1.0,1.0,2.0,3.0,8.0,15.0,11.0,8.0,J Linington
22/10/2022,Sunderland,Burnley,2.0,4.0,A,2.0,5.0,1.0,3.0,5.0,4.0,9.0,10.0,10.0,9.0,T Robinson
23/10/2022,Swansea,Cardiff,2.0,0.0,H,7.0,1.0,3.0,3.0,6.0,1.0,5.0,10.0,13.0,3.0,D Bond
23/10/2022,Watford,Luton,4.0,0.0,H,6.0,1.0,3.0,4.0,8.0,3.0,9.0,15.0,13.0,9.0,R Madley
25/10/2022,Burnley,Norwich,1.0,0.0,H,5.0,4.0,3.0,3.0,2.0,2.0,10.0,14.0,17.0,5.0,T Harrington
25/10/2022,Coventry,Rotherham,2.0,2.0,D,6.0,1.0,2.0,3.0,7.0,4.0,7.0,11.0,21.0,10.0,A Davies
28/10/2022,Birmingham,QPR,2.0,0.0,H,2.0,10.0,4.0,3.0,3.0,4.0,15.0,6.0,7.0,15.0,T Robinson
29/10/2022,Bristol City,Swansea,1.0,1.0,D,7.0,11.0,1.0,0.0,4.0,3.0,13.0,5.0,10.0,14.0,A Marriner
29/10/2022,Burnley,Reading,2.0,1.0,H,12.0,9.0,3.0,4.0,3.0,4.0,7.0,7.0,14.0,10.0,J Simpson
29/10/2022,Cardiff,Rotherham,1.0,0.0,H,10.0,3.0,0.0,1.0,5.0,0.0,3.0,9.0,19.0,3.0,O Langford
29/10/2022,Coventry,Blackpool,1.0,2.0,A,3.0,5.0,1.0,4.0,5.0,4.0,9.0,12.0,16.0,17.0,D Bond
29/10/2022,Huddersfield,Millwall,1.0,0.0,H,8.0,1.0,2.0,3.0,5.0,1.0,8.0,13.0,14.0,4.0,S Martin
29/10/2022,Hull,Blackburn,0.0,1.0,A,6.0,3.0,2.0,1.0,0.0,6.0,11.0,10.0,7.0,14.0,D Webb
29/10/2022,Luton,Sunderland,1.0,1.0,D,8.0,5.0,2.0,3.0,3.0,4.0,18.0,17.0,15.0,16.0,J Linington
29/10/2022,Norwich,Stoke,3.0,1.0,H,5.0,6.0,6.0,2.0,9.0,4.0,14.0,10.0,16.0,17.0,K Stroud
29/10/2022,Preston,Middlesbrough,2.0,1.0,H,2.0,4.0,3.0,3.0,4.0,1.0,11.0,10.0,13.0,9.0,G Ward
29/10/2022,West Brom,Sheffield United,0.0,2.0,A,8.0,3.0,0.0,1.0,4.0,2.0,6.0,4.0,15.0,11.0,D Whitestone
29/10/2022,Wigan,Watford,0.0,1.0,A,3.0,4.0,2.0,2.0,1.0,2.0,5.0,7.0,8.0,13.0,M Donohue
01/11/2022,Bristol City,Sheffield United,0.0,1.0,A,8.0,1.0,3.0,5.0,3.0,3.0,6.0,15.0,16.0,4.0,S Martin
01/11/2022,Coventry,Blackburn,1.0,0.0,H,3.0,4.0,2.0,4.0,7.0,2.0,5.0,10.0,15.0,9.0,T Robinson
01/11/2022,Hull,Middlesbrough,1.0,3.0,A,7.0,2.0,1.0,3.0,2.0,3.0,11.0,8.0,10.0,6.0,D Whitestone
01/11/2022,Luton,Reading,0.0,0.0,D,6.0,5.0,2.0,3.0,2.0,3.0,10.0,8.0,9.0,17.0,J Brooks
01/11/2022,Preston,Swansea,1.0,0.0,H,2.0,7.0,4.0,3.0,4.0,4.0,11.0,8.0,9.0,14.0,J Busby
01/11/2022,West Brom,Blackpool,1.0,0.0,H,7.0,2.0,4.0,2.0,5.0,0.0,11.0,8.0,11.0,4.0,G Ward
02/11/2022,Birmingham,Millwall,0.0,0.0,D,2.0,5.0,0.0,1.0,0.0,3.0,10.0,11.0,5.0,10.0,G Scott
02/11/2022,Burnley,Rotherham,3.0,2.0,H,7.0,3.0,3.0,2.0,11.0,5.0,7.0,4.0,24.0,8.0,L Doughty
02/11/2022,Cardiff,Watford,1.0,2.0,A,8.0,11.0,2.0,2.0,3.0,5.0,9.0,8.0,11.0,16.0,K Stroud
02/11/2022,Huddersfield,Sunderland,0.0,2.0,A,5.0,1.0,2.0,2.0,3.0,3.0,9.0,8.0,16.0,9.0,O Langford
02/11/2022,Norwich,QPR,0.0,0.0,D,11.0,4.0,1.0,3.0,3.0,4.0,7.0,10.0,12.0,13.0,A Davies
02/11/2022,Wigan,Stoke,0.0,1.0,A,2.0,7.0,1.0,1.0,1.0,5.0,7.0,12.0,11.0,14.0,S Barrott
04/11/2022,Reading,Preston,1.0,2.0,A,3.0,2.0,1.0,4.0,2.0,4.0,10.0,9.0,11.0,10.0,D Webb
05/11/2022,Blackburn,Huddersfield,1.0,0.0,H,5.0,4.0,0.0,3.0,4.0,3.0,3.0,16.0,12.0,8.0,J Linington
05/11/2022,Blackpool,Luton,0.0,1.0,A,9.0,11.0,1.0,1.0,8.0,3.0,7.0,10.0,19.0,11.0,T Robinson
05/11/2022,Middlesbrough,Bristol City,1.0,1.0,D,8.0,1.0,3.0,2.0,9.0,2.0,13.0,11.0,23.0,6.0,M Donohue
05/11/2022,Millwall,Hull,0.0,0.0,D,10.0,2.0,0.0,3.0,6.0,2.0,9.0,13.0,24.0,7.0,J Busby
05/11/2022,QPR,West Brom,0.0,1.0,A,8.0,5.0,1.0,2.0,2.0,2.0,9.0,10.0,9.0,10.0,T Bramall
05/11/2022,Rotherham,Norwich,1.0,2.0,A,2.0,9.0,1.0,3.0,4.0,4.0,10.0,12.0,10.0,13.0,D Whitestone
05/11/2022,Sheffield United,Burnley,5.0,2.0,H,10.0,6.0,2.0,3.0,12.0,4.0,8.0,7.0,28.0,14.0,D Bond
05/11/2022,Stoke,Birmingham,1.0,2.0,A,4.0,3.0,3.0,4.0,7.0,3.0,14.0,17.0,11.0,8.0,J Smith
05/11/2022,Sunderland,Cardiff,0.0,1.0,A,6.0,4.0,4.0,3.0,2.0,4.0,6.0,12.0,11.0,13.0,A Davies
05/11/2022,Swansea,Wigan,2.0,2.0,D,6.0,3.0,2.0,2.0,3.0,4.0,10.0,13.0,13.0,5.0,C Pawson
05/11/2022,Watford,Coventry,0.0,1.0,A,10.0,5.0,4.0,2.0,2.0,4.0,13.0,6.0,11.0,12.0,L Doughty
08/11/2022,Birmingham,Swansea,2.0,2.0,D,12.0,1.0,3.0,4.0,2.0,3.0,12.0,11.0,15.0,8.0,A Woolmer
08/11/2022,Blackpool,Middlesbrough,0.0,3.0,A,2.0,7.0,4.0,1.0,1.0,5.0,10.0,12.0,7.0,19.0,J Simpson
08/11/2022,Cardiff,Hull,2.0,3.0,A,4.0,2.0,0.0,1.0,2.0,4.0,6.0,9.0,12.0,10.0,J Bell
08/11/2022,Coventry,Wigan,2.0,0.0,H,6.0,4.0,2.0,1.0,2.0,0.0,11.0,15.0,14.0,6.0,S Martin
08/11/2022,QPR,Huddersfield,1.0,2.0,A,14.0,4.0,0.0,6.0,6.0,5.0,11.0,8.0,36.0,11.0,G Ward
08/11/2022,Sheffield United,Rotherham,0.0,1.0,A,12.0,1.0,2.0,3.0,5.0,2.0,10.0,10.0,14.0,4.0,K Stroud
08/11/2022,Stoke,Luton,2.0,0.0,H,5.0,13.0,1.0,4.0,2.0,3.0,7.0,15.0,8.0,15.0,O Langford
08/11/2022,Watford,Reading,2.0,0.0,H,7.0,3.0,2.0,3.0,5.0,1.0,15.0,16.0,15.0,6.0,J Linington
11/11/2022,Birmingham,Sunderland,1.0,2.0,A,7.0,3.0,2.0,4.0,6.0,4.0,8.0,12.0,22.0,6.0,A Madley
12/11/2022,Bristol City,Watford,0.0,0.0,D,4.0,3.0,1.0,1.0,2.0,0.0,15.0,10.0,9.0,2.0,D Webb
12/11/2022,Cardiff,Sheffield United,0.0,1.0,A,5.0,4.0,0.0,1.0,2.0,5.0,10.0,7.0,12.0,10.0,M Donohue
12/11/2022,Coventry,QPR,2.0,0.0,H,2.0,6.0,2.0,2.0,5.0,1.0,7.0,11.0,13.0,11.0,K Stroud
12/11/2022,Huddersfield,Swansea,0.0,0.0,D,2.0,11.0,1.0,2.0,4.0,6.0,8.0,9.0,8.0,16.0,B Toner
12/11/2022,Hull,Reading,1.0,2.0,A,4.0,6.0,0.0,1.0,4.0,4.0,6.0,6.0,12.0,9.0,G Ward
12/11/2022,Luton,Rotherham,1.0,1.0,D,12.0,4.0,1.0,7.0,7.0,2.0,10.0,13.0,18.0,8.0,S Martin
12/11/2022,Norwich,Middlesbrough,1.0,2.0,A,3.0,4.0,1.0,2.0,6.0,3.0,9.0,10.0,14.0,11.0,L Doughty
12/11/2022,Preston,Millwall,2.0,4.0,A,2.0,2.0,1.0,3.0,4.0,4.0,5.0,10.0,17.0,5.0,O Langford
12/11/2022,West Brom,Stoke,2.0,0.0,H,8.0,6.0,1.0,3.0,4.0,3.0,9.0,9.0,16.0,13.0,J Bell
12/11/2022,Wigan,Blackpool,2.0,1.0,H,8.0,3.0,3.0,2.0,3.0,1.0,11.0,13.0,18.0,4.0,A Davies
13/11/2022,Burnley,Blackburn,3.0,0.0,H,7.0,3.0,1.0,2.0,8.0,1.0,12.0,9.0,17.0,1.0,D Coote
03/12/2022,Sunderland,Millwall,3.0,0.0,H,1.0,8.0,1.0,3.0,5.0,5.0,10.0,19.0,11.0,19.0,T Robinson
10/12/2022,Blackburn,Preston,1.0,4.0,A,2.0,2.0,1.0,2.0,2.0,6.0,12.0,4.0,7.0,13.0,J Smith
10/12/2022,Blackpool,Birmingham,0.0,0.0,D,2.0,6.0,0.0,1.0,0.0,1.0,9.0,14.0,9.0,10.0,T Bramall
10/12/2022,Middlesbrough,Luton,2.0,1.0,H,3.0,2.0,0.0,2.0,3.0,1.0,16.0,16.0,17.0,3.0,G Ward
10/12/2022,Millwall,Wigan,1.0,1.0,D,4.0,3.0,1.0,2.0,6.0,3.0,18.0,12.0,12.0,7.0,K Stroud
10/12/2022,Reading,Coventry,1.0,0.0,H,4.0,4.0,2.0,3.0,3.0,4.0,11.0,8.0,9.0,15.0,M Donohue
10/12/2022,Rotherham,Bristol City,1.0,3.0,A,7.0,9.0,1.0,4.0,5.0,4.0,7.0,11.0,16.0,9.0,S Barrott
10/12/2022,Sheffield United,Huddersfield,1.0,0.0,H,10.0,1.0,2.0,2.0,4.0,1.0,8.0,9.0,16.0,4.0,D Bond
10/12/2022,Stoke,Cardiff,2.0,2.0,D,6.0,6.0,1.0,2.0,3.0,5.0,10.0,7.0,11.0,8.0,A Woolmer
10/12/2022,Swansea,Norwich,0.0,1.0,A,7.0,4.0,2.0,5.0,7.0,2.0,9.0,13.0,17.0,5.0,S Martin
11/12/2022,QPR,Burnley,0.0,3.0,A,2.0,6.0,1.0,2.0,2.0,7.0,13.0,18.0,9.0,9.0,P Bankes
11/12/2022,Watford,Hull,0.0,0.0,D,7.0,5.0,0.0,4.0,3.0,3.0,7.0,13.0,12.0,9.0,D Whitestone
12/12/2022,Sunderland,West Brom,1.0,2.0,A,5.0,5.0,1.0,1.0,3.0,4.0,8.0,7.0,11.0,10.0,J Linington
16/12/2022,Birmingham,Reading,3.0,2.0,H,0.0,7.0,1.0,1.0,6.0,7.0,14.0,14.0,9.0,20.0,T Robinson
17/12/2022,Bristol City,Stoke,1.0,2.0,A,3.0,3.0,3.0,4.0,5.0,3.0,11.0,17.0,14.0,6.0,G Eltringham
17/12/2022,Burnley,Middlesbrough,3.0,1.0,H,4.0,1.0,1.0,2.0,4.0,4.0,13.0,4.0,11.0,4.0,D Webb
17/12/2022,Cardiff,Blackpool,1.0,1.0,D,4.0,6.0,3.0,3.0,8.0,2.0,11.0,13.0,22.0,9.0,J Smith
17/12/2022,Coventry,Swansea,3.0,3.0,D,5.0,3.0,0.0,2.0,9.0,7.0,11.0,12.0,17.0,17.0,R Jones
17/12/2022,Huddersfield,Watford,0.0,2.0,A,7.0,11.0,2.0,2.0,2.0,6.0,10.0,15.0,15.0,12.0,L Doughty
17/12/2022,Hull,Sunderland,1.0,1.0,D,7.0,4.0,1.0,1.0,2.0,1.0,8.0,13.0,17.0,6.0,G Ward
17/12/2022,Norwich,Blackburn,0.0,2.0,A,6.0,2.0,4.0,3.0,4.0,3.0,12.0,18.0,19.0,7.0,P Tierney
17/12/2022,Preston,QPR,0.0,1.0,A,4.0,4.0,1.0,3.0,2.0,6.0,18.0,13.0,10.0,17.0,O Langford
17/12/2022,West Brom,Rotherham,3.0,0.0,H,6.0,3.0,1.0,2.0,9.0,1.0,11.0,10.0,16.0,2.0,J Busby
19/12/2022,Wigan,Sheffield United,1.0,2.0,A,8.0,4.0,1.0,3.0,3.0,6.0,10.0,13.0,10.0,10.0,D Whitestone
21/12/2022,Coventry,West Brom,1.0,0.0,H,10.0,2.0,2.0,1.0,8.0,3.0,12.0,11.0,17.0,5.0,K Stroud
26/12/2022,Bristol City,West Brom,0.0,2.0,A,8.0,6.0,2.0,1.0,3.0,4.0,11.0,8.0,8.0,15.0,S Martin
26/12/2022,Cardiff,QPR,0.0,0.0,D,1.0,6.0,2.0,3.0,0.0,1.0,11.0,14.0,11.0,10.0,K Stroud
26/12/2022,Hull,Blackpool,1.0,1.0,D,11.0,8.0,2.0,2.0,1.0,5.0,18.0,13.0,15.0,16.0,J Brooks
26/12/2022,Luton,Norwich,2.0,1.0,H,6.0,4.0,1.0,1.0,3.0,5.0,11.0,10.0,12.0,19.0,T Robinson
26/12/2022,Middlesbrough,Wigan,4.0,1.0,H,9.0,10.0,2.0,1.0,7.0,5.0,8.0,11.0,14.0,17.0,O Langford
26/12/2022,Preston,Huddersfield,1.0,2.0,A,2.0,3.0,2.0,3.0,2.0,3.0,10.0,12.0,11.0,9.0,G Eltringham
26/12/2022,Rotherham,Stoke,2.0,2.0,D,3.0,3.0,1.0,2.0,1.0,5.0,14.0,16.0,5.0,12.0,D Webb
26/12/2022,Sheffield United,Coventry,3.0,1.0,H,2.0,7.0,0.0,3.0,3.0,4.0,10.0,10.0,8.0,11.0,M Donohue
26/12/2022,Sunderland,Blackburn,2.0,1.0,H,7.0,3.0,3.0,5.0,5.0,2.0,15.0,13.0,11.0,5.0,D Bond
26/12/2022,Watford,Millwall,0.0,2.0,A,4.0,10.0,2.0,3.0,2.0,8.0,14.0,15.0,7.0,23.0,J Smith
27/12/2022,Burnley,Birmingham,3.0,0.0,H,1.0,1.0,1.0,3.0,4.0,0.0,12.0,8.0,10.0,2.0,D England
27/12/2022,Reading,Swansea,2.0,1.0,H,3.0,4.0,2.0,3.0,4.0,7.0,24.0,7.0,9.0,12.0,J Linington
29/12/2022,Blackburn,Middlesbrough,1.0,2.0,A,1.0,7.0,1.0,3.0,5.0,4.0,8.0,11.0,9.0,11.0,L Doughty
29/12/2022,Blackpool,Sheffield United,1.0,2.0,A,5.0,6.0,0.0,0.0,4.0,6.0,8.0,16.0,14.0,11.0,P Bankes
29/12/2022,Coventry,Cardiff,0.0,0.0,D,5.0,2.0,2.0,1.0,4.0,2.0,8.0,9.0,15.0,6.0,A Backhouse
29/12/2022,Huddersfield,Rotherham,2.0,0.0,H,0.0,2.0,3.0,2.0,3.0,2.0,6.0,13.0,9.0,7.0,J Simpson
29/12/2022,Millwall,Bristol City,0.0,0.0,D,3.0,4.0,0.0,0.0,0.0,2.0,8.0,3.0,9.0,6.0,D Whitestone
29/12/2022,QPR,Luton,0.0,3.0,A,6.0,2.0,0.0,4.0,2.0,5.0,10.0,20.0,8.0,6.0,G Ward
29/12/2022,West Brom,Preston,2.0,0.0,H,14.0,3.0,1.0,1.0,8.0,2.0,9.0,9.0,17.0,8.0,A Woolmer
29/12/2022,Wigan,Sunderland,1.0,4.0,A,1.0,4.0,2.0,1.0,2.0,7.0,19.0,14.0,7.0,13.0,M Salisbury
30/12/2022,Birmingham,Hull,0.0,1.0,A,4.0,7.0,3.0,1.0,3.0,2.0,10.0,10.0,10.0,15.0,S Martin
30/12/2022,Norwich,Reading,1.0,1.0,D,8.0,7.0,3.0,2.0,5.0,4.0,17.0,7.0,11.0,11.0,D Webb
30/12/2022,Stoke,Burnley,0.0,1.0,A,3.0,5.0,2.0,3.0,3.0,2.0,21.0,13.0,6.0,7.0,K Stroud
30/12/2022,Swansea,Watford,4.0,0.0,H,4.0,2.0,4.0,2.0,7.0,3.0,14.0,11.0,15.0,4.0,J Busby
01/01/2023,Blackburn,Cardiff,1.0,0.0,H,3.0,9.0,3.0,2.0,4.0,3.0,6.0,9.0,10.0,11.0,T Bramall
01/01/2023,Blackpool,Sunderland,1.0,1.0,D,1.0,5.0,3.0,2.0,2.0,5.0,14.0,10.0,6.0,18.0,T Robinson
01/01/2023,Coventry,Bristol City,1.0,1.0,D,6.0,11.0,3.0,2.0,6.0,2.0,10.0,10.0,16.0,9.0,J Simpson
01/01/2023,Huddersfield,Luton,1.0,2.0,A,1.0,1.0,1.0,3.0,3.0,5.0,14.0,15.0,6.0,9.0,M Donohue
01/01/2023,Millwall,Rotherham,3.0,0.0,H,10.0,1.0,1.0,1.0,12.0,1.0,9.0,12.0,26.0,5.0,G Ward
02/01/2023,Birmingham,Middlesbrough,1.0,3.0,A,9.0,8.0,1.0,2.0,1.0,8.0,10.0,8.0,9.0,18.0,D Whitestone
02/01/2023,Norwich,Watford,0.0,1.0,A,8.0,3.0,2.0,3.0,1.0,3.0,9.0,17.0,15.0,12.0,J Linington
02/01/2023,QPR,Sheffield United,1.0,1.0,D,8.0,6.0,2.0,2.0,2.0,6.0,11.0,13.0,15.0,15.0,J Smith
02/01/2023,Stoke,Preston,0.0,1.0,A,4.0,7.0,4.0,4.0,3.0,2.0,13.0,6.0,15.0,9.0,L Doughty
02/01/2023,Swansea,Burnley,1.0,2.0,A,4.0,5.0,3.0,5.0,3.0,3.0,7.0,12.0,10.0,8.0,O Langford
02/01/2023,West Brom,Reading,1.0,0.0,H,6.0,3.0,1.0,4.0,4.0,2.0,11.0,12.0,17.0,7.0,T Nield
02/01/2023,Wigan,Hull,1.0,4.0,A,7.0,5.0,1.0,2.0,1.0,4.0,10.0,8.0,6.0,9.0,G Eltringham
14/01/2023,Bristol City,Birmingham,4.0,2.0,H,5.0,2.0,2.0,1.0,5.0,4.0,14.0,6.0,10.0,14.0,J Busby
14/01/2023,Burnley,Coventry,1.0,0.0,H,3.0,5.0,3.0,3.0,5.0,0.0,4.0,8.0,10.0,8.0,D Webb
14/01/2023,Cardiff,Wigan,1.0,1.0,D,3.0,3.0,4.0,2.0,2.0,4.0,7.0,11.0,11.0,16.0,J Simpson
14/01/2023,Hull,Huddersfield,1.0,1.0,D,4.0,4.0,0.0,2.0,5.0,6.0,4.0,5.0,14.0,8.0,T Bramall
14/01/2023,Luton,West Brom,2.0,3.0,A,2.0,9.0,3.0,2.0,4.0,7.0,15.0,9.0,10.0,18.0,J Smith
14/01/2023,Middlesbrough,Millwall,1.0,0.0,H,6.0,3.0,2.0,3.0,3.0,2.0,8.0,13.0,7.0,8.0,M Donohue
14/01/2023,Preston,Norwich,0.0,4.0,A,4.0,7.0,4.0,4.0,2.0,8.0,17.0,11.0,9.0,22.0,S Martin
14/01/2023,Reading,QPR,2.0,2.0,D,5.0,7.0,2.0,2.0,3.0,4.0,11.0,9.0,10.0,17.0,D Bond
14/01/2023,Rotherham,Blackburn,4.0,0.0,H,4.0,2.0,1.0,0.0,4.0,3.0,7.0,1.0,8.0,9.0,D Whitestone
14/01/2023,Sheffield United,Stoke,3.0,1.0,H,2.0,6.0,2.0,2.0,3.0,5.0,7.0,13.0,8.0,9.0,M Salisbury
14/01/2023,Sunderland,Swansea,1.0,3.0,A,1.0,4.0,1.0,4.0,3.0,6.0,15.0,15.0,8.0,18.0,K Stroud
14/01/2023,Watford,Blackpool,2.0,0.0,H,2.0,3.0,2.0,3.0,5.0,2.0,11.0,14.0,11.0,6.0,G Ward
20/01/2023,Burnley,West Brom,2.0,1.0,H,16.0,5.0,1.0,1.0,2.0,2.0,7.0,8.0,17.0,8.0,J Gillett
20/01/2023,Sheffield United,Hull,1.0,0.0,H,4.0,2.0,6.0,2.0,5.0,2.0,11.0,8.0,13.0,10.0,D Bond
21/01/2023,Birmingham,Preston,1.0,2.0,A,5.0,3.0,4.0,1.0,4.0,4.0,12.0,11.0,10.0,8.0,R Welch
21/01/2023,Bristol City,Blackburn,1.0,1.0,D,5.0,3.0,1.0,1.0,3.0,2.0,10.0,12.0,11.0,6.0,T Robinson
21/01/2023,Cardiff,Millwall,0.0,1.0,A,7.0,4.0,3.0,3.0,4.0,6.0,13.0,10.0,22.0,15.0,L Doughty
21/01/2023,Coventry,Norwich,2.0,4.0,A,4.0,6.0,0.0,1.0,4.0,7.0,10.0,8.0,11.0,18.0,J Smith
21/01/2023,QPR,Swansea,1.0,1.0,D,5.0,8.0,0.0,0.0,4.0,2.0,15.0,14.0,15.0,14.0,J Busby
21/01/2023,Stoke,Reading,4.0,0.0,H,6.0,2.0,0.0,0.0,7.0,3.0,12.0,5.0,16.0,7.0,G Ward
21/01/2023,Watford,Rotherham,1.0,1.0,D,9.0,3.0,3.0,3.0,5.0,5.0,9.0,8.0,18.0,12.0,D Webb
21/01/2023,Wigan,Luton,0.0,2.0,A,3.0,1.0,2.0,3.0,1.0,2.0,7.0,11.0,9.0,8.0,A Woolmer
22/01/2023,Sunderland,Middlesbrough,2.0,0.0,H,4.0,8.0,0.0,2.0,6.0,6.0,8.0,10.0,17.0,14.0,J Linington
28/01/2023,Coventry,Huddersfield,2.0,0.0,H,6.0,3.0,1.0,2.0,5.0,4.0,13.0,13.0,9.0,6.0,S Stockbridge
28/01/2023,Hull,QPR,3.0,0.0,H,4.0,5.0,0.0,4.0,3.0,2.0,10.0,8.0,7.0,5.0,J Linington
28/01/2023,Middlesbrough,Watford,2.0,0.0,H,9.0,5.0,1.0,2.0,6.0,4.0,10.0,19.0,14.0,11.0,D Bond
31/01/2023,Luton,Cardiff,1.0,0.0,H,13.0,2.0,3.0,2.0,4.0,4.0,12.0,7.0,15.0,11.0,G Eltringham
03/02/2023,West Brom,Coventry,1.0,0.0,H,10.0,4.0,4.0,1.0,3.0,1.0,11.0,12.0,16.0,10.0,G Ward
04/02/2023,Huddersfield,QPR,1.0,1.0,D,8.0,4.0,2.0,2.0,4.0,2.0,14.0,13.0,6.0,11.0,G Eltringham
04/02/2023,Hull,Cardiff,1.0,0.0,H,3.0,7.0,2.0,0.0,4.0,3.0,10.0,7.0,12.0,14.0,D Webb
04/02/2023,Luton,Stoke,1.0,0.0,H,7.0,5.0,2.0,3.0,4.0,1.0,11.0,7.0,11.0,7.0,D Whitestone
04/02/2023,Middlesbrough,Blackpool,3.0,0.0,H,9.0,7.0,1.0,2.0,6.0,1.0,14.0,12.0,13.0,13.0,T Robinson
04/02/2023,Millwall,Sunderland,1.0,1.0,D,5.0,6.0,3.0,1.0,2.0,1.0,19.0,10.0,14.0,5.0,T Bramall
04/02/2023,Norwich,Burnley,0.0,3.0,A,5.0,3.0,5.0,3.0,1.0,6.0,15.0,15.0,8.0,13.0,K Stroud
04/02/2023,Preston,Bristol City,1.0,2.0,A,5.0,3.0,1.0,4.0,6.0,3.0,10.0,12.0,17.0,6.0,L Doughty
04/02/2023,Reading,Watford,2.0,2.0,D,4.0,4.0,3.0,4.0,6.0,4.0,17.0,17.0,14.0,12.0,S Martin
04/02/2023,Rotherham,Sheffield United,0.0,0.0,D,3.0,5.0,1.0,1.0,3.0,2.0,13.0,6.0,6.0,12.0,G Scott
04/02/2023,Swansea,Birmingham,3.0,4.0,A,1.0,3.0,1.0,2.0,6.0,6.0,7.0,12.0,14.0,14.0,J Simpson
06/02/2023,Blackburn,Wigan,0.0,0.0,D,7.0,7.0,3.0,1.0,3.0,1.0,10.0,13.0,9.0,11.0,M Donohue
07/02/2023,Blackpool,Huddersfield,2.0,2.0,D,3.0,7.0,1.0,3.0,3.0,6.0,9.0,7.0,10.0,13.0,G Scott
10/02/2023,Birmingham,West Brom,2.0,0.0,H,5.0,6.0,3.0,3.0,4.0,1.0,13.0,7.0,12.0,5.0,J Linington
11/02/2023,Blackpool,Rotherham,0.0,0.0,D,4.0,0.0,1.0,0.0,3.0,2.0,7.0,13.0,10.0,10.0,J Smith
11/02/2023,Bristol City,Norwich,1.0,0.0,H,8.0,8.0,1.0,3.0,2.0,1.0,14.0,7.0,7.0,15.0,C Kavanagh
11/02/2023,Burnley,Preston,3.0,0.0,H,5.0,2.0,1.0,3.0,6.0,2.0,10.0,15.0,13.0,5.0,D Bond
11/02/2023,Cardiff,Middlesbrough,1.0,3.0,A,7.0,4.0,0.0,2.0,4.0,3.0,9.0,13.0,15.0,11.0,J Busby
11/02/2023,Coventry,Luton,1.0,1.0,D,5.0,5.0,1.0,4.0,3.0,6.0,16.0,16.0,12.0,8.0,S Martin
11/02/2023,QPR,Millwall,1.0,2.0,A,4.0,3.0,1.0,1.0,2.0,5.0,8.0,12.0,10.0,11.0,D Whitestone
11/02/2023,Sheffield United,Swansea,3.0,0.0,H,4.0,5.0,2.0,3.0,9.0,3.0,13.0,11.0,18.0,12.0,M Donohue
11/02/2023,Stoke,Hull,0.0,0.0,D,7.0,2.0,0.0,2.0,2.0,3.0,14.0,9.0,5.0,9.0,A Woolmer
11/02/2023,Sunderland,Reading,1.0,0.0,H,4.0,8.0,0.0,2.0,5.0,1.0,7.0,9.0,13.0,9.0,D Coote
11/02/2023,Watford,Blackburn,1.0,1.0,D,6.0,2.0,2.0,4.0,6.0,4.0,13.0,18.0,15.0,7.0,J Simpson
11/02/2023,Wigan,Huddersfield,1.0,0.0,H,3.0,2.0,1.0,1.0,1.0,2.0,12.0,10.0,6.0,5.0,G Ward
14/02/2023,Birmingham,Cardiff,0.0,2.0,A,5.0,4.0,3.0,3.0,1.0,4.0,13.0,7.0,6.0,12.0,G Ward
14/02/2023,Burnley,Watford,1.0,1.0,D,5.0,1.0,3.0,3.0,5.0,1.0,14.0,15.0,14.0,4.0,L Doughty
14/02/2023,Coventry,Millwall,1.0,0.0,H,3.0,6.0,1.0,3.0,5.0,2.0,8.0,9.0,12.0,11.0,M Donohue
14/02/2023,Norwich,Hull,3.0,1.0,H,5.0,3.0,0.0,1.0,6.0,1.0,8.0,11.0,21.0,3.0,D Whitestone
14/02/2023,QPR,Sunderland,0.0,3.0,A,2.0,2.0,6.0,2.0,2.0,8.0,16.0,13.0,7.0,12.0,P Bankes
14/02/2023,Reading,Rotherham,2.0,1.0,H,4.0,4.0,2.0,0.0,3.0,1.0,10.0,14.0,12.0,13.0,J Busby
15/02/2023,Bristol City,Wigan,1.0,1.0,D,3.0,11.0,2.0,3.0,1.0,2.0,6.0,12.0,5.0,10.0,K Stroud
15/02/2023,Preston,Luton,1.0,1.0,D,2.0,10.0,2.0,2.0,2.0,3.0,7.0,13.0,7.0,18.0,J Smith
15/02/2023,Sheffield United,Middlesbrough,1.0,3.0,A,6.0,6.0,3.0,3.0,10.0,5.0,10.0,8.0,18.0,17.0,A Marriner
15/02/2023,Stoke,Huddersfield,3.0,0.0,H,12.0,3.0,2.0,3.0,6.0,1.0,15.0,13.0,16.0,3.0,J Linington
15/02/2023,Swansea,Blackpool,2.0,1.0,H,6.0,2.0,2.0,1.0,6.0,3.0,18.0,9.0,17.0,7.0,G Eltringham
15/02/2023,West Brom,Blackburn,1.0,1.0,D,12.0,5.0,2.0,1.0,4.0,4.0,10.0,12.0,12.0,10.0,D Webb
17/02/2023,Cardiff,Reading,1.0,0.0,H,8.0,3.0,1.0,2.0,5.0,0.0,8.0,10.0,19.0,5.0,D Bond
18/02/2023,Blackburn,Swansea,1.0,0.0,H,6.0,3.0,4.0,0.0,3.0,2.0,10.0,10.0,8.0,10.0,T Bramall
18/02/2023,Blackpool,Stoke,1.0,0.0,H,3.0,5.0,4.0,1.0,1.0,6.0,13.0,9.0,7.0,25.0,M Donohue
18/02/2023,Huddersfield,Birmingham,2.0,1.0,H,4.0,6.0,1.0,1.0,7.0,5.0,10.0,10.0,12.0,19.0,J Busby
18/02/2023,Hull,Preston,0.0,0.0,D,11.0,6.0,2.0,2.0,4.0,0.0,10.0,8.0,15.0,7.0,S Allison
18/02/2023,Luton,Burnley,0.0,1.0,A,7.0,5.0,1.0,1.0,2.0,2.0,14.0,11.0,7.0,9.0,J Simpson
18/02/2023,Middlesbrough,QPR,3.0,1.0,H,9.0,9.0,1.0,0.0,9.0,2.0,5.0,12.0,12.0,9.0,D Webb
18/02/2023,Millwall,Sheffield United,3.0,2.0,H,4.0,5.0,3.0,4.0,5.0,6.0,10.0,13.0,12.0,11.0,S Martin
18/02/2023,Rotherham,Coventry,0.0,2.0,A,4.0,2.0,2.0,3.0,1.0,6.0,9.0,13.0,11.0,8.0,K Stroud
18/02/2023,Sunderland,Bristol City,1.0,1.0,D,2.0,4.0,1.0,0.0,3.0,2.0,12.0,14.0,11.0,9.0,G Ward
18/02/2023,Wigan,Norwich,0.0,0.0,D,3.0,5.0,2.0,2.0,6.0,1.0,10.0,14.0,11.0,9.0,G Eltringham
20/02/2023,Watford,West Brom,3.0,2.0,H,6.0,6.0,2.0,2.0,7.0,4.0,10.0,13.0,18.0,18.0,T Robinson
21/02/2023,Blackburn,Blackpool,1.0,0.0,H,8.0,2.0,3.0,0.0,3.0,0.0,12.0,12.0,13.0,7.0,D Whitestone
21/02/2023,Millwall,Burnley,1.0,1.0,D,3.0,6.0,1.0,1.0,3.0,3.0,7.0,11.0,12.0,17.0,J Linington
21/02/2023,Norwich,Birmingham,3.0,1.0,H,6.0,1.0,1.0,2.0,7.0,2.0,14.0,9.0,15.0,10.0,J Gillett
21/02/2023,Rotherham,Sunderland,2.0,1.0,H,4.0,6.0,2.0,1.0,3.0,5.0,7.0,9.0,7.0,13.0,C Kavanagh
21/02/2023,Swansea,Stoke,1.0,3.0,A,5.0,4.0,4.0,1.0,6.0,8.0,12.0,17.0,12.0,15.0,A Woolmer
25/02/2023,Birmingham,Luton,0.0,1.0,A,2.0,7.0,1.0,1.0,0.0,5.0,11.0,9.0,8.0,11.0,D Webb
25/02/2023,Bristol City,Hull,1.0,0.0,H,7.0,3.0,0.0,1.0,3.0,1.0,6.0,8.0,10.0,11.0,S Barrott
25/02/2023,Burnley,Huddersfield,4.0,0.0,H,5.0,2.0,0.0,2.0,12.0,1.0,7.0,13.0,22.0,8.0,M Donohue
25/02/2023,Coventry,Sunderland,2.0,1.0,H,4.0,7.0,3.0,2.0,3.0,5.0,11.0,8.0,15.0,13.0,D Whitestone
25/02/2023,Norwich,Cardiff,2.0,0.0,H,3.0,5.0,1.0,1.0,4.0,2.0,12.0,9.0,13.0,9.0,J Linington
25/02/2023,Preston,Wigan,2.0,1.0,H,3.0,7.0,2.0,1.0,3.0,4.0,13.0,13.0,7.0,14.0,T Bramall
25/02/2023,QPR,Blackburn,1.0,3.0,A,7.0,1.0,4.0,0.0,2.0,5.0,12.0,10.0,11.0,9.0,L Doughty
25/02/2023,Reading,Blackpool,3.0,1.0,H,3.0,8.0,1.0,0.0,5.0,4.0,11.0,10.0,8.0,14.0,J Brooks
25/02/2023,Sheffield United,Watford,1.0,0.0,H,5.0,5.0,2.0,3.0,4.0,2.0,11.0,8.0,17.0,8.0,K Stroud
25/02/2023,Stoke,Millwall,0.0,1.0,A,9.0,4.0,0.0,1.0,3.0,1.0,10.0,11.0,15.0,7.0,T Robinson
25/02/2023,West Brom,Middlesbrough,2.0,0.0,H,4.0,8.0,0.0,1.0,4.0,3.0,7.0,10.0,12.0,12.0,D Bond
27/02/2023,Swansea,Rotherham,1.0,1.0,D,3.0,6.0,3.0,2.0,4.0,5.0,18.0,11.0,7.0,14.0,G Ward
28/02/2023,Luton,Millwall,2.0,2.0,D,6.0,2.0,0.0,1.0,4.0,3.0,11.0,12.0,15.0,9.0,G Eltringham
28/02/2023,Preston,Coventry,0.0,0.0,D,4.0,2.0,1.0,4.0,2.0,4.0,10.0,11.0,14.0,11.0,J Busby
03/03/2023,Hull,West Brom,2.0,0.0,H,4.0,6.0,0.0,2.0,2.0,6.0,12.0,8.0,8.0,21.0,J Linington
04/03/2023,Blackburn,Sheffield United,1.0,0.0,H,3.0,8.0,2.0,3.0,2.0,4.0,8.0,11.0,11.0,14.0,J Smith
04/03/2023,Blackpool,Burnley,0.0,0.0,D,1.0,8.0,1.0,1.0,0.0,5.0,12.0,11.0,6.0,13.0,T Bramall
04/03/2023,Cardiff,Bristol City,2.0,0.0,H,3.0,5.0,0.0,0.0,4.0,4.0,8.0,13.0,11.0,12.0,M Donohue
04/03/2023,Huddersfield,Coventry,0.0,4.0,A,5.0,5.0,0.0,1.0,3.0,6.0,10.0,12.0,14.0,13.0,D Webb
04/03/2023,Luton,Swansea,1.0,0.0,H,4.0,3.0,2.0,2.0,4.0,3.0,17.0,11.0,16.0,10.0,D Whitestone
04/03/2023,Middlesbrough,Reading,5.0,0.0,H,6.0,1.0,1.0,2.0,6.0,0.0,13.0,13.0,13.0,3.0,K Stroud
04/03/2023,Millwall,Norwich,2.0,3.0,A,4.0,4.0,2.0,3.0,8.0,5.0,7.0,11.0,21.0,9.0,G Scott
04/03/2023,Rotherham,QPR,3.0,1.0,H,7.0,8.0,2.0,3.0,9.0,3.0,9.0,11.0,16.0,14.0,D Bond
04/03/2023,Sunderland,Stoke,1.0,5.0,A,2.0,4.0,1.0,2.0,4.0,8.0,8.0,19.0,8.0,16.0,J Simpson
04/03/2023,Watford,Preston,0.0,0.0,D,6.0,3.0,1.0,4.0,4.0,2.0,13.0,17.0,12.0,10.0,G Ward
04/03/2023,Wigan,Birmingham,1.0,1.0,D,2.0,1.0,2.0,2.0,3.0,2.0,13.0,14.0,7.0,13.0,S Martin
07/03/2023,Huddersfield,Bristol City,0.0,0.0,D,6.0,4.0,3.0,2.0,3.0,5.0,13.0,4.0,9.0,10.0,L Doughty
07/03/2023,Reading,Sheffield United,0.0,1.0,A,3.0,4.0,2.0,0.0,3.0,4.0,9.0,7.0,12.0,8.0,D Whitestone
07/03/2023,West Brom,Wigan,1.0,0.0,H,1.0,2.0,0.0,2.0,4.0,3.0,6.0,9.0,17.0,10.0,R Welch
10/03/2023,Stoke,Blackburn,3.0,2.0,H,1.0,5.0,2.0,2.0,5.0,2.0,9.0,10.0,14.0,9.0,M Donohue
11/03/2023,Birmingham,Rotherham,2.0,0.0,H,4.0,10.0,1.0,3.0,5.0,1.0,8.0,12.0,13.0,12.0,G Eltringham
11/03/2023,Bristol City,Blackpool,2.0,0.0,H,6.0,0.0,0.0,1.0,3.0,2.0,8.0,13.0,18.0,5.0,D Bond
11/03/2023,Burnley,Wigan,3.0,0.0,H,10.0,0.0,1.0,3.0,7.0,2.0,11.0,15.0,27.0,2.0,J Busby
11/03/2023,Coventry,Hull,1.0,1.0,D,10.0,3.0,0.0,0.0,6.0,3.0,14.0,12.0,25.0,11.0,J Smith
11/03/2023,Preston,Cardiff,2.0,0.0,H,4.0,4.0,2.0,1.0,5.0,4.0,12.0,9.0,12.0,13.0,D Webb
11/03/2023,QPR,Watford,1.0,0.0,H,2.0,5.0,2.0,2.0,4.0,2.0,14.0,10.0,11.0,9.0,J Linington
11/03/2023,Reading,Millwall,0.0,1.0,A,2.0,2.0,1.0,0.0,0.0,1.0,15.0,14.0,2.0,8.0,M Salisbury
11/03/2023,Sheffield United,Luton,0.0,1.0,A,3.0,4.0,2.0,0.0,5.0,1.0,11.0,9.0,9.0,6.0,L Doughty
11/03/2023,Swansea,Middlesbrough,1.0,3.0,A,4.0,6.0,2.0,1.0,5.0,7.0,9.0,10.0,14.0,14.0,P Bankes
11/03/2023,West Brom,Huddersfield,1.0,0.0,H,9.0,2.0,1.0,0.0,4.0,1.0,8.0,13.0,13.0,4.0,D Whitestone
12/03/2023,Norwich,Sunderland,0.0,1.0,A,8.0,3.0,2.0,5.0,5.0,5.0,13.0,21.0,17.0,11.0,T Robinson
14/03/2023,Blackpool,QPR,6.0,1.0,H,6.0,1.0,1.0,3.0,8.0,2.0,8.0,18.0,16.0,7.0,J Simpson
14/03/2023,Middlesbrough,Stoke,1.0,1.0,D,4.0,6.0,1.0,4.0,3.0,5.0,10.0,15.0,9.0,11.0,C Pawson
14/03/2023,Millwall,Swansea,2.0,1.0,H,5.0,5.0,1.0,2.0,3.0,11.0,8.0,13.0,9.0,19.0,D Webb
14/03/2023,Rotherham,Preston,1.0,2.0,A,3.0,5.0,2.0,2.0,1.0,3.0,7.0,10.0,6.0,7.0,S Martin
14/03/2023,Watford,Birmingham,3.0,0.0,H,3.0,1.0,1.0,3.0,5.0,6.0,20.0,13.0,11.0,8.0,D England
14/03/2023,Wigan,Coventry,1.0,1.0,D,6.0,4.0,1.0,1.0,5.0,7.0,18.0,11.0,10.0,18.0,A Woolmer
15/03/2023,Blackburn,Reading,2.0,1.0,H,6.0,4.0,2.0,2.0,6.0,4.0,7.0,7.0,12.0,9.0,D Bond
15/03/2023,Cardiff,West Brom,1.0,1.0,D,3.0,5.0,2.0,2.0,2.0,3.0,5.0,7.0,11.0,8.0,L Doughty
15/03/2023,Huddersfield,Norwich,1.0,1.0,D,6.0,8.0,0.0,3.0,0.0,3.0,9.0,10.0,11.0,12.0,K Stroud
15/03/2023,Hull,Burnley,1.0,3.0,A,3.0,3.0,1.0,2.0,6.0,3.0,8.0,14.0,14.0,9.0,T Robinson
15/03/2023,Luton,Bristol City,1.0,0.0,H,7.0,2.0,4.0,3.0,6.0,3.0,15.0,12.0,15.0,6.0,J Busby
15/03/2023,Sunderland,Sheffield United,1.0,2.0,A,4.0,8.0,2.0,4.0,3.0,4.0,16.0,16.0,7.0,11.0,M Donohue
18/03/2023,Blackpool,Coventry,1.0,4.0,A,5.0,4.0,0.0,3.0,1.0,7.0,7.0,12.0,12.0,18.0,G Eltringham
18/03/2023,Middlesbrough,Preston,4.0,0.0,H,7.0,4.0,4.0,3.0,5.0,3.0,11.0,15.0,16.0,7.0,M Donohue
18/03/2023,Millwall,Huddersfield,0.0,1.0,A,3.0,6.0,2.0,3.0,4.0,2.0,8.0,12.0,18.0,4.0,A Davies
18/03/2023,QPR,Birmingham,0.0,1.0,A,10.0,1.0,4.0,3.0,2.0,6.0,16.0,16.0,16.0,10.0,K Stroud
18/03/2023,Reading,Hull,1.0,1.0,D,1.0,9.0,2.0,1.0,5.0,4.0,15.0,18.0,11.0,12.0,G Ward
18/03/2023,Stoke,Norwich,0.0,0.0,D,8.0,3.0,2.0,0.0,8.0,1.0,13.0,11.0,14.0,8.0,D Webb
18/03/2023,Sunderland,Luton,1.0,1.0,D,6.0,2.0,0.0,4.0,4.0,3.0,7.0,16.0,11.0,7.0,S Oldham
18/03/2023,Watford,Wigan,1.0,1.0,D,5.0,4.0,2.0,4.0,3.0,2.0,10.0,10.0,17.0,6.0,G Scott
19/03/2023,Swansea,Bristol City,2.0,0.0,H,3.0,7.0,2.0,2.0,5.0,3.0,14.0,6.0,17.0,6.0,J Simpson
31/03/2023,Burnley,Sunderland,0.0,0.0,D,5.0,4.0,2.0,0.0,3.0,3.0,11.0,13.0,13.0,7.0,J Gillett
01/04/2023,Birmingham,Blackburn,1.0,0.0,H,4.0,7.0,3.0,3.0,3.0,8.0,3.0,7.0,10.0,17.0,A Davies
01/04/2023,Bristol City,Reading,1.0,1.0,D,10.0,4.0,3.0,2.0,8.0,2.0,11.0,8.0,18.0,7.0,S Martin
01/04/2023,Cardiff,Swansea,2.0,3.0,A,1.0,3.0,2.0,5.0,3.0,4.0,19.0,11.0,9.0,10.0,K Stroud
01/04/2023,Coventry,Stoke,0.0,4.0,A,6.0,6.0,2.0,0.0,6.0,11.0,11.0,6.0,15.0,26.0,S Barrott
01/04/2023,Huddersfield,Middlesbrough,4.0,2.0,H,5.0,9.0,2.0,2.0,5.0,6.0,5.0,12.0,13.0,20.0,J Busby
01/04/2023,Hull,Rotherham,0.0,0.0,D,8.0,8.0,0.0,2.0,1.0,0.0,7.0,14.0,14.0,4.0,D Webb
01/04/2023,Luton,Watford,2.0,0.0,H,9.0,3.0,2.0,3.0,6.0,1.0,14.0,12.0,13.0,2.0,J Smith
01/04/2023,Norwich,Sheffield United,0.0,1.0,A,4.0,5.0,3.0,3.0,1.0,1.0,13.0,17.0,7.0,7.0,D Bond
01/04/2023,Preston,Blackpool,3.0,1.0,H,6.0,8.0,3.0,3.0,7.0,5.0,10.0,13.0,9.0,12.0,A Marriner
01/04/2023,West Brom,Millwall,0.0,0.0,D,6.0,7.0,2.0,3.0,1.0,4.0,13.0,12.0,16.0,14.0,J Simpson
01/04/2023,Wigan,QPR,1.0,0.0,H,2.0,5.0,2.0,2.0,4.0,3.0,12.0,14.0,8.0,8.0,G Ward
07/04/2023,Blackburn,Norwich,0.0,2.0,A,8.0,5.0,1.0,2.0,4.0,5.0,6.0,6.0,16.0,13.0,A Marriner
07/04/2023,Blackpool,Cardiff,1.0,3.0,A,4.0,3.0,2.0,1.0,4.0,5.0,15.0,12.0,13.0,13.0,J Smith
07/04/2023,Middlesbrough,Burnley,1.0,2.0,A,1.0,2.0,1.0,1.0,3.0,4.0,16.0,6.0,9.0,11.0,D Bond
07/04/2023,Millwall,Luton,0.0,0.0,D,4.0,4.0,1.0,2.0,4.0,2.0,7.0,13.0,14.0,6.0,D England
07/04/2023,QPR,Preston,0.0,2.0,A,6.0,6.0,0.0,1.0,1.0,6.0,10.0,6.0,10.0,12.0,G Eltringham
07/04/2023,Reading,Birmingham,1.0,1.0,D,5.0,0.0,1.0,1.0,3.0,4.0,11.0,7.0,12.0,10.0,S Oldham
07/04/2023,Rotherham,West Brom,3.0,1.0,H,8.0,3.0,2.0,4.0,10.0,5.0,13.0,11.0,23.0,10.0,T Robinson
07/04/2023,Sheffield United,Wigan,1.0,0.0,H,9.0,6.0,2.0,1.0,4.0,1.0,14.0,5.0,22.0,9.0,A Davies
07/04/2023,Stoke,Bristol City,1.0,2.0,A,7.0,4.0,1.0,0.0,5.0,3.0,11.0,6.0,8.0,5.0,O Langford
07/04/2023,Sunderland,Hull,4.0,4.0,D,1.0,0.0,0.0,2.0,7.0,7.0,9.0,16.0,18.0,9.0,K Stroud
07/04/2023,Swansea,Coventry,0.0,0.0,D,5.0,5.0,2.0,3.0,6.0,4.0,11.0,10.0,16.0,11.0,J Busby
07/04/2023,Watford,Huddersfield,2.0,3.0,A,13.0,3.0,3.0,2.0,5.0,4.0,7.0,10.0,14.0,8.0,D Webb
10/04/2023,Birmingham,Stoke,0.0,0.0,D,6.0,10.0,2.0,2.0,2.0,1.0,14.0,7.0,7.0,8.0,D Bond
10/04/2023,Bristol City,Middlesbrough,2.0,2.0,D,4.0,7.0,2.0,1.0,7.0,4.0,8.0,7.0,16.0,10.0,T Robinson
10/04/2023,Burnley,Sheffield United,2.0,0.0,H,8.0,2.0,1.0,3.0,6.0,1.0,12.0,10.0,16.0,4.0,M Salisbury
10/04/2023,Cardiff,Sunderland,0.0,1.0,A,7.0,5.0,4.0,1.0,4.0,4.0,20.0,8.0,17.0,18.0,T Bramall
10/04/2023,Coventry,Watford,2.0,2.0,D,6.0,4.0,3.0,5.0,6.0,4.0,8.0,14.0,23.0,7.0,K Stroud
10/04/2023,Huddersfield,Blackburn,2.0,2.0,D,5.0,10.0,0.0,3.0,2.0,11.0,5.0,7.0,9.0,21.0,S Martin
10/04/2023,Hull,Millwall,1.0,0.0,H,7.0,5.0,1.0,2.0,2.0,6.0,10.0,11.0,8.0,22.0,J Smith
10/04/2023,Luton,Blackpool,3.0,1.0,H,7.0,5.0,1.0,2.0,4.0,5.0,14.0,9.0,21.0,11.0,A Davies
10/04/2023,Norwich,Rotherham,0.0,0.0,D,10.0,3.0,0.0,1.0,4.0,2.0,10.0,14.0,21.0,6.0,J Simpson
10/04/2023,Preston,Reading,2.0,1.0,H,9.0,2.0,1.0,2.0,7.0,3.0,9.0,10.0,23.0,8.0,J Busby
10/04/2023,West Brom,QPR,2.0,2.0,D,8.0,4.0,0.0,1.0,6.0,2.0,8.0,12.0,12.0,14.0,M Donohue
10/04/2023,Wigan,Swansea,0.0,2.0,A,6.0,1.0,3.0,1.0,4.0,3.0,18.0,6.0,8.0,14.0,S Allison
14/04/2023,Middlesbrough,Norwich,5.0,1.0,H,3.0,5.0,0.0,1.0,6.0,3.0,10.0,10.0,8.0,11.0,J Smith
15/04/2023,Blackburn,Hull,0.0,0.0,D,9.0,3.0,1.0,2.0,2.0,3.0,12.0,6.0,14.0,11.0,J Busby
15/04/2023,Blackpool,Wigan,1.0,0.0,H,3.0,7.0,1.0,2.0,2.0,2.0,12.0,12.0,5.0,14.0,T Bramall
15/04/2023,Millwall,Preston,2.0,0.0,H,2.0,4.0,1.0,2.0,2.0,3.0,6.0,11.0,6.0,8.0,T Robinson
15/04/2023,QPR,Coventry,0.0,3.0,A,5.0,2.0,1.0,3.0,2.0,5.0,9.0,10.0,6.0,14.0,M Salisbury
15/04/2023,Reading,Burnley,0.0,0.0,D,3.0,7.0,3.0,1.0,0.0,1.0,8.0,13.0,7.0,16.0,O Langford
15/04/2023,Rotherham,Luton,0.0,2.0,A,2.0,6.0,2.0,5.0,0.0,5.0,17.0,16.0,4.0,15.0,L Doughty
15/04/2023,Sheffield United,Cardiff,4.0,1.0,H,5.0,5.0,3.0,2.0,7.0,6.0,8.0,10.0,13.0,15.0,D Webb
15/04/2023,Stoke,West Brom,1.0,2.0,A,5.0,5.0,4.0,2.0,3.0,6.0,15.0,16.0,10.0,11.0,A Woolmer
15/04/2023,Sunderland,Birmingham,2.0,1.0,H,9.0,2.0,0.0,2.0,4.0,5.0,3.0,19.0,13.0,14.0,S Martin
15/04/2023,Swansea,Huddersfield,1.0,0.0,H,5.0,4.0,4.0,2.0,5.0,1.0,12.0,11.0,19.0,9.0,M Donohue
15/04/2023,Watford,Bristol City,2.0,0.0,H,6.0,7.0,1.0,3.0,4.0,6.0,11.0,7.0,13.0,11.0,D Whitestone
18/04/2023,Blackpool,West Brom,0.0,2.0,A,5.0,5.0,1.0,3.0,3.0,3.0,5.0,10.0,13.0,11.0,S Martin
18/04/2023,Millwall,Birmingham,0.0,1.0,A,11.0,4.0,0.0,2.0,7.0,4.0,6.0,9.0,21.0,7.0,D Whitestone
18/04/2023,Rotherham,Burnley,2.0,2.0,D,4.0,7.0,1.0,2.0,5.0,8.0,11.0,8.0,9.0,18.0,R Madley
18/04/2023,Sheffield United,Bristol City,1.0,0.0,H,2.0,2.0,1.0,2.0,3.0,1.0,9.0,9.0,12.0,4.0,G Eltringham
18/04/2023,Stoke,Wigan,0.0,1.0,A,7.0,4.0,2.0,2.0,3.0,2.0,17.0,13.0,9.0,7.0,T Nield
18/04/2023,Sunderland,Huddersfield,1.0,1.0,D,5.0,11.0,3.0,2.0,3.0,3.0,10.0,21.0,18.0,13.0,L Doughty
19/04/2023,Blackburn,Coventry,1.0,1.0,D,5.0,6.0,3.0,1.0,2.0,3.0,14.0,9.0,6.0,4.0,J Simpson
19/04/2023,Middlesbrough,Hull,3.0,1.0,H,4.0,3.0,1.0,1.0,7.0,3.0,12.0,6.0,21.0,7.0,A Davies
19/04/2023,QPR,Norwich,1.0,1.0,D,7.0,11.0,5.0,2.0,2.0,6.0,11.0,9.0,7.0,18.0,K Stroud
19/04/2023,Reading,Luton,1.0,1.0,D,2.0,5.0,3.0,2.0,2.0,6.0,10.0,11.0,10.0,19.0,T Robinson
19/04/2023,Swansea,Preston,4.0,2.0,H,2.0,4.0,3.0,3.0,7.0,2.0,10.0,18.0,12.0,6.0,O Langford
19/04/2023,Watford,Cardiff,1.0,3.0,A,10.0,1.0,3.0,3.0,3.0,5.0,11.0,11.0,14.0,9.0,J Gillett
22/04/2023,Birmingham,Blackpool,0.0,1.0,A,6.0,7.0,2.0,1.0,7.0,4.0,15.0,13.0,16.0,12.0,K Stroud
22/04/2023,Bristol City,Rotherham,2.0,1.0,H,7.0,7.0,2.0,3.0,5.0,3.0,8.0,10.0,9.0,7.0,J Smith
22/04/2023,Burnley,QPR,1.0,2.0,A,11.0,4.0,2.0,2.0,6.0,5.0,5.0,10.0,21.0,6.0,D Whitestone
22/04/2023,Cardiff,Stoke,1.0,1.0,D,6.0,4.0,3.0,0.0,4.0,1.0,3.0,8.0,7.0,6.0,A Davies
22/04/2023,Coventry,Reading,2.0,1.0,H,2.0,4.0,4.0,4.0,5.0,3.0,15.0,12.0,19.0,11.0,M Donohue
22/04/2023,Hull,Watford,1.0,0.0,H,2.0,5.0,3.0,2.0,1.0,2.0,14.0,10.0,2.0,10.0,O Langford
22/04/2023,Norwich,Swansea,0.0,3.0,A,2.0,6.0,1.0,1.0,2.0,6.0,8.0,9.0,8.0,14.0,D Webb
22/04/2023,Preston,Blackburn,1.0,1.0,D,4.0,3.0,1.0,2.0,4.0,3.0,13.0,11.0,13.0,9.0,R Jones
22/04/2023,Wigan,Millwall,2.0,1.0,H,5.0,3.0,1.0,2.0,2.0,3.0,10.0,8.0,16.0,9.0,R Madley
23/04/2023,West Brom,Sunderland,1.0,2.0,A,4.0,5.0,3.0,3.0,4.0,6.0,13.0,13.0,19.0,13.0,J Busby
24/04/2023,Luton,Middlesbrough,2.0,1.0,H,4.0,5.0,2.0,0.0,3.0,1.0,10.0,9.0,8.0,9.0,G Scott
25/04/2023,Blackburn,Burnley,0.0,1.0,A,10.0,4.0,3.0,5.0,5.0,1.0,13.0,12.0,8.0,8.0,T Robinson
26/04/2023,Sheffield United,West Brom,2.0,0.0,H,5.0,0.0,1.0,1.0,4.0,4.0,11.0,10.0,13.0,6.0,D Whitestone
27/04/2023,Rotherham,Cardiff,1.0,2.0,A,6.0,4.0,1.0,0.0,3.0,6.0,14.0,8.0,8.0,13.0,O Langford
28/04/2023,Blackpool,Millwall,2.0,3.0,A,7.0,3.0,2.0,4.0,3.0,3.0,12.0,16.0,13.0,18.0,M Donohue
29/04/2023,Bristol City,Burnley,1.0,2.0,A,3.0,3.0,1.0,0.0,1.0,7.0,12.0,9.0,8.0,14.0,D Webb
29/04/2023,Coventry,Birmingham,2.0,0.0,H,5.0,5.0,0.0,2.0,3.0,1.0,10.0,10.0,9.0,9.0,J Linington
29/04/2023,Hull,Swansea,1.0,1.0,D,3.0,5.0,0.0,2.0,1.0,2.0,10.0,10.0,7.0,10.0,G Eltringham
29/04/2023,Reading,Wigan,1.0,1.0,D,13.0,3.0,2.0,1.0,5.0,3.0,7.0,13.0,21.0,11.0,A Davies
29/04/2023,Sheffield United,Preston,4.0,1.0,H,10.0,5.0,2.0,1.0,10.0,4.0,9.0,5.0,18.0,10.0,S Martin
29/04/2023,Stoke,QPR,0.0,1.0,A,7.0,0.0,1.0,3.0,2.0,4.0,7.0,10.0,6.0,4.0,L Doughty
29/04/2023,Sunderland,Watford,2.0,2.0,D,10.0,2.0,3.0,3.0,7.0,3.0,11.0,12.0,25.0,9.0,G Ward
29/04/2023,West Brom,Norwich,2.0,1.0,H,6.0,1.0,0.0,2.0,5.0,2.0,9.0,14.0,14.0,7.0,R Madley
30/04/2023,Cardiff,Huddersfield,1.0,2.0,A,5.0,9.0,1.0,0.0,2.0,4.0,2.0,8.0,8.0,20.0,M Salisbury
01/05/2023,Blackburn,Luton,1.0,1.0,D,9.0,4.0,2.0,0.0,3.0,4.0,7.0,8.0,15.0,13.0,D England
01/05/2023,Rotherham,Middlesbrough,1.0,0.0,H,1.0,11.0,3.0,1.0,1.0,1.0,19.0,7.0,4.0,7.0,K Stroud
04/05/2023,Huddersfield,Sheffield United,1.0,0.0,H,9.0,3.0,1.0,2.0,2.0,2.0,5.0,6.0,7.0,5.0,J Busby
08/05/2023,Birmingham,Sheffield United,1.0,2.0,A,4.0,4.0,1.0,0.0,3.0,3.0,9.0,12.0,9.0,21.0,D Webb
08/05/2023,Burnley,Cardiff,3.0,0.0,H,5.0,3.0,1.0,2.0,7.0,4.0,9.0,12.0,18.0,10.0,M Donohue
08/05/2023,Huddersfield,Reading,2.0,0.0,H,4.0,6.0,0.0,1.0,7.0,0.0,7.0,16.0,13.0,9.0,J Smith
08/05/2023,Luton,Hull,0.0,0.0,D,7.0,6.0,1.0,0.0,2.0,1.0,11.0,8.0,8.0,9.0,J Linington
08/05/2023,Middlesbrough,Coventry,1.0,1.0,D,7.0,6.0,1.0,3.0,3.0,2.0,6.0,14.0,8.0,9.0,J Busby
08/05/2023,Millwall,Blackburn,3.0,4.0,A,3.0,6.0,1.0,0.0,4.0,9.0,7.0,7.0,14.0,13.0,C Pawson
08/05/2023,Norwich,Blackpool,0.0,1.0,A,10.0,4.0,1.0,0.0,5.0,6.0,11.0,7.0,28.0,12.0,J Bell
08/05/2023,Preston,Sunderland,0.0,3.0,A,2.0,7.0,2.0,0.0,2.0,7.0,18.0,1.0,10.0,16.0,R Madley
08/05/2023,QPR,Bristol City,0.0,2.0,A,7.0,3.0,0.0,1.0,0.0,2.0,13.0,7.0,16.0,8.0,A Woolmer
08/05/2023,Swansea,West Brom,3.0,2.0,H,6.0,3.0,1.0,2.0,4.0,4.0,13.0,9.0,16.0,10.0,K Stroud
08/05/2023,Watford,Stoke,2.0,0.0,H,6.0,6.0,0.0,2.0,6.0,7.0,13.0,17.0,13.0,15.0,L Smith
08/05/2023,Wigan,Rotherham,0.0,0.0,D,3.0,2.0,0.0,2.0,6.0,2.0,10.0,13.0,10.0,7.0,T Robinson
04/08/2023,Sheffield Weds,Southampton,1.0,2.0,A,3.0,6.0,4.0,4.0,1.0,7.0,12.0,10.0,8.0,23.0,R Madley
05/08/2023,Blackburn,West Brom,2.0,1.0,H,6.0,5.0,4.0,3.0,3.0,4.0,11.0,11.0,12.0,14.0,D Whitestone
05/08/2023,Bristol City,Preston,1.0,1.0,D,2.0,4.0,0.0,1.0,2.0,3.0,10.0,11.0,5.0,11.0,D Webb
05/08/2023,Middlesbrough,Millwall,0.0,1.0,A,12.0,6.0,1.0,3.0,2.0,2.0,3.0,8.0,16.0,12.0,G Ward
05/08/2023,Norwich,Hull,2.0,1.0,H,9.0,4.0,2.0,5.0,5.0,3.0,14.0,12.0,28.0,8.0,K Stroud
05/08/2023,Plymouth,Huddersfield,3.0,1.0,H,2.0,9.0,1.0,0.0,7.0,3.0,9.0,15.0,14.0,15.0,M Donohue
05/08/2023,Stoke,Rotherham,4.0,1.0,H,10.0,2.0,5.0,3.0,6.0,3.0,12.0,10.0,15.0,6.0,J Busby
05/08/2023,Swansea,Birmingham,1.0,1.0,D,5.0,5.0,1.0,4.0,6.0,5.0,9.0,12.0,11.0,11.0,J Linington
05/08/2023,Watford,QPR,4.0,0.0,H,8.0,2.0,1.0,2.0,12.0,1.0,8.0,15.0,23.0,4.0,T Bramall
06/08/2023,Leeds,Cardiff,2.0,2.0,D,10.0,0.0,2.0,1.0,6.0,2.0,8.0,10.0,25.0,7.0,J Smith
06/08/2023,Leicester,Coventry,2.0,1.0,H,6.0,8.0,3.0,2.0,7.0,6.0,11.0,13.0,20.0,20.0,D Bond
06/08/2023,Sunderland,Ipswich,1.0,2.0,A,11.0,4.0,1.0,3.0,4.0,5.0,10.0,13.0,20.0,13.0,S Barrott
12/08/2023,Birmingham,Leeds,1.0,0.0,H,7.0,4.0,1.0,2.0,2.0,1.0,13.0,10.0,10.0,7.0,T Robinson
12/08/2023,Cardiff,QPR,1.0,2.0,A,13.0,7.0,2.0,2.0,4.0,3.0,8.0,13.0,15.0,7.0,O Langford
12/08/2023,Coventry,Middlesbrough,3.0,0.0,H,7.0,7.0,1.0,1.0,5.0,2.0,5.0,8.0,12.0,14.0,D Whitestone
12/08/2023,Huddersfield,Leicester,0.0,1.0,A,5.0,4.0,1.0,4.0,3.0,6.0,15.0,8.0,13.0,17.0,D Webb
12/08/2023,Hull,Sheffield Weds,4.0,2.0,H,9.0,1.0,1.0,3.0,7.0,2.0,7.0,22.0,16.0,6.0,M Donohue
12/08/2023,Ipswich,Stoke,2.0,0.0,H,7.0,3.0,3.0,1.0,10.0,2.0,12.0,17.0,22.0,9.0,J Smith
12/08/2023,Millwall,Bristol City,0.0,1.0,A,1.0,5.0,1.0,3.0,2.0,1.0,13.0,11.0,10.0,13.0,K Stroud
12/08/2023,Preston,Sunderland,2.0,1.0,H,5.0,12.0,3.0,1.0,2.0,4.0,17.0,8.0,11.0,13.0,J Linington
12/08/2023,Rotherham,Blackburn,2.0,2.0,D,5.0,9.0,3.0,1.0,3.0,6.0,9.0,8.0,9.0,21.0,R Madley
12/08/2023,Southampton,Norwich,4.0,4.0,D,13.0,4.0,7.0,4.0,11.0,6.0,12.0,13.0,31.0,15.0,D England
12/08/2023,Watford,Plymouth,0.0,0.0,D,12.0,3.0,0.0,2.0,3.0,5.0,16.0,10.0,20.0,13.0,G Eltringham
12/08/2023,West Brom,Swansea,3.0,2.0,H,4.0,8.0,3.0,4.0,3.0,4.0,10.0,10.0,11.0,13.0,S Barrott
18/08/2023,Leeds,West Brom,1.0,1.0,D,4.0,3.0,4.0,5.0,4.0,2.0,10.0,9.0,16.0,4.0,M Donohue
19/08/2023,Blackburn,Hull,1.0,2.0,A,2.0,8.0,1.0,3.0,3.0,5.0,12.0,7.0,14.0,19.0,O Langford
19/08/2023,Bristol City,Birmingham,0.0,2.0,A,8.0,4.0,0.0,2.0,0.0,6.0,12.0,10.0,19.0,16.0,S Barrott
19/08/2023,Leicester,Cardiff,2.0,1.0,H,10.0,4.0,1.0,4.0,6.0,4.0,11.0,10.0,15.0,10.0,G Scott
19/08/2023,Middlesbrough,Huddersfield,1.0,1.0,D,7.0,8.0,1.0,3.0,7.0,2.0,10.0,10.0,17.0,16.0,J Smith
19/08/2023,Plymouth,Southampton,1.0,2.0,A,5.0,10.0,2.0,4.0,2.0,9.0,11.0,15.0,15.0,19.0,D Webb
19/08/2023,QPR,Ipswich,0.0,1.0,A,5.0,4.0,4.0,1.0,4.0,3.0,15.0,10.0,10.0,16.0,G Eltringham
19/08/2023,Sheffield Weds,Preston,0.0,1.0,A,0.0,4.0,1.0,1.0,3.0,2.0,14.0,16.0,8.0,5.0,J Simpson
19/08/2023,Stoke,Watford,1.0,0.0,H,7.0,2.0,4.0,1.0,2.0,3.0,21.0,10.0,13.0,10.0,J Bell
19/08/2023,Sunderland,Rotherham,2.0,1.0,H,5.0,0.0,2.0,1.0,4.0,1.0,11.0,10.0,11.0,4.0,G Ward
19/08/2023,Swansea,Coventry,1.0,1.0,D,3.0,8.0,2.0,1.0,3.0,2.0,12.0,10.0,7.0,11.0,R Madley
20/08/2023,Norwich,Millwall,3.0,1.0,H,6.0,3.0,2.0,1.0,5.0,2.0,3.0,13.0,20.0,10.0,T Harrington
25/08/2023,Hull,Bristol City,1.0,1.0,D,4.0,5.0,1.0,2.0,9.0,5.0,5.0,13.0,13.0,19.0,J Linington
26/08/2023,Birmingham,Plymouth,2.0,1.0,H,10.0,10.0,2.0,1.0,4.0,8.0,17.0,5.0,13.0,16.0,J Busby
26/08/2023,Cardiff,Sheffield Weds,2.0,1.0,H,5.0,10.0,0.0,5.0,4.0,2.0,6.0,20.0,12.0,11.0,D Bond
26/08/2023,Coventry,Sunderland,0.0,0.0,D,4.0,7.0,1.0,4.0,6.0,2.0,11.0,7.0,17.0,15.0,K Stroud
26/08/2023,Huddersfield,Norwich,0.0,4.0,A,5.0,3.0,3.0,1.0,5.0,5.0,10.0,8.0,18.0,9.0,D Whitestone
26/08/2023,Ipswich,Leeds,3.0,4.0,A,8.0,4.0,3.0,2.0,6.0,9.0,12.0,8.0,21.0,14.0,R Madley
26/08/2023,Millwall,Stoke,1.0,0.0,H,6.0,7.0,1.0,5.0,7.0,2.0,15.0,7.0,17.0,20.0,D Webb
26/08/2023,Preston,Swansea,2.0,1.0,H,6.0,4.0,2.0,1.0,3.0,1.0,12.0,7.0,11.0,10.0,J Smith
26/08/2023,Rotherham,Leicester,1.0,2.0,A,5.0,4.0,2.0,2.0,1.0,7.0,15.0,10.0,8.0,15.0,S Hooper
26/08/2023,Southampton,QPR,2.0,1.0,H,4.0,3.0,4.0,2.0,3.0,5.0,8.0,14.0,7.0,11.0,J Bell
26/08/2023,West Brom,Middlesbrough,4.0,2.0,H,4.0,2.0,2.0,1.0,4.0,5.0,10.0,9.0,7.0,15.0,J Simpson
27/08/2023,Watford,Blackburn,0.0,1.0,A,8.0,4.0,3.0,2.0,4.0,3.0,8.0,5.0,24.0,5.0,G Ward
02/09/2023,Birmingham,Millwall,1.0,1.0,D,1.0,3.0,1.0,2.0,4.0,3.0,9.0,18.0,17.0,9.0,J Smith
02/09/2023,Coventry,Watford,3.0,3.0,D,9.0,6.0,3.0,3.0,7.0,5.0,10.0,16.0,16.0,14.0,D Webb
02/09/2023,Ipswich,Cardiff,3.0,2.0,H,6.0,3.0,4.0,3.0,7.0,5.0,7.0,14.0,19.0,13.0,G Ward
02/09/2023,Leeds,Sheffield Weds,0.0,0.0,D,5.0,3.0,1.0,2.0,4.0,5.0,8.0,9.0,16.0,10.0,D Whitestone
02/09/2023,Leicester,Hull,0.0,1.0,A,8.0,3.0,3.0,5.0,1.0,4.0,16.0,12.0,21.0,7.0,J Busby
02/09/2023,Middlesbrough,QPR,0.0,2.0,A,7.0,5.0,1.0,2.0,9.0,3.0,9.0,11.0,16.0,11.0,T Bramall
02/09/2023,Plymouth,Blackburn,3.0,0.0,H,9.0,9.0,2.0,1.0,9.0,4.0,5.0,6.0,23.0,20.0,S Martin
02/09/2023,Rotherham,Norwich,2.0,1.0,H,2.0,6.0,2.0,1.0,3.0,5.0,12.0,10.0,9.0,17.0,S Barrott
02/09/2023,Stoke,Preston,0.0,2.0,A,9.0,0.0,3.0,4.0,1.0,3.0,15.0,17.0,18.0,7.0,M Donohue
02/09/2023,Sunderland,Southampton,5.0,0.0,H,5.0,8.0,2.0,2.0,10.0,2.0,20.0,10.0,18.0,13.0,D Coote
02/09/2023,Swansea,Bristol City,1.0,2.0,A,4.0,8.0,3.0,2.0,4.0,4.0,13.0,17.0,12.0,16.0,O Langford
02/09/2023,West Brom,Huddersfield,1.0,2.0,A,4.0,9.0,1.0,1.0,5.0,4.0,9.0,9.0,10.0,14.0,J Linington
15/09/2023,Hull,Coventry,1.0,1.0,D,9.0,3.0,2.0,5.0,4.0,2.0,7.0,21.0,18.0,8.0,T Harrington
15/09/2023,Southampton,Leicester,1.0,4.0,A,9.0,3.0,2.0,4.0,8.0,8.0,11.0,12.0,19.0,15.0,R Madley
16/09/2023,Blackburn,Middlesbrough,2.0,1.0,H,5.0,9.0,1.0,2.0,8.0,6.0,11.0,10.0,15.0,21.0,J Bell
16/09/2023,Bristol City,West Brom,0.0,0.0,D,7.0,7.0,2.0,2.0,3.0,0.0,10.0,5.0,14.0,14.0,A Backhouse
16/09/2023,Cardiff,Swansea,2.0,0.0,H,2.0,2.0,1.0,1.0,7.0,3.0,13.0,11.0,13.0,9.0,S Barrott
16/09/2023,Huddersfield,Rotherham,2.0,0.0,H,2.0,5.0,1.0,1.0,5.0,3.0,10.0,17.0,15.0,7.0,J Simpson
16/09/2023,Norwich,Stoke,1.0,0.0,H,5.0,3.0,2.0,2.0,5.0,2.0,7.0,14.0,13.0,13.0,O Langford
16/09/2023,Preston,Plymouth,2.0,1.0,H,4.0,14.0,3.0,1.0,5.0,7.0,14.0,11.0,9.0,18.0,G Ward
16/09/2023,QPR,Sunderland,1.0,3.0,A,0.0,8.0,2.0,0.0,3.0,8.0,12.0,3.0,5.0,22.0,D Whitestone
16/09/2023,Sheffield Weds,Ipswich,0.0,1.0,A,7.0,1.0,3.0,4.0,0.0,6.0,17.0,13.0,6.0,13.0,L Linington
16/09/2023,Watford,Birmingham,2.0,0.0,H,8.0,1.0,1.0,5.0,4.0,3.0,16.0,17.0,12.0,8.0,K Stroud
17/09/2023,Millwall,Leeds,0.0,3.0,A,8.0,9.0,0.0,0.0,3.0,3.0,13.0,9.0,12.0,14.0,C Kavanagh
19/09/2023,Bristol City,Plymouth,4.0,1.0,H,7.0,1.0,3.0,0.0,6.0,2.0,9.0,13.0,17.0,6.0,M Donohue
19/09/2023,Cardiff,Coventry,3.0,2.0,H,3.0,5.0,2.0,3.0,3.0,3.0,7.0,8.0,8.0,7.0,S Allison
19/09/2023,Preston,Birmingham,2.0,1.0,H,5.0,2.0,2.0,1.0,3.0,4.0,11.0,13.0,10.0,16.0,D Whitestone
19/09/2023,QPR,Swansea,1.0,1.0,D,4.0,6.0,1.0,1.0,3.0,3.0,12.0,17.0,11.0,8.0,A Kitchen
19/09/2023,Sheffield Weds,Middlesbrough,1.0,1.0,D,3.0,4.0,2.0,1.0,2.0,3.0,13.0,8.0,9.0,10.0,D Webb
19/09/2023,Southampton,Ipswich,0.0,1.0,A,9.0,3.0,2.0,2.0,3.0,3.0,9.0,13.0,13.0,11.0,J Smith
20/09/2023,Blackburn,Sunderland,1.0,3.0,A,8.0,4.0,5.0,3.0,6.0,4.0,14.0,11.0,22.0,13.0,J Busby
20/09/2023,Huddersfield,Stoke,2.0,2.0,D,5.0,8.0,2.0,2.0,6.0,3.0,10.0,6.0,10.0,18.0,D Bond
20/09/2023,Hull,Leeds,0.0,0.0,D,5.0,6.0,3.0,2.0,0.0,4.0,7.0,15.0,9.0,17.0,S Martin
20/09/2023,Millwall,Rotherham,3.0,0.0,H,6.0,1.0,1.0,1.0,8.0,1.0,12.0,16.0,20.0,5.0,G Eltringham
20/09/2023,Norwich,Leicester,0.0,2.0,A,10.0,1.0,3.0,4.0,2.0,3.0,14.0,15.0,15.0,10.0,G Scott
20/09/2023,Watford,West Brom,2.0,2.0,D,3.0,2.0,2.0,1.0,4.0,5.0,8.0,9.0,12.0,7.0,L Doughty
22/09/2023,Birmingham,QPR,0.0,0.0,D,6.0,7.0,3.0,2.0,4.0,4.0,13.0,13.0,12.0,8.0,M Donohue
23/09/2023,Ipswich,Blackburn,4.0,3.0,H,10.0,5.0,3.0,4.0,11.0,5.0,10.0,13.0,29.0,10.0,K Stroud
23/09/2023,Leeds,Watford,3.0,0.0,H,8.0,1.0,1.0,3.0,10.0,1.0,13.0,15.0,17.0,4.0,J Simpson
23/09/2023,Leicester,Bristol City,1.0,0.0,H,9.0,0.0,1.0,2.0,7.0,1.0,11.0,10.0,19.0,6.0,J Bell
23/09/2023,Middlesbrough,Southampton,2.0,1.0,H,5.0,7.0,3.0,0.0,5.0,5.0,16.0,7.0,14.0,15.0,T Robinson
23/09/2023,Plymouth,Norwich,6.0,2.0,H,3.0,6.0,1.0,0.0,10.0,6.0,9.0,6.0,16.0,11.0,A Kitchen
23/09/2023,Rotherham,Preston,1.0,1.0,D,2.0,10.0,3.0,2.0,1.0,6.0,7.0,6.0,3.0,14.0,S Allison
23/09/2023,Swansea,Sheffield Weds,3.0,0.0,H,2.0,5.0,2.0,2.0,4.0,1.0,12.0,16.0,12.0,10.0,A Backhouse
23/09/2023,West Brom,Millwall,0.0,0.0,D,6.0,8.0,0.0,2.0,3.0,2.0,8.0,12.0,16.0,7.0,T Nield
24/09/2023,Stoke,Hull,1.0,3.0,A,11.0,6.0,2.0,3.0,6.0,5.0,18.0,9.0,10.0,13.0,T Bramall
24/09/2023,Sunderland,Cardiff,0.0,1.0,A,4.0,4.0,2.0,2.0,6.0,2.0,6.0,14.0,16.0,7.0,S Martin
25/09/2023,Coventry,Huddersfield,1.0,1.0,D,10.0,4.0,2.0,3.0,3.0,4.0,12.0,14.0,11.0,10.0,O Langford
29/09/2023,Sheffield Weds,Sunderland,0.0,3.0,A,2.0,5.0,2.0,0.0,2.0,6.0,14.0,5.0,8.0,12.0,S Barrott
30/09/2023,Bristol City,Stoke,2.0,3.0,A,11.0,3.0,1.0,1.0,5.0,4.0,9.0,13.0,13.0,6.0,J Simpson
30/09/2023,Cardiff,Rotherham,2.0,0.0,H,6.0,5.0,2.0,0.0,5.0,0.0,4.0,11.0,12.0,7.0,L Doughty
30/09/2023,Huddersfield,Ipswich,1.0,1.0,D,5.0,6.0,3.0,3.0,6.0,6.0,10.0,11.0,12.0,20.0,G Eltringham
30/09/2023,Hull,Plymouth,1.0,1.0,D,12.0,4.0,2.0,2.0,5.0,5.0,9.0,10.0,21.0,11.0,D Webb
30/09/2023,Millwall,Swansea,0.0,3.0,A,6.0,0.0,2.0,2.0,5.0,5.0,18.0,10.0,22.0,7.0,J Busby
30/09/2023,Norwich,Birmingham,2.0,0.0,H,4.0,4.0,1.0,1.0,4.0,2.0,9.0,10.0,16.0,12.0,G Ward
30/09/2023,Preston,West Brom,0.0,4.0,A,2.0,6.0,3.0,1.0,1.0,6.0,12.0,5.0,5.0,19.0,J Smith
30/09/2023,QPR,Coventry,1.0,3.0,A,4.0,5.0,4.0,2.0,3.0,6.0,11.0,14.0,12.0,15.0,T Nield
30/09/2023,Southampton,Leeds,3.0,1.0,H,5.0,6.0,4.0,1.0,5.0,5.0,14.0,13.0,10.0,15.0,J Brooks
30/09/2023,Watford,Middlesbrough,2.0,3.0,A,9.0,3.0,2.0,0.0,4.0,3.0,10.0,15.0,17.0,9.0,O Langford
01/10/2023,Blackburn,Leicester,1.0,4.0,A,5.0,6.0,2.0,3.0,4.0,4.0,8.0,14.0,15.0,11.0,J Linington
03/10/2023,Birmingham,Huddersfield,4.0,1.0,H,3.0,5.0,3.0,1.0,6.0,6.0,14.0,13.0,12.0,17.0,S Allison
03/10/2023,Ipswich,Hull,3.0,0.0,H,6.0,5.0,0.0,0.0,6.0,6.0,16.0,11.0,14.0,13.0,M Donohue
03/10/2023,Middlesbrough,Cardiff,2.0,0.0,H,8.0,2.0,1.0,3.0,6.0,3.0,10.0,10.0,11.0,6.0,A Madley
03/10/2023,Plymouth,Millwall,0.0,2.0,A,8.0,1.0,2.0,6.0,6.0,3.0,5.0,14.0,22.0,9.0,O Langford
03/10/2023,Stoke,Southampton,0.0,1.0,A,8.0,6.0,4.0,1.0,2.0,4.0,17.0,2.0,15.0,9.0,J Bell
03/10/2023,West Brom,Sheffield Weds,1.0,0.0,H,10.0,4.0,0.0,1.0,3.0,2.0,2.0,12.0,17.0,4.0,J Busby
04/10/2023,Coventry,Blackburn,1.0,0.0,H,7.0,8.0,2.0,1.0,3.0,4.0,18.0,13.0,14.0,14.0,J Simpson
04/10/2023,Leeds,QPR,1.0,0.0,H,8.0,0.0,0.0,2.0,3.0,2.0,9.0,12.0,16.0,5.0,D Webb
04/10/2023,Leicester,Preston,3.0,0.0,H,4.0,4.0,0.0,2.0,4.0,1.0,3.0,8.0,9.0,6.0,T Bramall
04/10/2023,Rotherham,Bristol City,1.0,2.0,A,4.0,4.0,1.0,1.0,1.0,5.0,3.0,7.0,8.0,9.0,D Whitestone
04/10/2023,Sunderland,Watford,2.0,0.0,H,5.0,2.0,1.0,5.0,4.0,4.0,9.0,19.0,9.0,11.0,A Davies
04/10/2023,Swansea,Norwich,2.0,1.0,H,8.0,7.0,4.0,2.0,7.0,5.0,12.0,12.0,23.0,14.0,T Nield
06/10/2023,Birmingham,West Brom,3.0,1.0,H,6.0,8.0,2.0,1.0,3.0,3.0,16.0,6.0,11.0,10.0,J Linington
07/10/2023,Cardiff,Watford,1.0,1.0,D,2.0,1.0,0.0,2.0,2.0,1.0,9.0,10.0,8.0,8.0,G Ward
07/10/2023,Coventry,Norwich,1.0,1.0,D,8.0,0.0,1.0,1.0,3.0,2.0,11.0,13.0,21.0,6.0,D Whitestone
07/10/2023,Ipswich,Preston,4.0,2.0,H,7.0,0.0,0.0,3.0,10.0,2.0,10.0,11.0,16.0,8.0,D Webb
07/10/2023,Leeds,Bristol City,2.0,1.0,H,8.0,6.0,1.0,2.0,8.0,2.0,10.0,8.0,21.0,9.0,K Stroud
07/10/2023,Leicester,Stoke,2.0,0.0,H,4.0,4.0,1.0,1.0,7.0,1.0,6.0,5.0,14.0,3.0,G Eltringham
07/10/2023,Millwall,Hull,2.0,2.0,D,5.0,1.0,4.0,2.0,4.0,3.0,18.0,7.0,13.0,8.0,T Robinson
07/10/2023,Plymouth,Swansea,1.0,3.0,A,12.0,7.0,2.0,0.0,7.0,6.0,11.0,5.0,16.0,14.0,L Smith
07/10/2023,QPR,Blackburn,0.0,4.0,A,10.0,7.0,2.0,2.0,6.0,7.0,13.0,10.0,21.0,17.0,J Smith
07/10/2023,Sheffield Weds,Huddersfield,0.0,0.0,D,5.0,4.0,1.0,1.0,1.0,0.0,16.0,13.0,6.0,7.0,M Donohue
07/10/2023,Southampton,Rotherham,1.0,1.0,D,12.0,4.0,2.0,6.0,10.0,2.0,8.0,13.0,22.0,4.0,J Busby
07/10/2023,Sunderland,Middlesbrough,0.0,4.0,A,4.0,8.0,3.0,2.0,3.0,7.0,14.0,13.0,9.0,19.0,J Gillett
21/10/2023,Blackburn,Cardiff,1.0,0.0,H,4.0,6.0,2.0,1.0,1.0,2.0,8.0,8.0,9.0,11.0,R Madley
21/10/2023,Bristol City,Coventry,1.0,0.0,H,2.0,15.0,2.0,3.0,3.0,1.0,15.0,11.0,6.0,12.0,D Webb
21/10/2023,Huddersfield,QPR,2.0,1.0,H,2.0,9.0,2.0,2.0,4.0,2.0,9.0,12.0,6.0,14.0,G Ward
21/10/2023,Hull,Southampton,1.0,2.0,A,7.0,9.0,4.0,3.0,3.0,5.0,13.0,14.0,13.0,18.0,G Eltringham
21/10/2023,Middlesbrough,Birmingham,1.0,0.0,H,12.0,0.0,3.0,3.0,10.0,3.0,9.0,17.0,17.0,5.0,R Welch
21/10/2023,Norwich,Leeds,2.0,3.0,A,7.0,7.0,2.0,3.0,4.0,8.0,11.0,13.0,14.0,19.0,J Busby
21/10/2023,Preston,Millwall,1.0,1.0,D,5.0,2.0,4.0,1.0,2.0,4.0,13.0,15.0,7.0,7.0,M Donohue
21/10/2023,Stoke,Sunderland,2.0,1.0,H,6.0,2.0,5.0,4.0,4.0,7.0,17.0,9.0,11.0,18.0,G Scott
21/10/2023,Swansea,Leicester,1.0,3.0,A,3.0,3.0,2.0,3.0,4.0,7.0,10.0,5.0,11.0,18.0,A Backhouse
21/10/2023,Watford,Sheffield Weds,1.0,0.0,H,4.0,5.0,2.0,1.0,3.0,2.0,15.0,6.0,12.0,10.0,D Whitestone
21/10/2023,West Brom,Plymouth,0.0,0.0,D,10.0,5.0,2.0,7.0,2.0,2.0,4.0,14.0,14.0,5.0,S Martin
24/10/2023,Huddersfield,Cardiff,0.0,4.0,A,9.0,6.0,1.0,3.0,6.0,7.0,7.0,19.0,19.0,15.0,A Backhouse
24/10/2023,Leicester,Sunderland,1.0,0.0,H,5.0,5.0,4.0,3.0,5.0,3.0,13.0,10.0,8.0,13.0,K Stroud
24/10/2023,Millwall,Blackburn,1.0,2.0,A,11.0,3.0,0.0,1.0,3.0,6.0,6.0,6.0,16.0,9.0,A Davies
24/10/2023,Norwich,Middlesbrough,1.0,2.0,A,4.0,7.0,2.0,2.0,2.0,8.0,13.0,10.0,13.0,19.0,S Hooper
24/10/2023,Swansea,Watford,0.0,1.0,A,6.0,4.0,0.0,3.0,3.0,5.0,7.0,14.0,9.0,12.0,A Kitchen
24/10/2023,West Brom,QPR,2.0,0.0,H,6.0,2.0,1.0,3.0,4.0,0.0,8.0,12.0,16.0,1.0,J Bell
25/10/2023,Birmingham,Hull,0.0,2.0,A,6.0,5.0,2.0,1.0,4.0,8.0,18.0,8.0,14.0,17.0,J Busby
25/10/2023,Bristol City,Ipswich,0.0,1.0,A,5.0,2.0,0.0,4.0,4.0,6.0,11.0,15.0,11.0,19.0,J Smith
25/10/2023,Plymouth,Sheffield Weds,3.0,0.0,H,1.0,7.0,2.0,1.0,6.0,2.0,10.0,8.0,13.0,13.0,J Linington
25/10/2023,Preston,Southampton,2.0,2.0,D,7.0,2.0,3.0,2.0,5.0,5.0,16.0,13.0,12.0,13.0,J Simpson
25/10/2023,Rotherham,Coventry,2.0,0.0,H,6.0,16.0,2.0,1.0,7.0,7.0,4.0,6.0,20.0,23.0,L Smith
25/10/2023,Stoke,Leeds,1.0,0.0,H,5.0,3.0,1.0,3.0,4.0,3.0,16.0,11.0,12.0,16.0,P Tierney
28/10/2023,Blackburn,Swansea,0.0,1.0,A,6.0,5.0,5.0,3.0,6.0,4.0,15.0,7.0,20.0,16.0,S Martin
28/10/2023,Cardiff,Bristol City,2.0,0.0,H,4.0,3.0,1.0,2.0,7.0,1.0,9.0,9.0,9.0,8.0,D England
28/10/2023,Hull,Preston,1.0,0.0,H,7.0,2.0,3.0,3.0,6.0,4.0,13.0,13.0,19.0,11.0,K Stroud
28/10/2023,Ipswich,Plymouth,3.0,2.0,H,11.0,3.0,4.0,2.0,4.0,6.0,11.0,7.0,15.0,10.0,G Ward
28/10/2023,Leeds,Huddersfield,4.0,1.0,H,4.0,2.0,0.0,4.0,5.0,2.0,7.0,11.0,20.0,5.0,J Bell
28/10/2023,Middlesbrough,Stoke,0.0,2.0,A,8.0,4.0,2.0,2.0,3.0,6.0,12.0,16.0,9.0,13.0,A Kitchen
28/10/2023,QPR,Leicester,1.0,2.0,A,1.0,8.0,1.0,2.0,3.0,5.0,13.0,7.0,9.0,16.0,L Doughty
28/10/2023,Southampton,Birmingham,3.0,1.0,H,4.0,4.0,0.0,4.0,5.0,2.0,8.0,12.0,11.0,10.0,D Webb
28/10/2023,Sunderland,Norwich,3.0,1.0,H,7.0,1.0,4.0,4.0,8.0,2.0,12.0,17.0,17.0,9.0,A Backhouse
28/10/2023,Watford,Millwall,2.0,2.0,D,7.0,2.0,3.0,3.0,6.0,4.0,13.0,13.0,19.0,11.0,K Stroud
29/10/2023,Sheffield Weds,Rotherham,2.0,0.0,H,4.0,3.0,2.0,3.0,5.0,0.0,9.0,16.0,14.0,6.0,A Davies
30/10/2023,Coventry,West Brom,0.0,2.0,A,5.0,5.0,2.0,6.0,3.0,3.0,9.0,7.0,15.0,7.0,P Bankes
03/11/2023,Leicester,Leeds,0.0,1.0,A,7.0,6.0,1.0,2.0,1.0,6.0,6.0,8.0,10.0,11.0,D Whitestone
04/11/2023,Birmingham,Ipswich,2.0,2.0,D,7.0,8.0,3.0,1.0,3.0,7.0,9.0,11.0,13.0,17.0,L Doughty
04/11/2023,Bristol City,Sheffield Weds,1.0,0.0,H,8.0,7.0,3.0,1.0,7.0,2.0,10.0,14.0,17.0,6.0,L Smith
04/11/2023,Huddersfield,Watford,0.0,0.0,D,1.0,3.0,0.0,2.0,2.0,3.0,6.0,20.0,5.0,9.0,S Gill
04/11/2023,Millwall,Southampton,0.0,1.0,A,5.0,12.0,2.0,2.0,1.0,8.0,10.0,10.0,7.0,16.0,J Linington
04/11/2023,Plymouth,Middlesbrough,3.0,3.0,D,8.0,6.0,2.0,3.0,5.0,11.0,15.0,15.0,10.0,20.0,D England
04/11/2023,Preston,Coventry,3.0,2.0,H,6.0,8.0,2.0,2.0,7.0,8.0,14.0,15.0,16.0,18.0,A Taylor
04/11/2023,Rotherham,QPR,1.0,1.0,D,6.0,6.0,2.0,1.0,3.0,4.0,10.0,14.0,8.0,11.0,S Barrott
04/11/2023,Stoke,Cardiff,0.0,0.0,D,1.0,7.0,1.0,0.0,1.0,3.0,16.0,6.0,7.0,11.0,O Langford
04/11/2023,Swansea,Sunderland,0.0,0.0,D,2.0,8.0,2.0,3.0,2.0,3.0,13.0,12.0,3.0,25.0,R Madley
04/11/2023,West Brom,Hull,3.0,1.0,H,1.0,2.0,1.0,1.0,5.0,4.0,10.0,12.0,10.0,9.0,A Kitchen
05/11/2023,Norwich,Blackburn,1.0,3.0,A,8.0,2.0,3.0,2.0,8.0,4.0,11.0,4.0,21.0,10.0,J Smith
07/11/2023,Rotherham,Ipswich,2.0,2.0,D,6.0,8.0,1.0,1.0,3.0,3.0,12.0,10.0,8.0,13.0,G Scott
10/11/2023,Blackburn,Preston,1.0,2.0,A,7.0,2.0,0.0,1.0,5.0,4.0,9.0,13.0,22.0,9.0,T Bramall
11/11/2023,Cardiff,Norwich,2.0,3.0,A,2.0,9.0,2.0,2.0,6.0,8.0,10.0,6.0,13.0,20.0,R Welch
11/11/2023,Coventry,Stoke,0.0,0.0,D,4.0,4.0,1.0,1.0,2.0,2.0,14.0,16.0,13.0,6.0,A Backhouse
11/11/2023,Hull,Huddersfield,1.0,0.0,H,9.0,1.0,2.0,3.0,5.0,1.0,10.0,10.0,20.0,2.0,M Donohue
11/11/2023,Ipswich,Swansea,3.0,2.0,H,6.0,2.0,2.0,1.0,9.0,4.0,15.0,9.0,22.0,7.0,S Gill
11/11/2023,Leeds,Plymouth,2.0,1.0,H,7.0,6.0,1.0,4.0,6.0,3.0,10.0,10.0,14.0,9.0,J Smith
11/11/2023,Middlesbrough,Leicester,1.0,0.0,H,3.0,4.0,4.0,3.0,6.0,4.0,18.0,15.0,9.0,12.0,O Langford
11/11/2023,QPR,Bristol City,0.0,0.0,D,5.0,2.0,2.0,2.0,0.0,2.0,12.0,16.0,7.0,7.0,G Eltringham
11/11/2023,Sheffield Weds,Millwall,0.0,4.0,A,8.0,4.0,2.0,2.0,2.0,6.0,13.0,8.0,12.0,13.0,G Ward
11/11/2023,Southampton,West Brom,2.0,1.0,H,3.0,10.0,3.0,0.0,3.0,2.0,7.0,10.0,10.0,14.0,T Nield
11/11/2023,Sunderland,Birmingham,3.0,1.0,H,10.0,5.0,2.0,2.0,6.0,7.0,5.0,13.0,22.0,16.0,D Whitestone
11/11/2023,Watford,Rotherham,5.0,0.0,H,7.0,2.0,2.0,1.0,8.0,2.0,12.0,11.0,14.0,9.0,S Martin
24/11/2023,Rotherham,Leeds,1.0,1.0,D,4.0,3.0,0.0,0.0,3.0,5.0,11.0,4.0,6.0,18.0,O Langford
25/11/2023,Birmingham,Sheffield Weds,2.0,1.0,H,6.0,6.0,1.0,0.0,4.0,4.0,11.0,11.0,13.0,16.0,R Welch
25/11/2023,Bristol City,Middlesbrough,3.0,2.0,H,3.0,8.0,2.0,2.0,8.0,4.0,8.0,12.0,10.0,12.0,J Busby
25/11/2023,Huddersfield,Southampton,1.0,1.0,D,2.0,7.0,4.0,1.0,2.0,4.0,5.0,11.0,10.0,16.0,D Webb
25/11/2023,Leicester,Watford,2.0,0.0,H,6.0,2.0,2.0,5.0,8.0,1.0,5.0,14.0,23.0,9.0,S Allison
25/11/2023,Millwall,Coventry,0.0,3.0,A,4.0,3.0,2.0,1.0,5.0,9.0,12.0,10.0,20.0,11.0,D England
25/11/2023,Norwich,QPR,1.0,0.0,H,4.0,7.0,4.0,4.0,1.0,3.0,18.0,12.0,7.0,9.0,S Martin
25/11/2023,Plymouth,Sunderland,2.0,0.0,H,4.0,14.0,4.0,1.0,2.0,5.0,12.0,5.0,10.0,24.0,J Bell
25/11/2023,Preston,Cardiff,1.0,2.0,A,6.0,13.0,3.0,1.0,2.0,8.0,9.0,6.0,4.0,19.0,R Madley
25/11/2023,Stoke,Blackburn,0.0,3.0,A,7.0,1.0,2.0,1.0,1.0,4.0,11.0,9.0,12.0,7.0,A Kitchen
25/11/2023,Swansea,Hull,2.0,2.0,D,2.0,1.0,0.0,2.0,4.0,9.0,12.0,11.0,14.0,18.0,D Whitestone
25/11/2023,West Brom,Ipswich,2.0,0.0,H,4.0,5.0,1.0,2.0,4.0,0.0,5.0,12.0,10.0,6.0,G Ward
28/11/2023,Cardiff,West Brom,0.0,1.0,A,6.0,3.0,1.0,2.0,1.0,1.0,7.0,9.0,11.0,8.0,J Smith
28/11/2023,Coventry,Plymouth,1.0,0.0,H,7.0,6.0,1.0,3.0,3.0,3.0,10.0,11.0,13.0,13.0,A Davies
28/11/2023,Hull,Rotherham,4.0,1.0,H,8.0,4.0,1.0,2.0,12.0,3.0,5.0,8.0,22.0,9.0,R Welch
28/11/2023,Middlesbrough,Preston,4.0,0.0,H,7.0,3.0,0.0,2.0,8.0,1.0,15.0,14.0,13.0,6.0,A Kitchen
28/11/2023,QPR,Stoke,4.0,2.0,H,13.0,7.0,2.0,5.0,9.0,4.0,13.0,11.0,19.0,12.0,J Linington
28/11/2023,Watford,Norwich,3.0,2.0,H,7.0,5.0,1.0,4.0,9.0,5.0,14.0,12.0,21.0,12.0,S Hooper
29/11/2023,Blackburn,Birmingham,4.0,2.0,H,8.0,9.0,4.0,2.0,6.0,6.0,12.0,6.0,11.0,26.0,L Doughty
29/11/2023,Ipswich,Millwall,3.0,1.0,H,4.0,2.0,2.0,3.0,7.0,3.0,9.0,13.0,19.0,5.0,T Bramall
29/11/2023,Leeds,Swansea,3.0,1.0,H,6.0,5.0,0.0,1.0,8.0,2.0,12.0,11.0,18.0,10.0,S Allison
29/11/2023,Sheffield Weds,Leicester,1.0,1.0,D,5.0,4.0,2.0,1.0,7.0,3.0,10.0,7.0,14.0,12.0,S Barrott
29/11/2023,Southampton,Bristol City,1.0,0.0,H,6.0,3.0,3.0,1.0,5.0,1.0,11.0,14.0,14.0,8.0,K Stroud
29/11/2023,Sunderland,Huddersfield,1.0,2.0,A,10.0,4.0,2.0,1.0,9.0,5.0,12.0,11.0,27.0,9.0,M Donohue
01/12/2023,Preston,QPR,0.0,2.0,A,6.0,4.0,1.0,1.0,1.0,5.0,11.0,11.0,7.0,8.0,J Smith
02/12/2023,Birmingham,Rotherham,0.0,0.0,D,4.0,6.0,1.0,3.0,4.0,4.0,11.0,17.0,12.0,12.0,A Davies
02/12/2023,Hull,Watford,1.0,2.0,A,8.0,2.0,1.0,2.0,7.0,4.0,7.0,12.0,23.0,10.0,J Busby
02/12/2023,Ipswich,Coventry,2.0,1.0,H,1.0,6.0,2.0,1.0,3.0,1.0,14.0,11.0,13.0,15.0,A Kitchen
02/12/2023,Leeds,Middlesbrough,3.0,2.0,H,6.0,3.0,2.0,5.0,9.0,5.0,12.0,15.0,20.0,11.0,D England
02/12/2023,Millwall,Sunderland,1.0,1.0,D,4.0,4.0,5.0,3.0,4.0,3.0,14.0,12.0,7.0,10.0,J Linington
02/12/2023,Plymouth,Stoke,2.0,1.0,H,7.0,8.0,1.0,2.0,8.0,4.0,3.0,15.0,16.0,9.0,S Barrott
02/12/2023,Sheffield Weds,Blackburn,3.0,1.0,H,3.0,7.0,2.0,1.0,8.0,5.0,12.0,6.0,13.0,18.0,D Webb
02/12/2023,Southampton,Cardiff,2.0,0.0,H,7.0,3.0,1.0,1.0,6.0,3.0,6.0,9.0,18.0,10.0,J Bell
02/12/2023,Swansea,Huddersfield,1.0,1.0,D,19.0,1.0,1.0,2.0,5.0,3.0,11.0,9.0,22.0,5.0,S Martin
02/12/2023,West Brom,Leicester,1.0,2.0,A,4.0,6.0,2.0,1.0,3.0,3.0,10.0,11.0,9.0,9.0,T Robinson
03/12/2023,Bristol City,Norwich,1.0,2.0,A,6.0,6.0,1.0,1.0,6.0,3.0,5.0,7.0,15.0,12.0,G Ward
08/12/2023,Coventry,Birmingham,2.0,0.0,H,6.0,7.0,0.0,5.0,8.0,6.0,11.0,19.0,16.0,13.0,S Allison
09/12/2023,Blackburn,Leeds,0.0,2.0,A,13.0,3.0,3.0,2.0,2.0,4.0,11.0,7.0,12.0,8.0,R Madley
09/12/2023,Cardiff,Millwall,1.0,0.0,H,4.0,2.0,1.0,2.0,3.0,3.0,11.0,14.0,7.0,10.0,A Kitchen
09/12/2023,Huddersfield,Bristol City,1.0,1.0,D,2.0,9.0,1.0,1.0,2.0,4.0,8.0,10.0,6.0,15.0,A Davies
09/12/2023,Leicester,Plymouth,4.0,0.0,H,5.0,8.0,0.0,3.0,7.0,5.0,6.0,10.0,13.0,15.0,S Gill
09/12/2023,Middlesbrough,Ipswich,0.0,2.0,A,5.0,3.0,1.0,3.0,1.0,3.0,15.0,14.0,7.0,9.0,D Whitestone
09/12/2023,Norwich,Preston,0.0,0.0,D,10.0,1.0,0.0,2.0,4.0,1.0,8.0,10.0,18.0,6.0,O Langford
09/12/2023,QPR,Hull,2.0,0.0,H,4.0,4.0,1.0,3.0,4.0,6.0,10.0,7.0,13.0,15.0,J Bell
09/12/2023,Rotherham,Swansea,1.0,2.0,A,6.0,11.0,2.0,3.0,3.0,9.0,9.0,9.0,7.0,19.0,J Smith
09/12/2023,Stoke,Sheffield Weds,0.0,1.0,A,4.0,5.0,3.0,4.0,4.0,2.0,7.0,11.0,13.0,6.0,D Coote
09/12/2023,Sunderland,West Brom,2.0,1.0,H,4.0,7.0,1.0,6.0,5.0,1.0,5.0,13.0,14.0,11.0,D Bond
09/12/2023,Watford,Southampton,1.0,1.0,D,7.0,3.0,3.0,4.0,4.0,3.0,10.0,16.0,11.0,6.0,G Eltringham
12/12/2023,Blackburn,Bristol City,2.0,1.0,H,3.0,4.0,4.0,1.0,3.0,5.0,6.0,7.0,13.0,11.0,J Linington
12/12/2023,Huddersfield,Preston,1.0,3.0,A,2.0,6.0,0.0,2.0,3.0,3.0,12.0,10.0,7.0,11.0,J Busby
12/12/2023,Rotherham,West Brom,0.0,2.0,A,1.0,2.0,0.0,1.0,2.0,2.0,11.0,10.0,4.0,6.0,S Barrott
12/12/2023,Stoke,Swansea,1.0,1.0,D,6.0,3.0,3.0,2.0,4.0,2.0,11.0,14.0,16.0,8.0,D Webb
12/12/2023,Sunderland,Leeds,1.0,0.0,H,6.0,3.0,1.0,3.0,3.0,4.0,12.0,8.0,11.0,12.0,D Whitestone
12/12/2023,Watford,Ipswich,1.0,2.0,A,6.0,4.0,2.0,4.0,3.0,6.0,12.0,16.0,12.0,10.0,D England
13/12/2023,Cardiff,Birmingham,0.0,1.0,A,4.0,3.0,1.0,2.0,4.0,5.0,11.0,18.0,11.0,11.0,S Martin
13/12/2023,Coventry,Southampton,1.0,1.0,D,3.0,9.0,0.0,3.0,4.0,3.0,9.0,12.0,11.0,12.0,B Toner
13/12/2023,Leicester,Millwall,3.0,2.0,H,9.0,3.0,2.0,4.0,6.0,6.0,5.0,16.0,15.0,11.0,K Stroud
13/12/2023,Middlesbrough,Hull,1.0,2.0,A,6.0,4.0,0.0,1.0,8.0,4.0,9.0,5.0,16.0,8.0,O Langford
13/12/2023,Norwich,Sheffield Weds,3.0,1.0,H,3.0,7.0,1.0,1.0,5.0,4.0,6.0,10.0,12.0,21.0,M Donohue
13/12/2023,QPR,Plymouth,0.0,0.0,D,6.0,1.0,2.0,3.0,10.0,2.0,14.0,8.0,29.0,12.0,T Harrington
16/12/2023,Bristol City,Sunderland,1.0,0.0,H,5.0,11.0,3.0,3.0,3.0,9.0,12.0,8.0,6.0,18.0,S Martin
16/12/2023,Hull,Cardiff,3.0,0.0,H,9.0,2.0,1.0,3.0,7.0,1.0,14.0,12.0,15.0,8.0,K Stroud
16/12/2023,Ipswich,Norwich,2.0,2.0,D,6.0,3.0,2.0,0.0,5.0,3.0,11.0,8.0,18.0,11.0,J Smith
16/12/2023,Leeds,Coventry,1.0,1.0,D,7.0,0.0,3.0,5.0,6.0,3.0,8.0,15.0,20.0,7.0,G Eltringham
16/12/2023,Millwall,Huddersfield,1.0,1.0,D,0.0,6.0,0.0,2.0,7.0,2.0,16.0,8.0,12.0,10.0,D Bond
16/12/2023,Plymouth,Rotherham,3.0,2.0,H,11.0,5.0,0.0,5.0,9.0,4.0,7.0,16.0,25.0,9.0,G Ward
16/12/2023,Preston,Watford,1.0,5.0,A,10.0,5.0,3.0,1.0,10.0,7.0,14.0,9.0,20.0,15.0,S Gill
16/12/2023,Sheffield Weds,QPR,2.0,1.0,H,8.0,3.0,5.0,4.0,3.0,2.0,12.0,13.0,8.0,5.0,A Davies
16/12/2023,Southampton,Blackburn,4.0,0.0,H,15.0,1.0,3.0,2.0,11.0,4.0,9.0,11.0,22.0,4.0,G Scott
16/12/2023,Swansea,Middlesbrough,1.0,2.0,A,4.0,4.0,2.0,3.0,3.0,4.0,14.0,14.0,10.0,9.0,M Donohue
17/12/2023,West Brom,Stoke,1.0,1.0,D,11.0,11.0,3.0,1.0,7.0,1.0,9.0,14.0,16.0,9.0,A Kitchen
18/12/2023,Birmingham,Leicester,2.0,3.0,A,3.0,2.0,0.0,1.0,5.0,5.0,12.0,17.0,8.0,14.0,D Webb
22/12/2023,Bristol City,Hull,3.0,2.0,H,7.0,6.0,2.0,3.0,5.0,4.0,9.0,11.0,21.0,16.0,B Toner
22/12/2023,Swansea,Preston,2.0,1.0,H,4.0,3.0,4.0,2.0,4.0,4.0,10.0,8.0,10.0,9.0,R Madley
23/12/2023,Blackburn,Watford,1.0,2.0,A,7.0,5.0,2.0,3.0,5.0,6.0,12.0,8.0,11.0,18.0,D Whitestone
23/12/2023,Leeds,Ipswich,4.0,0.0,H,5.0,0.0,1.0,4.0,4.0,0.0,10.0,15.0,9.0,2.0,S Martin
23/12/2023,Leicester,Rotherham,3.0,0.0,H,10.0,0.0,1.0,1.0,11.0,0.0,5.0,4.0,24.0,2.0,D Bond
23/12/2023,Middlesbrough,West Brom,1.0,0.0,H,2.0,10.0,1.0,2.0,4.0,2.0,13.0,11.0,13.0,9.0,J Linington
23/12/2023,Norwich,Huddersfield,2.0,0.0,H,12.0,2.0,1.0,1.0,8.0,1.0,9.0,10.0,21.0,5.0,T Kirk
23/12/2023,Plymouth,Birmingham,3.0,3.0,D,7.0,3.0,2.0,5.0,8.0,7.0,7.0,15.0,15.0,13.0,G Scott
23/12/2023,QPR,Southampton,0.0,1.0,A,7.0,5.0,1.0,3.0,2.0,4.0,8.0,12.0,12.0,13.0,O Langford
23/12/2023,Sheffield Weds,Cardiff,1.0,2.0,A,10.0,3.0,3.0,2.0,5.0,3.0,10.0,12.0,18.0,7.0,S Barrott
23/12/2023,Stoke,Millwall,0.0,0.0,D,7.0,1.0,1.0,3.0,3.0,1.0,11.0,16.0,19.0,2.0,G Eltringham
23/12/2023,Sunderland,Coventry,0.0,3.0,A,7.0,7.0,3.0,2.0,6.0,5.0,11.0,11.0,21.0,10.0,M Donohue
26/12/2023,Birmingham,Stoke,1.0,3.0,A,5.0,3.0,2.0,3.0,5.0,5.0,10.0,12.0,14.0,11.0,R Madley
26/12/2023,Cardiff,Plymouth,2.0,2.0,D,7.0,3.0,0.0,1.0,4.0,6.0,5.0,9.0,17.0,13.0,A Davies
26/12/2023,Coventry,Sheffield Weds,2.0,0.0,H,5.0,9.0,1.0,1.0,2.0,2.0,7.0,12.0,9.0,11.0,O Langford
26/12/2023,Huddersfield,Blackburn,3.0,0.0,H,6.0,4.0,1.0,4.0,6.0,1.0,10.0,8.0,12.0,10.0,D England
26/12/2023,Hull,Sunderland,0.0,1.0,A,3.0,7.0,1.0,1.0,6.0,3.0,6.0,8.0,10.0,17.0,S Gill
26/12/2023,Ipswich,Leicester,1.0,1.0,D,11.0,2.0,1.0,2.0,2.0,2.0,9.0,9.0,19.0,5.0,S Barrott
26/12/2023,Millwall,QPR,2.0,0.0,H,4.0,6.0,3.0,3.0,3.0,1.0,12.0,12.0,13.0,10.0,T Bramall
26/12/2023,Preston,Leeds,2.0,1.0,H,5.0,6.0,5.0,1.0,4.0,2.0,22.0,12.0,13.0,11.0,J Smith
26/12/2023,Rotherham,Middlesbrough,1.0,0.0,H,0.0,11.0,0.0,0.0,1.0,5.0,12.0,8.0,3.0,19.0,A Kitchen
26/12/2023,Southampton,Swansea,5.0,0.0,H,3.0,1.0,2.0,4.0,9.0,1.0,15.0,13.0,11.0,4.0,K Stroud
26/12/2023,Watford,Bristol City,1.0,4.0,A,6.0,6.0,1.0,0.0,5.0,5.0,10.0,4.0,13.0,15.0,J Busby
26/12/2023,West Brom,Norwich,1.0,0.0,H,12.0,4.0,0.0,0.0,3.0,3.0,5.0,8.0,21.0,7.0,J Bell
29/12/2023,Birmingham,Bristol City,0.0,0.0,D,1.0,6.0,0.0,0.0,1.0,0.0,11.0,6.0,5.0,8.0,G Eltringham
29/12/2023,Cardiff,Leicester,0.0,2.0,A,5.0,2.0,1.0,0.0,2.0,4.0,11.0,7.0,10.0,9.0,J Busby
29/12/2023,Coventry,Swansea,2.0,2.0,D,12.0,4.0,1.0,4.0,5.0,4.0,14.0,11.0,21.0,12.0,T Kirk
29/12/2023,Huddersfield,Middlesbrough,1.0,2.0,A,7.0,2.0,0.0,2.0,5.0,5.0,11.0,11.0,16.0,9.0,B Toner
29/12/2023,Hull,Blackburn,3.0,2.0,H,4.0,4.0,3.0,3.0,9.0,4.0,15.0,12.0,21.0,10.0,M Donohue
29/12/2023,Ipswich,QPR,0.0,0.0,D,5.0,9.0,3.0,2.0,5.0,2.0,13.0,5.0,7.0,10.0,D Webb
29/12/2023,Millwall,Norwich,1.0,0.0,H,5.0,3.0,4.0,5.0,5.0,3.0,11.0,12.0,11.0,11.0,D Whitestone
29/12/2023,Preston,Sheffield Weds,0.0,1.0,A,3.0,0.0,4.0,2.0,2.0,3.0,10.0,11.0,9.0,6.0,R Welch
29/12/2023,Rotherham,Sunderland,1.0,1.0,D,4.0,8.0,2.0,1.0,4.0,3.0,10.0,9.0,13.0,10.0,T Harrington
29/12/2023,Southampton,Plymouth,2.0,1.0,H,9.0,3.0,3.0,2.0,7.0,1.0,8.0,8.0,26.0,8.0,J Linington
29/12/2023,Watford,Stoke,1.0,1.0,D,5.0,4.0,4.0,1.0,6.0,4.0,7.0,10.0,13.0,14.0,S Oldham
29/12/2023,West Brom,Leeds,1.0,0.0,H,11.0,8.0,1.0,1.0,3.0,1.0,8.0,10.0,13.0,15.0,G Scott
01/01/2024,Blackburn,Rotherham,2.0,2.0,D,5.0,5.0,0.0,1.0,9.0,4.0,5.0,11.0,18.0,13.0,J Gillett
01/01/2024,Bristol City,Millwall,0.0,1.0,A,6.0,5.0,1.0,2.0,1.0,2.0,5.0,10.0,5.0,11.0,T Nield
01/01/2024,Leeds,Birmingham,3.0,0.0,H,6.0,3.0,0.0,2.0,11.0,1.0,10.0,14.0,21.0,8.0,K Stroud
01/01/2024,Leicester,Huddersfield,4.0,1.0,H,3.0,4.0,0.0,1.0,6.0,4.0,5.0,9.0,19.0,12.0,S Allison
01/01/2024,Middlesbrough,Coventry,1.0,3.0,A,12.0,9.0,2.0,2.0,7.0,8.0,10.0,11.0,19.0,17.0,D Webb
01/01/2024,Norwich,Southampton,1.0,1.0,D,1.0,12.0,5.0,0.0,2.0,4.0,8.0,8.0,7.0,21.0,D England
01/01/2024,Plymouth,Watford,3.0,3.0,D,9.0,5.0,2.0,3.0,11.0,5.0,11.0,12.0,31.0,18.0,R Madley
01/01/2024,QPR,Cardiff,1.0,2.0,A,1.0,6.0,2.0,5.0,3.0,5.0,12.0,20.0,8.0,10.0,A Kitchen
01/01/2024,Sheffield Weds,Hull,3.0,1.0,H,10.0,4.0,3.0,4.0,6.0,1.0,13.0,13.0,23.0,5.0,D Bond
01/01/2024,Stoke,Ipswich,0.0,0.0,D,8.0,5.0,1.0,2.0,4.0,2.0,7.0,15.0,8.0,13.0,J Bell
01/01/2024,Sunderland,Preston,2.0,0.0,H,2.0,3.0,0.0,1.0,4.0,3.0,6.0,12.0,7.0,12.0,O Langford
01/01/2024,Swansea,West Brom,1.0,0.0,H,3.0,5.0,2.0,0.0,4.0,5.0,10.0,7.0,10.0,10.0,A Davies
12/01/2024,Hull,Norwich,1.0,2.0,A,9.0,2.0,2.0,4.0,5.0,4.0,12.0,14.0,19.0,9.0,A Kitchen
13/01/2024,Birmingham,Swansea,2.0,2.0,D,5.0,5.0,5.0,3.0,6.0,3.0,21.0,11.0,11.0,6.0,M Donohue
13/01/2024,Cardiff,Leeds,0.0,3.0,A,5.0,4.0,1.0,1.0,1.0,7.0,5.0,7.0,9.0,15.0,O Langford
13/01/2024,Coventry,Leicester,3.0,1.0,H,7.0,1.0,5.0,3.0,6.0,4.0,12.0,14.0,14.0,8.0,D England
13/01/2024,Huddersfield,Plymouth,1.0,1.0,D,3.0,5.0,1.0,4.0,4.0,3.0,13.0,16.0,13.0,9.0,T Nield
13/01/2024,Ipswich,Sunderland,2.0,1.0,H,3.0,1.0,5.0,2.0,5.0,3.0,17.0,8.0,17.0,10.0,S Allison
13/01/2024,Millwall,Middlesbrough,1.0,3.0,A,5.0,4.0,3.0,1.0,5.0,6.0,9.0,10.0,15.0,14.0,A Davies
13/01/2024,Preston,Bristol City,2.0,0.0,H,8.0,6.0,1.0,2.0,7.0,6.0,13.0,7.0,12.0,15.0,S Barrott
13/01/2024,Rotherham,Stoke,0.0,1.0,A,3.0,6.0,2.0,3.0,0.0,3.0,11.0,13.0,3.0,4.0,K Stroud
13/01/2024,Southampton,Sheffield Weds,4.0,0.0,H,14.0,3.0,3.0,3.0,7.0,4.0,9.0,12.0,15.0,6.0,L Smith
13/01/2024,West Brom,Blackburn,4.0,1.0,H,6.0,3.0,2.0,0.0,8.0,3.0,8.0,9.0,16.0,12.0,S Martin
14/01/2024,QPR,Watford,1.0,2.0,A,8.0,4.0,3.0,3.0,7.0,2.0,17.0,13.0,16.0,9.0,S Hooper
19/01/2024,Sunderland,Hull,0.0,1.0,A,12.0,1.0,2.0,7.0,3.0,2.0,12.0,17.0,15.0,2.0,R Jones
20/01/2024,Blackburn,Huddersfield,1.0,1.0,D,7.0,3.0,1.0,2.0,4.0,3.0,10.0,4.0,16.0,8.0,J Linington
20/01/2024,Bristol City,Watford,1.0,1.0,D,7.0,8.0,1.0,2.0,6.0,2.0,8.0,16.0,15.0,14.0,A Kitchen
20/01/2024,Middlesbrough,Rotherham,1.0,1.0,D,13.0,2.0,1.0,3.0,3.0,2.0,8.0,8.0,15.0,6.0,D Bond
20/01/2024,Norwich,West Brom,2.0,0.0,H,2.0,6.0,1.0,2.0,6.0,3.0,9.0,10.0,13.0,15.0,S Gill
20/01/2024,Plymouth,Cardiff,3.0,1.0,H,5.0,5.0,4.0,2.0,5.0,3.0,9.0,7.0,15.0,6.0,M Dwyer
20/01/2024,QPR,Millwall,2.0,0.0,H,2.0,3.0,0.0,2.0,5.0,1.0,10.0,8.0,12.0,2.0,L Smith
20/01/2024,Sheffield Weds,Coventry,1.0,2.0,A,6.0,7.0,4.0,5.0,5.0,6.0,14.0,11.0,11.0,16.0,A Backhouse
20/01/2024,Stoke,Birmingham,1.0,2.0,A,13.0,2.0,2.0,0.0,5.0,5.0,5.0,7.0,22.0,9.0,S Barrott
20/01/2024,Swansea,Southampton,1.0,3.0,A,3.0,8.0,2.0,2.0,6.0,10.0,10.0,12.0,15.0,21.0,O Langford
21/01/2024,Leeds,Preston,2.0,1.0,H,9.0,3.0,4.0,6.0,6.0,2.0,12.0,18.0,20.0,8.0,D Webb
22/01/2024,Leicester,Ipswich,1.0,1.0,D,8.0,8.0,1.0,3.0,8.0,3.0,6.0,11.0,15.0,11.0,J Smith
24/01/2024,Leeds,Norwich,1.0,0.0,H,4.0,2.0,1.0,2.0,4.0,1.0,13.0,8.0,12.0,5.0,M Donohue
27/01/2024,Millwall,Preston,1.0,1.0,D,8.0,3.0,3.0,3.0,8.0,4.0,19.0,6.0,17.0,11.0,J Busby
27/01/2024,Sunderland,Stoke,3.0,1.0,H,3.0,6.0,1.0,3.0,5.0,4.0,10.0,9.0,8.0,15.0,A Davies
28/01/2024,QPR,Huddersfield,1.0,1.0,D,4.0,10.0,4.0,3.0,4.0,3.0,15.0,16.0,7.0,13.0,S Martin
30/01/2024,Coventry,Bristol City,2.0,2.0,D,1.0,5.0,1.0,2.0,4.0,5.0,10.0,13.0,11.0,13.0,L Doughty
30/01/2024,Leicester,Swansea,3.0,1.0,H,2.0,3.0,1.0,1.0,7.0,3.0,12.0,8.0,14.0,11.0,K Stroud
31/01/2024,Sheffield Weds,Watford,0.0,0.0,D,5.0,5.0,4.0,3.0,5.0,2.0,8.0,13.0,19.0,10.0,R Welch
02/02/2024,Bristol City,Leeds,0.0,1.0,A,2.0,4.0,1.0,0.0,1.0,6.0,10.0,10.0,7.0,14.0,S Martin
03/02/2024,Blackburn,QPR,1.0,2.0,A,4.0,10.0,2.0,3.0,6.0,4.0,12.0,5.0,16.0,7.0,G Eltringham
03/02/2024,Huddersfield,Sheffield Weds,4.0,0.0,H,7.0,8.0,3.0,1.0,6.0,3.0,10.0,18.0,12.0,12.0,M Donohue
03/02/2024,Hull,Millwall,1.0,0.0,H,4.0,4.0,3.0,2.0,2.0,1.0,15.0,19.0,9.0,5.0,A Backhouse
03/02/2024,Norwich,Coventry,2.0,1.0,H,5.0,2.0,2.0,1.0,5.0,5.0,11.0,9.0,21.0,8.0,G Ward
03/02/2024,Preston,Ipswich,3.0,2.0,H,6.0,3.0,0.0,0.0,3.0,9.0,13.0,8.0,10.0,25.0,G Scott
03/02/2024,Rotherham,Southampton,0.0,2.0,A,3.0,10.0,0.0,2.0,2.0,7.0,8.0,10.0,8.0,10.0,S Gill
03/02/2024,Stoke,Leicester,0.0,5.0,A,3.0,6.0,4.0,3.0,4.0,9.0,10.0,12.0,10.0,16.0,L Smith
03/02/2024,Swansea,Plymouth,0.0,1.0,A,8.0,2.0,2.0,3.0,4.0,3.0,12.0,14.0,20.0,9.0,S Allison
03/02/2024,Watford,Cardiff,0.0,1.0,A,10.0,2.0,3.0,3.0,6.0,2.0,16.0,6.0,17.0,10.0,J Busby
03/02/2024,West Brom,Birmingham,1.0,0.0,H,4.0,8.0,2.0,3.0,2.0,5.0,12.0,16.0,10.0,13.0,D Webb
04/02/2024,Middlesbrough,Sunderland,1.0,1.0,D,1.0,6.0,3.0,3.0,2.0,5.0,17.0,10.0,15.0,13.0,D England
09/02/2024,Sheffield Weds,Birmingham,2.0,0.0,H,1.0,7.0,3.0,1.0,3.0,4.0,14.0,10.0,13.0,25.0,A Davies
10/02/2024,Blackburn,Stoke,3.0,1.0,H,5.0,8.0,0.0,2.0,5.0,3.0,8.0,8.0,9.0,7.0,G Ward
10/02/2024,Cardiff,Preston,0.0,2.0,A,4.0,0.0,2.0,1.0,5.0,3.0,5.0,11.0,14.0,3.0,D Whitestone
10/02/2024,Hull,Swansea,0.0,1.0,A,2.0,4.0,1.0,3.0,3.0,5.0,7.0,10.0,9.0,13.0,G Eltringham
10/02/2024,Ipswich,West Brom,2.0,2.0,D,9.0,3.0,2.0,3.0,7.0,2.0,12.0,3.0,21.0,5.0,D Coote
10/02/2024,Leeds,Rotherham,3.0,0.0,H,5.0,3.0,0.0,2.0,6.0,2.0,13.0,11.0,19.0,7.0,A Madley
10/02/2024,Middlesbrough,Bristol City,1.0,2.0,A,7.0,1.0,1.0,0.0,6.0,7.0,11.0,11.0,16.0,12.0,S Allison
10/02/2024,QPR,Norwich,2.0,2.0,D,1.0,8.0,2.0,4.0,4.0,4.0,25.0,11.0,14.0,12.0,B Toner
10/02/2024,Southampton,Huddersfield,5.0,3.0,H,6.0,6.0,2.0,3.0,7.0,6.0,11.0,11.0,15.0,17.0,D Webb
10/02/2024,Sunderland,Plymouth,3.0,1.0,H,8.0,2.0,1.0,5.0,5.0,2.0,17.0,13.0,14.0,5.0,A Backhouse
10/02/2024,Watford,Leicester,1.0,2.0,A,8.0,1.0,2.0,3.0,3.0,3.0,11.0,15.0,13.0,6.0,O Langford
11/02/2024,Coventry,Millwall,2.0,1.0,H,8.0,3.0,0.0,1.0,5.0,4.0,9.0,14.0,15.0,8.0,A Kitchen
13/02/2024,Birmingham,Blackburn,1.0,0.0,H,6.0,4.0,2.0,3.0,3.0,3.0,9.0,16.0,18.0,8.0,T Kirk
13/02/2024,Bristol City,Southampton,3.0,1.0,H,6.0,5.0,2.0,2.0,4.0,4.0,8.0,13.0,14.0,16.0,M Donohue
13/02/2024,Leicester,Sheffield Weds,2.0,0.0,H,4.0,7.0,1.0,2.0,3.0,4.0,15.0,12.0,10.0,13.0,T Nield
13/02/2024,Norwich,Watford,4.0,2.0,H,4.0,4.0,3.0,2.0,6.0,3.0,13.0,11.0,14.0,11.0,S Attwell
13/02/2024,Rotherham,Hull,1.0,2.0,A,4.0,9.0,2.0,1.0,6.0,8.0,13.0,6.0,11.0,20.0,L Doughty
13/02/2024,Swansea,Leeds,0.0,4.0,A,5.0,2.0,3.0,1.0,1.0,8.0,11.0,10.0,7.0,13.0,D Webb
13/02/2024,West Brom,Cardiff,2.0,0.0,H,4.0,4.0,1.0,2.0,3.0,1.0,8.0,11.0,11.0,11.0,R Welch
14/02/2024,Huddersfield,Sunderland,1.0,0.0,H,6.0,10.0,2.0,4.0,6.0,5.0,14.0,15.0,12.0,12.0,G Ward
14/02/2024,Millwall,Ipswich,0.0,4.0,A,9.0,5.0,3.0,1.0,4.0,4.0,12.0,13.0,14.0,8.0,S Barrott
14/02/2024,Plymouth,Coventry,2.0,2.0,D,1.0,9.0,1.0,3.0,4.0,7.0,8.0,19.0,13.0,17.0,K Stroud
14/02/2024,Preston,Middlesbrough,2.0,1.0,H,2.0,7.0,2.0,1.0,3.0,4.0,10.0,10.0,7.0,20.0,T Harrington
14/02/2024,Stoke,QPR,1.0,0.0,H,5.0,7.0,0.0,1.0,5.0,1.0,12.0,11.0,14.0,10.0,A Kitchen
16/02/2024,West Brom,Southampton,0.0,2.0,A,6.0,9.0,2.0,1.0,2.0,4.0,8.0,5.0,9.0,13.0,S Allison
17/02/2024,Birmingham,Sunderland,2.0,1.0,H,5.0,5.0,4.0,4.0,5.0,4.0,18.0,14.0,16.0,10.0,S Martin
17/02/2024,Bristol City,QPR,0.0,1.0,A,4.0,2.0,0.0,1.0,2.0,7.0,7.0,7.0,11.0,11.0,S Barrott
17/02/2024,Huddersfield,Hull,1.0,2.0,A,11.0,3.0,3.0,1.0,3.0,3.0,11.0,8.0,16.0,9.0,R Welch
17/02/2024,Leicester,Middlesbrough,1.0,2.0,A,12.0,4.0,1.0,4.0,2.0,2.0,10.0,8.0,24.0,5.0,C Kavanagh
17/02/2024,Millwall,Sheffield Weds,0.0,2.0,A,5.0,5.0,3.0,1.0,3.0,2.0,14.0,15.0,9.0,5.0,G Eltringham
17/02/2024,Norwich,Cardiff,4.0,1.0,H,8.0,0.0,0.0,3.0,8.0,3.0,7.0,13.0,23.0,9.0,D Bond
17/02/2024,Plymouth,Leeds,0.0,2.0,A,4.0,0.0,2.0,1.0,1.0,2.0,14.0,13.0,7.0,9.0,M Donohue
17/02/2024,Preston,Blackburn,2.0,2.0,D,7.0,3.0,0.0,0.0,8.0,3.0,10.0,12.0,16.0,6.0,D Webb
17/02/2024,Rotherham,Watford,0.0,1.0,A,7.0,6.0,2.0,1.0,1.0,1.0,13.0,11.0,19.0,8.0,A Kitchen
17/02/2024,Stoke,Coventry,0.0,1.0,A,5.0,4.0,2.0,1.0,1.0,3.0,13.0,10.0,13.0,9.0,J Bell
17/02/2024,Swansea,Ipswich,1.0,2.0,A,9.0,6.0,1.0,1.0,3.0,6.0,5.0,13.0,15.0,15.0,J Busby
20/02/2024,Cardiff,Blackburn,0.0,0.0,D,4.0,1.0,2.0,3.0,5.0,1.0,10.0,12.0,11.0,4.0,L Doughty
20/02/2024,Ipswich,Rotherham,4.0,3.0,H,2.0,6.0,1.0,2.0,7.0,5.0,16.0,16.0,11.0,13.0,K Stroud
20/02/2024,Plymouth,West Brom,0.0,3.0,A,2.0,7.0,1.0,0.0,0.0,7.0,9.0,8.0,4.0,17.0,T Nield
20/02/2024,Southampton,Hull,1.0,2.0,A,4.0,2.0,1.0,2.0,3.0,5.0,9.0,13.0,15.0,17.0,O Langford
23/02/2024,Coventry,Preston,0.0,3.0,A,6.0,6.0,1.0,3.0,4.0,3.0,9.0,19.0,10.0,10.0,A Davies
23/02/2024,Leeds,Leicester,3.0,1.0,H,2.0,5.0,5.0,2.0,4.0,5.0,15.0,11.0,15.0,16.0,C Pawson
24/02/2024,Blackburn,Norwich,1.0,1.0,D,6.0,6.0,2.0,2.0,5.0,3.0,14.0,6.0,10.0,7.0,O Langford
24/02/2024,Cardiff,Stoke,2.0,1.0,H,2.0,6.0,4.0,2.0,5.0,6.0,13.0,14.0,11.0,14.0,A Backhouse
24/02/2024,Hull,West Brom,1.0,1.0,D,8.0,3.0,0.0,0.0,3.0,4.0,10.0,11.0,9.0,11.0,S Martin
24/02/2024,Ipswich,Birmingham,3.0,1.0,H,7.0,5.0,3.0,1.0,9.0,4.0,11.0,14.0,26.0,11.0,G Ward
24/02/2024,Middlesbrough,Plymouth,0.0,2.0,A,6.0,6.0,1.0,1.0,0.0,11.0,12.0,10.0,11.0,22.0,S Gill
24/02/2024,QPR,Rotherham,2.0,1.0,H,9.0,0.0,4.0,1.0,9.0,4.0,9.0,17.0,18.0,14.0,M Donohue
24/02/2024,Sheffield Weds,Bristol City,2.0,1.0,H,4.0,6.0,1.0,3.0,7.0,2.0,8.0,7.0,15.0,12.0,T Kirk
24/02/2024,Southampton,Millwall,1.0,2.0,A,13.0,1.0,4.0,3.0,7.0,3.0,9.0,8.0,14.0,8.0,T Bramall
24/02/2024,Sunderland,Swansea,1.0,2.0,A,4.0,11.0,1.0,4.0,5.0,8.0,8.0,15.0,13.0,13.0,K Stroud
24/02/2024,Watford,Huddersfield,1.0,2.0,A,3.0,5.0,2.0,2.0,4.0,5.0,16.0,12.0,12.0,11.0,B Toner
01/03/2024,West Brom,Coventry,2.0,1.0,H,4.0,4.0,2.0,1.0,2.0,3.0,10.0,12.0,7.0,17.0,L Smith
02/03/2024,Birmingham,Southampton,3.0,4.0,A,6.0,16.0,3.0,1.0,4.0,10.0,11.0,7.0,13.0,25.0,J Bell
02/03/2024,Bristol City,Cardiff,0.0,1.0,A,8.0,3.0,2.0,2.0,3.0,4.0,7.0,14.0,17.0,9.0,S Allison
02/03/2024,Huddersfield,Leeds,1.0,1.0,D,8.0,8.0,3.0,1.0,5.0,2.0,10.0,13.0,12.0,15.0,A Kitchen
02/03/2024,Leicester,QPR,1.0,2.0,A,9.0,0.0,2.0,3.0,5.0,2.0,7.0,11.0,18.0,3.0,A Davies
02/03/2024,Millwall,Watford,1.0,0.0,H,4.0,3.0,3.0,1.0,2.0,3.0,12.0,14.0,6.0,12.0,G Ward
02/03/2024,Norwich,Sunderland,1.0,0.0,H,5.0,2.0,2.0,3.0,4.0,4.0,13.0,11.0,16.0,12.0,T Kirk
02/03/2024,Plymouth,Ipswich,0.0,2.0,A,5.0,7.0,1.0,3.0,2.0,6.0,11.0,22.0,9.0,14.0,J Smith
02/03/2024,Preston,Hull,0.0,0.0,D,8.0,8.0,1.0,1.0,4.0,4.0,12.0,6.0,16.0,15.0,T Bramall
02/03/2024,Rotherham,Sheffield Weds,0.0,1.0,A,2.0,10.0,1.0,2.0,1.0,4.0,16.0,14.0,7.0,17.0,D Webb
02/03/2024,Stoke,Middlesbrough,2.0,0.0,H,6.0,3.0,3.0,1.0,5.0,3.0,16.0,5.0,11.0,10.0,J Busby
02/03/2024,Swansea,Blackburn,2.0,1.0,H,6.0,6.0,1.0,2.0,4.0,5.0,10.0,12.0,7.0,10.0,R Welch
05/03/2024,Blackburn,Millwall,1.0,1.0,D,4.0,2.0,0.0,1.0,3.0,1.0,10.0,11.0,11.0,3.0,J Simpson
05/03/2024,Coventry,Rotherham,5.0,0.0,H,4.0,5.0,0.0,1.0,6.0,1.0,10.0,19.0,16.0,7.0,J Busby
05/03/2024,Hull,Birmingham,1.0,1.0,D,10.0,2.0,1.0,3.0,5.0,3.0,7.0,8.0,22.0,8.0,K Stroud
05/03/2024,Ipswich,Bristol City,3.0,2.0,H,4.0,5.0,1.0,3.0,8.0,4.0,6.0,15.0,14.0,11.0,D Webb
05/03/2024,Leeds,Stoke,1.0,0.0,H,8.0,2.0,1.0,1.0,7.0,6.0,7.0,13.0,15.0,13.0,O Langford
05/03/2024,Sheffield Weds,Plymouth,1.0,0.0,H,8.0,2.0,1.0,2.0,3.0,3.0,12.0,13.0,18.0,13.0,S Martin
05/03/2024,Sunderland,Leicester,0.0,1.0,A,6.0,5.0,1.0,3.0,6.0,6.0,12.0,19.0,17.0,10.0,S Gill
06/03/2024,Cardiff,Huddersfield,1.0,0.0,H,3.0,3.0,4.0,1.0,4.0,2.0,10.0,11.0,8.0,11.0,M Donohue
06/03/2024,Middlesbrough,Norwich,3.0,1.0,H,2.0,2.0,1.0,1.0,7.0,3.0,8.0,9.0,15.0,6.0,R Madley
06/03/2024,QPR,West Brom,2.0,2.0,D,19.0,4.0,0.0,1.0,6.0,2.0,7.0,5.0,20.0,4.0,G Eltringham
06/03/2024,Watford,Swansea,1.0,1.0,D,9.0,3.0,4.0,2.0,3.0,2.0,18.0,10.0,19.0,11.0,T Nield
08/03/2024,Sheffield Weds,Leeds,0.0,2.0,A,8.0,5.0,1.0,1.0,3.0,7.0,16.0,9.0,9.0,13.0,S Allison
09/03/2024,Blackburn,Plymouth,1.0,1.0,D,1.0,5.0,2.0,1.0,4.0,7.0,13.0,10.0,8.0,20.0,A Kitchen
09/03/2024,Cardiff,Ipswich,2.0,1.0,H,4.0,2.0,0.0,1.0,6.0,4.0,5.0,8.0,15.0,8.0,O Langford
09/03/2024,Hull,Leicester,2.0,2.0,D,1.0,3.0,2.0,2.0,5.0,2.0,15.0,13.0,8.0,15.0,S Barrott
09/03/2024,Millwall,Birmingham,1.0,0.0,H,4.0,4.0,2.0,1.0,5.0,1.0,17.0,10.0,12.0,16.0,D Bond
09/03/2024,Norwich,Rotherham,5.0,0.0,H,4.0,3.0,1.0,0.0,8.0,0.0,9.0,12.0,18.0,2.0,C Breakspear
09/03/2024,Preston,Stoke,1.0,2.0,A,0.0,6.0,2.0,2.0,2.0,4.0,10.0,10.0,4.0,13.0,J Smith
09/03/2024,QPR,Middlesbrough,0.0,2.0,A,10.0,3.0,2.0,5.0,2.0,4.0,11.0,7.0,10.0,7.0,L Doughty
09/03/2024,Southampton,Sunderland,4.0,2.0,H,6.0,2.0,2.0,3.0,10.0,5.0,13.0,15.0,21.0,13.0,S Attwell
09/03/2024,Watford,Coventry,1.0,2.0,A,5.0,4.0,1.0,5.0,5.0,3.0,12.0,12.0,19.0,8.0,R Madley
10/03/2024,Bristol City,Swansea,1.0,0.0,H,3.0,6.0,2.0,1.0,2.0,0.0,14.0,4.0,5.0,8.0,M Donohue
10/03/2024,Huddersfield,West Brom,1.0,4.0,A,5.0,5.0,1.0,1.0,6.0,8.0,9.0,11.0,14.0,12.0,D Webb
12/03/2024,Birmingham,Middlesbrough,0.0,1.0,A,3.0,4.0,0.0,2.0,0.0,3.0,9.0,6.0,9.0,12.0,A Davies
16/03/2024,Birmingham,Watford,0.0,1.0,A,7.0,6.0,0.0,3.0,5.0,4.0,11.0,12.0,27.0,14.0,M Donohue
16/03/2024,Ipswich,Sheffield Weds,6.0,0.0,H,10.0,4.0,1.0,2.0,10.0,1.0,12.0,8.0,20.0,9.0,L Doughty
16/03/2024,Middlesbrough,Blackburn,0.0,0.0,D,8.0,5.0,3.0,3.0,3.0,3.0,10.0,9.0,16.0,12.0,K Stroud
16/03/2024,Plymouth,Preston,0.0,1.0,A,6.0,5.0,2.0,2.0,0.0,4.0,11.0,22.0,9.0,9.0,J Busby
16/03/2024,Rotherham,Huddersfield,0.0,0.0,D,1.0,6.0,2.0,2.0,1.0,5.0,13.0,12.0,7.0,18.0,J Smith
16/03/2024,Stoke,Norwich,0.0,3.0,A,7.0,6.0,1.0,0.0,1.0,7.0,12.0,7.0,10.0,16.0,G Ward
16/03/2024,Sunderland,QPR,0.0,0.0,D,5.0,7.0,1.0,2.0,0.0,5.0,10.0,16.0,8.0,11.0,O Langford
16/03/2024,Swansea,Cardiff,2.0,0.0,H,10.0,5.0,2.0,1.0,5.0,2.0,12.0,11.0,20.0,11.0,D Webb
16/03/2024,West Brom,Bristol City,2.0,0.0,H,3.0,7.0,4.0,2.0,4.0,5.0,6.0,14.0,12.0,10.0,T Nield
17/03/2024,Leeds,Millwall,2.0,0.0,H,13.0,2.0,3.0,4.0,5.0,3.0,9.0,21.0,17.0,12.0,S Martin
29/03/2024,Blackburn,Ipswich,0.0,1.0,A,9.0,2.0,2.0,3.0,3.0,3.0,13.0,13.0,8.0,11.0,S Attwell
29/03/2024,Bristol City,Leicester,1.0,0.0,H,5.0,6.0,2.0,0.0,6.0,3.0,12.0,13.0,16.0,11.0,A Kitchen
29/03/2024,Cardiff,Sunderland,0.0,2.0,A,5.0,6.0,2.0,1.0,3.0,8.0,12.0,11.0,8.0,18.0,J Simpson
29/03/2024,Huddersfield,Coventry,1.0,3.0,A,10.0,4.0,1.0,4.0,4.0,7.0,13.0,18.0,15.0,12.0,A Herczeg
29/03/2024,Hull,Stoke,0.0,2.0,A,8.0,5.0,0.0,4.0,0.0,4.0,6.0,13.0,11.0,17.0,G Scott
29/03/2024,Millwall,West Brom,1.0,1.0,D,6.0,4.0,1.0,2.0,2.0,2.0,9.0,9.0,9.0,6.0,J Bell
29/03/2024,Norwich,Plymouth,2.0,1.0,H,13.0,3.0,0.0,7.0,4.0,4.0,11.0,12.0,23.0,9.0,J Linington
29/03/2024,Preston,Rotherham,3.0,0.0,H,2.0,2.0,2.0,2.0,5.0,3.0,13.0,13.0,18.0,7.0,S Martin
29/03/2024,QPR,Birmingham,2.0,1.0,H,6.0,2.0,2.0,2.0,6.0,3.0,11.0,12.0,18.0,13.0,J Smith
29/03/2024,Sheffield Weds,Swansea,1.0,1.0,D,3.0,4.0,1.0,1.0,4.0,4.0,10.0,8.0,14.0,8.0,G Eltringham
29/03/2024,Southampton,Middlesbrough,1.0,1.0,D,8.0,5.0,2.0,4.0,5.0,3.0,5.0,14.0,13.0,8.0,M Donohue
29/03/2024,Watford,Leeds,2.0,2.0,D,8.0,5.0,0.0,0.0,5.0,8.0,15.0,5.0,9.0,12.0,D Webb
01/04/2024,Birmingham,Preston,1.0,0.0,H,0.0,0.0,1.0,1.0,4.0,1.0,7.0,9.0,11.0,4.0,O Langford
01/04/2024,Coventry,Cardiff,1.0,2.0,A,6.0,3.0,1.0,2.0,2.0,4.0,7.0,9.0,14.0,10.0,L Doughty
01/04/2024,Ipswich,Southampton,3.0,2.0,H,0.0,7.0,3.0,1.0,6.0,8.0,14.0,12.0,13.0,17.0,M Salisbury
01/04/2024,Leeds,Hull,3.0,1.0,H,4.0,3.0,2.0,2.0,6.0,2.0,19.0,13.0,14.0,11.0,J Smith
01/04/2024,Leicester,Norwich,3.0,1.0,H,9.0,2.0,1.0,1.0,6.0,2.0,13.0,8.0,18.0,6.0,D Bond
01/04/2024,Middlesbrough,Sheffield Weds,2.0,0.0,H,11.0,5.0,1.0,4.0,5.0,2.0,7.0,11.0,23.0,6.0,M Donohue
01/04/2024,Plymouth,Bristol City,0.0,1.0,A,9.0,6.0,2.0,3.0,2.0,6.0,14.0,12.0,12.0,14.0,K Stroud
01/04/2024,Rotherham,Millwall,2.0,1.0,H,2.0,11.0,2.0,0.0,4.0,7.0,11.0,10.0,5.0,21.0,A Chilowicz
01/04/2024,Stoke,Huddersfield,1.0,1.0,D,6.0,7.0,3.0,1.0,6.0,3.0,14.0,13.0,15.0,12.0,R Welch
01/04/2024,Sunderland,Blackburn,1.0,5.0,A,3.0,3.0,0.0,0.0,7.0,7.0,10.0,12.0,13.0,13.0,J Busby
01/04/2024,Swansea,QPR,0.0,1.0,A,7.0,4.0,0.0,0.0,4.0,4.0,9.0,10.0,15.0,10.0,S Allison
01/04/2024,West Brom,Watford,2.0,2.0,D,7.0,3.0,0.0,1.0,4.0,7.0,6.0,13.0,10.0,12.0,G Ward
05/04/2024,Rotherham,Plymouth,0.0,1.0,A,4.0,9.0,0.0,0.0,2.0,11.0,9.0,11.0,11.0,21.0,O Langford
06/04/2024,Blackburn,Southampton,0.0,0.0,D,1.0,5.0,3.0,2.0,3.0,2.0,17.0,8.0,11.0,7.0,C Pawson
06/04/2024,Cardiff,Hull,1.0,3.0,A,5.0,6.0,1.0,3.0,4.0,6.0,11.0,7.0,13.0,11.0,J Busby
06/04/2024,Coventry,Leeds,2.0,1.0,H,2.0,9.0,4.0,2.0,5.0,8.0,13.0,3.0,11.0,19.0,T Nield
06/04/2024,Huddersfield,Millwall,1.0,0.0,H,10.0,3.0,4.0,4.0,7.0,1.0,7.0,21.0,17.0,6.0,J Linington
06/04/2024,Leicester,Birmingham,2.0,1.0,H,10.0,0.0,2.0,2.0,9.0,5.0,7.0,11.0,17.0,11.0,D Webb
06/04/2024,Middlesbrough,Swansea,2.0,0.0,H,4.0,6.0,2.0,2.0,4.0,1.0,16.0,16.0,12.0,7.0,R Welch
06/04/2024,Norwich,Ipswich,1.0,0.0,H,4.0,6.0,0.0,1.0,3.0,3.0,10.0,16.0,12.0,10.0,M Donohue
06/04/2024,QPR,Sheffield Weds,0.0,2.0,A,5.0,2.0,3.0,3.0,1.0,4.0,13.0,10.0,16.0,7.0,G Scott
06/04/2024,Stoke,West Brom,2.0,2.0,D,5.0,7.0,2.0,2.0,7.0,2.0,8.0,8.0,18.0,9.0,A Kitchen
06/04/2024,Sunderland,Bristol City,0.0,0.0,D,4.0,4.0,1.0,1.0,7.0,2.0,12.0,10.0,20.0,8.0,L Doughty
06/04/2024,Watford,Preston,0.0,0.0,D,7.0,5.0,2.0,1.0,2.0,1.0,6.0,13.0,11.0,9.0,J Bell
09/04/2024,Leeds,Sunderland,0.0,0.0,D,13.0,2.0,2.0,4.0,1.0,3.0,10.0,13.0,12.0,6.0,T Robinson
09/04/2024,Millwall,Leicester,1.0,0.0,H,3.0,9.0,3.0,1.0,4.0,3.0,11.0,6.0,6.0,11.0,S Gill
09/04/2024,Plymouth,QPR,1.0,1.0,D,10.0,4.0,0.0,2.0,5.0,4.0,12.0,12.0,13.0,14.0,J Simpson
09/04/2024,Preston,Huddersfield,4.0,1.0,H,8.0,2.0,3.0,2.0,7.0,2.0,10.0,13.0,14.0,8.0,L Smith
09/04/2024,Sheffield Weds,Norwich,2.0,2.0,D,10.0,3.0,2.0,1.0,5.0,6.0,15.0,9.0,11.0,13.0,C Kavanagh
09/04/2024,Southampton,Coventry,2.0,1.0,H,6.0,8.0,1.0,2.0,6.0,2.0,15.0,15.0,13.0,9.0,L Linington
10/04/2024,Birmingham,Cardiff,0.0,1.0,A,5.0,4.0,1.0,3.0,1.0,4.0,15.0,10.0,12.0,12.0,S Allison
10/04/2024,Bristol City,Blackburn,5.0,0.0,H,6.0,8.0,0.0,2.0,7.0,4.0,7.0,15.0,15.0,9.0,R Madley
10/04/2024,Hull,Middlesbrough,2.0,2.0,D,9.0,3.0,3.0,0.0,7.0,6.0,8.0,7.0,18.0,13.0,G Ward
10/04/2024,Ipswich,Watford,0.0,0.0,D,3.0,4.0,2.0,1.0,4.0,3.0,13.0,16.0,15.0,10.0,S Barrott
10/04/2024,Swansea,Stoke,3.0,0.0,H,2.0,6.0,3.0,3.0,4.0,1.0,15.0,16.0,12.0,10.0,K Stroud
10/04/2024,West Brom,Rotherham,2.0,0.0,H,4.0,5.0,0.0,1.0,4.0,1.0,4.0,9.0,11.0,12.0,G Eltringham
12/04/2024,Plymouth,Leicester,1.0,0.0,H,0.0,13.0,5.0,2.0,3.0,4.0,12.0,12.0,5.0,17.0,R Jones
13/04/2024,Birmingham,Coventry,3.0,0.0,H,3.0,6.0,3.0,2.0,4.0,2.0,13.0,12.0,15.0,12.0,T Bramall
13/04/2024,Bristol City,Huddersfield,1.0,1.0,D,12.0,4.0,1.0,6.0,3.0,4.0,7.0,18.0,9.0,13.0,R Welch
13/04/2024,Hull,QPR,3.0,0.0,H,4.0,4.0,2.0,1.0,5.0,3.0,12.0,17.0,7.0,11.0,T Nield
13/04/2024,Ipswich,Middlesbrough,1.0,1.0,D,6.0,4.0,2.0,2.0,5.0,5.0,11.0,6.0,21.0,11.0,S Allison
13/04/2024,Leeds,Blackburn,0.0,1.0,A,12.0,1.0,1.0,4.0,5.0,2.0,5.0,15.0,19.0,3.0,J Bell
13/04/2024,Millwall,Cardiff,3.0,1.0,H,6.0,4.0,3.0,1.0,7.0,4.0,10.0,7.0,15.0,7.0,W Finnie
13/04/2024,Preston,Norwich,0.0,1.0,A,5.0,6.0,3.0,1.0,2.0,5.0,11.0,9.0,12.0,15.0,A Kitchen
13/04/2024,Sheffield Weds,Stoke,1.0,1.0,D,8.0,1.0,1.0,4.0,5.0,2.0,9.0,20.0,15.0,8.0,S Martin
13/04/2024,Southampton,Watford,3.0,2.0,H,6.0,3.0,1.0,3.0,4.0,6.0,6.0,15.0,13.0,12.0,J Smith
13/04/2024,Swansea,Rotherham,1.0,0.0,H,12.0,0.0,3.0,2.0,6.0,0.0,10.0,9.0,16.0,4.0,L Doughty
13/04/2024,West Brom,Sunderland,0.0,1.0,A,1.0,5.0,3.0,3.0,3.0,3.0,15.0,12.0,8.0,9.0,M Donohue
16/04/2024,Southampton,Preston,3.0,0.0,H,5.0,0.0,0.0,2.0,6.0,1.0,7.0,12.0,23.0,1.0,S Barrott
20/04/2024,Cardiff,Southampton,2.0,1.0,H,4.0,5.0,1.0,3.0,7.0,8.0,12.0,8.0,12.0,21.0,O Langford
20/04/2024,Huddersfield,Swansea,0.0,4.0,A,4.0,7.0,2.0,1.0,0.0,7.0,15.0,10.0,9.0,19.0,J Busby
20/04/2024,Leicester,West Brom,2.0,1.0,H,4.0,6.0,3.0,2.0,3.0,6.0,15.0,13.0,11.0,18.0,T Bramall
20/04/2024,Norwich,Bristol City,1.0,1.0,D,8.0,5.0,1.0,2.0,3.0,5.0,13.0,9.0,10.0,13.0,S Barrott
20/04/2024,QPR,Preston,1.0,0.0,H,5.0,3.0,2.0,4.0,7.0,2.0,9.0,16.0,18.0,10.0,G Ward
20/04/2024,Rotherham,Birmingham,0.0,0.0,D,7.0,6.0,4.0,2.0,4.0,2.0,16.0,11.0,11.0,6.0,K Stroud
20/04/2024,Stoke,Plymouth,3.0,0.0,H,7.0,3.0,3.0,4.0,4.0,1.0,14.0,11.0,23.0,8.0,R Madley
20/04/2024,Sunderland,Millwall,0.0,1.0,A,11.0,4.0,3.0,2.0,3.0,1.0,11.0,9.0,13.0,4.0,A Backhouse
20/04/2024,Watford,Hull,0.0,0.0,D,1.0,5.0,4.0,4.0,2.0,6.0,19.0,13.0,17.0,13.0,B Toner
21/04/2024,Blackburn,Sheffield Weds,1.0,3.0,A,6.0,2.0,3.0,3.0,3.0,5.0,9.0,12.0,8.0,11.0,J Pawson
22/04/2024,Middlesbrough,Leeds,3.0,4.0,A,11.0,4.0,3.0,1.0,5.0,5.0,14.0,11.0,13.0,8.0,T Harrington
23/04/2024,Leicester,Southampton,5.0,0.0,H,1.0,4.0,1.0,0.0,6.0,0.0,20.0,7.0,17.0,7.0,R Madley
24/04/2024,Coventry,Hull,2.0,3.0,A,4.0,8.0,2.0,4.0,3.0,8.0,7.0,13.0,7.0,14.0,L Doughty
26/04/2024,QPR,Leeds,4.0,0.0,H,7.0,8.0,1.0,2.0,5.0,5.0,9.0,14.0,11.0,15.0,D Bond
27/04/2024,Blackburn,Coventry,0.0,0.0,D,10.0,2.0,0.0,1.0,8.0,1.0,10.0,9.0,30.0,6.0,A Backhouse
27/04/2024,Bristol City,Rotherham,2.0,0.0,H,4.0,3.0,1.0,2.0,5.0,2.0,5.0,10.0,13.0,6.0,C Breakspear
27/04/2024,Cardiff,Middlesbrough,1.0,4.0,A,4.0,1.0,0.0,0.0,4.0,7.0,7.0,10.0,15.0,12.0,J Simpson
27/04/2024,Huddersfield,Birmingham,1.0,1.0,D,9.0,5.0,1.0,4.0,4.0,2.0,7.0,19.0,12.0,12.0,M Donohue
27/04/2024,Hull,Ipswich,3.0,3.0,D,6.0,8.0,1.0,3.0,7.0,11.0,13.0,14.0,14.0,21.0,A Kitchen
27/04/2024,Millwall,Plymouth,1.0,0.0,H,9.0,9.0,0.0,0.0,5.0,1.0,9.0,8.0,11.0,9.0,A Davies
27/04/2024,Norwich,Swansea,2.0,2.0,D,12.0,6.0,3.0,2.0,8.0,6.0,13.0,7.0,27.0,13.0,J Linington
27/04/2024,Sheffield Weds,West Brom,3.0,0.0,H,6.0,12.0,3.0,1.0,7.0,8.0,7.0,6.0,13.0,22.0,G Scott
27/04/2024,Southampton,Stoke,0.0,1.0,A,8.0,7.0,2.0,1.0,3.0,8.0,4.0,14.0,14.0,15.0,D Webb
27/04/2024,Watford,Sunderland,1.0,0.0,H,3.0,3.0,2.0,1.0,3.0,6.0,11.0,9.0,10.0,11.0,O Langford
29/04/2024,Preston,Leicester,0.0,3.0,A,1.0,5.0,4.0,0.0,1.0,11.0,9.0,7.0,5.0,19.0,S Allison
30/04/2024,Coventry,Ipswich,1.0,2.0,A,7.0,6.0,1.0,1.0,3.0,9.0,10.0,13.0,13.0,14.0,J Bell
04/05/2024,Birmingham,Norwich,1.0,0.0,H,6.0,3.0,2.0,0.0,3.0,2.0,10.0,8.0,12.0,5.0,O Langford
04/05/2024,Coventry,QPR,1.0,2.0,A,10.0,5.0,2.0,3.0,6.0,4.0,13.0,11.0,19.0,7.0,J Smith
04/05/2024,Ipswich,Huddersfield,2.0,0.0,H,8.0,0.0,1.0,1.0,5.0,2.0,9.0,12.0,24.0,5.0,S Hooper
04/05/2024,Leeds,Southampton,1.0,2.0,A,5.0,2.0,4.0,2.0,4.0,4.0,18.0,17.0,11.0,11.0,M Donohue
04/05/2024,Leicester,Blackburn,0.0,2.0,A,7.0,4.0,2.0,2.0,7.0,2.0,5.0,7.0,14.0,9.0,A Kitchen
04/05/2024,Middlesbrough,Watford,3.0,1.0,H,3.0,3.0,1.0,1.0,6.0,4.0,9.0,5.0,14.0,14.0,K Stroud
04/05/2024,Plymouth,Hull,1.0,0.0,H,6.0,8.0,0.0,0.0,2.0,4.0,6.0,8.0,11.0,11.0,D Bond
04/05/2024,Rotherham,Cardiff,5.0,2.0,H,4.0,6.0,1.0,0.0,7.0,5.0,9.0,6.0,16.0,20.0,A Davies
04/05/2024,Stoke,Bristol City,4.0,0.0,H,5.0,6.0,0.0,0.0,7.0,2.0,11.0,5.0,20.0,7.0,S Barrott
04/05/2024,Sunderland,Sheffield Weds,0.0,2.0,A,6.0,5.0,1.0,1.0,3.0,2.0,4.0,19.0,18.0,12.0,G Ward
04/05/2024,Swansea,Millwall,0.0,1.0,A,4.0,5.0,0.0,2.0,2.0,4.0,3.0,9.0,9.0,12.0,G Eltringham
04/05/2024,West Brom,Preston,3.0,0.0,H,5.0,1.0,0.0,1.0,5.0,1.0,8.0,15.0,16.0,5.0,S Martin
09/08/2024,Blackburn,Derby,4.0,2.0,H,1.0,9.0,1.0,3.0,7.0,4.0,9.0,10.0,11.0,12.0,J Smith
09/08/2024,Preston,Sheffield United,0.0,2.0,A,3.0,6.0,1.0,0.0,2.0,3.0,11.0,14.0,12.0,11.0,R Madley
10/08/2024,Cardiff,Sunderland,0.0,2.0,A,4.0,4.0,0.0,2.0,4.0,4.0,10.0,8.0,12.0,11.0,A Davies
10/08/2024,Hull,Bristol City,1.0,1.0,D,2.0,8.0,0.0,2.0,5.0,3.0,10.0,13.0,11.0,15.0,K Stroud
10/08/2024,Leeds,Portsmouth,3.0,3.0,D,12.0,0.0,2.0,4.0,10.0,4.0,19.0,21.0,22.0,5.0,O Langford
10/08/2024,Middlesbrough,Swansea,1.0,0.0,H,6.0,9.0,1.0,4.0,4.0,0.0,14.0,12.0,18.0,5.0,S Allison
10/08/2024,Millwall,Watford,2.0,3.0,A,5.0,5.0,2.0,3.0,4.0,5.0,11.0,15.0,16.0,10.0,J Busby
10/08/2024,Oxford,Norwich,2.0,0.0,H,5.0,5.0,1.0,3.0,4.0,2.0,4.0,14.0,12.0,10.0,A Kitchen
10/08/2024,QPR,West Brom,1.0,3.0,A,12.0,3.0,1.0,0.0,6.0,4.0,7.0,7.0,11.0,7.0,D Webb
10/08/2024,Stoke,Coventry,1.0,0.0,H,9.0,7.0,2.0,1.0,2.0,1.0,7.0,9.0,11.0,8.0,G Ward
11/08/2024,Sheffield Weds,Plymouth,4.0,0.0,H,15.0,1.0,1.0,1.0,11.0,1.0,15.0,14.0,31.0,5.0,L Smith
12/08/2024,Luton,Burnley,1.0,4.0,A,5.0,4.0,2.0,3.0,3.0,6.0,11.0,17.0,10.0,11.0,M Donohue
16/08/2024,Coventry,Oxford,3.0,2.0,H,14.0,1.0,0.0,2.0,10.0,2.0,9.0,7.0,26.0,7.0,D Coote
17/08/2024,Bristol City,Millwall,4.0,3.0,H,5.0,4.0,1.0,2.0,6.0,4.0,11.0,12.0,11.0,15.0,S Gill
17/08/2024,Burnley,Cardiff,5.0,0.0,H,2.0,5.0,2.0,1.0,4.0,4.0,19.0,6.0,9.0,11.0,M Salisbury
17/08/2024,Derby,Middlesbrough,1.0,0.0,H,3.0,8.0,3.0,1.0,2.0,4.0,13.0,5.0,3.0,20.0,R Madley
17/08/2024,Norwich,Blackburn,2.0,2.0,D,6.0,5.0,2.0,3.0,4.0,3.0,12.0,12.0,14.0,7.0,J Bell
17/08/2024,Plymouth,Hull,1.0,1.0,D,6.0,3.0,3.0,1.0,7.0,2.0,13.0,16.0,16.0,14.0,L Doughty
17/08/2024,Portsmouth,Luton,0.0,0.0,D,5.0,4.0,3.0,2.0,6.0,4.0,11.0,12.0,15.0,9.0,J Busby
17/08/2024,Sheffield United,QPR,2.0,2.0,D,4.0,9.0,2.0,2.0,3.0,3.0,15.0,9.0,14.0,14.0,A Backhouse
17/08/2024,Swansea,Preston,3.0,0.0,H,5.0,3.0,1.0,3.0,6.0,2.0,11.0,21.0,12.0,5.0,S Martin
17/08/2024,Watford,Stoke,3.0,0.0,H,2.0,4.0,2.0,2.0,8.0,3.0,12.0,15.0,24.0,7.0,T Nield
17/08/2024,West Brom,Leeds,0.0,0.0,D,5.0,4.0,2.0,2.0,1.0,1.0,14.0,11.0,8.0,8.0,S Allison
18/08/2024,Sunderland,Sheffield Weds,4.0,0.0,H,5.0,8.0,0.0,3.0,6.0,3.0,9.0,10.0,15.0,9.0,D Whitestone
23/08/2024,Sheffield Weds,Leeds,0.0,2.0,A,3.0,2.0,2.0,3.0,2.0,5.0,14.0,10.0,8.0,13.0,S Hooper
24/08/2024,Blackburn,Oxford,2.0,1.0,H,7.0,5.0,2.0,1.0,4.0,3.0,14.0,8.0,18.0,13.0,L Smith
24/08/2024,Bristol City,Coventry,1.0,1.0,D,8.0,2.0,2.0,4.0,7.0,1.0,8.0,16.0,12.0,8.0,A Kitchen
24/08/2024,Hull,Millwall,0.0,0.0,D,5.0,7.0,2.0,2.0,4.0,5.0,11.0,15.0,14.0,13.0,D Webb
24/08/2024,Middlesbrough,Portsmouth,2.0,2.0,D,15.0,2.0,0.0,5.0,7.0,3.0,10.0,15.0,29.0,7.0,M Donohue
24/08/2024,Norwich,Sheffield United,1.0,1.0,D,1.0,5.0,5.0,2.0,5.0,4.0,14.0,7.0,7.0,12.0,J Smith
24/08/2024,Preston,Luton,1.0,0.0,H,2.0,13.0,6.0,1.0,2.0,4.0,16.0,10.0,6.0,17.0,D Whitestone
24/08/2024,QPR,Plymouth,1.0,1.0,D,11.0,1.0,2.0,3.0,10.0,1.0,10.0,14.0,30.0,6.0,G Ward
24/08/2024,Stoke,West Brom,1.0,2.0,A,2.0,5.0,2.0,3.0,2.0,5.0,12.0,11.0,7.0,8.0,J Bell
24/08/2024,Sunderland,Burnley,1.0,0.0,H,3.0,1.0,2.0,3.0,3.0,1.0,13.0,19.0,14.0,4.0,S Martin
24/08/2024,Watford,Derby,2.0,1.0,H,4.0,2.0,2.0,3.0,3.0,3.0,10.0,11.0,12.0,8.0,G Eltringham
25/08/2024,Swansea,Cardiff,1.0,1.0,D,2.0,5.0,2.0,2.0,4.0,3.0,14.0,14.0,9.0,7.0,O Langford
30/08/2024,Luton,QPR,1.0,2.0,A,4.0,5.0,3.0,2.0,5.0,4.0,13.0,10.0,11.0,11.0,R Madley
31/08/2024,Burnley,Blackburn,1.0,1.0,D,9.0,0.0,4.0,5.0,3.0,3.0,15.0,19.0,15.0,10.0,T Harrington
31/08/2024,Cardiff,Middlesbrough,0.0,2.0,A,4.0,6.0,2.0,1.0,3.0,5.0,13.0,10.0,12.0,10.0,D Webb
31/08/2024,Coventry,Norwich,0.0,1.0,A,6.0,3.0,4.0,3.0,5.0,1.0,11.0,10.0,14.0,9.0,A Davies
31/08/2024,Derby,Bristol City,3.0,0.0,H,6.0,9.0,1.0,0.0,7.0,5.0,15.0,11.0,19.0,13.0,T Nield
31/08/2024,Leeds,Hull,2.0,0.0,H,8.0,7.0,2.0,1.0,5.0,2.0,12.0,15.0,16.0,9.0,G Ward
31/08/2024,Millwall,Sheffield Weds,3.0,0.0,H,6.0,6.0,2.0,1.0,4.0,1.0,16.0,13.0,18.0,4.0,L Doughty
31/08/2024,Oxford,Preston,3.0,1.0,H,2.0,5.0,2.0,2.0,5.0,4.0,8.0,21.0,10.0,10.0,K Stroud
31/08/2024,Plymouth,Stoke,0.0,1.0,A,10.0,4.0,1.0,3.0,7.0,7.0,14.0,17.0,15.0,15.0,O Langford
31/08/2024,Portsmouth,Sunderland,1.0,3.0,A,5.0,5.0,3.0,1.0,2.0,4.0,14.0,14.0,6.0,11.0,S Allison
31/08/2024,West Brom,Swansea,1.0,0.0,H,6.0,7.0,4.0,1.0,5.0,2.0,8.0,11.0,18.0,6.0,A Backhouse
01/09/2024,Sheffield United,Watford,1.0,0.0,H,8.0,5.0,5.0,3.0,7.0,1.0,15.0,12.0,18.0,7.0,A Kitchen
13/09/2024,Hull,Sheffield United,0.0,2.0,A,16.0,3.0,1.0,4.0,2.0,4.0,6.0,10.0,10.0,9.0,P Bankes
14/09/2024,Blackburn,Bristol City,3.0,0.0,H,6.0,6.0,0.0,4.0,3.0,2.0,13.0,15.0,9.0,8.0,S Martin
14/09/2024,Derby,Cardiff,1.0,0.0,H,7.0,6.0,2.0,3.0,3.0,3.0,12.0,10.0,12.0,9.0,M Donohue
14/09/2024,Leeds,Burnley,0.0,1.0,A,9.0,3.0,3.0,4.0,4.0,3.0,8.0,13.0,17.0,7.0,J Bell
14/09/2024,Middlesbrough,Preston,1.0,1.0,D,9.0,2.0,0.0,5.0,6.0,2.0,6.0,21.0,16.0,6.0,T Nield
14/09/2024,Millwall,Luton,0.0,1.0,A,6.0,4.0,2.0,3.0,3.0,6.0,8.0,20.0,11.0,10.0,J Smith
14/09/2024,Oxford,Stoke,1.0,0.0,H,4.0,6.0,0.0,1.0,8.0,1.0,5.0,6.0,14.0,9.0,D Whitestone
14/09/2024,Plymouth,Sunderland,3.0,2.0,H,3.0,5.0,4.0,4.0,6.0,7.0,14.0,12.0,13.0,17.0,J Brooks
14/09/2024,Sheffield Weds,QPR,1.0,1.0,D,11.0,4.0,0.0,3.0,2.0,4.0,6.0,7.0,13.0,13.0,O Langford
14/09/2024,Swansea,Norwich,1.0,0.0,H,4.0,5.0,2.0,3.0,4.0,3.0,14.0,14.0,9.0,13.0,J Busby
14/09/2024,Watford,Coventry,1.0,1.0,D,6.0,10.0,2.0,2.0,6.0,5.0,9.0,10.0,18.0,17.0,R Madley
15/09/2024,Portsmouth,West Brom,0.0,3.0,A,10.0,4.0,5.0,2.0,0.0,7.0,18.0,6.0,14.0,19.0,L Doughty
20/09/2024,Stoke,Hull,1.0,3.0,A,2.0,5.0,3.0,2.0,2.0,3.0,12.0,10.0,14.0,13.0,B Toner
21/09/2024,Bristol City,Oxford,2.0,1.0,H,5.0,1.0,1.0,4.0,6.0,2.0,16.0,14.0,19.0,7.0,W Finnie
21/09/2024,Burnley,Portsmouth,2.0,1.0,H,4.0,2.0,2.0,2.0,4.0,2.0,15.0,4.0,18.0,5.0,D Webb
21/09/2024,Cardiff,Leeds,0.0,2.0,A,0.0,4.0,2.0,2.0,2.0,7.0,10.0,14.0,3.0,15.0,J Smith
21/09/2024,Coventry,Swansea,1.0,2.0,A,6.0,3.0,2.0,3.0,7.0,4.0,12.0,5.0,20.0,11.0,J Linington
21/09/2024,Luton,Sheffield Weds,2.0,1.0,H,8.0,5.0,1.0,1.0,3.0,6.0,9.0,14.0,15.0,12.0,G Ward
21/09/2024,Norwich,Watford,4.0,1.0,H,3.0,5.0,2.0,1.0,8.0,3.0,6.0,8.0,19.0,11.0,A Backhouse
21/09/2024,QPR,Millwall,1.0,1.0,D,5.0,10.0,2.0,1.0,2.0,5.0,9.0,12.0,7.0,16.0,J Busby
21/09/2024,Sheffield United,Derby,1.0,0.0,H,11.0,2.0,3.0,2.0,5.0,0.0,11.0,13.0,18.0,3.0,A Madley
21/09/2024,Sunderland,Middlesbrough,1.0,0.0,H,3.0,5.0,3.0,2.0,2.0,1.0,8.0,15.0,9.0,11.0,S Hooper
21/09/2024,West Brom,Plymouth,1.0,0.0,H,5.0,2.0,3.0,2.0,4.0,4.0,9.0,9.0,17.0,17.0,A Kitchen
22/09/2024,Preston,Blackburn,0.0,0.0,D,4.0,4.0,4.0,4.0,5.0,3.0,10.0,16.0,7.0,6.0,M Donohue
27/09/2024,Plymouth,Luton,3.0,1.0,H,3.0,15.0,1.0,4.0,6.0,2.0,4.0,13.0,19.0,16.0,J Busby
28/09/2024,Blackburn,QPR,2.0,0.0,H,8.0,2.0,3.0,2.0,12.0,1.0,16.0,11.0,19.0,6.0,C Pawson
28/09/2024,Derby,Norwich,2.0,3.0,A,9.0,5.0,3.0,2.0,5.0,5.0,13.0,7.0,16.0,10.0,O Langford
28/09/2024,Hull,Cardiff,4.0,1.0,H,7.0,5.0,3.0,4.0,9.0,5.0,9.0,12.0,18.0,16.0,L Doughty
28/09/2024,Leeds,Coventry,3.0,0.0,H,7.0,3.0,1.0,1.0,8.0,2.0,16.0,15.0,13.0,7.0,G Ward
28/09/2024,Middlesbrough,Stoke,2.0,0.0,H,7.0,2.0,4.0,7.0,9.0,1.0,10.0,17.0,26.0,7.0,S Martin
28/09/2024,Millwall,Preston,3.0,1.0,H,3.0,8.0,2.0,2.0,6.0,4.0,16.0,10.0,14.0,11.0,D Bond
28/09/2024,Oxford,Burnley,0.0,0.0,D,2.0,6.0,1.0,2.0,1.0,1.0,8.0,13.0,3.0,14.0,J Linington
28/09/2024,Portsmouth,Sheffield United,0.0,0.0,D,15.0,9.0,2.0,2.0,2.0,4.0,12.0,19.0,9.0,12.0,M Donohue
28/09/2024,Sheffield Weds,West Brom,3.0,2.0,H,5.0,4.0,5.0,3.0,5.0,3.0,11.0,14.0,12.0,12.0,B Toner
28/09/2024,Watford,Sunderland,2.0,1.0,H,4.0,6.0,2.0,1.0,5.0,5.0,11.0,11.0,13.0,17.0,A Davies
29/09/2024,Swansea,Bristol City,1.0,1.0,D,3.0,8.0,1.0,3.0,2.0,6.0,10.0,15.0,7.0,15.0,A Kitchen
01/10/2024,Burnley,Plymouth,1.0,0.0,H,7.0,1.0,1.0,0.0,3.0,0.0,14.0,8.0,11.0,7.0,R Madley
01/10/2024,Cardiff,Millwall,1.0,0.0,H,5.0,6.0,1.0,3.0,5.0,5.0,14.0,12.0,10.0,11.0,G Ward
01/10/2024,Coventry,Blackburn,3.0,0.0,H,5.0,1.0,1.0,3.0,8.0,3.0,12.0,12.0,18.0,10.0,J Busby
01/10/2024,Luton,Oxford,2.0,2.0,D,5.0,6.0,3.0,3.0,4.0,8.0,13.0,12.0,12.0,19.0,J Bell
01/10/2024,Norwich,Leeds,1.0,1.0,D,9.0,6.0,2.0,4.0,1.0,3.0,12.0,18.0,7.0,14.0,S Martin
01/10/2024,QPR,Hull,1.0,3.0,A,5.0,6.0,1.0,3.0,7.0,6.0,12.0,11.0,21.0,15.0,T Kirk
01/10/2024,Sunderland,Derby,2.0,0.0,H,1.0,8.0,2.0,2.0,3.0,5.0,7.0,19.0,9.0,13.0,D Whitestone
01/10/2024,West Brom,Middlesbrough,0.0,1.0,A,5.0,4.0,2.0,1.0,1.0,4.0,7.0,6.0,11.0,15.0,D Webb
02/10/2024,Bristol City,Sheffield Weds,0.0,0.0,D,6.0,5.0,2.0,1.0,2.0,1.0,10.0,12.0,10.0,8.0,A Backhouse
02/10/2024,Preston,Watford,3.0,0.0,H,7.0,5.0,2.0,0.0,6.0,6.0,12.0,12.0,15.0,10.0,A Kitchen
02/10/2024,Sheffield United,Swansea,1.0,0.0,H,5.0,5.0,3.0,2.0,3.0,1.0,13.0,9.0,15.0,7.0,L Doughty
02/10/2024,Stoke,Portsmouth,6.0,1.0,H,3.0,5.0,2.0,1.0,8.0,2.0,9.0,13.0,20.0,9.0,T Nield
04/10/2024,Sunderland,Leeds,2.0,2.0,D,8.0,1.0,3.0,3.0,4.0,4.0,11.0,16.0,14.0,15.0,T Robinson
05/10/2024,Burnley,Preston,0.0,0.0,D,2.0,3.0,3.0,4.0,1.0,2.0,10.0,12.0,9.0,9.0,G Ward
05/10/2024,Coventry,Sheffield Weds,1.0,2.0,A,6.0,6.0,4.0,3.0,2.0,5.0,12.0,17.0,13.0,13.0,D Whitestone
05/10/2024,Derby,QPR,2.0,0.0,H,6.0,9.0,1.0,1.0,5.0,3.0,12.0,10.0,10.0,11.0,D Webb
05/10/2024,Norwich,Hull,4.0,0.0,H,4.0,7.0,3.0,4.0,9.0,5.0,11.0,14.0,19.0,16.0,T Nield
05/10/2024,Plymouth,Blackburn,2.0,1.0,H,5.0,5.0,4.0,3.0,7.0,4.0,8.0,16.0,17.0,7.0,J Linington
05/10/2024,Portsmouth,Oxford,1.0,1.0,D,11.0,4.0,0.0,1.0,8.0,3.0,11.0,10.0,21.0,13.0,L Smith
05/10/2024,Sheffield United,Luton,2.0,0.0,H,5.0,6.0,2.0,1.0,7.0,2.0,10.0,8.0,15.0,8.0,J Brooks
05/10/2024,Swansea,Stoke,0.0,0.0,D,5.0,9.0,0.0,4.0,5.0,4.0,8.0,14.0,19.0,10.0,A Davies
05/10/2024,Watford,Middlesbrough,2.0,1.0,H,7.0,5.0,3.0,1.0,4.0,5.0,15.0,11.0,9.0,11.0,M Donohue
05/10/2024,West Brom,Millwall,0.0,0.0,D,5.0,2.0,2.0,3.0,3.0,4.0,8.0,15.0,13.0,6.0,W Finnie
06/10/2024,Bristol City,Cardiff,1.0,1.0,D,4.0,6.0,2.0,1.0,2.0,2.0,8.0,12.0,16.0,15.0,R Madley
18/10/2024,Leeds,Sheffield United,2.0,0.0,H,7.0,3.0,1.0,2.0,4.0,0.0,10.0,10.0,13.0,5.0,L Smith
19/10/2024,Blackburn,Swansea,1.0,0.0,H,3.0,8.0,1.0,2.0,3.0,2.0,15.0,5.0,8.0,14.0,D Webb
19/10/2024,Cardiff,Plymouth,5.0,0.0,H,9.0,1.0,3.0,1.0,11.0,2.0,15.0,10.0,25.0,6.0,A Kitchen
19/10/2024,Luton,Watford,3.0,0.0,H,11.0,4.0,3.0,2.0,5.0,1.0,22.0,20.0,13.0,9.0,S Martin
19/10/2024,Middlesbrough,Bristol City,0.0,2.0,A,7.0,0.0,5.0,3.0,2.0,3.0,13.0,10.0,20.0,9.0,S Allison
19/10/2024,Millwall,Derby,1.0,1.0,D,9.0,5.0,2.0,0.0,6.0,1.0,12.0,14.0,16.0,5.0,S Attwell
19/10/2024,Oxford,West Brom,1.0,1.0,D,5.0,8.0,3.0,1.0,3.0,3.0,16.0,10.0,12.0,14.0,L Doughty
19/10/2024,Preston,Coventry,1.0,0.0,H,9.0,9.0,4.0,0.0,3.0,1.0,12.0,12.0,18.0,12.0,J Smith
19/10/2024,QPR,Portsmouth,1.0,2.0,A,3.0,5.0,1.0,3.0,8.0,3.0,11.0,11.0,15.0,11.0,J Linington
19/10/2024,Sheffield Weds,Burnley,0.0,2.0,A,10.0,3.0,1.0,2.0,3.0,6.0,10.0,11.0,13.0,14.0,M Salisbury
19/10/2024,Stoke,Norwich,1.0,1.0,D,8.0,7.0,0.0,1.0,5.0,4.0,7.0,9.0,14.0,12.0,A Backhouse
20/10/2024,Hull,Sunderland,0.0,1.0,A,4.0,4.0,1.0,1.0,0.0,2.0,12.0,8.0,8.0,10.0,R Madley
22/10/2024,Cardiff,Portsmouth,2.0,0.0,H,12.0,5.0,2.0,2.0,10.0,2.0,9.0,13.0,24.0,8.0,O Langford
22/10/2024,Leeds,Watford,2.0,1.0,H,10.0,4.0,2.0,1.0,7.0,3.0,7.0,11.0,24.0,9.0,A Backhouse
22/10/2024,Oxford,Derby,1.0,1.0,D,1.0,6.0,1.0,5.0,3.0,4.0,8.0,8.0,11.0,17.0,G Ward
22/10/2024,Preston,Norwich,2.0,2.0,D,5.0,2.0,2.0,3.0,2.0,3.0,12.0,15.0,8.0,9.0,W Finnie
22/10/2024,QPR,Coventry,1.0,1.0,D,7.0,3.0,2.0,1.0,5.0,3.0,7.0,13.0,16.0,8.0,J Bell
22/10/2024,Sheffield Weds,Swansea,0.0,0.0,D,9.0,6.0,0.0,4.0,0.0,1.0,8.0,5.0,8.0,9.0,M Donohue
22/10/2024,Stoke,Bristol City,2.0,2.0,D,6.0,13.0,3.0,1.0,6.0,10.0,10.0,5.0,10.0,28.0,D Webb
23/10/2024,Blackburn,West Brom,0.0,0.0,D,4.0,4.0,2.0,0.0,2.0,4.0,10.0,7.0,8.0,9.0,J Busby
23/10/2024,Hull,Burnley,1.0,1.0,D,4.0,8.0,0.0,1.0,2.0,5.0,4.0,15.0,11.0,11.0,D Whitestone
23/10/2024,Luton,Sunderland,1.0,2.0,A,10.0,3.0,2.0,4.0,4.0,5.0,14.0,12.0,19.0,9.0,T Nield
23/10/2024,Middlesbrough,Sheffield United,1.0,0.0,H,8.0,6.0,0.0,1.0,6.0,5.0,7.0,4.0,18.0,9.0,A Davies
23/10/2024,Millwall,Plymouth,1.0,0.0,H,6.0,2.0,5.0,1.0,6.0,2.0,12.0,11.0,13.0,9.0,S Allison
25/10/2024,Portsmouth,Sheffield Weds,1.0,2.0,A,7.0,7.0,1.0,3.0,2.0,3.0,10.0,14.0,9.0,9.0,T Robinson
26/10/2024,Bristol City,Leeds,0.0,0.0,D,7.0,6.0,1.0,3.0,0.0,5.0,11.0,10.0,4.0,17.0,J Linington
26/10/2024,Burnley,QPR,0.0,0.0,D,16.0,1.0,0.0,1.0,4.0,0.0,7.0,10.0,22.0,2.0,A Kitchen
26/10/2024,Coventry,Luton,3.0,2.0,H,11.0,5.0,2.0,3.0,10.0,5.0,9.0,16.0,26.0,9.0,R Madley
26/10/2024,Derby,Hull,1.0,1.0,D,5.0,3.0,1.0,4.0,3.0,5.0,10.0,11.0,14.0,11.0,T Nield
26/10/2024,Plymouth,Preston,3.0,3.0,D,2.0,1.0,0.0,3.0,6.0,8.0,12.0,16.0,12.0,16.0,A Davies
26/10/2024,Sheffield United,Stoke,2.0,0.0,H,5.0,3.0,4.0,2.0,6.0,3.0,12.0,14.0,19.0,7.0,B Toner
26/10/2024,Sunderland,Oxford,2.0,0.0,H,8.0,2.0,2.0,2.0,6.0,2.0,9.0,8.0,13.0,5.0,O Langford
26/10/2024,Swansea,Millwall,0.0,1.0,A,10.0,6.0,1.0,4.0,5.0,2.0,13.0,14.0,17.0,6.0,J Busby
26/10/2024,Watford,Blackburn,1.0,0.0,H,6.0,3.0,5.0,4.0,1.0,2.0,9.0,17.0,10.0,12.0,D England
26/10/2024,West Brom,Cardiff,0.0,0.0,D,12.0,1.0,4.0,3.0,4.0,0.0,9.0,18.0,19.0,5.0,J Smith
27/10/2024,Norwich,Middlesbrough,3.0,3.0,D,3.0,2.0,2.0,3.0,3.0,8.0,15.0,7.0,9.0,14.0,J Bell
01/11/2024,Luton,West Brom,1.0,1.0,D,6.0,3.0,1.0,2.0,5.0,3.0,10.0,13.0,13.0,10.0,D Whitestone
02/11/2024,Blackburn,Sheffield United,0.0,2.0,A,5.0,8.0,1.0,2.0,0.0,9.0,11.0,14.0,9.0,20.0,O Langford
02/11/2024,Cardiff,Norwich,2.0,1.0,H,4.0,4.0,3.0,2.0,5.0,6.0,11.0,15.0,11.0,16.0,L Smith
02/11/2024,Hull,Portsmouth,1.0,1.0,D,5.0,3.0,1.0,4.0,3.0,5.0,12.0,7.0,10.0,9.0,A Backhouse
02/11/2024,Leeds,Plymouth,3.0,0.0,H,9.0,0.0,0.0,0.0,7.0,0.0,11.0,15.0,23.0,0.0,D Webb
02/11/2024,Middlesbrough,Coventry,0.0,3.0,A,6.0,8.0,1.0,3.0,1.0,4.0,4.0,12.0,9.0,10.0,T Bramall
02/11/2024,Oxford,Swansea,1.0,2.0,A,1.0,8.0,1.0,1.0,2.0,5.0,15.0,8.0,9.0,16.0,M Salisbury
02/11/2024,Preston,Bristol City,1.0,3.0,A,4.0,1.0,4.0,3.0,2.0,3.0,11.0,20.0,14.0,5.0,G Eltringham
02/11/2024,QPR,Sunderland,0.0,0.0,D,6.0,6.0,1.0,2.0,3.0,1.0,12.0,10.0,17.0,8.0,B Toner
02/11/2024,Sheffield Weds,Watford,2.0,6.0,A,6.0,2.0,3.0,3.0,6.0,8.0,14.0,16.0,14.0,16.0,S Allison
02/11/2024,Stoke,Derby,2.0,1.0,H,9.0,4.0,2.0,3.0,4.0,3.0,10.0,14.0,13.0,9.0,J Smith
03/11/2024,Millwall,Burnley,1.0,0.0,H,2.0,3.0,2.0,2.0,3.0,0.0,17.0,12.0,12.0,8.0,G Ward
05/11/2024,Bristol City,Sheffield United,1.0,2.0,A,2.0,5.0,0.0,2.0,2.0,4.0,8.0,12.0,12.0,11.0,J Busby
05/11/2024,Oxford,Hull,1.0,0.0,H,2.0,6.0,2.0,1.0,2.0,2.0,8.0,10.0,4.0,12.0,W Finnie
05/11/2024,Plymouth,Portsmouth,1.0,0.0,H,5.0,6.0,4.0,2.0,4.0,4.0,8.0,21.0,10.0,14.0,J Bell
05/11/2024,QPR,Middlesbrough,1.0,4.0,A,8.0,5.0,0.0,2.0,5.0,8.0,8.0,11.0,7.0,12.0,O Langford
05/11/2024,Sheffield Weds,Norwich,2.0,0.0,H,2.0,5.0,0.0,0.0,5.0,3.0,6.0,16.0,12.0,5.0,S Martin
05/11/2024,Swansea,Watford,1.0,0.0,H,6.0,8.0,3.0,2.0,3.0,0.0,9.0,10.0,12.0,7.0,J Smith
06/11/2024,Blackburn,Stoke,0.0,2.0,A,9.0,4.0,1.0,2.0,8.0,7.0,8.0,8.0,25.0,15.0,A Davies
06/11/2024,Coventry,Derby,1.0,2.0,A,9.0,6.0,0.0,2.0,3.0,1.0,5.0,11.0,11.0,3.0,J Linington
06/11/2024,Luton,Cardiff,1.0,0.0,H,6.0,6.0,2.0,1.0,3.0,3.0,12.0,13.0,8.0,10.0,M Donohue
06/11/2024,Millwall,Leeds,1.0,0.0,H,2.0,12.0,2.0,1.0,3.0,4.0,11.0,14.0,6.0,14.0,L Doughty
06/11/2024,Preston,Sunderland,0.0,0.0,D,4.0,4.0,2.0,1.0,2.0,2.0,20.0,11.0,14.0,10.0,L Smith
07/11/2024,West Brom,Burnley,0.0,0.0,D,2.0,8.0,3.0,3.0,1.0,4.0,6.0,20.0,11.0,12.0,T Nield
08/11/2024,Watford,Oxford,1.0,0.0,H,11.0,4.0,5.0,2.0,8.0,3.0,12.0,8.0,16.0,10.0,A Backhouse
09/11/2024,Cardiff,Blackburn,1.0,3.0,A,12.0,1.0,0.0,3.0,8.0,7.0,11.0,6.0,20.0,10.0,G Ward
09/11/2024,Derby,Plymouth,1.0,1.0,D,8.0,3.0,1.0,4.0,4.0,2.0,7.0,11.0,20.0,5.0,S Hooper
09/11/2024,Leeds,QPR,2.0,0.0,H,7.0,1.0,1.0,2.0,6.0,0.0,12.0,13.0,21.0,5.0,M Donohue
09/11/2024,Middlesbrough,Luton,5.0,1.0,H,1.0,1.0,1.0,4.0,6.0,3.0,6.0,15.0,11.0,5.0,T Harrington
09/11/2024,Norwich,Bristol City,0.0,2.0,A,3.0,3.0,2.0,0.0,3.0,2.0,16.0,8.0,9.0,9.0,F Hallam
09/11/2024,Portsmouth,Preston,3.0,1.0,H,11.0,5.0,1.0,0.0,6.0,1.0,12.0,13.0,18.0,6.0,J Busby
09/11/2024,Stoke,Millwall,1.0,1.0,D,9.0,2.0,2.0,2.0,3.0,1.0,13.0,8.0,8.0,7.0,J Bell
09/11/2024,Sunderland,Coventry,2.0,2.0,D,2.0,7.0,3.0,4.0,5.0,3.0,10.0,16.0,9.0,8.0,L Doughty
10/11/2024,Burnley,Swansea,1.0,0.0,H,5.0,1.0,1.0,3.0,7.0,4.0,13.0,12.0,2.0,9.0,D Webb
10/11/2024,Hull,West Brom,1.0,2.0,A,4.0,3.0,1.0,2.0,3.0,3.0,16.0,10.0,13.0,5.0,A Kitchen
10/11/2024,Sheffield United,Sheffield Weds,1.0,0.0,H,5.0,6.0,1.0,3.0,1.0,0.0,15.0,22.0,8.0,10.0,L Smith
22/11/2024,Plymouth,Watford,2.0,2.0,D,2.0,8.0,2.0,1.0,3.0,5.0,5.0,13.0,10.0,12.0,A Davies
23/11/2024,Bristol City,Burnley,0.0,1.0,A,8.0,3.0,3.0,4.0,2.0,5.0,9.0,15.0,7.0,14.0,R Madley
23/11/2024,Coventry,Sheffield United,2.0,2.0,D,12.0,2.0,4.0,2.0,6.0,2.0,13.0,6.0,20.0,7.0,D Bond
23/11/2024,Luton,Hull,1.0,0.0,H,10.0,4.0,2.0,1.0,2.0,2.0,10.0,10.0,7.0,14.0,T Bramall
23/11/2024,Millwall,Sunderland,1.0,1.0,D,10.0,2.0,1.0,2.0,5.0,6.0,14.0,16.0,11.0,9.0,J Busby
23/11/2024,Oxford,Middlesbrough,2.0,6.0,A,6.0,9.0,1.0,3.0,7.0,12.0,9.0,8.0,11.0,16.0,J Smith
23/11/2024,Preston,Derby,1.0,1.0,D,7.0,3.0,2.0,2.0,3.0,1.0,8.0,12.0,11.0,5.0,D Webb
23/11/2024,QPR,Stoke,1.0,1.0,D,10.0,4.0,3.0,2.0,5.0,5.0,9.0,10.0,23.0,9.0,G Ward
23/11/2024,Sheffield Weds,Cardiff,1.0,1.0,D,6.0,2.0,0.0,1.0,3.0,4.0,8.0,13.0,16.0,9.0,A Kitchen
23/11/2024,West Brom,Norwich,2.0,2.0,D,11.0,2.0,1.0,2.0,6.0,5.0,4.0,12.0,22.0,11.0,L Smith
24/11/2024,Swansea,Leeds,3.0,4.0,A,1.0,2.0,1.0,2.0,5.0,4.0,11.0,11.0,10.0,13.0,D Whitestone
26/11/2024,Burnley,Coventry,2.0,0.0,H,6.0,2.0,0.0,1.0,3.0,1.0,10.0,7.0,12.0,3.0,A Backhouse
26/11/2024,Hull,Sheffield Weds,0.0,2.0,A,4.0,6.0,1.0,2.0,3.0,4.0,12.0,9.0,9.0,16.0,O Langford
26/11/2024,Norwich,Plymouth,6.0,1.0,H,8.0,4.0,0.0,1.0,10.0,4.0,11.0,5.0,19.0,13.0,S Gill
26/11/2024,Sheffield United,Oxford,3.0,0.0,H,7.0,7.0,1.0,1.0,8.0,3.0,8.0,7.0,14.0,9.0,L Doughty
26/11/2024,Stoke,Preston,0.0,0.0,D,8.0,10.0,1.0,1.0,1.0,3.0,7.0,10.0,12.0,8.0,M Donohue
26/11/2024,Sunderland,West Brom,0.0,0.0,D,13.0,2.0,0.0,0.0,2.0,0.0,9.0,7.0,18.0,2.0,R Madley
26/11/2024,Watford,Bristol City,1.0,0.0,H,3.0,6.0,2.0,2.0,1.0,5.0,15.0,11.0,7.0,14.0,J Linington
27/11/2024,Cardiff,QPR,0.0,2.0,A,14.0,4.0,0.0,1.0,7.0,5.0,12.0,5.0,24.0,10.0,S Martin
27/11/2024,Derby,Swansea,1.0,2.0,A,6.0,2.0,3.0,1.0,7.0,2.0,16.0,14.0,18.0,3.0,B Toner
27/11/2024,Leeds,Luton,3.0,0.0,H,9.0,1.0,1.0,2.0,11.0,4.0,9.0,12.0,20.0,7.0,S Allison
27/11/2024,Middlesbrough,Blackburn,0.0,1.0,A,5.0,3.0,1.0,0.0,2.0,2.0,7.0,7.0,10.0,7.0,J Bell
29/11/2024,Sheffield United,Sunderland,1.0,0.0,H,8.0,8.0,4.0,2.0,4.0,2.0,12.0,8.0,14.0,16.0,G Ward
30/11/2024,Blackburn,Leeds,1.0,0.0,H,3.0,9.0,2.0,2.0,2.0,5.0,9.0,12.0,11.0,13.0,L Smith
30/11/2024,Bristol City,Plymouth,4.0,0.0,H,5.0,2.0,1.0,3.0,12.0,2.0,7.0,16.0,25.0,4.0,T Robinson
30/11/2024,Coventry,Cardiff,2.0,2.0,D,5.0,1.0,1.0,5.0,6.0,4.0,10.0,15.0,11.0,10.0,J Bell
30/11/2024,Middlesbrough,Hull,3.0,1.0,H,7.0,6.0,1.0,2.0,9.0,3.0,9.0,10.0,21.0,10.0,A Martin
30/11/2024,Norwich,Luton,4.0,2.0,H,6.0,5.0,1.0,2.0,6.0,3.0,9.0,12.0,16.0,12.0,J Smith
30/11/2024,Oxford,Millwall,1.0,1.0,D,2.0,11.0,0.0,4.0,3.0,3.0,10.0,14.0,8.0,11.0,A Backhouse
30/11/2024,Preston,West Brom,1.0,1.0,D,7.0,4.0,2.0,1.0,6.0,3.0,12.0,10.0,13.0,8.0,T Bramall
30/11/2024,Stoke,Burnley,0.0,2.0,A,6.0,4.0,2.0,0.0,5.0,4.0,10.0,5.0,14.0,16.0,O Langford
30/11/2024,Swansea,Portsmouth,2.0,2.0,D,9.0,1.0,2.0,4.0,6.0,4.0,8.0,11.0,22.0,6.0,W Finnie
30/11/2024,Watford,QPR,0.0,0.0,D,7.0,5.0,2.0,3.0,6.0,1.0,17.0,14.0,17.0,16.0,A Kitchen
01/12/2024,Derby,Sheffield Weds,1.0,2.0,A,7.0,5.0,5.0,1.0,4.0,2.0,20.0,7.0,13.0,10.0,J Busby
06/12/2024,Burnley,Middlesbrough,1.0,1.0,D,11.0,3.0,1.0,0.0,4.0,5.0,12.0,10.0,15.0,10.0,A Kitchen
07/12/2024,Hull,Blackburn,0.0,1.0,A,9.0,2.0,2.0,4.0,6.0,1.0,10.0,14.0,14.0,5.0,T Kirk
07/12/2024,Leeds,Derby,2.0,0.0,H,10.0,2.0,0.0,1.0,6.0,1.0,6.0,10.0,18.0,3.0,M Donohue
07/12/2024,Luton,Swansea,1.0,1.0,D,5.0,8.0,0.0,0.0,2.0,10.0,16.0,10.0,8.0,20.0,J Bell
07/12/2024,Millwall,Coventry,0.0,1.0,A,7.0,8.0,2.0,1.0,0.0,3.0,11.0,11.0,9.0,14.0,T Bramall
07/12/2024,Portsmouth,Bristol City,3.0,0.0,H,6.0,7.0,3.0,3.0,8.0,2.0,14.0,12.0,13.0,11.0,S Gill
07/12/2024,QPR,Norwich,3.0,0.0,H,2.0,10.0,5.0,2.0,5.0,1.0,8.0,12.0,9.0,5.0,A Backhouse
07/12/2024,Sheffield Weds,Preston,1.0,1.0,D,6.0,3.0,4.0,2.0,4.0,7.0,16.0,9.0,13.0,14.0,R Madley
07/12/2024,Sunderland,Stoke,2.0,1.0,H,9.0,4.0,0.0,0.0,10.0,3.0,5.0,9.0,25.0,11.0,C Pawson
08/12/2024,West Brom,Sheffield United,2.0,2.0,D,6.0,5.0,2.0,4.0,4.0,5.0,8.0,13.0,11.0,12.0,D Webb
10/12/2024,Burnley,Derby,0.0,0.0,D,6.0,2.0,1.0,1.0,4.0,1.0,8.0,15.0,14.0,6.0,A Davies
10/12/2024,Leeds,Middlesbrough,3.0,1.0,H,7.0,4.0,1.0,2.0,5.0,2.0,11.0,17.0,17.0,6.0,B Toner
10/12/2024,Luton,Stoke,2.0,1.0,H,10.0,4.0,1.0,2.0,8.0,4.0,7.0,16.0,18.0,15.0,T Nield
10/12/2024,Plymouth,Swansea,1.0,2.0,A,6.0,3.0,0.0,3.0,2.0,2.0,10.0,20.0,14.0,10.0,S Martin
10/12/2024,Portsmouth,Norwich,0.0,0.0,D,8.0,3.0,3.0,5.0,1.0,4.0,14.0,21.0,15.0,5.0,A Kitchen
10/12/2024,Sheffield Weds,Blackburn,0.0,1.0,A,8.0,3.0,0.0,2.0,4.0,3.0,8.0,12.0,16.0,8.0,J Smith
10/12/2024,Sunderland,Bristol City,1.0,1.0,D,8.0,4.0,2.0,5.0,5.0,2.0,10.0,12.0,21.0,7.0,D Whitestone
11/12/2024,Cardiff,Preston,0.0,2.0,A,7.0,2.0,2.0,5.0,4.0,4.0,11.0,16.0,13.0,14.0,J Linington
11/12/2024,Hull,Watford,1.0,1.0,D,6.0,2.0,2.0,3.0,4.0,2.0,15.0,7.0,13.0,12.0,L Doughty
11/12/2024,Millwall,Sheffield United,0.0,1.0,A,7.0,3.0,0.0,2.0,3.0,1.0,10.0,9.0,11.0,9.0,M Donohue
11/12/2024,QPR,Oxford,2.0,0.0,H,0.0,4.0,2.0,2.0,4.0,1.0,11.0,20.0,11.0,4.0,A Herczeg
11/12/2024,West Brom,Coventry,2.0,0.0,H,9.0,9.0,1.0,1.0,2.0,4.0,5.0,7.0,10.0,16.0,J Busby
13/12/2024,Derby,Portsmouth,4.0,0.0,H,5.0,3.0,0.0,1.0,7.0,0.0,8.0,6.0,17.0,3.0,O Langford
14/12/2024,Blackburn,Luton,2.0,0.0,H,4.0,4.0,3.0,2.0,6.0,4.0,14.0,11.0,12.0,10.0,M Salisbury
14/12/2024,Bristol City,QPR,1.0,1.0,D,10.0,3.0,1.0,2.0,5.0,2.0,5.0,9.0,17.0,5.0,L Smith
14/12/2024,Coventry,Hull,2.0,1.0,H,10.0,2.0,3.0,3.0,7.0,4.0,16.0,11.0,18.0,10.0,R Madley
14/12/2024,Middlesbrough,Millwall,1.0,0.0,H,3.0,4.0,2.0,2.0,2.0,4.0,14.0,10.0,11.0,12.0,G Eltringham
14/12/2024,Oxford,Sheffield Weds,1.0,3.0,A,7.0,11.0,0.0,1.0,5.0,9.0,9.0,11.0,11.0,15.0,S Martin
14/12/2024,Preston,Leeds,1.0,1.0,D,2.0,8.0,3.0,1.0,2.0,4.0,16.0,7.0,5.0,18.0,J Busby
14/12/2024,Sheffield United,Plymouth,2.0,0.0,H,2.0,3.0,0.0,2.0,3.0,4.0,10.0,13.0,10.0,12.0,F Hallam
14/12/2024,Stoke,Cardiff,2.0,2.0,D,4.0,4.0,4.0,1.0,5.0,4.0,10.0,10.0,14.0,19.0,J Smith
14/12/2024,Swansea,Sunderland,2.0,3.0,A,2.0,4.0,1.0,4.0,4.0,5.0,12.0,14.0,10.0,13.0,A Davies
15/12/2024,Norwich,Burnley,1.0,2.0,A,6.0,5.0,3.0,1.0,6.0,5.0,14.0,13.0,12.0,10.0,A Madley
15/12/2024,Watford,West Brom,2.0,1.0,H,4.0,5.0,2.0,3.0,7.0,6.0,9.0,7.0,14.0,15.0,G Ward
20/12/2024,Luton,Derby,2.0,1.0,H,7.0,4.0,1.0,3.0,5.0,3.0,12.0,14.0,18.0,10.0,A Kitchen
21/12/2024,Burnley,Watford,2.0,1.0,H,7.0,3.0,3.0,1.0,5.0,2.0,12.0,16.0,15.0,9.0,J Linington
21/12/2024,Cardiff,Sheffield United,0.0,2.0,A,3.0,6.0,3.0,1.0,2.0,5.0,13.0,11.0,8.0,12.0,D Bond
21/12/2024,Hull,Swansea,2.0,1.0,H,3.0,5.0,2.0,2.0,5.0,2.0,12.0,11.0,12.0,8.0,T Bramall
21/12/2024,Leeds,Oxford,4.0,0.0,H,5.0,0.0,0.0,1.0,9.0,0.0,7.0,7.0,23.0,6.0,J Bell
21/12/2024,Millwall,Blackburn,1.0,0.0,H,6.0,4.0,0.0,2.0,4.0,1.0,12.0,15.0,17.0,6.0,D Webb
21/12/2024,Plymouth,Middlesbrough,3.0,3.0,D,3.0,6.0,2.0,2.0,5.0,6.0,8.0,8.0,12.0,17.0,W Finnie
21/12/2024,Portsmouth,Coventry,4.0,1.0,H,10.0,2.0,1.0,0.0,7.0,3.0,14.0,14.0,12.0,7.0,D Whitestone
21/12/2024,QPR,Preston,2.0,1.0,H,5.0,1.0,1.0,0.0,4.0,2.0,10.0,16.0,16.0,2.0,M Donohue
21/12/2024,Sheffield Weds,Stoke,2.0,0.0,H,6.0,6.0,2.0,2.0,4.0,4.0,12.0,12.0,6.0,15.0,S Allison
21/12/2024,Sunderland,Norwich,2.0,1.0,H,4.0,2.0,5.0,3.0,4.0,4.0,15.0,14.0,7.0,7.0,L Doughty
22/12/2024,West Brom,Bristol City,2.0,0.0,H,6.0,1.0,2.0,3.0,4.0,2.0,8.0,17.0,17.0,8.0,T Kirk
26/12/2024,Blackburn,Sunderland,2.0,2.0,D,5.0,4.0,2.0,3.0,3.0,4.0,11.0,14.0,12.0,13.0,R Madley
26/12/2024,Bristol City,Luton,1.0,0.0,H,5.0,4.0,2.0,1.0,3.0,2.0,9.0,9.0,10.0,7.0,P Bankes
26/12/2024,Coventry,Plymouth,4.0,0.0,H,4.0,4.0,0.0,1.0,9.0,1.0,7.0,11.0,19.0,5.0,A Herczeg
26/12/2024,Derby,West Brom,2.0,1.0,H,5.0,3.0,1.0,1.0,4.0,3.0,13.0,8.0,13.0,14.0,J Gillett
26/12/2024,Middlesbrough,Sheffield Weds,3.0,3.0,D,1.0,9.0,0.0,2.0,4.0,5.0,11.0,12.0,7.0,15.0,A Backhouse
26/12/2024,Norwich,Millwall,2.0,1.0,H,4.0,2.0,2.0,1.0,4.0,2.0,8.0,11.0,9.0,8.0,T Nield
26/12/2024,Oxford,Cardiff,3.0,2.0,H,3.0,0.0,1.0,1.0,5.0,3.0,14.0,7.0,13.0,8.0,G Ward
26/12/2024,Preston,Hull,1.0,0.0,H,2.0,2.0,3.0,1.0,2.0,4.0,10.0,13.0,8.0,10.0,J Smith
26/12/2024,Sheffield United,Burnley,0.0,2.0,A,6.0,5.0,3.0,1.0,3.0,4.0,10.0,14.0,9.0,8.0,O Langford
26/12/2024,Stoke,Leeds,0.0,2.0,A,1.0,7.0,4.0,0.0,2.0,5.0,8.0,8.0,3.0,20.0,S Martin
26/12/2024,Swansea,QPR,3.0,0.0,H,3.0,3.0,2.0,3.0,8.0,0.0,13.0,8.0,10.0,4.0,B Toner
26/12/2024,Watford,Portsmouth,2.0,1.0,H,11.0,5.0,1.0,6.0,6.0,1.0,12.0,13.0,13.0,5.0,G Eltringham
29/12/2024,Blackburn,Hull,0.0,1.0,A,8.0,3.0,3.0,0.0,2.0,3.0,12.0,16.0,14.0,8.0,D Whitestone
29/12/2024,Bristol City,Portsmouth,3.0,0.0,H,10.0,4.0,1.0,1.0,7.0,2.0,11.0,10.0,20.0,5.0,J Busby
29/12/2024,Coventry,Millwall,0.0,0.0,D,5.0,5.0,0.0,1.0,1.0,2.0,13.0,15.0,6.0,10.0,A Kitchen
29/12/2024,Derby,Leeds,0.0,1.0,A,2.0,9.0,1.0,1.0,1.0,6.0,14.0,9.0,4.0,17.0,A Davies
29/12/2024,Middlesbrough,Burnley,0.0,0.0,D,1.0,4.0,1.0,3.0,3.0,1.0,10.0,12.0,8.0,8.0,J Smith
29/12/2024,Norwich,QPR,1.0,1.0,D,4.0,4.0,1.0,4.0,4.0,0.0,15.0,18.0,19.0,4.0,S Barrott
29/12/2024,Oxford,Plymouth,2.0,0.0,H,9.0,6.0,0.0,2.0,5.0,2.0,9.0,15.0,14.0,11.0,D Webb
29/12/2024,Preston,Sheffield Weds,3.0,1.0,H,3.0,6.0,0.0,2.0,7.0,3.0,15.0,18.0,14.0,18.0,S Gill
29/12/2024,Sheffield United,West Brom,1.0,1.0,D,2.0,2.0,3.0,2.0,2.0,6.0,12.0,11.0,14.0,10.0,S Attwell
29/12/2024,Stoke,Sunderland,1.0,0.0,H,4.0,12.0,5.0,2.0,4.0,7.0,17.0,11.0,11.0,22.0,J Bell
29/12/2024,Swansea,Luton,2.0,1.0,H,8.0,1.0,1.0,2.0,9.0,1.0,14.0,17.0,12.0,4.0,F Hallam
29/12/2024,Watford,Cardiff,1.0,2.0,A,4.0,2.0,2.0,3.0,1.0,3.0,15.0,12.0,9.0,9.0,S Allison
01/01/2025,Burnley,Stoke,0.0,0.0,D,6.0,2.0,1.0,4.0,2.0,3.0,8.0,16.0,18.0,14.0,G Ward
01/01/2025,Cardiff,Coventry,1.0,1.0,D,6.0,9.0,2.0,0.0,2.0,7.0,8.0,9.0,12.0,17.0,G Eltringham
01/01/2025,Hull,Middlesbrough,0.0,1.0,A,3.0,7.0,2.0,1.0,0.0,6.0,14.0,6.0,7.0,17.0,L Doughty
01/01/2025,Leeds,Blackburn,1.0,1.0,D,8.0,3.0,2.0,4.0,4.0,2.0,9.0,15.0,12.0,4.0,O Langford
01/01/2025,Luton,Norwich,0.0,1.0,A,9.0,5.0,1.0,1.0,3.0,2.0,11.0,9.0,14.0,10.0,J Gillett
01/01/2025,Millwall,Oxford,0.0,1.0,A,3.0,4.0,0.0,1.0,4.0,2.0,15.0,11.0,15.0,8.0,R Ricardo
01/01/2025,Plymouth,Bristol City,2.0,2.0,D,1.0,6.0,1.0,0.0,7.0,6.0,12.0,12.0,15.0,14.0,T Robinson
01/01/2025,Portsmouth,Swansea,4.0,0.0,H,6.0,6.0,1.0,0.0,6.0,3.0,12.0,5.0,14.0,12.0,J Linington
01/01/2025,QPR,Watford,3.0,1.0,H,2.0,6.0,4.0,4.0,5.0,3.0,16.0,18.0,9.0,12.0,S Martin
01/01/2025,Sheffield Weds,Derby,4.0,2.0,H,4.0,11.0,1.0,2.0,8.0,8.0,8.0,8.0,13.0,17.0,L Smith
01/01/2025,Sunderland,Sheffield United,2.0,1.0,H,4.0,10.0,4.0,1.0,6.0,3.0,13.0,7.0,14.0,16.0,M Donohue
01/01/2025,West Brom,Preston,3.0,1.0,H,3.0,5.0,1.0,4.0,7.0,5.0,12.0,14.0,12.0,10.0,R Madley
04/01/2025,Blackburn,Burnley,0.0,1.0,A,10.0,0.0,2.0,2.0,1.0,2.0,16.0,18.0,11.0,4.0,A Kitchen
04/01/2025,Bristol City,Derby,1.0,0.0,H,6.0,7.0,3.0,1.0,2.0,3.0,7.0,12.0,11.0,9.0,W Finnie
04/01/2025,Hull,Leeds,3.0,3.0,D,5.0,7.0,0.0,1.0,6.0,9.0,14.0,9.0,15.0,17.0,A Backhouse
04/01/2025,Middlesbrough,Cardiff,1.0,1.0,D,4.0,4.0,2.0,3.0,3.0,2.0,9.0,15.0,9.0,8.0,T Nield
04/01/2025,Norwich,Coventry,2.0,1.0,H,9.0,1.0,1.0,2.0,9.0,2.0,9.0,16.0,24.0,6.0,J Bell
04/01/2025,Preston,Oxford,1.0,1.0,D,4.0,2.0,3.0,3.0,5.0,3.0,12.0,13.0,19.0,5.0,B Toner
04/01/2025,Sheffield Weds,Millwall,2.0,2.0,D,4.0,2.0,1.0,3.0,2.0,6.0,16.0,17.0,14.0,14.0,R Jones
04/01/2025,Stoke,Plymouth,0.0,0.0,D,6.0,3.0,1.0,2.0,3.0,1.0,13.0,11.0,18.0,2.0,D Whitestone
04/01/2025,Swansea,West Brom,1.0,1.0,D,5.0,6.0,2.0,4.0,2.0,4.0,6.0,8.0,11.0,16.0,S Allison
04/01/2025,Watford,Sheffield United,1.0,2.0,A,4.0,0.0,2.0,1.0,4.0,6.0,9.0,8.0,7.0,7.0,D Webb
05/01/2025,Sunderland,Portsmouth,1.0,0.0,H,7.0,3.0,1.0,2.0,8.0,1.0,9.0,10.0,24.0,6.0,T Bramall
06/01/2025,QPR,Luton,2.0,1.0,H,3.0,4.0,1.0,1.0,6.0,4.0,10.0,9.0,15.0,18.0,A Davies
14/01/2025,Cardiff,Watford,1.0,1.0,D,7.0,3.0,1.0,2.0,4.0,2.0,8.0,14.0,12.0,4.0,O Langford
14/01/2025,Plymouth,Oxford,1.0,1.0,D,6.0,3.0,1.0,1.0,2.0,3.0,8.0,10.0,11.0,8.0,S Allison
15/01/2025,Blackburn,Portsmouth,3.0,0.0,H,5.0,6.0,1.0,3.0,6.0,2.0,15.0,19.0,13.0,11.0,F Hallam
17/01/2025,Burnley,Sunderland,0.0,0.0,D,5.0,4.0,3.0,2.0,4.0,3.0,9.0,9.0,9.0,14.0,A Backhouse
18/01/2025,Cardiff,Swansea,3.0,0.0,H,3.0,6.0,1.0,4.0,6.0,2.0,14.0,11.0,11.0,6.0,J Bell
18/01/2025,Coventry,Bristol City,1.0,0.0,H,3.0,5.0,0.0,0.0,4.0,2.0,3.0,11.0,16.0,10.0,R Madley
18/01/2025,Derby,Watford,0.0,2.0,A,4.0,8.0,1.0,3.0,3.0,5.0,11.0,11.0,15.0,15.0,A Herczeg
18/01/2025,Luton,Preston,0.0,0.0,D,3.0,1.0,3.0,2.0,4.0,0.0,13.0,21.0,9.0,2.0,T Robinson
18/01/2025,Millwall,Hull,0.0,1.0,A,1.0,3.0,1.0,1.0,1.0,2.0,13.0,16.0,12.0,7.0,S Martin
18/01/2025,Oxford,Blackburn,1.0,0.0,H,4.0,3.0,1.0,3.0,7.0,4.0,12.0,10.0,17.0,14.0,W Finnie
18/01/2025,Plymouth,QPR,0.0,1.0,A,8.0,6.0,1.0,3.0,1.0,7.0,9.0,9.0,4.0,15.0,D Bond
18/01/2025,Portsmouth,Middlesbrough,2.0,1.0,H,7.0,5.0,1.0,2.0,5.0,5.0,11.0,9.0,13.0,12.0,G Ward
18/01/2025,Sheffield United,Norwich,2.0,0.0,H,7.0,6.0,1.0,2.0,6.0,0.0,9.0,12.0,22.0,11.0,J Smith
18/01/2025,West Brom,Stoke,1.0,1.0,D,12.0,0.0,2.0,0.0,4.0,2.0,6.0,11.0,23.0,5.0,J Linington
19/01/2025,Leeds,Sheffield Weds,3.0,0.0,H,9.0,6.0,1.0,2.0,5.0,3.0,11.0,13.0,16.0,6.0,D Webb
21/01/2025,Blackburn,Coventry,0.0,2.0,A,4.0,4.0,0.0,1.0,7.0,4.0,11.0,15.0,14.0,9.0,O Langford
21/01/2025,Derby,Sunderland,0.0,1.0,A,8.0,4.0,1.0,1.0,3.0,3.0,9.0,12.0,9.0,8.0,S Allison
21/01/2025,Hull,QPR,1.0,2.0,A,4.0,3.0,3.0,1.0,3.0,4.0,14.0,13.0,12.0,8.0,B Speedie
21/01/2025,Middlesbrough,West Brom,2.0,0.0,H,5.0,5.0,1.0,0.0,4.0,1.0,13.0,7.0,14.0,14.0,A Kitchen
21/01/2025,Millwall,Cardiff,2.0,2.0,D,4.0,2.0,0.0,0.0,3.0,5.0,10.0,11.0,7.0,13.0,D Webb
21/01/2025,Oxford,Luton,3.0,2.0,H,6.0,5.0,3.0,3.0,5.0,3.0,11.0,17.0,12.0,8.0,S Martin
21/01/2025,Swansea,Sheffield United,1.0,2.0,A,1.0,2.0,3.0,4.0,5.0,3.0,11.0,20.0,8.0,14.0,D Whitestone
21/01/2025,Watford,Preston,1.0,2.0,A,4.0,2.0,0.0,2.0,4.0,8.0,8.0,14.0,10.0,15.0,T Nield
22/01/2025,Leeds,Norwich,2.0,0.0,H,9.0,4.0,4.0,2.0,7.0,0.0,11.0,11.0,14.0,3.0,M Donohue
22/01/2025,Plymouth,Burnley,0.0,5.0,A,1.0,5.0,1.0,0.0,1.0,9.0,14.0,9.0,4.0,17.0,J Busby
22/01/2025,Portsmouth,Stoke,3.0,1.0,H,7.0,1.0,2.0,5.0,7.0,2.0,12.0,9.0,17.0,8.0,J Smith
22/01/2025,Sheffield Weds,Bristol City,2.0,2.0,D,7.0,4.0,2.0,2.0,5.0,3.0,12.0,8.0,16.0,13.0,J Linington
24/01/2025,Sheffield United,Hull,0.0,3.0,A,11.0,1.0,0.0,2.0,2.0,5.0,8.0,15.0,16.0,8.0,A Kitchen
25/01/2025,Bristol City,Blackburn,2.0,1.0,H,1.0,7.0,1.0,4.0,5.0,3.0,8.0,19.0,16.0,10.0,M Donohue
25/01/2025,Cardiff,Derby,2.0,1.0,H,5.0,10.0,2.0,1.0,9.0,6.0,12.0,11.0,17.0,9.0,D Whitestone
25/01/2025,Coventry,Watford,2.0,1.0,H,5.0,3.0,3.0,4.0,2.0,3.0,10.0,12.0,14.0,12.0,M Coy
25/01/2025,Luton,Millwall,0.0,1.0,A,7.0,5.0,2.0,4.0,2.0,6.0,11.0,19.0,12.0,13.0,G Ward
25/01/2025,Norwich,Swansea,5.0,1.0,H,7.0,8.0,2.0,1.0,8.0,3.0,10.0,9.0,18.0,12.0,T Bramall
25/01/2025,Preston,Middlesbrough,2.0,1.0,H,6.0,4.0,3.0,1.0,4.0,6.0,11.0,6.0,10.0,16.0,J Busby
25/01/2025,QPR,Sheffield Weds,0.0,2.0,A,12.0,6.0,2.0,1.0,2.0,5.0,10.0,16.0,13.0,15.0,S Allison
25/01/2025,Stoke,Oxford,0.0,0.0,D,5.0,5.0,3.0,4.0,4.0,4.0,14.0,10.0,7.0,13.0,F Hallam
25/01/2025,Sunderland,Plymouth,2.0,2.0,D,7.0,2.0,1.0,4.0,5.0,3.0,7.0,21.0,12.0,7.0,O Langford
25/01/2025,West Brom,Portsmouth,5.0,1.0,H,7.0,5.0,0.0,3.0,11.0,4.0,5.0,14.0,18.0,14.0,J Gillett
27/01/2025,Burnley,Leeds,0.0,0.0,D,1.0,5.0,0.0,3.0,0.0,1.0,9.0,11.0,4.0,8.0,J Smith
28/01/2025,Portsmouth,Millwall,0.0,1.0,A,7.0,3.0,0.0,2.0,3.0,1.0,9.0,15.0,15.0,7.0,D Whitestone
31/01/2025,Blackburn,Preston,2.0,1.0,H,7.0,4.0,1.0,1.0,2.0,2.0,13.0,6.0,13.0,11.0,J Smith
01/02/2025,Derby,Sheffield United,0.0,1.0,A,2.0,2.0,1.0,1.0,2.0,3.0,10.0,12.0,10.0,6.0,T Nield
01/02/2025,Hull,Stoke,1.0,2.0,A,8.0,4.0,1.0,1.0,8.0,5.0,10.0,11.0,22.0,11.0,W Finnie
01/02/2025,Leeds,Cardiff,7.0,0.0,H,14.0,1.0,0.0,2.0,12.0,2.0,10.0,17.0,29.0,2.0,M Salisbury
01/02/2025,Millwall,QPR,2.0,1.0,H,2.0,11.0,1.0,2.0,4.0,5.0,10.0,12.0,7.0,13.0,J Busby
01/02/2025,Oxford,Bristol City,1.0,1.0,D,5.0,3.0,4.0,2.0,4.0,2.0,9.0,14.0,20.0,7.0,O Langford
01/02/2025,Plymouth,West Brom,2.0,1.0,H,2.0,5.0,0.0,1.0,4.0,4.0,10.0,4.0,8.0,11.0,D Whitestone
01/02/2025,Portsmouth,Burnley,0.0,0.0,D,3.0,3.0,3.0,1.0,3.0,6.0,10.0,9.0,18.0,14.0,D Webb
01/02/2025,Sheffield Weds,Luton,1.0,1.0,D,9.0,5.0,1.0,1.0,4.0,1.0,11.0,12.0,17.0,8.0,B Toner
01/02/2025,Swansea,Coventry,0.0,2.0,A,8.0,2.0,2.0,0.0,1.0,5.0,13.0,11.0,6.0,16.0,S Allison
01/02/2025,Watford,Norwich,0.0,1.0,A,4.0,6.0,3.0,0.0,1.0,5.0,14.0,8.0,9.0,16.0,L Smith
03/02/2025,Middlesbrough,Sunderland,2.0,3.0,A,1.0,5.0,2.0,3.0,4.0,9.0,11.0,15.0,12.0,12.0,S Martin
04/02/2025,Burnley,Oxford,1.0,0.0,H,12.0,3.0,2.0,2.0,7.0,0.0,10.0,11.0,15.0,7.0,J Bell
04/02/2025,QPR,Blackburn,2.0,1.0,H,11.0,2.0,0.0,0.0,6.0,4.0,9.0,11.0,17.0,10.0,J Linington
05/02/2025,Coventry,Leeds,0.0,2.0,A,3.0,8.0,2.0,1.0,4.0,8.0,11.0,10.0,9.0,20.0,D Whitestone
08/02/2025,Norwich,Derby,1.0,1.0,D,2.0,4.0,2.0,2.0,3.0,2.0,8.0,7.0,8.0,6.0,R Ricardo
08/02/2025,Sheffield United,Portsmouth,2.0,1.0,H,5.0,5.0,4.0,1.0,3.0,5.0,17.0,10.0,11.0,16.0,O Langford
08/02/2025,Sunderland,Watford,2.0,2.0,D,7.0,3.0,5.0,1.0,7.0,5.0,12.0,20.0,14.0,11.0,R Jones
08/02/2025,West Brom,Sheffield Weds,2.0,1.0,H,12.0,2.0,2.0,3.0,5.0,4.0,8.0,8.0,15.0,15.0,T Nield
09/02/2025,Bristol City,Swansea,0.0,1.0,A,11.0,3.0,0.0,0.0,3.0,5.0,9.0,8.0,19.0,9.0,J Busby
11/02/2025,Coventry,QPR,1.0,0.0,H,10.0,9.0,3.0,2.0,6.0,3.0,10.0,8.0,10.0,12.0,W Finnie
11/02/2025,Derby,Oxford,0.0,0.0,D,3.0,4.0,1.0,0.0,4.0,1.0,11.0,4.0,14.0,6.0,S Martin
11/02/2025,Norwich,Preston,0.0,1.0,A,8.0,3.0,1.0,3.0,1.0,1.0,14.0,11.0,11.0,8.0,G Ward
11/02/2025,Portsmouth,Cardiff,2.0,1.0,H,10.0,4.0,2.0,2.0,8.0,6.0,9.0,9.0,19.0,12.0,T Nield
11/02/2025,Watford,Leeds,0.0,4.0,A,7.0,7.0,0.0,0.0,2.0,7.0,12.0,6.0,6.0,20.0,O Langford
12/02/2025,Bristol City,Stoke,2.0,0.0,H,2.0,1.0,2.0,2.0,6.0,0.0,12.0,9.0,10.0,5.0,J Bell
12/02/2025,Burnley,Hull,2.0,0.0,H,9.0,3.0,0.0,1.0,5.0,3.0,5.0,11.0,16.0,9.0,S Allison
12/02/2025,Plymouth,Millwall,5.0,1.0,H,2.0,6.0,1.0,0.0,7.0,6.0,19.0,10.0,13.0,13.0,J Simpson
12/02/2025,Sheffield United,Middlesbrough,3.0,1.0,H,10.0,4.0,2.0,3.0,9.0,4.0,11.0,11.0,18.0,10.0,M Donohue
12/02/2025,Sunderland,Luton,2.0,0.0,H,6.0,1.0,0.0,2.0,3.0,1.0,6.0,9.0,13.0,4.0,J Busby
12/02/2025,Swansea,Sheffield Weds,0.0,1.0,A,1.0,7.0,0.0,2.0,1.0,5.0,10.0,12.0,4.0,10.0,E Bell
12/02/2025,West Brom,Blackburn,0.0,2.0,A,11.0,1.0,0.0,1.0,3.0,4.0,7.0,11.0,13.0,6.0,D Webb
14/02/2025,QPR,Derby,4.0,0.0,H,2.0,3.0,0.0,2.0,5.0,1.0,9.0,14.0,12.0,7.0,D Webb
15/02/2025,Blackburn,Plymouth,2.0,0.0,H,6.0,3.0,0.0,2.0,7.0,3.0,6.0,17.0,17.0,7.0,S Allison
15/02/2025,Cardiff,Bristol City,1.0,1.0,D,4.0,5.0,2.0,2.0,6.0,4.0,12.0,9.0,13.0,11.0,T Harrington
15/02/2025,Hull,Norwich,1.0,1.0,D,5.0,3.0,1.0,2.0,4.0,3.0,14.0,13.0,12.0,15.0,B Toner
15/02/2025,Luton,Sheffield United,0.0,1.0,A,5.0,3.0,1.0,3.0,5.0,4.0,12.0,10.0,14.0,12.0,L Smith
15/02/2025,Middlesbrough,Watford,0.0,1.0,A,8.0,5.0,2.0,2.0,5.0,6.0,7.0,7.0,13.0,14.0,A Herczeg
15/02/2025,Millwall,West Brom,1.0,1.0,D,5.0,2.0,1.0,2.0,6.0,3.0,15.0,15.0,11.0,7.0,J Bell
15/02/2025,Oxford,Portsmouth,0.0,2.0,A,4.0,5.0,0.0,2.0,1.0,4.0,8.0,12.0,10.0,13.0,A Backhouse
15/02/2025,Preston,Burnley,0.0,0.0,D,2.0,6.0,2.0,3.0,1.0,2.0,18.0,13.0,5.0,11.0,A Kitchen
15/02/2025,Sheffield Weds,Coventry,1.0,2.0,A,10.0,1.0,0.0,1.0,8.0,4.0,11.0,9.0,22.0,9.0,J Smith
15/02/2025,Stoke,Swansea,3.0,1.0,H,1.0,6.0,3.0,1.0,5.0,2.0,19.0,8.0,8.0,7.0,D Whitestone
17/02/2025,Leeds,Sunderland,2.0,1.0,H,10.0,0.0,3.0,6.0,4.0,6.0,11.0,11.0,21.0,6.0,S Attwell
18/02/2025,Preston,Millwall,1.0,1.0,D,7.0,4.0,0.0,4.0,4.0,3.0,10.0,16.0,16.0,9.0,M Donohue
19/02/2025,Luton,Plymouth,1.0,1.0,D,10.0,2.0,0.0,2.0,2.0,1.0,7.0,18.0,17.0,3.0,D Whitestone
21/02/2025,Bristol City,Middlesbrough,2.0,1.0,H,4.0,1.0,0.0,2.0,7.0,4.0,10.0,13.0,21.0,11.0,T Nield
21/02/2025,Burnley,Sheffield Weds,4.0,0.0,H,4.0,9.0,3.0,4.0,4.0,2.0,10.0,16.0,7.0,11.0,S Martin
22/02/2025,Coventry,Preston,2.0,1.0,H,10.0,3.0,0.0,1.0,9.0,3.0,10.0,10.0,17.0,7.0,O Langford
22/02/2025,Derby,Millwall,0.0,1.0,A,4.0,4.0,2.0,0.0,0.0,4.0,10.0,8.0,9.0,11.0,E Bell
22/02/2025,Norwich,Stoke,4.0,2.0,H,4.0,4.0,0.0,1.0,7.0,4.0,5.0,8.0,16.0,7.0,J Busby
22/02/2025,Plymouth,Cardiff,1.0,1.0,D,0.0,6.0,4.0,3.0,1.0,3.0,13.0,13.0,14.0,11.0,J Bell
22/02/2025,Portsmouth,QPR,2.0,1.0,H,5.0,1.0,3.0,2.0,3.0,4.0,16.0,11.0,7.0,9.0,T Bramall
22/02/2025,Sunderland,Hull,0.0,1.0,A,5.0,3.0,0.0,3.0,2.0,4.0,6.0,15.0,17.0,8.0,F Hallam
22/02/2025,Swansea,Blackburn,3.0,0.0,H,5.0,7.0,0.0,2.0,5.0,2.0,7.0,15.0,14.0,6.0,G Ward
22/02/2025,West Brom,Oxford,2.0,0.0,H,13.0,2.0,2.0,3.0,5.0,0.0,8.0,10.0,22.0,5.0,S Allison
23/02/2025,Watford,Luton,2.0,0.0,H,4.0,6.0,2.0,2.0,5.0,2.0,13.0,17.0,10.0,10.0,A Kitchen
24/02/2025,Sheffield United,Leeds,1.0,3.0,A,3.0,5.0,1.0,1.0,4.0,8.0,9.0,7.0,10.0,18.0,D Webb
25/02/2025,Cardiff,Hull,1.0,0.0,H,5.0,3.0,2.0,2.0,4.0,1.0,12.0,9.0,8.0,4.0,T Kirk
25/02/2025,Stoke,Middlesbrough,1.0,3.0,A,5.0,1.0,2.0,2.0,3.0,6.0,10.0,6.0,12.0,16.0,A Davies
28/02/2025,Sheffield Weds,Sunderland,1.0,2.0,A,5.0,9.0,1.0,1.0,4.0,4.0,10.0,13.0,9.0,11.0,W Finnie
01/03/2025,Blackburn,Norwich,1.0,1.0,D,5.0,2.0,0.0,1.0,1.0,3.0,15.0,11.0,10.0,11.0,L Doughty
01/03/2025,Leeds,West Brom,1.0,1.0,D,10.0,3.0,0.0,0.0,2.0,3.0,13.0,11.0,15.0,7.0,F Hallam
01/03/2025,Luton,Portsmouth,1.0,0.0,H,2.0,7.0,2.0,4.0,2.0,1.0,10.0,14.0,10.0,7.0,S Allison
01/03/2025,Middlesbrough,Derby,1.0,0.0,H,5.0,3.0,1.0,2.0,6.0,1.0,9.0,13.0,18.0,5.0,G Ward
01/03/2025,Oxford,Coventry,2.0,3.0,A,3.0,11.0,3.0,3.0,4.0,6.0,14.0,10.0,10.0,18.0,J Simpson
01/03/2025,QPR,Sheffield United,1.0,2.0,A,6.0,2.0,3.0,3.0,4.0,2.0,15.0,14.0,16.0,8.0,T Kirk
01/03/2025,Stoke,Watford,0.0,0.0,D,4.0,5.0,1.0,2.0,2.0,1.0,15.0,12.0,8.0,8.0,T Nield
04/03/2025,Cardiff,Burnley,1.0,2.0,A,5.0,6.0,0.0,3.0,2.0,5.0,9.0,7.0,9.0,12.0,J Linington
04/03/2025,Hull,Plymouth,2.0,0.0,H,7.0,4.0,1.0,3.0,5.0,0.0,11.0,12.0,11.0,3.0,A Davies
04/03/2025,Millwall,Bristol City,0.0,2.0,A,4.0,6.0,0.0,0.0,1.0,5.0,5.0,11.0,13.0,11.0,M Donohue
04/03/2025,Preston,Swansea,0.0,0.0,D,6.0,1.0,0.0,0.0,5.0,1.0,12.0,7.0,20.0,8.0,S Martin
07/03/2025,Norwich,Oxford,1.0,1.0,D,12.0,1.0,0.0,2.0,6.0,2.0,7.0,11.0,15.0,3.0,J Bell
08/03/2025,Bristol City,Hull,1.0,1.0,D,14.0,1.0,1.0,3.0,10.0,1.0,9.0,5.0,26.0,5.0,J Linington
08/03/2025,Burnley,Luton,4.0,0.0,H,6.0,4.0,3.0,2.0,3.0,2.0,5.0,18.0,16.0,3.0,T Nield
08/03/2025,Coventry,Stoke,3.0,2.0,H,7.0,5.0,1.0,3.0,3.0,4.0,8.0,8.0,13.0,11.0,D Webb
08/03/2025,Derby,Blackburn,2.0,1.0,H,2.0,4.0,3.0,3.0,2.0,4.0,15.0,16.0,9.0,13.0,A Kitchen
08/03/2025,Plymouth,Sheffield Weds,0.0,3.0,A,2.0,2.0,3.0,5.0,2.0,3.0,16.0,14.0,4.0,7.0,O Langford
08/03/2025,Sheffield United,Preston,1.0,0.0,H,8.0,3.0,1.0,4.0,4.0,3.0,13.0,14.0,11.0,8.0,J Busby
08/03/2025,Sunderland,Cardiff,2.0,1.0,H,4.0,3.0,1.0,2.0,4.0,2.0,10.0,16.0,19.0,6.0,D Bond
08/03/2025,Swansea,Middlesbrough,1.0,0.0,H,5.0,6.0,1.0,1.0,4.0,1.0,16.0,12.0,13.0,9.0,R Ricardo
08/03/2025,Watford,Millwall,1.0,2.0,A,11.0,4.0,0.0,1.0,5.0,4.0,7.0,7.0,14.0,11.0,G Ward
08/03/2025,West Brom,QPR,1.0,0.0,H,3.0,4.0,4.0,4.0,1.0,1.0,13.0,14.0,2.0,10.0,A Herczeg
09/03/2025,Portsmouth,Leeds,1.0,0.0,H,7.0,6.0,2.0,0.0,3.0,4.0,9.0,9.0,13.0,13.0,R Jones
11/03/2025,Burnley,West Brom,1.0,1.0,D,6.0,2.0,0.0,2.0,2.0,3.0,10.0,17.0,8.0,7.0,G Ward
11/03/2025,Cardiff,Luton,1.0,2.0,A,4.0,3.0,1.0,1.0,4.0,4.0,10.0,9.0,12.0,9.0,A Davies
11/03/2025,Derby,Coventry,2.0,0.0,H,4.0,8.0,2.0,1.0,2.0,4.0,6.0,8.0,6.0,13.0,S Allison
11/03/2025,Middlesbrough,QPR,2.0,1.0,H,4.0,4.0,0.0,0.0,5.0,5.0,9.0,10.0,16.0,9.0,D Webb
11/03/2025,Norwich,Sheffield Weds,2.0,3.0,A,9.0,3.0,0.0,4.0,3.0,5.0,14.0,10.0,10.0,15.0,B Speedie
11/03/2025,Sheffield United,Bristol City,1.0,1.0,D,5.0,4.0,1.0,3.0,5.0,4.0,8.0,9.0,13.0,23.0,S Martin
11/03/2025,Sunderland,Preston,1.0,1.0,D,7.0,2.0,1.0,3.0,2.0,2.0,10.0,11.0,20.0,15.0,L Smith
12/03/2025,Hull,Oxford,2.0,1.0,H,4.0,6.0,2.0,1.0,2.0,3.0,13.0,7.0,14.0,12.0,J Smith
12/03/2025,Leeds,Millwall,2.0,0.0,H,4.0,3.0,0.0,0.0,2.0,0.0,7.0,12.0,18.0,4.0,D Whitestone
12/03/2025,Portsmouth,Plymouth,1.0,2.0,A,7.0,0.0,2.0,1.0,3.0,3.0,13.0,15.0,16.0,6.0,M Donohue
12/03/2025,Stoke,Blackburn,1.0,0.0,H,3.0,4.0,2.0,2.0,3.0,2.0,16.0,14.0,8.0,10.0,F Hallam
12/03/2025,Watford,Swansea,1.0,0.0,H,1.0,6.0,3.0,2.0,2.0,3.0,16.0,3.0,9.0,12.0,J Simpson
14/03/2025,Bristol City,Norwich,2.0,1.0,H,5.0,3.0,4.0,1.0,5.0,6.0,11.0,10.0,13.0,20.0,S Allison
15/03/2025,Blackburn,Cardiff,1.0,2.0,A,3.0,1.0,0.0,1.0,2.0,4.0,14.0,11.0,8.0,10.0,A Herczeg
15/03/2025,Coventry,Sunderland,3.0,0.0,H,6.0,1.0,1.0,2.0,5.0,1.0,9.0,11.0,21.0,6.0,D Whitestone
15/03/2025,Luton,Middlesbrough,0.0,0.0,D,9.0,3.0,2.0,3.0,5.0,0.0,18.0,12.0,19.0,7.0,F Hallam
15/03/2025,Millwall,Stoke,1.0,0.0,H,7.0,5.0,2.0,5.0,4.0,1.0,8.0,13.0,11.0,5.0,A Davies
15/03/2025,Oxford,Watford,1.0,0.0,H,4.0,5.0,1.0,1.0,3.0,4.0,11.0,8.0,8.0,16.0,R Madley
15/03/2025,Plymouth,Derby,2.0,3.0,A,7.0,3.0,0.0,3.0,3.0,5.0,4.0,13.0,11.0,9.0,J Busby
15/03/2025,Preston,Portsmouth,2.0,1.0,H,6.0,5.0,1.0,1.0,6.0,2.0,13.0,14.0,14.0,9.0,T Harrington
15/03/2025,QPR,Leeds,2.0,2.0,D,1.0,8.0,3.0,2.0,4.0,3.0,17.0,12.0,8.0,10.0,T Robinson
15/03/2025,Swansea,Burnley,0.0,2.0,A,4.0,4.0,1.0,0.0,1.0,5.0,12.0,12.0,5.0,12.0,O Langford
15/03/2025,West Brom,Hull,1.0,1.0,D,6.0,5.0,1.0,5.0,3.0,4.0,6.0,14.0,16.0,7.0,J Simpson
16/03/2025,Sheffield Weds,Sheffield United,0.0,1.0,A,7.0,2.0,3.0,3.0,3.0,2.0,18.0,8.0,14.0,9.0,A Kitchen
28/03/2025,Sheffield United,Coventry,3.0,1.0,H,8.0,2.0,1.0,2.0,6.0,4.0,11.0,9.0,16.0,11.0,O Langford
29/03/2025,Burnley,Bristol City,1.0,0.0,H,7.0,2.0,0.0,0.0,3.0,1.0,11.0,9.0,14.0,4.0,A Kitchen
29/03/2025,Cardiff,Sheffield Weds,1.0,1.0,D,9.0,1.0,2.0,1.0,5.0,2.0,12.0,10.0,14.0,9.0,S Allison
29/03/2025,Hull,Luton,0.0,1.0,A,10.0,4.0,0.0,0.0,3.0,2.0,10.0,10.0,14.0,8.0,D Bond
29/03/2025,Leeds,Swansea,2.0,2.0,D,5.0,4.0,3.0,4.0,7.0,6.0,13.0,16.0,15.0,9.0,B Toner
29/03/2025,Middlesbrough,Oxford,2.0,1.0,H,11.0,5.0,0.0,2.0,4.0,3.0,5.0,11.0,24.0,9.0,M Donohue
29/03/2025,Norwich,West Brom,1.0,0.0,H,3.0,6.0,1.0,0.0,3.0,7.0,15.0,12.0,9.0,16.0,D Webb
29/03/2025,Portsmouth,Blackburn,1.0,0.0,H,2.0,5.0,4.0,2.0,2.0,3.0,13.0,13.0,3.0,9.0,J Simpson
29/03/2025,Stoke,QPR,3.0,1.0,H,3.0,2.0,1.0,3.0,6.0,3.0,10.0,9.0,11.0,9.0,T Harrington
29/03/2025,Sunderland,Millwall,1.0,0.0,H,6.0,1.0,4.0,3.0,6.0,2.0,14.0,13.0,13.0,5.0,R Madley
29/03/2025,Watford,Plymouth,0.0,0.0,D,14.0,5.0,1.0,3.0,1.0,1.0,11.0,11.0,17.0,7.0,R Ricardo
02/04/2025,Derby,Preston,2.0,0.0,H,4.0,3.0,1.0,2.0,2.0,1.0,11.0,10.0,7.0,5.0,S Martin
04/04/2025,Blackburn,Middlesbrough,0.0,2.0,A,4.0,3.0,2.0,0.0,2.0,3.0,15.0,10.0,7.0,12.0,J Busby
05/04/2025,Bristol City,Watford,2.0,1.0,H,2.0,2.0,1.0,1.0,4.0,3.0,11.0,9.0,7.0,8.0,D Bond
05/04/2025,Coventry,Burnley,1.0,2.0,A,1.0,5.0,2.0,4.0,4.0,6.0,14.0,18.0,14.0,13.0,J Bell
05/04/2025,Luton,Leeds,1.0,1.0,D,0.0,5.0,1.0,2.0,3.0,5.0,15.0,13.0,8.0,8.0,T Bramall
05/04/2025,Millwall,Portsmouth,2.0,1.0,H,11.0,4.0,0.0,4.0,3.0,3.0,20.0,13.0,14.0,6.0,B Toner
05/04/2025,Oxford,Sheffield United,1.0,0.0,H,2.0,10.0,2.0,3.0,3.0,4.0,6.0,8.0,9.0,15.0,J Linington
05/04/2025,Plymouth,Norwich,2.0,1.0,H,2.0,5.0,0.0,0.0,4.0,4.0,11.0,9.0,8.0,9.0,G Ward
05/04/2025,Preston,Stoke,1.0,1.0,D,1.0,9.0,4.0,3.0,2.0,5.0,9.0,15.0,6.0,15.0,F Hallam
05/04/2025,QPR,Cardiff,0.0,0.0,D,7.0,4.0,1.0,1.0,4.0,2.0,13.0,10.0,11.0,13.0,D Whitestone
05/04/2025,Sheffield Weds,Hull,0.0,1.0,A,5.0,3.0,2.0,1.0,4.0,2.0,14.0,13.0,15.0,8.0,O Langford
05/04/2025,Swansea,Derby,1.0,0.0,H,4.0,3.0,0.0,2.0,1.0,2.0,7.0,12.0,3.0,12.0,A Davies
05/04/2025,West Brom,Sunderland,0.0,1.0,A,6.0,6.0,2.0,3.0,3.0,3.0,15.0,14.0,21.0,7.0,T Nield
08/04/2025,Blackburn,Sheffield Weds,2.0,2.0,D,8.0,4.0,3.0,4.0,5.0,3.0,10.0,11.0,11.0,9.0,W Finnie
08/04/2025,Bristol City,West Brom,2.0,1.0,H,4.0,5.0,1.0,1.0,7.0,5.0,8.0,14.0,12.0,13.0,M Donohue
08/04/2025,Derby,Burnley,0.0,0.0,D,8.0,4.0,2.0,0.0,1.0,2.0,14.0,8.0,9.0,8.0,R Madley
08/04/2025,Middlesbrough,Leeds,0.0,1.0,A,4.0,4.0,1.0,1.0,2.0,3.0,11.0,11.0,17.0,5.0,A Kitchen
08/04/2025,Norwich,Sunderland,0.0,0.0,D,4.0,4.0,2.0,4.0,4.0,3.0,13.0,14.0,11.0,7.0,J Simpson
08/04/2025,Preston,Cardiff,2.0,2.0,D,4.0,6.0,0.0,2.0,4.0,6.0,13.0,12.0,14.0,14.0,D Webb
08/04/2025,Sheffield United,Millwall,0.0,1.0,A,11.0,4.0,0.0,1.0,5.0,2.0,5.0,18.0,25.0,7.0,S Allison
08/04/2025,Stoke,Luton,1.0,1.0,D,4.0,6.0,2.0,2.0,4.0,3.0,12.0,13.0,10.0,15.0,D Whitestone
08/04/2025,Watford,Hull,1.0,0.0,H,7.0,3.0,3.0,0.0,2.0,5.0,7.0,6.0,9.0,16.0,J Bell
09/04/2025,Coventry,Portsmouth,1.0,0.0,H,5.0,4.0,1.0,3.0,3.0,1.0,9.0,8.0,16.0,10.0,G Ward
09/04/2025,Oxford,QPR,1.0,3.0,A,7.0,7.0,1.0,3.0,5.0,6.0,14.0,11.0,12.0,11.0,E Bell
09/04/2025,Swansea,Plymouth,3.0,0.0,H,3.0,1.0,0.0,2.0,8.0,3.0,11.0,12.0,18.0,6.0,S Martin
11/04/2025,Burnley,Norwich,2.0,1.0,H,5.0,5.0,2.0,2.0,2.0,2.0,14.0,14.0,8.0,12.0,T Harrington
12/04/2025,Cardiff,Stoke,0.0,1.0,A,3.0,3.0,1.0,3.0,3.0,5.0,13.0,11.0,16.0,12.0,M Salisbury
12/04/2025,Leeds,Preston,2.0,1.0,H,6.0,5.0,2.0,1.0,5.0,2.0,4.0,7.0,20.0,3.0,J Busby
12/04/2025,Luton,Blackburn,0.0,1.0,A,9.0,2.0,1.0,3.0,3.0,2.0,7.0,13.0,18.0,4.0,D Webb
12/04/2025,Millwall,Middlesbrough,1.0,0.0,H,2.0,4.0,1.0,0.0,4.0,4.0,21.0,10.0,13.0,11.0,T Nield
12/04/2025,Plymouth,Sheffield United,2.0,1.0,H,3.0,9.0,1.0,1.0,3.0,3.0,9.0,12.0,8.0,8.0,O Langford
12/04/2025,Portsmouth,Derby,2.0,2.0,D,6.0,3.0,5.0,4.0,5.0,4.0,13.0,18.0,15.0,10.0,R Ricardo
12/04/2025,QPR,Bristol City,1.0,1.0,D,3.0,6.0,2.0,1.0,4.0,1.0,10.0,12.0,13.0,5.0,L Doughty
12/04/2025,Sheffield Weds,Oxford,0.0,1.0,A,4.0,5.0,1.0,2.0,2.0,5.0,6.0,12.0,15.0,13.0,A Davies
12/04/2025,Sunderland,Swansea,0.0,1.0,A,4.0,1.0,2.0,3.0,3.0,2.0,13.0,16.0,12.0,9.0,F Hallam
12/04/2025,West Brom,Watford,2.0,1.0,H,3.0,6.0,4.0,2.0,5.0,3.0,10.0,12.0,10.0,15.0,R Madley
14/04/2025,Hull,Coventry,1.0,1.0,D,7.0,7.0,0.0,1.0,3.0,8.0,12.0,9.0,9.0,14.0,A Kitchen
18/04/2025,Blackburn,Millwall,4.0,1.0,H,8.0,6.0,0.0,1.0,6.0,6.0,8.0,20.0,17.0,12.0,L Smith
18/04/2025,Bristol City,Sunderland,2.0,1.0,H,5.0,2.0,1.0,3.0,7.0,2.0,5.0,9.0,27.0,4.0,O Langford
18/04/2025,Coventry,West Brom,2.0,0.0,H,5.0,5.0,3.0,0.0,4.0,0.0,17.0,13.0,10.0,7.0,C Pawson
18/04/2025,Derby,Luton,0.0,1.0,A,9.0,4.0,2.0,2.0,5.0,1.0,9.0,13.0,14.0,8.0,J Linington
18/04/2025,Middlesbrough,Plymouth,2.0,1.0,H,12.0,1.0,0.0,2.0,8.0,5.0,8.0,12.0,22.0,19.0,A Backhouse
18/04/2025,Norwich,Portsmouth,3.0,5.0,A,6.0,5.0,1.0,3.0,6.0,10.0,12.0,11.0,11.0,22.0,T Kirk
18/04/2025,Oxford,Leeds,0.0,1.0,A,2.0,5.0,4.0,2.0,2.0,4.0,16.0,6.0,9.0,11.0,D Whitestone
18/04/2025,Preston,QPR,1.0,2.0,A,4.0,4.0,1.0,2.0,2.0,5.0,11.0,13.0,9.0,14.0,J Simpson
18/04/2025,Sheffield United,Cardiff,2.0,0.0,H,7.0,1.0,1.0,1.0,5.0,3.0,9.0,8.0,15.0,11.0,T Harrington
18/04/2025,Stoke,Sheffield Weds,2.0,0.0,H,2.0,4.0,2.0,2.0,3.0,1.0,16.0,14.0,10.0,9.0,S Martin
18/04/2025,Swansea,Hull,1.0,0.0,H,4.0,7.0,2.0,2.0,3.0,3.0,15.0,15.0,20.0,11.0,B Toner
18/04/2025,Watford,Burnley,1.0,2.0,A,4.0,1.0,3.0,4.0,5.0,7.0,17.0,4.0,11.0,16.0,M Donohue
21/04/2025,Burnley,Sheffield United,2.0,1.0,H,3.0,4.0,1.0,3.0,4.0,4.0,11.0,14.0,10.0,15.0,D Webb
21/04/2025,Cardiff,Oxford,1.0,1.0,D,4.0,0.0,1.0,3.0,3.0,1.0,14.0,17.0,12.0,2.0,F Hallam
21/04/2025,Hull,Preston,2.0,1.0,H,9.0,6.0,0.0,3.0,6.0,2.0,7.0,8.0,16.0,16.0,T Bramall
21/04/2025,Leeds,Stoke,6.0,0.0,H,5.0,1.0,1.0,0.0,11.0,1.0,7.0,9.0,18.0,5.0,D Bond
21/04/2025,Luton,Bristol City,3.0,1.0,H,3.0,4.0,0.0,3.0,7.0,4.0,11.0,12.0,16.0,11.0,J Busby
21/04/2025,Millwall,Norwich,3.0,1.0,H,5.0,4.0,1.0,3.0,5.0,1.0,10.0,9.0,16.0,4.0,E Bell
21/04/2025,Plymouth,Coventry,3.0,1.0,H,3.0,4.0,1.0,1.0,5.0,3.0,9.0,8.0,10.0,11.0,A Davies
21/04/2025,Portsmouth,Watford,1.0,0.0,H,6.0,3.0,4.0,2.0,10.0,3.0,13.0,12.0,19.0,10.0,S Allison
21/04/2025,QPR,Swansea,1.0,2.0,A,5.0,3.0,1.0,1.0,2.0,2.0,19.0,17.0,6.0,10.0,T Nield
21/04/2025,Sheffield Weds,Middlesbrough,2.0,1.0,H,5.0,6.0,3.0,4.0,11.0,6.0,15.0,9.0,25.0,17.0,R Madley
21/04/2025,Sunderland,Blackburn,0.0,1.0,A,10.0,2.0,1.0,2.0,2.0,1.0,7.0,15.0,16.0,2.0,J Bell
21/04/2025,West Brom,Derby,1.0,3.0,A,4.0,3.0,1.0,2.0,2.0,4.0,10.0,12.0,13.0,5.0,G Ward
25/04/2025,Stoke,Sheffield United,0.0,2.0,A,8.0,3.0,3.0,2.0,3.0,5.0,16.0,11.0,10.0,13.0,J Gillett
26/04/2025,Blackburn,Watford,2.0,1.0,H,4.0,6.0,5.0,5.0,4.0,2.0,12.0,14.0,10.0,9.0,E Bell
26/04/2025,Cardiff,West Brom,0.0,0.0,D,9.0,5.0,1.0,0.0,5.0,5.0,16.0,10.0,18.0,17.0,A Kitchen
26/04/2025,Hull,Derby,0.0,1.0,A,5.0,3.0,1.0,2.0,2.0,2.0,11.0,15.0,15.0,6.0,S Martin
26/04/2025,Luton,Coventry,1.0,0.0,H,18.0,2.0,2.0,5.0,8.0,0.0,9.0,16.0,23.0,3.0,O Langford
26/04/2025,Middlesbrough,Norwich,0.0,0.0,D,10.0,3.0,1.0,2.0,5.0,4.0,12.0,15.0,16.0,10.0,D Whitestone
26/04/2025,Millwall,Swansea,1.0,0.0,H,4.0,7.0,1.0,1.0,4.0,4.0,11.0,9.0,16.0,12.0,B Speedie
26/04/2025,Oxford,Sunderland,2.0,0.0,H,3.0,6.0,3.0,1.0,4.0,0.0,15.0,10.0,17.0,10.0,T Robinson
26/04/2025,Preston,Plymouth,1.0,2.0,A,9.0,2.0,3.0,2.0,7.0,3.0,9.0,14.0,20.0,5.0,M Donohue
26/04/2025,QPR,Burnley,0.0,5.0,A,2.0,6.0,4.0,2.0,2.0,10.0,13.0,11.0,9.0,16.0,J Linington
26/04/2025,Sheffield Weds,Portsmouth,1.0,1.0,D,5.0,4.0,1.0,2.0,5.0,1.0,14.0,7.0,18.0,2.0,L Doughty
28/04/2025,Leeds,Bristol City,4.0,0.0,H,11.0,1.0,1.0,0.0,12.0,1.0,6.0,4.0,23.0,3.0,J Bell
03/05/2025,Bristol City,Preston,2.0,2.0,D,7.0,3.0,2.0,4.0,2.0,5.0,7.0,9.0,18.0,18.0,J Linington
03/05/2025,Burnley,Millwall,3.0,1.0,H,7.0,4.0,1.0,0.0,9.0,4.0,5.0,16.0,19.0,12.0,A Kitchen
03/05/2025,Coventry,Middlesbrough,2.0,0.0,H,5.0,5.0,3.0,1.0,4.0,6.0,12.0,6.0,17.0,21.0,S Attwell
03/05/2025,Derby,Stoke,0.0,0.0,D,5.0,4.0,2.0,1.0,4.0,1.0,10.0,9.0,12.0,4.0,O Langford
03/05/2025,Norwich,Cardiff,4.0,2.0,H,6.0,9.0,3.0,2.0,8.0,6.0,13.0,9.0,22.0,19.0,W Finnie
03/05/2025,Plymouth,Leeds,1.0,2.0,A,1.0,7.0,2.0,2.0,0.0,4.0,16.0,8.0,6.0,25.0,J Simpson
03/05/2025,Portsmouth,Hull,1.0,1.0,D,5.0,5.0,0.0,2.0,2.0,4.0,7.0,18.0,11.0,11.0,J Busby
03/05/2025,Sheffield United,Blackburn,1.0,1.0,D,8.0,4.0,2.0,0.0,5.0,2.0,16.0,11.0,18.0,7.0,F Hallam
03/05/2025,Sunderland,QPR,0.0,1.0,A,11.0,1.0,2.0,3.0,5.0,1.0,13.0,11.0,11.0,5.0,A Backhouse
03/05/2025,Swansea,Oxford,3.0,3.0,D,5.0,4.0,0.0,2.0,5.0,7.0,8.0,10.0,12.0,10.0,J Bell
03/05/2025,Watford,Sheffield Weds,1.0,1.0,D,8.0,2.0,0.0,1.0,5.0,2.0,15.0,12.0,18.0,7.0,S Martin
03/05/2025,West Brom,Luton,5.0,3.0,H,6.0,4.0,2.0,2.0,5.0,4.0,9.0,22.0,19.0,12.0,D Bond
08/08/2025,Birmingham,Ipswich,1.0,1.0,D,1.0,4.0,2.0,3.0,3.0,1.0,16.0,22.0,11.0,7.0,A Kitchen
09/08/2025,Charlton,Watford,1.0,0.0,H,3.0,2.0,1.0,2.0,5.0,1.0,6.0,16.0,12.0,10.0,S Martin
09/08/2025,Coventry,Hull,0.0,0.0,D,8.0,2.0,3.0,3.0,3.0,3.0,7.0,11.0,18.0,7.0,R Madley
09/08/2025,Middlesbrough,Swansea,1.0,0.0,H,7.0,2.0,2.0,5.0,3.0,1.0,15.0,15.0,6.0,3.0,F Hallam
09/08/2025,Norwich,Millwall,1.0,2.0,A,6.0,5.0,1.0,4.0,3.0,3.0,5.0,15.0,15.0,15.0,A Herczeg
09/08/2025,Oxford,Portsmouth,0.0,1.0,A,8.0,4.0,1.0,2.0,4.0,4.0,15.0,10.0,18.0,9.0,D Whitestone
09/08/2025,QPR,Preston,1.0,1.0,D,5.0,4.0,0.0,3.0,3.0,3.0,7.0,9.0,13.0,11.0,O Langford
09/08/2025,Sheffield United,Bristol City,1.0,4.0,A,14.0,3.0,0.0,0.0,6.0,5.0,10.0,10.0,20.0,9.0,J Smith
09/08/2025,Southampton,Wrexham,2.0,1.0,H,7.0,4.0,2.0,2.0,10.0,2.0,12.0,13.0,27.0,10.0,J Bell
09/08/2025,Stoke,Derby,3.0,1.0,H,7.0,3.0,1.0,2.0,7.0,2.0,12.0,14.0,12.0,3.0,E Bell
09/08/2025,West Brom,Blackburn,1.0,0.0,H,3.0,7.0,2.0,0.0,5.0,1.0,13.0,13.0,13.0,10.0,D Webb
10/08/2025,Leicester,Sheffield Weds,2.0,1.0,H,13.0,3.0,0.0,0.0,13.0,3.0,6.0,13.0,27.0,7.0,M Donohue
16/08/2025,Blackburn,Birmingham,1.0,2.0,A,3.0,5.0,1.0,2.0,2.0,4.0,14.0,13.0,5.0,8.0,O Langford
16/08/2025,Bristol City,Charlton,0.0,0.0,D,4.0,6.0,0.0,1.0,1.0,2.0,9.0,13.0,14.0,8.0,B Speedie
16/08/2025,Derby,Coventry,3.0,5.0,A,6.0,5.0,2.0,5.0,4.0,10.0,14.0,11.0,13.0,20.0,A Backhouse
16/08/2025,Millwall,Middlesbrough,0.0,3.0,A,6.0,10.0,4.0,5.0,1.0,5.0,16.0,11.0,11.0,12.0,T Nield
16/08/2025,Portsmouth,Norwich,1.0,2.0,A,9.0,0.0,3.0,3.0,3.0,5.0,8.0,13.0,19.0,11.0,S Martin
16/08/2025,Preston,Leicester,2.0,1.0,H,6.0,4.0,2.0,0.0,4.0,2.0,11.0,7.0,14.0,14.0,G Ward
16/08/2025,Sheffield Weds,Stoke,0.0,3.0,A,6.0,7.0,0.0,3.0,5.0,6.0,12.0,10.0,15.0,12.0,L Smith
16/08/2025,Swansea,Sheffield United,1.0,0.0,H,4.0,8.0,1.0,3.0,4.0,0.0,13.0,14.0,13.0,8.0,T Kirk
16/08/2025,Watford,QPR,2.0,1.0,H,2.0,4.0,1.0,2.0,4.0,3.0,9.0,9.0,17.0,13.0,T Harrington
16/08/2025,Wrexham,West Brom,2.0,3.0,A,5.0,5.0,2.0,0.0,3.0,5.0,5.0,7.0,15.0,17.0,J Busby
17/08/2025,Hull,Oxford,3.0,2.0,H,10.0,4.0,1.0,1.0,7.0,6.0,7.0,8.0,19.0,11.0,A Kitchen
17/08/2025,Ipswich,Southampton,1.0,1.0,D,4.0,5.0,2.0,2.0,1.0,3.0,7.0,20.0,14.0,11.0,R Madley
22/08/2025,Derby,Bristol City,1.0,1.0,D,4.0,5.0,3.0,0.0,2.0,3.0,15.0,5.0,5.0,11.0,D Webb
23/08/2025,Birmingham,Oxford,1.0,0.0,H,4.0,1.0,0.0,0.0,1.0,1.0,11.0,17.0,16.0,6.0,R Jones
23/08/2025,Charlton,Leicester,0.0,1.0,A,13.0,4.0,2.0,1.0,7.0,2.0,18.0,9.0,20.0,6.0,D Whitestone
23/08/2025,Coventry,QPR,7.0,1.0,H,9.0,4.0,1.0,2.0,8.0,1.0,15.0,8.0,19.0,10.0,A Herczeg
23/08/2025,Hull,Blackburn,0.0,3.0,A,2.0,1.0,3.0,3.0,2.0,6.0,18.0,19.0,8.0,14.0,T Nield
23/08/2025,Norwich,Middlesbrough,1.0,2.0,A,5.0,3.0,0.0,3.0,3.0,4.0,11.0,14.0,14.0,11.0,L Doughty
23/08/2025,Preston,Ipswich,1.0,0.0,H,3.0,6.0,6.0,2.0,1.0,2.0,14.0,5.0,2.0,15.0,M Donohue
23/08/2025,Sheffield United,Millwall,0.0,1.0,A,8.0,7.0,3.0,2.0,4.0,6.0,11.0,16.0,14.0,17.0,J Busby
23/08/2025,Southampton,Stoke,1.0,2.0,A,7.0,3.0,1.0,3.0,2.0,4.0,6.0,12.0,18.0,12.0,J Smith
23/08/2025,Swansea,Watford,1.0,1.0,D,7.0,2.0,3.0,5.0,2.0,4.0,11.0,17.0,11.0,9.0,S Martin
23/08/2025,West Brom,Portsmouth,1.0,1.0,D,2.0,3.0,2.0,5.0,3.0,4.0,10.0,16.0,13.0,8.0,E Bell
23/08/2025,Wrexham,Sheffield Weds,2.0,2.0,D,3.0,9.0,0.0,0.0,4.0,7.0,7.0,8.0,11.0,21.0,F Hallam
29/08/2025,Leicester,Birmingham,2.0,0.0,H,1.0,7.0,3.0,3.0,2.0,1.0,11.0,16.0,5.0,11.0,J Smith
30/08/2025,Blackburn,Norwich,0.0,2.0,A,3.0,9.0,2.0,0.0,3.0,4.0,9.0,7.0,12.0,15.0,B Speedie
30/08/2025,Bristol City,Hull,4.0,2.0,H,8.0,5.0,1.0,1.0,5.0,9.0,7.0,8.0,29.0,20.0,G Ward
30/08/2025,Ipswich,Derby,2.0,2.0,D,6.0,3.0,2.0,7.0,5.0,2.0,14.0,14.0,18.0,10.0,L Doughty
30/08/2025,Middlesbrough,Sheffield United,1.0,0.0,H,5.0,9.0,0.0,3.0,6.0,0.0,5.0,13.0,15.0,8.0,L Smith
30/08/2025,Millwall,Wrexham,0.0,2.0,A,5.0,2.0,1.0,3.0,2.0,3.0,10.0,13.0,21.0,6.0,T Kirk
30/08/2025,Oxford,Coventry,2.0,2.0,D,0.0,5.0,1.0,2.0,3.0,6.0,13.0,10.0,14.0,15.0,R Ricardo
30/08/2025,Portsmouth,Preston,1.0,0.0,H,6.0,4.0,1.0,2.0,2.0,2.0,11.0,7.0,10.0,13.0,T Harrington
30/08/2025,QPR,Charlton,3.0,1.0,H,1.0,2.0,2.0,2.0,6.0,3.0,16.0,7.0,13.0,13.0,A Kitchen
30/08/2025,Sheffield Weds,Swansea,0.0,2.0,A,2.0,7.0,0.0,2.0,1.0,8.0,14.0,10.0,9.0,17.0,A Backhouse
30/08/2025,Stoke,West Brom,0.0,1.0,A,5.0,5.0,1.0,2.0,3.0,3.0,7.0,11.0,13.0,12.0,M Donohue
30/08/2025,Watford,Southampton,2.0,2.0,D,4.0,5.0,2.0,5.0,4.0,7.0,14.0,12.0,10.0,12.0,F Hallam
12/09/2025,Ipswich,Sheffield United,5.0,0.0,H,3.0,5.0,0.0,2.0,11.0,2.0,11.0,15.0,21.0,10.0,F Hallam
13/09/2025,Charlton,Millwall,1.0,1.0,D,3.0,4.0,1.0,1.0,3.0,3.0,12.0,18.0,14.0,15.0,R Madley
13/09/2025,Coventry,Norwich,1.0,1.0,D,11.0,2.0,2.0,6.0,4.0,1.0,12.0,7.0,28.0,4.0,G Ward
13/09/2025,Oxford,Leicester,2.0,2.0,D,4.0,4.0,1.0,2.0,2.0,5.0,10.0,11.0,19.0,8.0,B Toner
13/09/2025,Preston,Middlesbrough,2.0,2.0,D,3.0,4.0,1.0,3.0,2.0,3.0,13.0,7.0,7.0,14.0,T Kirk
13/09/2025,Sheffield Weds,Bristol City,0.0,3.0,A,4.0,1.0,2.0,0.0,0.0,4.0,19.0,9.0,6.0,9.0,T Nield
13/09/2025,Stoke,Birmingham,1.0,0.0,H,5.0,3.0,3.0,1.0,3.0,0.0,11.0,11.0,8.0,7.0,M Salisbury
13/09/2025,Swansea,Hull,2.0,2.0,D,5.0,2.0,1.0,1.0,2.0,6.0,8.0,5.0,9.0,15.0,D Webb
13/09/2025,Watford,Blackburn,0.0,1.0,A,5.0,7.0,1.0,2.0,1.0,5.0,12.0,14.0,14.0,14.0,D Whitestone
13/09/2025,West Brom,Derby,0.0,1.0,A,11.0,0.0,1.0,2.0,3.0,1.0,8.0,10.0,18.0,4.0,R Ricardo
13/09/2025,Wrexham,QPR,1.0,3.0,A,12.0,9.0,1.0,0.0,8.0,6.0,5.0,10.0,21.0,15.0,B Speedie
14/09/2025,Southampton,Portsmouth,0.0,0.0,D,7.0,5.0,4.0,2.0,1.0,1.0,16.0,14.0,9.0,10.0,M Donohue
19/09/2025,Middlesbrough,West Brom,2.0,1.0,H,2.0,3.0,0.0,0.0,4.0,3.0,3.0,7.0,9.0,15.0,A Kitchen
20/09/2025,Birmingham,Swansea,1.0,0.0,H,7.0,2.0,5.0,4.0,7.0,2.0,13.0,11.0,23.0,9.0,J Busby
20/09/2025,Derby,Preston,0.0,1.0,A,3.0,4.0,2.0,2.0,2.0,6.0,10.0,7.0,7.0,10.0,L Smith
20/09/2025,Hull,Southampton,3.0,1.0,H,1.0,6.0,5.0,3.0,4.0,4.0,15.0,10.0,11.0,14.0,A Backhouse
20/09/2025,Leicester,Coventry,0.0,0.0,D,10.0,3.0,0.0,3.0,9.0,3.0,8.0,11.0,17.0,11.0,O Langford
20/09/2025,Norwich,Wrexham,2.0,3.0,A,2.0,3.0,1.0,3.0,5.0,8.0,6.0,9.0,14.0,11.0,D Webb
20/09/2025,Portsmouth,Sheffield Weds,0.0,2.0,A,11.0,5.0,1.0,5.0,5.0,8.0,5.0,10.0,25.0,13.0,R Ricardo
20/09/2025,QPR,Stoke,1.0,0.0,H,3.0,6.0,5.0,3.0,7.0,1.0,8.0,13.0,14.0,7.0,T Robinson
20/09/2025,Sheffield United,Charlton,0.0,1.0,A,6.0,1.0,1.0,3.0,1.0,4.0,14.0,18.0,13.0,13.0,B Toner
21/09/2025,Bristol City,Oxford,1.0,3.0,A,8.0,5.0,4.0,1.0,2.0,6.0,15.0,14.0,12.0,18.0,J Brooks
22/09/2025,Millwall,Watford,1.0,0.0,H,7.0,4.0,1.0,0.0,2.0,4.0,11.0,9.0,9.0,11.0,J Smith
26/09/2025,West Brom,Leicester,1.0,1.0,D,3.0,3.0,2.0,5.0,5.0,1.0,13.0,16.0,11.0,13.0,S Martin
27/09/2025,Charlton,Blackburn,3.0,0.0,H,3.0,3.0,4.0,2.0,7.0,2.0,15.0,11.0,16.0,9.0,A Backhouse
27/09/2025,Coventry,Birmingham,3.0,0.0,H,3.0,4.0,1.0,2.0,5.0,0.0,11.0,12.0,14.0,5.0,T Kirk
27/09/2025,Ipswich,Portsmouth,2.0,1.0,H,5.0,4.0,1.0,2.0,5.0,4.0,15.0,11.0,14.0,8.0,A Kitchen
27/09/2025,Oxford,Sheffield United,0.0,1.0,A,3.0,5.0,1.0,1.0,3.0,2.0,10.0,13.0,14.0,6.0,B Speedie
27/09/2025,Preston,Bristol City,0.0,0.0,D,2.0,9.0,4.0,1.0,2.0,7.0,9.0,10.0,7.0,19.0,R Madley
27/09/2025,Sheffield Weds,QPR,1.0,1.0,D,5.0,4.0,2.0,2.0,5.0,4.0,12.0,19.0,14.0,14.0,J Brooks
27/09/2025,Southampton,Middlesbrough,1.0,1.0,D,6.0,3.0,2.0,6.0,2.0,1.0,11.0,17.0,14.0,7.0,F Hallam
27/09/2025,Stoke,Norwich,1.0,1.0,D,12.0,2.0,0.0,3.0,6.0,3.0,11.0,9.0,23.0,6.0,E Bell
27/09/2025,Swansea,Millwall,1.0,1.0,D,6.0,4.0,1.0,2.0,2.0,3.0,7.0,20.0,13.0,11.0,D Whitestone
27/09/2025,Watford,Hull,2.0,1.0,H,6.0,6.0,1.0,5.0,8.0,4.0,7.0,16.0,21.0,11.0,O Langford
27/09/2025,Wrexham,Derby,1.0,1.0,D,4.0,3.0,1.0,5.0,5.0,3.0,9.0,16.0,10.0,5.0,T Nield
30/09/2025,Birmingham,Sheffield Weds,2.0,2.0,D,10.0,4.0,3.0,2.0,5.0,3.0,15.0,11.0,20.0,5.0,M Donohue
30/09/2025,Blackburn,Swansea,1.0,2.0,A,7.0,3.0,3.0,2.0,3.0,4.0,15.0,13.0,14.0,7.0,L Doughty
30/09/2025,Bristol City,Ipswich,1.0,1.0,D,3.0,6.0,4.0,2.0,3.0,3.0,14.0,11.0,13.0,15.0,J Busby
30/09/2025,Derby,Charlton,1.0,1.0,D,5.0,2.0,2.0,0.0,3.0,3.0,11.0,10.0,18.0,11.0,G Ward
30/09/2025,Hull,Preston,2.0,2.0,D,5.0,3.0,0.0,1.0,5.0,5.0,11.0,9.0,10.0,13.0,J Smith
30/09/2025,Leicester,Wrexham,1.0,1.0,D,7.0,1.0,3.0,1.0,1.0,1.0,9.0,7.0,16.0,9.0,E Bell
30/09/2025,Middlesbrough,Stoke,0.0,0.0,D,5.0,8.0,2.0,0.0,4.0,5.0,8.0,5.0,12.0,18.0,D Webb
30/09/2025,Sheffield United,Southampton,1.0,2.0,A,4.0,5.0,3.0,4.0,3.0,5.0,14.0,19.0,8.0,12.0,A Herczeg
01/10/2025,Millwall,Coventry,0.0,4.0,A,3.0,3.0,2.0,2.0,3.0,5.0,9.0,9.0,13.0,13.0,L Smith
01/10/2025,Norwich,West Brom,0.0,1.0,A,4.0,3.0,1.0,4.0,5.0,1.0,8.0,9.0,16.0,5.0,S Allison
01/10/2025,Portsmouth,Watford,2.0,2.0,D,3.0,3.0,2.0,5.0,5.0,6.0,9.0,15.0,15.0,12.0,B Toner
01/10/2025,QPR,Oxford,0.0,0.0,D,9.0,1.0,3.0,1.0,1.0,0.0,12.0,11.0,13.0,9.0,R Ricardo
03/10/2025,Wrexham,Birmingham,1.0,1.0,D,5.0,5.0,0.0,2.0,4.0,3.0,4.0,8.0,12.0,8.0,R Madley
04/10/2025,Blackburn,Stoke,1.0,1.0,D,7.0,6.0,1.0,1.0,5.0,6.0,5.0,9.0,17.0,11.0,R Ricardo
04/10/2025,Bristol City,QPR,1.0,2.0,A,4.0,1.0,5.0,1.0,1.0,2.0,9.0,8.0,11.0,8.0,E Duckworth
04/10/2025,Derby,Southampton,1.0,1.0,D,3.0,5.0,4.0,2.0,5.0,6.0,11.0,9.0,9.0,13.0,O Langford
04/10/2025,Hull,Sheffield United,1.0,0.0,H,4.0,9.0,2.0,2.0,2.0,4.0,13.0,13.0,5.0,13.0,G Ward
04/10/2025,Millwall,West Brom,3.0,0.0,H,4.0,5.0,1.0,2.0,4.0,1.0,17.0,8.0,11.0,10.0,T Robinson
04/10/2025,Portsmouth,Middlesbrough,1.0,0.0,H,2.0,8.0,2.0,1.0,1.0,1.0,13.0,6.0,8.0,12.0,A Backhouse
04/10/2025,Preston,Charlton,2.0,0.0,H,3.0,4.0,0.0,2.0,3.0,0.0,6.0,9.0,15.0,8.0,J Linington
04/10/2025,Sheffield Weds,Coventry,0.0,5.0,A,13.0,8.0,1.0,1.0,0.0,10.0,9.0,3.0,9.0,21.0,A Herczeg
04/10/2025,Swansea,Leicester,1.0,3.0,A,2.0,5.0,2.0,1.0,7.0,7.0,10.0,11.0,13.0,17.0,D Webb
04/10/2025,Watford,Oxford,2.0,1.0,H,9.0,3.0,3.0,4.0,10.0,5.0,6.0,9.0,27.0,15.0,L Smith
05/10/2025,Ipswich,Norwich,3.0,1.0,H,8.0,8.0,1.0,3.0,9.0,4.0,9.0,15.0,19.0,12.0,T Kirk
17/10/2025,Middlesbrough,Ipswich,2.0,1.0,H,5.0,9.0,3.0,1.0,5.0,5.0,12.0,14.0,15.0,17.0,M Donohue
18/10/2025,Birmingham,Hull,2.0,3.0,A,9.0,7.0,2.0,7.0,8.0,7.0,7.0,14.0,29.0,14.0,R Ricardo
18/10/2025,Charlton,Sheffield Weds,2.0,1.0,H,2.0,4.0,1.0,2.0,5.0,4.0,9.0,11.0,12.0,12.0,T Reeves
18/10/2025,Coventry,Blackburn,2.0,0.0,H,2.0,7.0,0.0,2.0,5.0,3.0,7.0,15.0,14.0,17.0,S Allison
18/10/2025,Leicester,Portsmouth,1.0,1.0,D,14.0,4.0,1.0,2.0,6.0,3.0,15.0,9.0,19.0,8.0,F Hallam
18/10/2025,Norwich,Bristol City,0.0,1.0,A,3.0,9.0,2.0,3.0,4.0,6.0,11.0,14.0,11.0,21.0,T Nield
18/10/2025,Oxford,Derby,1.0,0.0,H,4.0,12.0,4.0,1.0,7.0,1.0,9.0,12.0,19.0,6.0,J Bell
18/10/2025,QPR,Millwall,1.0,2.0,A,8.0,3.0,2.0,4.0,3.0,5.0,8.0,13.0,20.0,5.0,A Herczeg
18/10/2025,Sheffield United,Watford,1.0,0.0,H,7.0,3.0,0.0,1.0,6.0,1.0,5.0,8.0,18.0,13.0,R Madley
18/10/2025,Southampton,Swansea,0.0,0.0,D,5.0,3.0,0.0,4.0,8.0,1.0,11.0,14.0,21.0,6.0,J Smith
18/10/2025,Stoke,Wrexham,1.0,0.0,H,6.0,4.0,2.0,0.0,3.0,3.0,8.0,5.0,12.0,5.0,T Bramall
18/10/2025,West Brom,Preston,2.0,1.0,H,8.0,4.0,2.0,1.0,6.0,5.0,10.0,9.0,16.0,17.0,A Kitchen
21/10/2025,Blackburn,Sheffield United,1.0,3.0,A,5.0,5.0,1.0,1.0,3.0,5.0,6.0,10.0,12.0,11.0,D Webb
21/10/2025,Bristol City,Southampton,3.0,1.0,H,2.0,3.0,1.0,2.0,4.0,7.0,10.0,11.0,13.0,14.0,A Backhouse
21/10/2025,Derby,Norwich,1.0,0.0,H,5.0,13.0,2.0,1.0,3.0,3.0,13.0,7.0,8.0,17.0,B Toner
21/10/2025,Hull,Leicester,2.0,1.0,H,1.0,7.0,1.0,2.0,6.0,4.0,8.0,12.0,9.0,18.0,M Donohue
21/10/2025,Ipswich,Charlton,0.0,3.0,A,16.0,3.0,0.0,3.0,5.0,8.0,7.0,11.0,31.0,15.0,F Hallam
21/10/2025,Millwall,Stoke,2.0,0.0,H,3.0,2.0,2.0,1.0,7.0,3.0,13.0,7.0,15.0,10.0,J Linington
21/10/2025,Portsmouth,Coventry,1.0,2.0,A,6.0,5.0,1.0,1.0,5.0,7.0,5.0,12.0,15.0,19.0,G Ward
21/10/2025,Preston,Birmingham,0.0,1.0,A,9.0,3.0,2.0,5.0,6.0,2.0,8.0,14.0,17.0,9.0,L Smith
22/10/2025,Sheffield Weds,Middlesbrough,0.0,1.0,A,6.0,5.0,3.0,1.0,3.0,7.0,8.0,4.0,11.0,19.0,T Kirk
22/10/2025,Swansea,QPR,0.0,1.0,A,6.0,3.0,1.0,4.0,2.0,4.0,8.0,9.0,11.0,15.0,J Busby
22/10/2025,Watford,West Brom,2.0,1.0,H,4.0,5.0,0.0,2.0,5.0,4.0,12.0,8.0,19.0,9.0,L Doughty
22/10/2025,Wrexham,Oxford,1.0,0.0,H,6.0,3.0,3.0,1.0,6.0,2.0,12.0,12.0,11.0,6.0,E Bell
24/10/2025,Preston,Sheffield United,3.0,2.0,H,2.0,4.0,4.0,1.0,3.0,3.0,14.0,11.0,15.0,12.0,F Hallam
25/10/2025,Blackburn,Southampton,2.0,1.0,H,6.0,5.0,3.0,1.0,6.0,5.0,13.0,7.0,18.0,12.0,R Madley
25/10/2025,Bristol City,Birmingham,1.0,0.0,H,0.0,6.0,2.0,1.0,1.0,1.0,9.0,6.0,5.0,13.0,J Linington
25/10/2025,Coventry,Watford,3.0,1.0,H,5.0,7.0,3.0,2.0,3.0,8.0,10.0,8.0,12.0,13.0,D Whitestone
25/10/2025,Derby,QPR,1.0,0.0,H,5.0,2.0,2.0,2.0,4.0,1.0,13.0,10.0,12.0,6.0,E Bell
25/10/2025,Hull,Charlton,1.0,1.0,D,6.0,2.0,2.0,1.0,4.0,5.0,8.0,9.0,15.0,11.0,A Kitchen
25/10/2025,Ipswich,West Brom,1.0,0.0,H,4.0,5.0,1.0,1.0,4.0,1.0,12.0,8.0,15.0,10.0,J Smith
25/10/2025,Middlesbrough,Wrexham,1.0,1.0,D,4.0,4.0,0.0,5.0,4.0,2.0,8.0,17.0,14.0,6.0,S Martin
25/10/2025,Millwall,Leicester,1.0,0.0,H,5.0,9.0,1.0,2.0,4.0,3.0,12.0,8.0,9.0,12.0,J Bell
25/10/2025,Portsmouth,Stoke,0.0,1.0,A,6.0,2.0,2.0,3.0,3.0,2.0,8.0,15.0,14.0,11.0,T Kirk
25/10/2025,Sheffield Weds,Oxford,1.0,2.0,A,8.0,3.0,0.0,0.0,5.0,4.0,11.0,11.0,17.0,11.0,P Tierney
25/10/2025,Swansea,Norwich,2.0,1.0,H,2.0,3.0,3.0,1.0,3.0,3.0,13.0,12.0,9.0,7.0,A Herczeg
31/10/2025,Wrexham,Coventry,3.0,2.0,H,3.0,6.0,2.0,1.0,7.0,5.0,9.0,10.0,13.0,18.0,A Backhouse
01/11/2025,Birmingham,Portsmouth,4.0,0.0,H,9.0,5.0,1.0,2.0,7.0,0.0,12.0,10.0,19.0,5.0,A Kitchen
01/11/2025,Charlton,Swansea,1.0,1.0,D,4.0,7.0,0.0,0.0,4.0,2.0,10.0,8.0,11.0,11.0,D Webb
01/11/2025,Leicester,Blackburn,0.0,2.0,A,7.0,4.0,0.0,1.0,1.0,5.0,9.0,12.0,12.0,9.0,T Nield
01/11/2025,Norwich,Hull,0.0,2.0,A,6.0,4.0,1.0,2.0,3.0,4.0,8.0,12.0,15.0,9.0,J Smith
01/11/2025,Oxford,Millwall,2.0,2.0,D,5.0,8.0,0.0,0.0,6.0,4.0,5.0,14.0,14.0,11.0,F Hallam
01/11/2025,QPR,Ipswich,1.0,4.0,A,3.0,2.0,4.0,0.0,5.0,7.0,16.0,10.0,12.0,12.0,S Allison
01/11/2025,Sheffield United,Derby,1.0,3.0,A,9.0,4.0,2.0,1.0,5.0,4.0,10.0,11.0,15.0,12.0,M Salisbury
01/11/2025,Southampton,Preston,0.0,2.0,A,8.0,2.0,1.0,3.0,2.0,3.0,11.0,18.0,10.0,12.0,M Donohue
01/11/2025,Stoke,Bristol City,5.0,1.0,H,4.0,10.0,3.0,0.0,8.0,5.0,13.0,10.0,13.0,16.0,J Bell
01/11/2025,Watford,Middlesbrough,3.0,0.0,H,1.0,7.0,2.0,1.0,4.0,4.0,15.0,11.0,9.0,14.0,J Busby
01/11/2025,West Brom,Sheffield Weds,0.0,0.0,D,8.0,3.0,1.0,1.0,6.0,2.0,17.0,14.0,13.0,5.0,B Toner
04/11/2025,Birmingham,Millwall,4.0,0.0,H,2.0,3.0,0.0,0.0,6.0,2.0,3.0,12.0,12.0,4.0,G Ward
04/11/2025,Bristol City,Blackburn,0.0,1.0,A,6.0,3.0,0.0,3.0,0.0,5.0,8.0,10.0,12.0,16.0,D Whitestone
04/11/2025,Charlton,West Brom,1.0,0.0,H,4.0,3.0,0.0,0.0,3.0,1.0,13.0,12.0,11.0,13.0,L Smith
04/11/2025,Coventry,Sheffield United,3.0,1.0,H,6.0,13.0,3.0,2.0,8.0,4.0,5.0,14.0,17.0,11.0,J Linington
04/11/2025,Derby,Hull,2.0,1.0,H,6.0,5.0,1.0,0.0,3.0,2.0,13.0,7.0,9.0,8.0,S Martin
04/11/2025,Ipswich,Watford,1.0,1.0,D,2.0,5.0,1.0,2.0,4.0,2.0,2.0,14.0,16.0,4.0,D Webb
04/11/2025,Leicester,Middlesbrough,1.0,1.0,D,3.0,6.0,6.0,1.0,2.0,4.0,18.0,11.0,6.0,17.0,A Herczeg
04/11/2025,Oxford,Stoke,0.0,3.0,A,10.0,7.0,1.0,3.0,1.0,6.0,6.0,13.0,16.0,14.0,L Doughty
05/11/2025,Portsmouth,Wrexham,0.0,0.0,D,10.0,3.0,3.0,3.0,7.0,3.0,9.0,8.0,19.0,8.0,R Madley
05/11/2025,Preston,Swansea,2.0,1.0,H,2.0,8.0,3.0,1.0,3.0,5.0,12.0,5.0,4.0,18.0,A Backhouse
05/11/2025,QPR,Southampton,1.0,2.0,A,12.0,1.0,1.0,3.0,5.0,2.0,12.0,14.0,20.0,9.0,J Bell
05/11/2025,Sheffield Weds,Norwich,1.0,1.0,D,9.0,4.0,0.0,4.0,6.0,3.0,9.0,8.0,15.0,13.0,E Duckworth
07/11/2025,Watford,Bristol City,1.0,1.0,D,6.0,4.0,2.0,1.0,10.0,4.0,10.0,9.0,16.0,10.0,P Tierney
08/11/2025,Blackburn,Derby,1.0,2.0,A,13.0,3.0,1.0,3.0,3.0,4.0,6.0,11.0,8.0,6.0,T Kirk
08/11/2025,Hull,Portsmouth,3.0,2.0,H,5.0,5.0,1.0,3.0,4.0,5.0,6.0,14.0,13.0,13.0,T Nield
08/11/2025,Middlesbrough,Birmingham,2.0,1.0,H,3.0,5.0,1.0,1.0,4.0,5.0,9.0,13.0,8.0,13.0,S Allison
08/11/2025,Millwall,Preston,1.0,1.0,D,10.0,6.0,2.0,2.0,4.0,6.0,11.0,10.0,14.0,8.0,S Martin
08/11/2025,Norwich,Leicester,1.0,2.0,A,6.0,3.0,1.0,1.0,3.0,7.0,17.0,10.0,8.0,14.0,D Whitestone
08/11/2025,Sheffield United,QPR,0.0,0.0,D,14.0,5.0,0.0,2.0,3.0,4.0,6.0,7.0,20.0,13.0,L Smith
08/11/2025,Southampton,Sheffield Weds,3.0,1.0,H,4.0,5.0,2.0,2.0,7.0,3.0,8.0,16.0,12.0,11.0,R Ricardo
08/11/2025,Stoke,Coventry,0.0,1.0,A,3.0,6.0,3.0,3.0,2.0,3.0,9.0,9.0,10.0,17.0,J Busby
08/11/2025,Swansea,Ipswich,1.0,4.0,A,4.0,5.0,5.0,3.0,4.0,4.0,13.0,14.0,9.0,11.0,E Duckworth
08/11/2025,West Brom,Oxford,2.0,1.0,H,11.0,5.0,0.0,0.0,6.0,4.0,6.0,6.0,26.0,9.0,J Miles
08/11/2025,Wrexham,Charlton,1.0,0.0,H,8.0,2.0,1.0,4.0,6.0,4.0,9.0,10.0,18.0,11.0,L Doughty
21/11/2025,Preston,Blackburn,1.0,2.0,A,3.0,7.0,1.0,0.0,4.0,6.0,11.0,3.0,15.0,12.0,P Tierney
22/11/2025,Birmingham,Norwich,4.0,1.0,H,3.0,8.0,1.0,2.0,6.0,7.0,10.0,8.0,16.0,15.0,A Backhouse
22/11/2025,Bristol City,Swansea,3.0,0.0,H,5.0,6.0,2.0,0.0,8.0,5.0,10.0,7.0,15.0,17.0,J Smith
22/11/2025,Charlton,Southampton,1.0,5.0,A,3.0,4.0,4.0,0.0,2.0,8.0,15.0,6.0,12.0,23.0,S Martin
22/11/2025,Coventry,West Brom,3.0,2.0,H,8.0,1.0,2.0,1.0,11.0,5.0,10.0,9.0,24.0,7.0,A Kitchen
22/11/2025,Derby,Watford,2.0,3.0,A,9.0,3.0,2.0,1.0,2.0,4.0,8.0,15.0,9.0,14.0,G Ward
22/11/2025,Ipswich,Wrexham,0.0,0.0,D,5.0,2.0,2.0,3.0,8.0,0.0,9.0,17.0,19.0,2.0,D Whitestone
22/11/2025,Leicester,Stoke,2.0,1.0,H,0.0,10.0,6.0,2.0,2.0,5.0,16.0,11.0,6.0,11.0,M Donohue
22/11/2025,Oxford,Middlesbrough,1.0,1.0,D,1.0,8.0,3.0,2.0,2.0,3.0,16.0,12.0,9.0,19.0,B Toner
22/11/2025,Portsmouth,Millwall,3.0,1.0,H,3.0,4.0,2.0,1.0,7.0,2.0,10.0,12.0,15.0,7.0,M Salisbury
22/11/2025,QPR,Hull,3.0,2.0,H,9.0,5.0,0.0,1.0,8.0,4.0,8.0,9.0,26.0,8.0,J Linington
23/11/2025,Sheffield Weds,Sheffield United,0.0,3.0,A,4.0,7.0,3.0,0.0,0.0,7.0,13.0,8.0,5.0,11.0,D Webb
25/11/2025,Hull,Ipswich,0.0,2.0,A,3.0,6.0,2.0,2.0,2.0,6.0,12.0,10.0,11.0,16.0,L Smith
25/11/2025,Middlesbrough,Coventry,2.0,4.0,A,8.0,3.0,0.0,0.0,2.0,8.0,12.0,16.0,11.0,20.0,M Donohue
25/11/2025,Norwich,Oxford,1.0,1.0,D,8.0,4.0,1.0,0.0,6.0,4.0,8.0,10.0,15.0,12.0,T Reeves
25/11/2025,Southampton,Leicester,3.0,0.0,H,11.0,3.0,1.0,0.0,8.0,2.0,8.0,13.0,18.0,7.0,G Ward
25/11/2025,Stoke,Charlton,3.0,0.0,H,5.0,0.0,1.0,1.0,4.0,2.0,13.0,13.0,15.0,4.0,T Nield
25/11/2025,Swansea,Derby,1.0,2.0,A,4.0,2.0,0.0,2.0,4.0,5.0,10.0,20.0,9.0,13.0,A Kitchen
25/11/2025,Watford,Preston,1.0,1.0,D,6.0,2.0,2.0,4.0,5.0,3.0,11.0,10.0,24.0,9.0,J Bell
26/11/2025,Blackburn,QPR,0.0,1.0,A,6.0,4.0,3.0,0.0,1.0,3.0,14.0,6.0,9.0,10.0,A Herczeg
26/11/2025,Millwall,Sheffield Weds,1.0,0.0,H,9.0,5.0,0.0,3.0,8.0,3.0,7.0,11.0,24.0,11.0,J Miles
26/11/2025,Sheffield United,Portsmouth,3.0,0.0,H,7.0,2.0,0.0,1.0,5.0,2.0,7.0,10.0,15.0,4.0,L Doughty
26/11/2025,West Brom,Birmingham,1.0,1.0,D,3.0,3.0,1.0,2.0,4.0,4.0,7.0,12.0,13.0,14.0,T Kirk
26/11/2025,Wrexham,Bristol City,2.0,0.0,H,2.0,4.0,1.0,2.0,4.0,3.0,10.0,8.0,12.0,13.0,R Ricardo
28/11/2025,Oxford,Ipswich,2.0,1.0,H,3.0,6.0,0.0,0.0,8.0,7.0,13.0,5.0,13.0,17.0,M Donohue
29/11/2025,Coventry,Charlton,3.0,1.0,H,6.0,3.0,1.0,1.0,8.0,4.0,3.0,12.0,26.0,9.0,D Webb
29/11/2025,Leicester,Sheffield United,2.0,3.0,A,4.0,9.0,2.0,1.0,3.0,3.0,12.0,9.0,15.0,13.0,A Backhouse
29/11/2025,Middlesbrough,Derby,2.0,1.0,H,9.0,8.0,0.0,2.0,4.0,1.0,9.0,13.0,21.0,6.0,J Linington
29/11/2025,Millwall,Southampton,3.0,2.0,H,9.0,6.0,1.0,2.0,7.0,8.0,11.0,6.0,21.0,11.0,B Toner
29/11/2025,Norwich,QPR,3.0,1.0,H,9.0,6.0,2.0,2.0,6.0,5.0,4.0,14.0,17.0,12.0,L Smith
29/11/2025,Portsmouth,Bristol City,0.0,1.0,A,4.0,4.0,3.0,0.0,2.0,5.0,11.0,12.0,13.0,15.0,S Allison
29/11/2025,Sheffield Weds,Preston,2.0,3.0,A,3.0,3.0,1.0,1.0,5.0,5.0,10.0,12.0,12.0,7.0,O Langford
29/11/2025,Stoke,Hull,1.0,2.0,A,7.0,8.0,2.0,4.0,7.0,6.0,12.0,15.0,12.0,11.0,L Doughty
29/11/2025,West Brom,Swansea,3.0,2.0,H,7.0,1.0,1.0,2.0,10.0,2.0,11.0,13.0,26.0,3.0,T Nield
29/11/2025,Wrexham,Blackburn,1.0,1.0,D,7.0,7.0,1.0,3.0,2.0,3.0,6.0,11.0,16.0,12.0,T Reeves
01/12/2025,Birmingham,Watford,2.0,1.0,H,6.0,6.0,3.0,2.0,5.0,4.0,11.0,10.0,13.0,12.0,A Herczeg
02/12/2025,Blackburn,Ipswich,1.0,1.0,D,9.0,3.0,1.0,3.0,3.0,2.0,12.0,11.0,14.0,11.0,O Langford
05/12/2025,Hull,Middlesbrough,1.0,4.0,A,2.0,5.0,1.0,0.0,2.0,5.0,17.0,11.0,5.0,10.0,D Whitestone
06/12/2025,Bristol City,Millwall,0.0,1.0,A,8.0,1.0,1.0,5.0,3.0,6.0,7.0,18.0,13.0,12.0,E Duckworth
06/12/2025,Derby,Leicester,1.0,3.0,A,6.0,3.0,3.0,2.0,5.0,4.0,11.0,11.0,18.0,5.0,J Smith
06/12/2025,Ipswich,Coventry,3.0,0.0,H,2.0,5.0,5.0,2.0,6.0,5.0,14.0,9.0,10.0,11.0,P Tierney
06/12/2025,Preston,Wrexham,1.0,1.0,D,16.0,2.0,1.0,1.0,7.0,3.0,8.0,6.0,24.0,9.0,L Smith
06/12/2025,QPR,West Brom,3.0,1.0,H,4.0,3.0,1.0,1.0,4.0,5.0,11.0,5.0,9.0,13.0,G Ward
06/12/2025,Sheffield United,Stoke,4.0,0.0,H,9.0,7.0,1.0,2.0,8.0,1.0,8.0,13.0,19.0,7.0,S Martin
06/12/2025,Southampton,Birmingham,3.0,1.0,H,7.0,8.0,1.0,1.0,8.0,4.0,9.0,11.0,18.0,22.0,D Webb
06/12/2025,Swansea,Oxford,2.0,0.0,H,10.0,2.0,2.0,4.0,4.0,4.0,8.0,13.0,15.0,12.0,A Backhouse
06/12/2025,Watford,Norwich,3.0,2.0,H,6.0,5.0,1.0,2.0,6.0,4.0,12.0,5.0,13.0,15.0,T Nield
09/12/2025,Blackburn,Oxford,1.0,1.0,D,9.0,3.0,1.0,2.0,5.0,1.0,9.0,14.0,16.0,6.0,L Doughty
09/12/2025,Charlton,Middlesbrough,1.0,2.0,A,5.0,5.0,4.0,1.0,3.0,7.0,18.0,5.0,6.0,13.0,O Langford
09/12/2025,Preston,Coventry,1.0,1.0,D,4.0,8.0,1.0,0.0,2.0,5.0,9.0,9.0,6.0,21.0,B Toner
09/12/2025,QPR,Birmingham,2.0,1.0,H,6.0,3.0,2.0,1.0,3.0,1.0,11.0,8.0,16.0,3.0,J Bell
09/12/2025,Sheffield United,Norwich,1.0,1.0,D,6.0,2.0,2.0,3.0,4.0,6.0,13.0,13.0,17.0,13.0,J Smith
09/12/2025,Southampton,West Brom,3.0,2.0,H,2.0,9.0,2.0,2.0,4.0,7.0,12.0,13.0,8.0,18.0,S Allison
09/12/2025,Swansea,Portsmouth,1.0,0.0,H,5.0,6.0,2.0,3.0,6.0,3.0,6.0,9.0,15.0,10.0,T Reeves
09/12/2025,Watford,Sheffield Weds,1.0,1.0,D,7.0,4.0,1.0,1.0,9.0,1.0,14.0,4.0,23.0,4.0,D Whitestone
10/12/2025,Bristol City,Leicester,2.0,2.0,D,10.0,3.0,2.0,3.0,11.0,5.0,10.0,15.0,21.0,12.0,J Linington
10/12/2025,Derby,Millwall,1.0,1.0,D,11.0,7.0,2.0,3.0,4.0,2.0,9.0,13.0,13.0,12.0,T Kirk
10/12/2025,Hull,Wrexham,2.0,0.0,H,8.0,2.0,0.0,1.0,6.0,1.0,8.0,6.0,19.0,8.0,A Kitchen
10/12/2025,Ipswich,Stoke,1.0,0.0,H,3.0,4.0,1.0,1.0,6.0,1.0,11.0,11.0,16.0,6.0,A Herczeg
12/12/2025,West Brom,Sheffield United,2.0,0.0,H,8.0,4.0,0.0,1.0,5.0,3.0,8.0,10.0,16.0,11.0,M Donohue
13/12/2025,Birmingham,Charlton,1.0,1.0,D,10.0,3.0,3.0,4.0,5.0,1.0,9.0,8.0,24.0,7.0,A Kitchen
13/12/2025,Coventry,Bristol City,1.0,0.0,H,4.0,5.0,1.0,3.0,4.0,8.0,13.0,15.0,21.0,15.0,S Martin
13/12/2025,Leicester,Ipswich,3.0,1.0,H,6.0,5.0,1.0,2.0,4.0,2.0,9.0,9.0,11.0,13.0,T Kirk
13/12/2025,Middlesbrough,QPR,3.0,1.0,H,9.0,4.0,1.0,0.0,7.0,5.0,13.0,8.0,18.0,13.0,J Smith
13/12/2025,Millwall,Hull,1.0,3.0,A,5.0,1.0,0.0,3.0,6.0,6.0,12.0,7.0,11.0,10.0,G Ward
13/12/2025,Norwich,Southampton,2.0,1.0,H,6.0,5.0,2.0,2.0,5.0,4.0,15.0,10.0,16.0,12.0,J Bell
13/12/2025,Oxford,Preston,1.0,2.0,A,9.0,9.0,1.0,2.0,8.0,2.0,10.0,9.0,24.0,8.0,J Linington
13/12/2025,Portsmouth,Blackburn,2.0,1.0,H,7.0,6.0,2.0,3.0,7.0,2.0,9.0,14.0,18.0,11.0,T Robinson
13/12/2025,Stoke,Swansea,2.0,1.0,H,6.0,7.0,3.0,4.0,5.0,6.0,16.0,14.0,8.0,14.0,R Ricardo
13/12/2025,Wrexham,Watford,2.0,2.0,D,7.0,1.0,3.0,6.0,3.0,3.0,10.0,9.0,16.0,12.0,J Miles
15/12/2025,Sheffield Weds,Derby,0.0,3.0,A,1.0,5.0,4.0,1.0,1.0,7.0,10.0,8.0,3.0,15.0,L Smith
19/12/2025,Swansea,Wrexham,2.0,1.0,H,5.0,7.0,2.0,2.0,5.0,1.0,8.0,10.0,22.0,5.0,O Langford
20/12/2025,Blackburn,Millwall,2.0,0.0,H,3.0,6.0,3.0,3.0,5.0,3.0,9.0,18.0,11.0,10.0,S Allison
20/12/2025,Bristol City,Middlesbrough,2.0,0.0,H,3.0,13.0,2.0,3.0,8.0,3.0,6.0,5.0,13.0,28.0,A Backhouse
20/12/2025,Charlton,Oxford,1.0,0.0,H,5.0,6.0,2.0,1.0,4.0,1.0,15.0,7.0,13.0,12.0,E Bell
20/12/2025,Derby,Portsmouth,1.0,1.0,D,6.0,4.0,1.0,1.0,6.0,1.0,7.0,4.0,12.0,4.0,F Hallam
20/12/2025,Hull,West Brom,1.0,0.0,H,8.0,3.0,4.0,4.0,1.0,1.0,14.0,17.0,10.0,13.0,R Ricardo
20/12/2025,Ipswich,Sheffield Weds,3.0,1.0,H,5.0,3.0,1.0,1.0,8.0,3.0,9.0,9.0,20.0,11.0,D Webb
20/12/2025,Preston,Norwich,1.0,1.0,D,4.0,3.0,2.0,3.0,4.0,1.0,11.0,17.0,11.0,8.0,S Martin
20/12/2025,QPR,Leicester,4.0,1.0,H,2.0,3.0,1.0,2.0,6.0,2.0,10.0,13.0,12.0,9.0,T Nield
20/12/2025,Sheffield United,Birmingham,3.0,0.0,H,8.0,4.0,1.0,3.0,9.0,1.0,6.0,13.0,20.0,7.0,S Hooper
20/12/2025,Southampton,Coventry,1.0,1.0,D,7.0,2.0,1.0,1.0,7.0,4.0,10.0,11.0,23.0,8.0,A Herczeg
20/12/2025,Watford,Stoke,1.0,0.0,H,7.0,5.0,3.0,3.0,5.0,1.0,10.0,12.0,10.0,7.0,B Toner
26/12/2025,Birmingham,Derby,1.0,1.0,D,12.0,1.0,3.0,1.0,9.0,1.0,17.0,13.0,25.0,5.0,B Toner
26/12/2025,Coventry,Swansea,1.0,0.0,H,7.0,4.0,0.0,2.0,7.0,2.0,13.0,13.0,16.0,11.0,S Allison
26/12/2025,Leicester,Watford,1.0,2.0,A,5.0,6.0,3.0,2.0,2.0,3.0,14.0,8.0,9.0,13.0,J Smith
26/12/2025,Middlesbrough,Blackburn,0.0,0.0,D,4.0,4.0,2.0,2.0,2.0,2.0,11.0,9.0,10.0,13.0,J Bell
26/12/2025,Millwall,Ipswich,0.0,0.0,D,2.0,4.0,1.0,2.0,6.0,4.0,11.0,12.0,11.0,16.0,T Robinson
26/12/2025,Norwich,Charlton,1.0,0.0,H,5.0,6.0,3.0,2.0,5.0,0.0,9.0,17.0,14.0,4.0,M Donohue
26/12/2025,Oxford,Southampton,2.0,1.0,H,5.0,7.0,2.0,1.0,6.0,5.0,14.0,9.0,17.0,19.0,L Doughty
26/12/2025,Portsmouth,QPR,1.0,1.0,D,9.0,3.0,1.0,2.0,2.0,3.0,9.0,14.0,8.0,8.0,J Linington
26/12/2025,Sheffield Weds,Hull,2.0,2.0,D,4.0,4.0,2.0,4.0,3.0,6.0,5.0,12.0,12.0,14.0,S Martin
26/12/2025,Stoke,Preston,0.0,0.0,D,10.0,2.0,4.0,2.0,3.0,4.0,8.0,12.0,14.0,8.0,T Kirk
26/12/2025,West Brom,Bristol City,1.0,2.0,A,9.0,4.0,1.0,3.0,4.0,3.0,14.0,10.0,16.0,6.0,W Finnie
26/12/2025,Wrexham,Sheffield United,5.0,3.0,H,7.0,5.0,1.0,2.0,8.0,7.0,7.0,12.0,18.0,13.0,A Kitchen
29/12/2025,Birmingham,Southampton,1.0,1.0,D,2.0,5.0,1.0,2.0,4.0,5.0,10.0,15.0,20.0,13.0,M Donohue
29/12/2025,Coventry,Ipswich,0.0,2.0,A,3.0,6.0,1.0,2.0,3.0,7.0,12.0,14.0,10.0,18.0,A Backhouse
29/12/2025,Leicester,Derby,2.0,1.0,H,3.0,4.0,1.0,2.0,2.0,2.0,10.0,12.0,8.0,9.0,G Ward
29/12/2025,Middlesbrough,Hull,0.0,1.0,A,10.0,2.0,1.0,4.0,5.0,1.0,11.0,11.0,23.0,4.0,L Doughty
29/12/2025,Millwall,Bristol City,2.0,1.0,H,1.0,8.0,4.0,1.0,2.0,3.0,15.0,8.0,8.0,16.0,D Webb
29/12/2025,Norwich,Watford,0.0,1.0,A,8.0,3.0,0.0,1.0,1.0,2.0,8.0,6.0,9.0,8.0,M Corlett
29/12/2025,Oxford,Swansea,0.0,1.0,A,1.0,5.0,2.0,4.0,2.0,5.0,13.0,11.0,11.0,10.0,A Herczeg
29/12/2025,Portsmouth,Charlton,2.0,1.0,H,5.0,11.0,2.0,2.0,5.0,4.0,11.0,16.0,15.0,16.0,P Tierney
29/12/2025,Sheffield Weds,Blackburn,0.0,0.0,D,2.0,7.0,2.0,3.0,0.0,2.0,12.0,11.0,5.0,14.0,O Langford
29/12/2025,Stoke,Sheffield United,1.0,2.0,A,6.0,2.0,0.0,1.0,3.0,4.0,9.0,4.0,7.0,15.0,J Busby
29/12/2025,West Brom,QPR,2.0,1.0,H,9.0,4.0,0.0,2.0,4.0,0.0,6.0,10.0,12.0,3.0,L Smith
29/12/2025,Wrexham,Preston,2.0,1.0,H,3.0,3.0,0.0,0.0,6.0,4.0,11.0,10.0,14.0,13.0,R Ricardo
01/01/2026,Blackburn,Wrexham,0.0,2.0,A,4.0,8.0,4.0,2.0,1.0,3.0,14.0,10.0,12.0,7.0,T Kirk
01/01/2026,Bristol City,Portsmouth,5.0,0.0,H,1.0,1.0,0.0,1.0,7.0,2.0,6.0,14.0,14.0,5.0,J Bell
01/01/2026,Charlton,Coventry,1.0,1.0,D,9.0,3.0,3.0,2.0,3.0,7.0,10.0,7.0,15.0,20.0,J Smith
01/01/2026,Derby,Middlesbrough,1.0,0.0,H,4.0,9.0,2.0,2.0,3.0,5.0,12.0,9.0,7.0,19.0,R Ricardo
01/01/2026,Hull,Stoke,0.0,1.0,A,6.0,6.0,3.0,2.0,1.0,6.0,13.0,13.0,15.0,12.0,C Pawson
01/01/2026,Ipswich,Oxford,2.0,1.0,H,9.0,2.0,1.0,4.0,6.0,1.0,9.0,12.0,19.0,8.0,W Finnie
01/01/2026,Preston,Sheffield Weds,3.0,0.0,H,4.0,7.0,2.0,0.0,7.0,1.0,10.0,8.0,12.0,6.0,G Ward
01/01/2026,QPR,Norwich,1.0,2.0,A,7.0,3.0,0.0,3.0,2.0,5.0,10.0,10.0,10.0,11.0,D Whitestone
01/01/2026,Sheffield United,Leicester,3.0,1.0,H,7.0,3.0,1.0,2.0,5.0,1.0,13.0,10.0,13.0,6.0,F Hallam
01/01/2026,Southampton,Millwall,0.0,0.0,D,6.0,6.0,1.0,3.0,2.0,3.0,6.0,11.0,12.0,12.0,T Nield
01/01/2026,Swansea,West Brom,1.0,0.0,H,4.0,5.0,2.0,5.0,3.0,7.0,7.0,15.0,13.0,12.0,J Linington
01/01/2026,Watford,Birmingham,3.0,0.0,H,4.0,4.0,1.0,2.0,6.0,2.0,5.0,14.0,13.0,6.0,L Smith
04/01/2026,Birmingham,Coventry,3.0,2.0,H,2.0,6.0,3.0,1.0,4.0,6.0,13.0,8.0,9.0,17.0,J Linington
04/01/2026,Blackburn,Charlton,2.0,2.0,D,2.0,5.0,1.0,4.0,5.0,4.0,9.0,18.0,17.0,11.0,D Webb
04/01/2026,Bristol City,Preston,0.0,2.0,A,6.0,3.0,0.0,2.0,2.0,3.0,11.0,14.0,11.0,12.0,P Tierney
04/01/2026,Derby,Wrexham,1.0,2.0,A,12.0,2.0,1.0,2.0,5.0,3.0,9.0,8.0,13.0,11.0,M Corlett
04/01/2026,Middlesbrough,Southampton,4.0,0.0,H,11.0,5.0,0.0,4.0,5.0,5.0,7.0,12.0,22.0,16.0,O Langford
04/01/2026,Millwall,Swansea,2.0,1.0,H,12.0,3.0,2.0,0.0,9.0,7.0,12.0,8.0,17.0,13.0,J Busby
04/01/2026,Norwich,Stoke,0.0,2.0,A,3.0,3.0,1.0,2.0,1.0,4.0,9.0,10.0,7.0,14.0,F Hallam
04/01/2026,QPR,Sheffield Weds,3.0,0.0,H,5.0,2.0,0.0,0.0,7.0,2.0,9.0,14.0,13.0,4.0,S Allison
05/01/2026,Leicester,West Brom,2.0,1.0,H,4.0,4.0,1.0,0.0,3.0,8.0,9.0,7.0,11.0,16.0,S Martin
16/01/2026,West Brom,Middlesbrough,2.0,3.0,A,4.0,1.0,2.0,0.0,6.0,5.0,11.0,4.0,12.0,9.0,J Smith
17/01/2026,Charlton,Sheffield United,1.0,0.0,H,9.0,7.0,4.0,1.0,4.0,2.0,13.0,7.0,12.0,11.0,O Langford
17/01/2026,Coventry,Leicester,2.0,1.0,H,5.0,3.0,1.0,4.0,6.0,6.0,8.0,14.0,19.0,14.0,L Smith
17/01/2026,Ipswich,Blackburn,3.0,0.0,H,7.0,6.0,0.0,4.0,7.0,0.0,6.0,15.0,17.0,10.0,A Kitchen
17/01/2026,Oxford,Bristol City,0.0,0.0,D,6.0,5.0,2.0,3.0,3.0,1.0,9.0,12.0,9.0,6.0,T Robinson
17/01/2026,Preston,Derby,0.0,1.0,A,5.0,10.0,2.0,5.0,2.0,4.0,7.0,12.0,13.0,18.0,F Hallam
17/01/2026,Sheffield Weds,Portsmouth,0.0,1.0,A,7.0,6.0,0.0,2.0,1.0,3.0,15.0,10.0,7.0,12.0,J Busby
17/01/2026,Southampton,Hull,1.0,2.0,A,8.0,2.0,0.0,2.0,7.0,3.0,5.0,15.0,22.0,9.0,S Allison
17/01/2026,Stoke,QPR,0.0,0.0,D,6.0,2.0,3.0,4.0,3.0,2.0,11.0,10.0,12.0,7.0,M Donohue
17/01/2026,Swansea,Birmingham,1.0,1.0,D,5.0,5.0,0.0,0.0,4.0,1.0,10.0,14.0,19.0,12.0,T Nield
17/01/2026,Watford,Millwall,0.0,2.0,A,4.0,4.0,4.0,4.0,3.0,4.0,7.0,22.0,9.0,13.0,R Ricardo
17/01/2026,Wrexham,Norwich,1.0,2.0,A,7.0,1.0,0.0,1.0,3.0,3.0,8.0,9.0,17.0,7.0,W Finnie
20/01/2026,Charlton,Derby,1.0,2.0,A,4.0,0.0,0.0,2.0,4.0,5.0,12.0,14.0,11.0,15.0,J Linington
20/01/2026,Coventry,Millwall,2.0,1.0,H,4.0,3.0,2.0,1.0,4.0,4.0,7.0,12.0,15.0,14.0,A Kitchen
20/01/2026,Ipswich,Bristol City,2.0,0.0,H,9.0,2.0,1.0,6.0,3.0,3.0,19.0,14.0,11.0,8.0,D Whitestone
20/01/2026,Oxford,QPR,0.0,0.0,D,2.0,6.0,1.0,2.0,1.0,2.0,13.0,11.0,9.0,14.0,W Finnie
20/01/2026,Preston,Hull,0.0,3.0,A,6.0,6.0,2.0,3.0,5.0,9.0,13.0,12.0,17.0,17.0,S Martin
20/01/2026,Sheffield Weds,Birmingham,0.0,2.0,A,3.0,11.0,2.0,1.0,1.0,7.0,9.0,10.0,7.0,22.0,L Doughty
20/01/2026,Swansea,Blackburn,3.0,1.0,H,4.0,3.0,2.0,3.0,4.0,2.0,10.0,14.0,14.0,5.0,A Backhouse
20/01/2026,West Brom,Norwich,0.0,5.0,A,10.0,2.0,3.0,1.0,2.0,7.0,13.0,9.0,13.0,9.0,J Bell
20/01/2026,Wrexham,Leicester,1.0,1.0,D,3.0,1.0,1.0,2.0,3.0,4.0,12.0,12.0,16.0,5.0,M Donohue
21/01/2026,Southampton,Sheffield United,1.0,0.0,H,6.0,7.0,3.0,1.0,3.0,4.0,11.0,14.0,15.0,16.0,T Kirk
21/01/2026,Stoke,Middlesbrough,1.0,2.0,A,5.0,4.0,1.0,1.0,4.0,7.0,11.0,10.0,10.0,16.0,A Herczeg
21/01/2026,Watford,Portsmouth,1.0,1.0,D,8.0,7.0,1.0,1.0,4.0,2.0,9.0,12.0,15.0,10.0,B Toner
23/01/2026,Derby,West Brom,1.0,1.0,D,1.0,6.0,2.0,3.0,1.0,4.0,14.0,13.0,5.0,12.0,A Backhouse
24/01/2026,Birmingham,Stoke,1.0,1.0,D,6.0,6.0,1.0,1.0,5.0,1.0,7.0,10.0,18.0,7.0,J Bell
24/01/2026,Blackburn,Watford,1.0,1.0,D,7.0,8.0,0.0,2.0,3.0,4.0,8.0,7.0,7.0,14.0,A Herczeg
24/01/2026,Bristol City,Sheffield Weds,2.0,0.0,H,9.0,7.0,0.0,0.0,7.0,0.0,6.0,13.0,16.0,3.0,B Speedie
24/01/2026,Hull,Swansea,2.0,1.0,H,6.0,7.0,3.0,2.0,7.0,4.0,13.0,6.0,10.0,16.0,J Smith
24/01/2026,Leicester,Oxford,1.0,2.0,A,12.0,4.0,0.0,3.0,4.0,2.0,13.0,11.0,13.0,8.0,J Linington
24/01/2026,Middlesbrough,Preston,4.0,0.0,H,8.0,3.0,0.0,2.0,8.0,1.0,11.0,19.0,16.0,4.0,A Madley
24/01/2026,Millwall,Charlton,4.0,0.0,H,6.0,3.0,1.0,1.0,6.0,1.0,8.0,13.0,23.0,3.0,G Ward
24/01/2026,QPR,Wrexham,2.0,3.0,A,7.0,3.0,1.0,2.0,3.0,7.0,13.0,13.0,13.0,11.0,O Langford
24/01/2026,Sheffield United,Ipswich,3.0,1.0,H,4.0,5.0,0.0,4.0,8.0,5.0,15.0,11.0,15.0,11.0,T Nield
25/01/2026,Portsmouth,Southampton,1.0,1.0,D,4.0,2.0,2.0,1.0,3.0,4.0,9.0,14.0,14.0,6.0,L Smith
26/01/2026,Norwich,Coventry,2.0,1.0,H,4.0,7.0,1.0,1.0,5.0,5.0,10.0,9.0,16.0,16.0,T Kirk
30/01/2026,Bristol City,Derby,0.0,5.0,A,4.0,1.0,1.0,1.0,1.0,7.0,9.0,15.0,7.0,17.0,T Nield
31/01/2026,Blackburn,Hull,0.0,1.0,A,8.0,4.0,2.0,0.0,3.0,4.0,6.0,10.0,9.0,12.0,T Bramall
31/01/2026,Ipswich,Preston,1.0,1.0,D,9.0,3.0,1.0,2.0,5.0,4.0,11.0,10.0,16.0,11.0,J Busby
31/01/2026,Leicester,Charlton,0.0,2.0,A,6.0,2.0,0.0,2.0,1.0,5.0,8.0,11.0,21.0,9.0,A Kitchen
31/01/2026,Middlesbrough,Norwich,1.0,0.0,H,3.0,5.0,2.0,2.0,5.0,3.0,12.0,18.0,9.0,8.0,B Toner
31/01/2026,Millwall,Sheffield United,1.0,1.0,D,6.0,8.0,2.0,1.0,6.0,6.0,9.0,8.0,14.0,12.0,L Smith
31/01/2026,Oxford,Birmingham,0.0,2.0,A,4.0,4.0,2.0,2.0,4.0,2.0,7.0,12.0,10.0,11.0,S Martin
31/01/2026,Portsmouth,West Brom,3.0,0.0,H,3.0,3.0,0.0,2.0,6.0,1.0,7.0,11.0,20.0,4.0,M Donohue
31/01/2026,QPR,Coventry,2.0,1.0,H,5.0,5.0,1.0,2.0,8.0,2.0,7.0,8.0,15.0,9.0,J Smith
31/01/2026,Sheffield Weds,Wrexham,0.0,1.0,A,3.0,8.0,0.0,0.0,2.0,4.0,13.0,7.0,5.0,12.0,D Webb
31/01/2026,Stoke,Southampton,0.0,2.0,A,4.0,5.0,2.0,3.0,3.0,4.0,8.0,18.0,10.0,11.0,F Hallam
31/01/2026,Watford,Swansea,0.0,2.0,A,5.0,8.0,1.0,2.0,5.0,7.0,10.0,11.0,17.0,14.0,M Corlett
03/02/2026,Blackburn,Sheffield Weds,1.0,0.0,H,8.0,2.0,4.0,2.0,6.0,1.0,13.0,12.0,9.0,2.0,D Whitestone
03/02/2026,Hull,Watford,0.0,0.0,D,7.0,5.0,4.0,3.0,3.0,2.0,12.0,9.0,6.0,16.0,L Doughty
03/02/2026,Sheffield United,Oxford,3.0,1.0,H,10.0,2.0,3.0,4.0,3.0,2.0,9.0,12.0,11.0,6.0,A Backhouse
06/02/2026,Charlton,QPR,0.0,0.0,D,7.0,5.0,2.0,1.0,5.0,4.0,5.0,8.0,16.0,18.0,T Nield
07/02/2026,Birmingham,Leicester,2.0,1.0,H,10.0,1.0,0.0,2.0,6.0,2.0,11.0,10.0,22.0,7.0,J Busby
07/02/2026,Coventry,Oxford,0.0,0.0,D,10.0,0.0,1.0,6.0,5.0,0.0,7.0,13.0,24.0,4.0,R Ricardo
07/02/2026,Derby,Ipswich,1.0,2.0,A,3.0,7.0,1.0,4.0,1.0,5.0,9.0,14.0,9.0,13.0,J Smith
07/02/2026,Hull,Bristol City,2.0,3.0,A,2.0,4.0,2.0,0.0,5.0,6.0,10.0,8.0,10.0,11.0,O Langford
07/02/2026,Norwich,Blackburn,2.0,0.0,H,5.0,4.0,2.0,2.0,3.0,0.0,12.0,11.0,12.0,6.0,J Linington
07/02/2026,Preston,Portsmouth,1.0,0.0,H,2.0,14.0,3.0,1.0,3.0,4.0,15.0,11.0,7.0,12.0,A Herczeg
07/02/2026,Southampton,Watford,1.0,0.0,H,3.0,9.0,3.0,1.0,4.0,2.0,10.0,10.0,6.0,11.0,E Bell
07/02/2026,West Brom,Stoke,0.0,0.0,D,2.0,2.0,1.0,1.0,2.0,3.0,8.0,9.0,10.0,8.0,D Webb
07/02/2026,Wrexham,Millwall,0.0,2.0,A,5.0,4.0,1.0,3.0,5.0,1.0,5.0,11.0,16.0,7.0,T Robinson
08/02/2026,Swansea,Sheffield Weds,4.0,0.0,H,8.0,2.0,2.0,2.0,6.0,0.0,9.0,15.0,22.0,3.0,T Kirk
09/02/2026,Sheffield United,Middlesbrough,1.0,2.0,A,8.0,8.0,3.0,2.0,5.0,9.0,14.0,11.0,13.0,19.0,G Ward
10/02/2026,Birmingham,West Brom,0.0,0.0,D,11.0,3.0,1.0,5.0,5.0,1.0,10.0,16.0,16.0,9.0,A Herczeg
10/02/2026,Leicester,Southampton,3.0,4.0,A,3.0,9.0,0.0,1.0,3.0,7.0,11.0,13.0,8.0,16.0,B Toner
10/02/2026,Oxford,Norwich,0.0,3.0,A,2.0,4.0,1.0,1.0,1.0,4.0,8.0,12.0,7.0,8.0,S Allison
11/02/2026,Charlton,Stoke,1.0,0.0,H,6.0,5.0,2.0,4.0,4.0,2.0,5.0,6.0,17.0,6.0,A Backhouse
14/02/2026,Derby,Swansea,2.0,0.0,H,6.0,2.0,2.0,2.0,6.0,2.0,20.0,12.0,11.0,15.0,A Kitchen
14/02/2026,Portsmouth,Sheffield United,0.0,1.0,A,11.0,4.0,1.0,4.0,7.0,2.0,12.0,12.0,23.0,11.0,J Linington
14/02/2026,Preston,Watford,2.0,2.0,D,9.0,7.0,1.0,1.0,3.0,5.0,8.0,6.0,8.0,20.0,D Whitestone
14/02/2026,QPR,Blackburn,1.0,3.0,A,8.0,1.0,2.0,3.0,4.0,4.0,12.0,14.0,21.0,7.0,S Martin
14/02/2026,Sheffield Weds,Millwall,1.0,2.0,A,3.0,11.0,3.0,2.0,3.0,6.0,9.0,12.0,11.0,20.0,E Duckworth
16/02/2026,Coventry,Middlesbrough,3.0,1.0,H,3.0,2.0,3.0,2.0,4.0,4.0,17.0,13.0,9.0,18.0,T Bramall
17/02/2026,Bristol City,Wrexham,2.0,2.0,D,3.0,2.0,2.0,3.0,5.0,3.0,11.0,13.0,8.0,9.0,R Ricardo
17/02/2026,Charlton,Portsmouth,1.0,3.0,A,3.0,2.0,7.0,2.0,4.0,6.0,16.0,7.0,12.0,12.0,L Doughty
20/02/2026,Blackburn,Preston,1.0,0.0,H,5.0,3.0,2.0,2.0,3.0,2.0,8.0,10.0,13.0,3.0,A Backhouse
21/02/2026,Hull,QPR,1.0,3.0,A,8.0,4.0,3.0,1.0,4.0,8.0,8.0,14.0,14.0,12.0,A Madley
21/02/2026,Middlesbrough,Oxford,0.0,0.0,D,9.0,5.0,3.0,1.0,7.0,2.0,10.0,10.0,24.0,13.0,O Langford
21/02/2026,Millwall,Portsmouth,1.0,3.0,A,6.0,4.0,1.0,2.0,3.0,8.0,13.0,8.0,6.0,15.0,S Martin
21/02/2026,Norwich,Birmingham,1.0,2.0,A,6.0,5.0,0.0,1.0,9.0,5.0,6.0,14.0,18.0,9.0,F Hallam
21/02/2026,Southampton,Charlton,1.0,1.0,D,10.0,1.0,2.0,1.0,8.0,3.0,6.0,11.0,23.0,6.0,J Busby
21/02/2026,Stoke,Leicester,2.0,2.0,D,7.0,4.0,2.0,1.0,3.0,5.0,5.0,6.0,11.0,15.0,G Ward
21/02/2026,Swansea,Bristol City,1.0,0.0,H,3.0,5.0,2.0,4.0,3.0,2.0,14.0,11.0,8.0,12.0,W Finnie
21/02/2026,Watford,Derby,2.0,0.0,H,2.0,2.0,2.0,2.0,8.0,1.0,13.0,11.0,18.0,5.0,D Webb
21/02/2026,West Brom,Coventry,0.0,2.0,A,3.0,2.0,0.0,3.0,1.0,3.0,10.0,7.0,11.0,10.0,J Linington
21/02/2026,Wrexham,Ipswich,5.0,3.0,H,5.0,2.0,5.0,4.0,10.0,6.0,14.0,10.0,17.0,13.0,L Doughty
22/02/2026,Sheffield United,Sheffield Weds,2.0,1.0,H,2.0,6.0,1.0,5.0,4.0,2.0,11.0,20.0,10.0,6.0,J Smith
24/02/2026,Blackburn,Bristol City,1.0,2.0,A,6.0,4.0,2.0,2.0,7.0,5.0,15.0,10.0,19.0,10.0,M Donohue
24/02/2026,Hull,Derby,4.0,2.0,H,7.0,3.0,2.0,2.0,3.0,6.0,19.0,9.0,9.0,18.0,A Herczeg
24/02/2026,Middlesbrough,Leicester,1.0,1.0,D,8.0,5.0,1.0,1.0,4.0,6.0,11.0,9.0,17.0,11.0,A Kitchen
24/02/2026,Southampton,QPR,5.0,0.0,H,5.0,3.0,1.0,0.0,9.0,1.0,6.0,12.0,14.0,5.0,O Langford
24/02/2026,Swansea,Preston,1.0,1.0,D,4.0,8.0,2.0,2.0,2.0,3.0,5.0,17.0,12.0,14.0,D Webb
24/02/2026,Watford,Ipswich,0.0,2.0,A,3.0,4.0,2.0,3.0,2.0,3.0,14.0,16.0,11.0,11.0,B Toner
24/02/2026,West Brom,Charlton,1.0,1.0,D,7.0,0.0,2.0,3.0,2.0,2.0,12.0,15.0,18.0,3.0,S Allison
24/02/2026,Wrexham,Portsmouth,2.0,1.0,H,3.0,15.0,0.0,1.0,5.0,1.0,9.0,8.0,10.0,9.0,T Reeves
25/02/2026,Millwall,Birmingham,3.0,0.0,H,7.0,5.0,1.0,0.0,5.0,2.0,14.0,8.0,11.0,5.0,D Whitestone
25/02/2026,Norwich,Sheffield Weds,2.0,0.0,H,3.0,4.0,0.0,0.0,6.0,1.0,11.0,4.0,19.0,4.0,R Ricardo
25/02/2026,Sheffield United,Coventry,1.0,2.0,A,7.0,3.0,3.0,2.0,4.0,5.0,12.0,14.0,22.0,11.0,J Busby
25/02/2026,Stoke,Oxford,2.0,1.0,H,8.0,7.0,2.0,1.0,9.0,2.0,11.0,5.0,21.0,9.0,J Linington
27/02/2026,Bristol City,Watford,1.0,2.0,A,3.0,3.0,2.0,3.0,4.0,4.0,6.0,10.0,11.0,11.0,L Smith
28/02/2026,Charlton,Wrexham,0.0,1.0,A,4.0,2.0,2.0,1.0,1.0,2.0,4.0,11.0,12.0,8.0,F Hallam
28/02/2026,Coventry,Stoke,2.0,1.0,H,7.0,1.0,1.0,1.0,8.0,1.0,7.0,6.0,20.0,3.0,A Kitchen
28/02/2026,Derby,Blackburn,3.0,1.0,H,2.0,3.0,3.0,4.0,6.0,3.0,10.0,14.0,14.0,11.0,L Doughty
28/02/2026,Ipswich,Swansea,3.0,0.0,H,4.0,0.0,1.0,0.0,6.0,3.0,17.0,13.0,11.0,10.0,A Backhouse
28/02/2026,Leicester,Norwich,0.0,2.0,A,6.0,7.0,2.0,2.0,3.0,8.0,8.0,8.0,10.0,12.0,A Herczeg
28/02/2026,Oxford,West Brom,2.0,1.0,H,5.0,6.0,0.0,2.0,3.0,3.0,10.0,16.0,9.0,16.0,M Corlett
28/02/2026,Portsmouth,Hull,0.0,1.0,A,11.0,2.0,0.0,3.0,6.0,2.0,10.0,21.0,22.0,2.0,S Allison
28/02/2026,Preston,Millwall,0.0,2.0,A,2.0,6.0,3.0,2.0,2.0,5.0,10.0,16.0,6.0,16.0,B Toner
28/02/2026,QPR,Sheffield United,0.0,2.0,A,7.0,4.0,2.0,2.0,2.0,3.0,8.0,11.0,12.0,12.0,T Nield
28/02/2026,Sheffield Weds,Southampton,1.0,3.0,A,5.0,8.0,0.0,1.0,3.0,6.0,11.0,12.0,10.0,15.0,G Ward
02/03/2026,Birmingham,Middlesbrough,1.0,3.0,A,6.0,2.0,2.0,4.0,7.0,3.0,11.0,12.0,11.0,10.0,T Kirk
03/03/2026,Ipswich,Hull,1.0,0.0,H,6.0,4.0,2.0,4.0,7.0,0.0,8.0,16.0,15.0,6.0,L Smith
06/03/2026,Preston,Oxford,1.0,3.0,A,9.0,5.0,1.0,1.0,4.0,7.0,9.0,10.0,13.0,15.0,A Kitchen
07/03/2026,Blackburn,Portsmouth,1.0,1.0,D,4.0,5.0,2.0,0.0,1.0,1.0,8.0,6.0,10.0,14.0,T Nield
07/03/2026,Bristol City,Coventry,0.0,2.0,A,11.0,3.0,2.0,2.0,6.0,7.0,9.0,6.0,24.0,10.0,M Donohue
07/03/2026,Charlton,Birmingham,1.0,0.0,H,3.0,3.0,0.0,1.0,4.0,1.0,6.0,14.0,12.0,7.0,J Linington
07/03/2026,Derby,Sheffield Weds,2.0,1.0,H,6.0,2.0,1.0,1.0,4.0,3.0,7.0,11.0,13.0,7.0,O Langford
07/03/2026,Hull,Millwall,1.0,3.0,A,5.0,2.0,2.0,4.0,5.0,4.0,8.0,15.0,23.0,9.0,D Webb
07/03/2026,Ipswich,Leicester,1.0,1.0,D,10.0,2.0,3.0,3.0,3.0,3.0,14.0,16.0,18.0,7.0,J Busby
07/03/2026,Sheffield United,West Brom,1.0,1.0,D,5.0,7.0,2.0,1.0,2.0,3.0,8.0,11.0,13.0,12.0,D Whitestone
07/03/2026,Swansea,Stoke,2.0,0.0,H,13.0,5.0,2.0,4.0,4.0,2.0,7.0,12.0,23.0,8.0,R Ricardo
08/03/2026,QPR,Middlesbrough,0.0,4.0,A,3.0,8.0,0.0,0.0,3.0,7.0,9.0,3.0,9.0,16.0,J Smith
10/03/2026,Leicester,Bristol City,2.0,0.0,H,5.0,9.0,2.0,3.0,5.0,1.0,11.0,13.0,17.0,9.0,T Nield
10/03/2026,Millwall,Derby,1.0,0.0,H,6.0,2.0,0.0,3.0,4.0,1.0,7.0,13.0,15.0,14.0,M Donohue
10/03/2026,Portsmouth,Swansea,1.0,2.0,A,6.0,0.0,1.0,2.0,4.0,3.0,9.0,10.0,9.0,8.0,G Ward
10/03/2026,Sheffield Weds,Watford,1.0,1.0,D,5.0,5.0,3.0,3.0,4.0,5.0,16.0,7.0,11.0,19.0,E Bell
10/03/2026,Stoke,Ipswich,3.0,3.0,D,5.0,9.0,0.0,4.0,6.0,5.0,13.0,14.0,15.0,17.0,T Kirk
10/03/2026,Wrexham,Hull,1.0,2.0,A,8.0,4.0,3.0,4.0,2.0,5.0,11.0,9.0,10.0,12.0,S Martin
11/03/2026,Birmingham,QPR,1.0,0.0,H,10.0,1.0,4.0,0.0,6.0,1.0,9.0,9.0,21.0,10.0,A Backhouse
11/03/2026,Coventry,Preston,3.0,0.0,H,8.0,1.0,0.0,0.0,9.0,2.0,9.0,9.0,25.0,5.0,L Smith
11/03/2026,Middlesbrough,Charlton,0.0,1.0,A,11.0,2.0,0.0,2.0,7.0,2.0,8.0,12.0,34.0,5.0,A Herczeg
11/03/2026,Norwich,Sheffield United,2.0,1.0,H,11.0,4.0,2.0,2.0,7.0,2.0,7.0,11.0,19.0,6.0,B Toner
11/03/2026,Oxford,Blackburn,1.0,0.0,H,6.0,4.0,0.0,2.0,7.0,2.0,3.0,13.0,14.0,10.0,D Webb
11/03/2026,West Brom,Southampton,1.0,1.0,D,5.0,3.0,2.0,2.0,6.0,4.0,13.0,11.0,13.0,12.0,B Speedie
13/03/2026,Wrexham,Swansea,2.0,0.0,H,5.0,5.0,0.0,2.0,2.0,3.0,10.0,10.0,11.0,10.0,T Nield
14/03/2026,Birmingham,Sheffield United,1.0,1.0,D,7.0,0.0,2.0,4.0,7.0,3.0,13.0,11.0,18.0,5.0,T Robinson
14/03/2026,Coventry,Southampton,1.0,2.0,A,7.0,5.0,3.0,2.0,6.0,3.0,13.0,13.0,20.0,8.0,F Hallam
14/03/2026,Leicester,QPR,1.0,3.0,A,3.0,6.0,1.0,3.0,2.0,3.0,9.0,15.0,9.0,14.0,D Whitestone
14/03/2026,Middlesbrough,Bristol City,1.0,1.0,D,9.0,4.0,1.0,5.0,7.0,1.0,10.0,9.0,19.0,4.0,S Martin
14/03/2026,Millwall,Blackburn,1.0,2.0,A,9.0,7.0,0.0,1.0,3.0,4.0,8.0,7.0,9.0,20.0,A Kitchen
14/03/2026,Norwich,Preston,2.0,0.0,H,5.0,3.0,1.0,1.0,4.0,4.0,9.0,14.0,9.0,15.0,G Ward
14/03/2026,Oxford,Charlton,1.0,1.0,D,3.0,6.0,3.0,4.0,2.0,1.0,14.0,17.0,8.0,5.0,M Donohue
14/03/2026,Sheffield Weds,Ipswich,0.0,2.0,A,4.0,4.0,3.0,1.0,2.0,6.0,20.0,6.0,5.0,16.0,T Reeves
14/03/2026,Stoke,Watford,3.0,1.0,H,6.0,7.0,4.0,2.0,12.0,4.0,11.0,13.0,19.0,15.0,L Doughty
14/03/2026,West Brom,Hull,3.0,0.0,H,10.0,2.0,1.0,4.0,8.0,2.0,10.0,11.0,26.0,6.0,J Smith
16/03/2026,Portsmouth,Derby,0.0,1.0,A,11.0,3.0,2.0,6.0,9.0,4.0,14.0,13.0,27.0,10.0,A Backhouse
17/03/2026,Watford,Wrexham,3.0,1.0,H,4.0,5.0,2.0,0.0,6.0,1.0,13.0,7.0,13.0,8.0,A Herczeg
18/03/2026,Southampton,Norwich,1.0,0.0,H,5.0,6.0,4.0,4.0,4.0,7.0,13.0,13.0,9.0,14.0,L Smith
20/03/2026,Preston,Stoke,3.0,1.0,H,7.0,9.0,2.0,1.0,3.0,2.0,12.0,7.0,13.0,13.0,F Hallam
21/03/2026,Blackburn,Middlesbrough,0.0,0.0,D,3.0,11.0,0.0,2.0,1.0,3.0,7.0,8.0,5.0,12.0,O Langford
21/03/2026,Bristol City,West Brom,0.0,1.0,A,5.0,4.0,1.0,1.0,1.0,6.0,10.0,6.0,4.0,19.0,T Kirk
21/03/2026,Charlton,Norwich,0.0,1.0,A,7.0,7.0,2.0,2.0,2.0,5.0,7.0,6.0,13.0,17.0,W Finnie
21/03/2026,Derby,Birmingham,1.0,0.0,H,6.0,2.0,1.0,4.0,6.0,0.0,12.0,16.0,17.0,3.0,G Ward
21/03/2026,Hull,Sheffield Weds,3.0,1.0,H,4.0,4.0,3.0,1.0,5.0,3.0,10.0,9.0,9.0,7.0,D Whitestone
21/03/2026,Ipswich,Millwall,1.0,1.0,D,9.0,8.0,1.0,2.0,4.0,3.0,5.0,13.0,17.0,13.0,M Salisbury
21/03/2026,QPR,Portsmouth,6.0,1.0,H,1.0,9.0,4.0,2.0,8.0,7.0,15.0,11.0,9.0,20.0,J Busby
21/03/2026,Sheffield United,Wrexham,1.0,2.0,A,8.0,5.0,1.0,3.0,7.0,4.0,6.0,10.0,20.0,10.0,S Allison
21/03/2026,Southampton,Oxford,2.0,0.0,H,6.0,4.0,0.0,3.0,7.0,1.0,9.0,12.0,20.0,9.0,B Toner
21/03/2026,Swansea,Coventry,0.0,3.0,A,2.0,7.0,3.0,1.0,2.0,7.0,10.0,15.0,11.0,14.0,S Martin
21/03/2026,Watford,Leicester,0.0,0.0,D,7.0,4.0,3.0,4.0,2.0,5.0,13.0,8.0,6.0,15.0,J Smith
03/04/2026,Birmingham,Blackburn,0.0,1.0,A,9.0,10.0,0.0,1.0,5.0,4.0,14.0,7.0,12.0,16.0,J Busby
03/04/2026,Charlton,Bristol City,1.0,2.0,A,7.0,3.0,2.0,2.0,4.0,8.0,19.0,8.0,13.0,17.0,B Toner
03/04/2026,Coventry,Derby,3.0,2.0,H,6.0,2.0,0.0,2.0,7.0,3.0,12.0,15.0,13.0,8.0,T Nield
03/04/2026,Leicester,Preston,2.0,2.0,D,7.0,2.0,0.0,4.0,10.0,3.0,4.0,12.0,28.0,8.0,B Speedie
03/04/2026,Middlesbrough,Millwall,1.0,2.0,A,17.0,6.0,1.0,1.0,5.0,5.0,4.0,14.0,32.0,11.0,A Backhouse
03/04/2026,Norwich,Portsmouth,1.0,1.0,D,5.0,6.0,3.0,5.0,2.0,1.0,17.0,11.0,6.0,5.0,S Martin
03/04/2026,Oxford,Hull,1.0,1.0,D,1.0,5.0,0.0,1.0,4.0,2.0,10.0,10.0,16.0,9.0,O Langford
03/04/2026,QPR,Watford,2.0,1.0,H,2.0,3.0,6.0,4.0,8.0,3.0,20.0,15.0,15.0,7.0,R Ricardo
03/04/2026,Sheffield United,Swansea,3.0,3.0,D,4.0,2.0,1.0,1.0,4.0,6.0,13.0,11.0,13.0,8.0,D Whitestone
03/04/2026,Stoke,Sheffield Weds,2.0,0.0,H,7.0,2.0,2.0,1.0,6.0,2.0,16.0,11.0,12.0,16.0,M Salisbury
03/04/2026,West Brom,Wrexham,2.0,2.0,D,4.0,6.0,2.0,1.0,4.0,3.0,9.0,8.0,9.0,13.0,R Madley
06/04/2026,Blackburn,West Brom,0.0,0.0,D,4.0,2.0,3.0,2.0,0.0,3.0,8.0,10.0,11.0,6.0,R Jones
06/04/2026,Bristol City,Sheffield United,1.0,0.0,H,0.0,5.0,1.0,3.0,1.0,7.0,6.0,9.0,5.0,21.0,L Smith
06/04/2026,Derby,Stoke,2.0,0.0,H,5.0,3.0,2.0,1.0,3.0,0.0,18.0,10.0,20.0,7.0,E Bell
06/04/2026,Hull,Coventry,0.0,0.0,D,2.0,4.0,1.0,1.0,5.0,1.0,10.0,12.0,13.0,6.0,D Webb
06/04/2026,Ipswich,Birmingham,2.0,1.0,H,6.0,4.0,1.0,1.0,5.0,4.0,11.0,19.0,11.0,9.0,A Herczeg
06/04/2026,Millwall,Norwich,1.0,2.0,A,2.0,5.0,1.0,2.0,2.0,5.0,12.0,7.0,10.0,12.0,S Allison
06/04/2026,Portsmouth,Oxford,2.0,2.0,D,6.0,5.0,2.0,3.0,3.0,3.0,6.0,18.0,9.0,9.0,J Smith
06/04/2026,Preston,QPR,1.0,1.0,D,2.0,6.0,1.0,3.0,2.0,5.0,4.0,8.0,8.0,18.0,T Kirk
06/04/2026,Sheffield Weds,Leicester,1.0,1.0,D,1.0,10.0,0.0,0.0,1.0,12.0,7.0,11.0,6.0,24.0,L Doughty
06/04/2026,Swansea,Middlesbrough,2.0,2.0,D,2.0,10.0,3.0,3.0,3.0,6.0,14.0,11.0,12.0,29.0,M Donohue
06/04/2026,Watford,Charlton,1.0,1.0,D,17.0,3.0,2.0,2.0,10.0,4.0,13.0,11.0,31.0,14.0,A Kitchen
07/04/2026,Wrexham,Southampton,1.0,5.0,A,3.0,4.0,2.0,3.0,2.0,9.0,12.0,10.0,11.0,16.0,G Ward
10/04/2026,West Brom,Millwall,0.0,0.0,D,7.0,5.0,1.0,2.0,1.0,3.0,6.0,22.0,16.0,11.0,L Smith
11/04/2026,Charlton,Preston,1.0,2.0,A,7.0,4.0,2.0,3.0,6.0,5.0,6.0,8.0,17.0,14.0,J Busby
11/04/2026,Coventry,Sheffield Weds,0.0,0.0,D,7.0,2.0,0.0,3.0,3.0,0.0,10.0,16.0,20.0,8.0,M Donohue
11/04/2026,Leicester,Swansea,0.0,1.0,A,12.0,2.0,2.0,0.0,6.0,1.0,12.0,14.0,19.0,8.0,S Allison
11/04/2026,Middlesbrough,Portsmouth,0.0,1.0,A,14.0,2.0,1.0,4.0,8.0,1.0,6.0,14.0,20.0,3.0,T Kirk
11/04/2026,Norwich,Ipswich,0.0,2.0,A,13.0,1.0,5.0,5.0,3.0,5.0,16.0,17.0,15.0,9.0,A Backhouse
11/04/2026,Oxford,Watford,2.0,0.0,H,10.0,5.0,1.0,2.0,6.0,3.0,8.0,11.0,15.0,12.0,S Martin
11/04/2026,QPR,Bristol City,0.0,0.0,D,3.0,6.0,4.0,2.0,2.0,6.0,10.0,13.0,10.0,13.0,E Duckworth
11/04/2026,Sheffield United,Hull,2.0,1.0,H,15.0,4.0,2.0,5.0,7.0,4.0,4.0,15.0,15.0,18.0,J Brooks
11/04/2026,Southampton,Derby,2.0,1.0,H,6.0,2.0,1.0,2.0,5.0,4.0,8.0,14.0,15.0,9.0,A Kitchen
11/04/2026,Stoke,Blackburn,1.0,1.0,D,4.0,3.0,3.0,3.0,3.0,3.0,11.0,8.0,10.0,11.0,R Madley
12/04/2026,Birmingham,Wrexham,2.0,0.0,H,6.0,3.0,1.0,1.0,8.0,0.0,10.0,11.0,15.0,4.0,D Webb
14/04/2026,Portsmouth,Ipswich,2.0,0.0,H,3.0,7.0,2.0,2.0,4.0,2.0,10.0,9.0,11.0,11.0,F Hallam
14/04/2026,Southampton,Blackburn,3.0,0.0,H,7.0,4.0,0.0,2.0,7.0,3.0,8.0,5.0,16.0,8.0,J Smith
17/04/2026,Blackburn,Coventry,1.0,1.0,D,3.0,3.0,4.0,1.0,2.0,2.0,10.0,9.0,7.0,12.0,L Smith
18/04/2026,Bristol City,Norwich,2.0,4.0,A,2.0,10.0,0.0,2.0,6.0,9.0,8.0,12.0,9.0,19.0,R Ricardo
18/04/2026,Derby,Oxford,1.0,0.0,H,7.0,3.0,4.0,1.0,2.0,0.0,14.0,13.0,15.0,11.0,S Allison
18/04/2026,Hull,Birmingham,1.0,1.0,D,2.0,6.0,4.0,4.0,3.0,5.0,9.0,16.0,14.0,11.0,S Martin
18/04/2026,Millwall,QPR,2.0,0.0,H,6.0,10.0,1.0,3.0,4.0,1.0,6.0,14.0,11.0,5.0,T Nield
18/04/2026,Portsmouth,Leicester,1.0,0.0,H,5.0,7.0,2.0,3.0,2.0,3.0,11.0,12.0,11.0,14.0,G Ward
18/04/2026,Preston,West Brom,0.0,2.0,A,8.0,6.0,0.0,0.0,1.0,3.0,7.0,12.0,9.0,8.0,J Smith
18/04/2026,Sheffield Weds,Charlton,1.0,1.0,D,7.0,2.0,1.0,2.0,2.0,3.0,14.0,16.0,9.0,12.0,T Parsons
18/04/2026,Swansea,Southampton,1.0,2.0,A,4.0,12.0,2.0,2.0,3.0,6.0,3.0,7.0,10.0,16.0,O Langford
18/04/2026,Watford,Sheffield United,0.0,2.0,A,8.0,5.0,2.0,4.0,3.0,5.0,11.0,9.0,14.0,11.0,J Busby
18/04/2026,Wrexham,Stoke,2.0,0.0,H,2.0,6.0,0.0,1.0,4.0,0.0,8.0,8.0,9.0,6.0,A Herczeg
19/04/2026,Ipswich,Middlesbrough,2.0,2.0,D,6.0,3.0,2.0,4.0,5.0,9.0,10.0,16.0,17.0,15.0,J Gillett
21/04/2026,Coventry,Portsmouth,5.0,1.0,H,3.0,1.0,0.0,1.0,6.0,2.0,4.0,10.0,15.0,4.0,A Kitchen
21/04/2026,Leicester,Hull,2.0,2.0,D,9.0,8.0,3.0,2.0,4.0,4.0,11.0,11.0,20.0,13.0,T Kirk
21/04/2026,Norwich,Derby,2.0,1.0,H,3.0,4.0,2.0,3.0,6.0,8.0,9.0,17.0,14.0,11.0,T Reeves
21/04/2026,Oxford,Wrexham,0.0,1.0,A,9.0,5.0,2.0,3.0,4.0,4.0,11.0,16.0,19.0,11.0,M Donohue
21/04/2026,QPR,Swansea,1.0,2.0,A,4.0,5.0,3.0,1.0,5.0,11.0,11.0,7.0,12.0,17.0,L Doughty
21/04/2026,Southampton,Bristol City,2.0,2.0,D,7.0,3.0,3.0,3.0,4.0,5.0,14.0,10.0,10.0,8.0,E Bell
21/04/2026,Stoke,Millwall,1.0,3.0,A,11.0,1.0,0.0,3.0,4.0,6.0,8.0,11.0,12.0,14.0,J Smith
21/04/2026,West Brom,Watford,3.0,0.0,H,4.0,3.0,4.0,3.0,6.0,3.0,11.0,15.0,14.0,8.0,A Backhouse
22/04/2026,Birmingham,Preston,2.0,1.0,H,3.0,3.0,0.0,2.0,5.0,6.0,11.0,9.0,18.0,16.0,B Toner
22/04/2026,Charlton,Ipswich,1.0,2.0,A,1.0,4.0,2.0,2.0,3.0,5.0,18.0,11.0,6.0,13.0,R Madley
22/04/2026,Middlesbrough,Sheffield Weds,1.0,0.0,H,9.0,1.0,2.0,2.0,4.0,1.0,10.0,19.0,18.0,8.0,D Webb
22/04/2026,Sheffield United,Blackburn,1.0,3.0,A,2.0,4.0,2.0,4.0,4.0,5.0,5.0,10.0,13.0,8.0,F Hallam
24/04/2026,Leicester,Millwall,1.0,1.0,D,2.0,12.0,1.0,3.0,3.0,4.0,12.0,8.0,10.0,22.0,F Hallam
25/04/2026,Birmingham,Bristol City,2.0,1.0,H,6.0,5.0,3.0,1.0,6.0,2.0,10.0,8.0,11.0,9.0,R Jones
25/04/2026,Charlton,Hull,2.0,1.0,H,5.0,11.0,2.0,1.0,7.0,4.0,10.0,10.0,12.0,14.0,T Nield
25/04/2026,Middlesbrough,Watford,5.0,1.0,H,6.0,3.0,1.0,2.0,9.0,3.0,8.0,10.0,20.0,12.0,A Herczeg
25/04/2026,Norwich,Swansea,1.0,1.0,D,5.0,2.0,3.0,5.0,8.0,2.0,13.0,9.0,16.0,8.0,T Parsons
25/04/2026,Oxford,Sheffield Weds,4.0,1.0,H,5.0,3.0,1.0,0.0,10.0,3.0,14.0,13.0,20.0,9.0,R Madley
25/04/2026,QPR,Derby,2.0,3.0,A,10.0,6.0,1.0,3.0,12.0,3.0,12.0,8.0,23.0,12.0,J Busby
25/04/2026,Sheffield United,Preston,2.0,3.0,A,10.0,5.0,0.0,3.0,3.0,6.0,12.0,11.0,17.0,12.0,A Kitchen
25/04/2026,Stoke,Portsmouth,1.0,3.0,A,8.0,1.0,0.0,2.0,3.0,4.0,9.0,13.0,13.0,8.0,D Webb
25/04/2026,West Brom,Ipswich,0.0,0.0,D,2.0,6.0,2.0,3.0,6.0,3.0,6.0,12.0,12.0,13.0,M Donohue
26/04/2026,Coventry,Wrexham,3.0,1.0,H,5.0,4.0,2.0,2.0,6.0,2.0,6.0,18.0,15.0,13.0,S Allison
28/04/2026,Southampton,Ipswich,2.0,2.0,D,5.0,9.0,0.0,2.0,4.0,9.0,10.0,19.0,18.0,19.0,T Kirk
02/05/2026,Blackburn,Leicester,0.0,1.0,A,9.0,11.0,1.0,1.0,3.0,9.0,7.0,6.0,12.0,22.0,L Doughty
02/05/2026,Bristol City,Stoke,2.0,0.0,H,2.0,15.0,1.0,3.0,5.0,2.0,7.0,13.0,13.0,16.0,B Toner
02/05/2026,Derby,Sheffield United,1.0,2.0,A,6.0,4.0,4.0,3.0,6.0,8.0,13.0,12.0,17.0,15.0,T Nield
02/05/2026,Hull,Norwich,2.0,1.0,H,1.0,7.0,2.0,2.0,6.0,2.0,10.0,15.0,8.0,12.0,J Smith
02/05/2026,Ipswich,QPR,3.0,0.0,H,4.0,2.0,2.0,1.0,7.0,4.0,8.0,16.0,14.0,13.0,G Ward
02/05/2026,Millwall,Oxford,2.0,0.0,H,14.0,1.0,1.0,0.0,8.0,1.0,8.0,6.0,22.0,4.0,A Backhouse
02/05/2026,Portsmouth,Birmingham,1.0,1.0,D,3.0,9.0,2.0,2.0,2.0,5.0,19.0,10.0,14.0,13.0,J Brooks
02/05/2026,Preston,Southampton,1.0,3.0,A,10.0,5.0,3.0,1.0,5.0,5.0,11.0,6.0,16.0,18.0,S Martin
02/05/2026,Sheffield Weds,West Brom,2.0,1.0,H,5.0,2.0,3.0,2.0,5.0,5.0,12.0,8.0,11.0,13.0,L Smith
02/05/2026,Swansea,Charlton,3.0,1.0,H,10.0,4.0,0.0,0.0,8.0,3.0,5.0,14.0,20.0,12.0,W Finnie
02/05/2026,Watford,Coventry,0.0,4.0,A,0.0,6.0,2.0,1.0,4.0,7.0,16.0,10.0,13.0,18.0,R Ricardo
02/05/2026,Wrexham,Middlesbrough,2.0,2.0,D,6.0,3.0,0.0,0.0,8.0,5.0,11.0,5.0,20.0,11.0,O Langford
14/08/2026,Wolves,Blackburn,2.0,2.0,D,5.0,5.0,1.0,3.0,3.0,5.0,10.0,16.0,18.0,10.0,F Hallam
15/08/2026,Bolton,Preston,2.0,1.0,H,5.0,2.0,2.0,3.0,6.0,3.0,12.0,11.0,15.0,10.0,A Herczeg
15/08/2026,Bristol City,Millwall,0.0,2.0,A,6.0,6.0,2.0,2.0,0.0,3.0,8.0,12.0,8.0,24.0,L Smith
15/08/2026,Charlton,Derby,2.0,1.0,H,5.0,4.0,0.0,3.0,4.0,4.0,7.0,16.0,13.0,15.0,B Speedie
15/08/2026,Middlesbrough,Lincoln,2.0,1.0,H,5.0,5.0,0.0,2.0,7.0,2.0,12.0,12.0,23.0,10.0,R Madley
15/08/2026,Norwich,West Brom,1.0,2.0,A,8.0,2.0,0.0,2.0,7.0,4.0,13.0,13.0,20.0,9.0,T Robinson
15/08/2026,Portsmouth,QPR,1.0,3.0,A,6.0,3.0,0.0,1.0,6.0,6.0,9.0,13.0,17.0,13.0,W Finnie
15/08/2026,Sheffield United,Birmingham,0.0,0.0,D,2.0,8.0,0.0,0.0,1.0,2.0,12.0,12.0,3.0,10.0,G Ward
15/08/2026,Stoke,Swansea,1.0,2.0,A,4.0,5.0,1.0,3.0,2.0,3.0,14.0,9.0,6.0,7.0,O Langford
16/08/2026,Burnley,West Ham,2.0,2.0,D,5.0,6.0,1.0,4.0,6.0,2.0,12.0,9.0,18.0,11.0,J Smith
16/08/2026,Watford,Southampton,2.0,1.0,H,4.0,8.0,6.0,3.0,3.0,3.0,12.0,9.0,16.0,17.0,M Donohue
17/08/2026,Cardiff,Wrexham,1.0,1.0,D,9.0,9.0,0.0,2.0,3.0,8.0,9.0,13.0,11.0,18.0,A Kitchen
22/08/2026,Birmingham,Bristol City,2.0,2.0,D,7.0,3.0,2.0,1.0,2.0,6.0,13.0,12.0,8.0,14.0,W Finnie
22/08/2026,Blackburn,Middlesbrough,2.0,1.0,H,2.0,10.0,4.0,1.0,5.0,3.0,10.0,10.0,6.0,22.0,T Reeves
22/08/2026,Derby,Cardiff,2.0,2.0,D,7.0,7.0,5.0,1.0,7.0,7.0,12.0,10.0,15.0,16.0,R Ricardo
22/08/2026,Lincoln,Portsmouth,1.0,3.0,A,8.0,3.0,3.0,1.0,4.0,7.0,17.0,15.0,15.0,13.0,T Harrington
22/08/2026,Millwall,Norwich,3.0,0.0,H,8.0,3.0,1.0,3.0,7.0,2.0,14.0,8.0,19.0,8.0,S Allison
22/08/2026,Preston,Wolves,1.0,3.0,A,5.0,4.0,4.0,1.0,2.0,5.0,11.0,10.0,13.0,16.0,E Bell
22/08/2026,QPR,Bolton,0.0,0.0,D,9.0,2.0,1.0,2.0,10.0,0.0,6.0,8.0,18.0,2.0,E Duckworth
22/08/2026,Southampton,Stoke,3.0,1.0,H,4.0,2.0,3.0,5.0,5.0,2.0,10.0,21.0,18.0,15.0,S Martin
22/08/2026,Swansea,Sheffield United,0.0,0.0,D,6.0,3.0,2.0,2.0,1.0,2.0,14.0,10.0,9.0,12.0,T Nield
22/08/2026,West Ham,Charlton,1.0,2.0,A,7.0,4.0,2.0,3.0,9.0,5.0,9.0,16.0,25.0,7.0,A Kitchen
22/08/2026,Wrexham,Watford,1.0,1.0,D,10.0,3.0,2.0,0.0,2.0,6.0,13.0,11.0,12.0,10.0,J Busby
23/08/2026,West Brom,Burnley,3.0,1.0,H,3.0,5.0,1.0,2.0,7.0,3.0,8.0,13.0,11.0,11.0,A Backhouse
28/08/2026,Wrexham,Birmingham,1.0,2.0,A,3.0,6.0,1.0,2.0,4.0,4.0,8.0,14.0,9.0,9.0,R Jones
29/08/2026,Blackburn,QPR,1.0,2.0,A,3.0,3.0,3.0,2.0,2.0,6.0,12.0,6.0,12.0,19.0,G Ward
29/08/2026,Bolton,Lincoln,0.0,1.0,A,14.0,2.0,0.0,3.0,6.0,2.0,6.0,15.0,21.0,8.0,B Speedie
29/08/2026,Bristol City,Portsmouth,2.0,1.0,H,3.0,10.0,3.0,0.0,3.0,1.0,15.0,6.0,9.0,14.0,J Bell
29/08/2026,Cardiff,Sheffield United,2.0,2.0,D,13.0,2.0,2.0,2.0,10.0,4.0,12.0,11.0,28.0,6.0,J Busby
29/08/2026,Charlton,Preston,1.0,0.0,H,7.0,4.0,1.0,1.0,2.0,1.0,11.0,21.0,15.0,12.0,T Reeves
29/08/2026,Derby,Swansea,0.0,3.0,A,5.0,6.0,3.0,2.0,0.0,12.0,16.0,7.0,8.0,23.0,D Webb
29/08/2026,Middlesbrough,West Brom,3.0,1.0,H,7.0,6.0,0.0,1.0,6.0,4.0,15.0,6.0,15.0,12.0,P Tierney
29/08/2026,Norwich,Burnley,4.0,1.0,H,3.0,5.0,4.0,3.0,6.0,4.0,14.0,5.0,20.0,16.0,E Bell
29/08/2026,Southampton,Millwall,5.0,1.0,H,8.0,11.0,2.0,1.0,7.0,5.0,6.0,10.0,21.0,15.0,A Herczeg
29/08/2026,Watford,West Ham,1.0,1.0,D,3.0,11.0,3.0,1.0,5.0,1.0,10.0,7.0,16.0,13.0,R Madley
29/08/2026,Wolves,Stoke,4.0,1.0,H,7.0,1.0,1.0,4.0,8.0,3.0,13.0,15.0,18.0,10.0,T Nield
01/09/2026,Birmingham,Southampton,1.0,1.0,D,3.0,5.0,3.0,2.0,4.0,4.0,12.0,8.0,16.0,13.0,A Backhouse
01/09/2026,Lincoln,Blackburn,0.0,0.0,D,5.0,7.0,1.0,4.0,1.0,2.0,12.0,11.0,18.0,8.0,W Finnie
01/09/2026,Portsmouth,Derby,0.0,2.0,A,11.0,2.0,1.0,2.0,3.0,5.0,12.0,15.0,21.0,8.0,S Allison
01/09/2026,Preston,Bristol City,1.0,3.0,A,5.0,2.0,2.0,0.0,4.0,7.0,11.0,14.0,18.0,12.0,R Ricardo
01/09/2026,Sheffield United,Bolton,3.0,2.0,H,5.0,5.0,0.0,2.0,5.0,6.0,8.0,13.0,13.0,18.0,T Harrington
01/09/2026,Stoke,Norwich,1.0,0.0,H,3.0,5.0,2.0,2.0,2.0,6.0,16.0,10.0,6.0,15.0,A Kitchen
01/09/2026,Swansea,Watford,2.0,0.0,H,5.0,3.0,0.0,4.0,8.0,3.0,6.0,14.0,18.0,9.0,E Duckworth
01/09/2026,West Ham,Wolves,4.0,2.0,H,6.0,7.0,2.0,1.0,6.0,3.0,9.0,9.0,12.0,18.0,L Smith
02/09/2026,Burnley,Middlesbrough,1.0,1.0,D,5.0,1.0,2.0,2.0,3.0,2.0,11.0,8.0,11.0,10.0,M Donohue
02/09/2026,Millwall,Wrexham,0.0,3.0,A,1.0,2.0,2.0,1.0,0.0,3.0,11.0,14.0,4.0,9.0,O Langford
02/09/2026,QPR,Cardiff,2.0,1.0,H,3.0,4.0,0.0,2.0,4.0,3.0,10.0,12.0,20.0,9.0,T Robinson
02/09/2026,West Brom,Charlton,1.0,1.0,D,8.0,3.0,1.0,1.0,3.0,1.0,4.0,16.0,15.0,4.0,F Hallam
05/09/2026,Burnley,Bristol City,1.0,2.0,A,5.0,8.0,3.0,0.0,2.0,4.0,13.0,7.0,8.0,15.0,G Ward
05/09/2026,Lincoln,Southampton,1.0,1.0,D,4.0,6.0,3.0,0.0,5.0,4.0,14.0,10.0,19.0,16.0,A Kitchen
05/09/2026,Millwall,Bolton,4.0,0.0,H,3.0,9.0,0.0,1.0,5.0,4.0,13.0,14.0,12.0,13.0,W Finnie
05/09/2026,Portsmouth,Cardiff,2.0,0.0,H,5.0,7.0,0.0,4.0,5.0,5.0,15.0,12.0,15.0,16.0,B Speedie
05/09/2026,Preston,Blackburn,2.0,1.0,H,3.0,11.0,4.0,2.0,3.0,5.0,11.0,9.0,8.0,12.0,A Backhouse
05/09/2026,QPR,Middlesbrough,0.0,1.0,A,12.0,3.0,1.0,2.0,5.0,6.0,3.0,8.0,16.0,16.0,A Madley
05/09/2026,Sheffield United,Norwich,1.0,3.0,A,7.0,4.0,2.0,3.0,4.0,8.0,14.0,13.0,11.0,19.0,J Smith
05/09/2026,Stoke,Charlton,4.0,0.0,H,5.0,3.0,1.0,4.0,8.0,3.0,20.0,13.0,17.0,13.0,R Madley
05/09/2026,Swansea,Wrexham,0.0,0.0,D,5.0,2.0,3.0,0.0,3.0,1.0,10.0,13.0,6.0,8.0,E Bell
05/09/2026,West Brom,Watford,1.0,0.0,H,5.0,4.0,5.0,3.0,4.0,2.0,18.0,11.0,9.0,11.0,M Salisbury
05/09/2026,West Ham,Derby,3.0,0.0,H,5.0,6.0,0.0,2.0,7.0,0.0,6.0,16.0,20.0,4.0,O Langford
06/09/2026,Birmingham,Wolves,2.0,2.0,D,8.0,4.0,2.0,1.0,5.0,4.0,17.0,12.0,15.0,10.0,A Herczeg
08/09/2026,Blackburn,Sheffield United,1.0,2.0,A,7.0,3.0,1.0,2.0,5.0,4.0,9.0,14.0,19.0,7.0,M Donohue
08/09/2026,Bolton,West Ham,2.0,3.0,A,4.0,4.0,0.0,3.0,6.0,7.0,7.0,12.0,13.0,11.0,D Webb
08/09/2026,Cardiff,Stoke,1.0,1.0,D,7.0,5.0,1.0,2.0,7.0,4.0,5.0,19.0,26.0,12.0,S Allison
08/09/2026,Southampton,Swansea,3.0,1.0,H,9.0,3.0,0.0,1.0,4.0,2.0,10.0,10.0,16.0,10.0,L Smith
08/09/2026,Watford,Preston,2.0,1.0,H,2.0,4.0,0.0,2.0,5.0,6.0,7.0,10.0,15.0,18.0,F Hallam
08/09/2026,Wrexham,Burnley,1.0,1.0,D,4.0,4.0,2.0,3.0,5.0,4.0,12.0,15.0,15.0,19.0,T Robinson
09/09/2026,Charlton,QPR,0.0,0.0,D,5.0,12.0,0.0,2.0,0.0,2.0,8.0,10.0,9.0,15.0,T Nield
09/09/2026,Derby,West Brom,0.0,1.0,A,11.0,3.0,0.0,4.0,3.0,1.0,12.0,9.0,13.0,4.0,J Bell
09/09/2026,Norwich,Birmingham,2.0,1.0,H,6.0,7.0,6.0,2.0,6.0,3.0,12.0,9.0,15.0,14.0,T Reeves
11/09/2026,West Ham,Wrexham,6.0,0.0,H,3.0,6.0,1.0,0.0,9.0,1.0,10.0,7.0,19.0,8.0,M Donohue
12/09/2026,Blackburn,Millwall,3.0,1.0,H,6.0,2.0,5.0,3.0,4.0,2.0,9.0,15.0,18.0,16.0,J Smith
12/09/2026,Bolton,Cardiff,1.0,0.0,H,2.0,10.0,5.0,2.0,5.0,10.0,16.0,13.0,7.0,17.0,T Parsons
12/09/2026,Charlton,Portsmouth,0.0,0.0,D,7.0,5.0,1.0,1.0,3.0,3.0,10.0,9.0,10.0,9.0,A Kitchen
12/09/2026,Derby,Birmingham,1.0,2.0,A,10.0,4.0,1.0,3.0,4.0,9.0,8.0,12.0,18.0,19.0,J Busby
12/09/2026,Middlesbrough,Norwich,4.0,3.0,H,3.0,5.0,2.0,1.0,6.0,5.0,13.0,9.0,17.0,13.0,A Herczeg
12/09/2026,Preston,Lincoln,0.0,1.0,A,16.0,3.0,1.0,1.0,3.0,3.0,8.0,9.0,11.0,9.0,S Martin
12/09/2026,Southampton,Bristol City,4.0,1.0,H,2.0,5.0,0.0,2.0,5.0,6.0,6.0,14.0,10.0,21.0,S Allison
12/09/2026,Swansea,Burnley,3.0,1.0,H,3.0,6.0,2.0,1.0,6.0,6.0,7.0,7.0,13.0,18.0,J Bell
12/09/2026,Watford,Stoke,1.0,2.0,A,5.0,8.0,2.0,2.0,2.0,6.0,14.0,6.0,6.0,18.0,L Smith
12/09/2026,West Brom,QPR,1.0,1.0,D,5.0,3.0,1.0,4.0,5.0,3.0,11.0,14.0,12.0,4.0,R Ricardo
13/09/2026,Sheffield United,Wolves,0.0,1.0,A,0.0,9.0,2.0,1.0,2.0,3.0,12.0,15.0,6.0,17.0,R Jones
15/09/2026,Bristol City,Lincoln,0.0,1.0,A,13.0,4.0,2.0,5.0,4.0,3.0,13.0,19.0,18.0,9.0,T Robinson
15/09/2026,Middlesbrough,Millwall,2.0,2.0,D,14.0,1.0,1.0,1.0,7.0,4.0,3.0,12.0,22.0,11.0,R Madley
18/09/2026,Bristol City,Watford,1.0,0.0,H,,,,,,,,,,,
19/09/2026,Birmingham,Middlesbrough,2.0,2.0,D,,,,,,,,,,,
19/09/2026,Burnley,Derby,1.0,1.0,D,,,,,,,,,,,
19/09/2026,Cardiff,Charlton,3.0,1.0,H,,,,,,,,,,,
19/09/2026,Lincoln,Swansea,1.0,2.0,A,,,,,,,,,,,
19/09/2026,Millwall,West Ham,2.0,2.0,D,,,,,,,,,,,
19/09/2026,Portsmouth,Blackburn,2.0,2.0,D,,,,,,,,,,,
19/09/2026,QPR,Preston,2.0,2.0,D,,,,,,,,,,,
19/09/2026,Stoke,Sheffield United,2.0,1.0,H,,,,,,,,,,,
19/09/2026,Wrexham,Southampton,2.0,1.0,H,,,,,,,,,,,
