Date,HomeTeam,AwayTeam,FTHG,FTAG,FTR,HC,AC,HY,AY,HST,AST,HF,AF,HS,AS
02/08/13,Ajax,Roda,3,0,H,,,,,,,,,,
03/08/13,Den Haag,PSV Eindhoven,2,3,A,,,,,,,,,,
03/08/13,Heerenveen,AZ Alkmaar,4,2,H,,,,,,,,,,
03/08/13,Nijmegen,Groningen,1,4,A,,,,,,,,,,
03/08/13,Twente,Waalwijk,0,0,D,,,,,,,,,,
04/08/13,Cambuur,NAC Breda,0,0,D,,,,,,,,,,
04/08/13,Utrecht,Go Ahead Eagles,1,1,D,,,,,,,,,,
04/08/13,Vitesse,Heracles,3,1,H,,,,,,,,,,
04/08/13,Zwolle,Feyenoord,2,1,H,,,,,,,,,,
09/08/13,Roda,Cambuur,2,0,H,,,,,,,,,,
10/08/13,Go Ahead Eagles,Den Haag,2,1,H,,,,,,,,,,
10/08/13,Heracles,Zwolle,1,3,A,,,,,,,,,,
10/08/13,NAC Breda,Heerenveen,0,2,A,,,,,,,,,,
10/08/13,PSV Eindhoven,Nijmegen,5,0,H,,,,,,,,,,
11/08/13,AZ Alkmaar,Ajax,3,2,H,,,,,,,,,,
11/08/13,Feyenoord,Twente,1,4,A,,,,,,,,,,
11/08/13,Groningen,Utrecht,2,0,H,,,,,,,,,,
11/08/13,Waalwijk,Vitesse,4,2,H,,,,,,,,,,
17/08/13,Cambuur,Groningen,4,1,H,,,,,,,,,,
17/08/13,Nijmegen,Zwolle,1,5,A,,,,,,,,,,
17/08/13,PSV Eindhoven,Go Ahead Eagles,3,0,H,,,,,,,,,,
17/08/13,Roda,Vitesse,1,1,D,,,,,,,,,,
17/08/13,Waalwijk,AZ Alkmaar,1,2,A,,,,,,,,,,
18/08/13,Ajax,Feyenoord,2,1,H,,,,,,,,,,
18/08/13,Heerenveen,Heracles,2,4,A,,,,,,,,,,
18/08/13,NAC Breda,Den Haag,1,2,A,,,,,,,,,,
18/08/13,Twente,Utrecht,6,0,H,,,,,,,,,,
23/08/13,Heerenveen,Ajax,3,3,D,,,,,,,,,,
24/08/13,Den Haag,Roda,0,4,A,,,,,,,,,,
24/08/13,Heracles,PSV Eindhoven,1,1,D,,,,,,,,,,
24/08/13,Nijmegen,Waalwijk,2,2,D,,,,,,,,,,
24/08/13,Zwolle,Cambuur,2,0,H,,,,,,,,,,
25/08/13,Feyenoord,NAC Breda,3,1,H,,,,,,,,,,
25/08/13,Go Ahead Eagles,Groningen,3,3,D,,,,,,,,,,
25/08/13,Utrecht,AZ Alkmaar,2,0,H,,,,,,,,,,
25/08/13,Vitesse,Twente,1,0,H,,,,,,,,,,
30/08/13,NAC Breda,Nijmegen,1,1,D,,,,,,,,,,
31/08/13,Heracles,Den Haag,1,0,H,,,,,,,,,,
31/08/13,PSV Eindhoven,Cambuur,0,0,D,,,,,,,,,,
31/08/13,Twente,Heerenveen,1,1,D,,,,,,,,,,
31/08/13,Waalwijk,Go Ahead Eagles,1,4,A,,,,,,,,,,
01/09/13,AZ Alkmaar,Vitesse,1,1,D,,,,,,,,,,
01/09/13,Feyenoord,Roda,4,0,H,,,,,,,,,,
01/09/13,Groningen,Ajax,1,1,D,,,,,,,,,,
01/09/13,Zwolle,Utrecht,1,1,D,,,,,,,,,,
14/09/13,Ajax,Zwolle,2,1,H,,,,,,,,,,
14/09/13,Cambuur,Heracles,2,0,H,,,,,,,,,,
14/09/13,Twente,PSV Eindhoven,2,2,D,,,,,,,,,,
15/09/13,AZ Alkmaar,Go Ahead Eagles,3,0,H,,,,,,,,,,
15/09/13,Heerenveen,Groningen,4,2,H,,,,,,,,,,
15/09/13,Nijmegen,Feyenoord,3,3,D,,,,,,,,,,
15/09/13,Roda,NAC Breda,1,5,A,,,,,,,,,,
15/09/13,Utrecht,Waalwijk,2,1,H,,,,,,,,,,
20/09/13,Go Ahead Eagles,Cambuur,0,0,D,,,,,,,,,,
21/09/13,Den Haag,Nijmegen,1,1,D,,,,,,,,,,
21/09/13,Groningen,Waalwijk,4,1,H,,,,,,,,,,
21/09/13,Heracles,Twente,0,3,A,,,,,,,,,,
21/09/13,Roda,Heerenveen,3,3,D,,,,,,,,,,
22/09/13,Feyenoord,Utrecht,1,0,H,,,,,,,,,,
22/09/13,NAC Breda,AZ Alkmaar,3,0,H,,,,,,,,,,
22/09/13,PSV Eindhoven,Ajax,4,0,H,,,,,,,,,,
22/09/13,Vitesse,Zwolle,3,0,H,,,,,,,,,,
28/09/13,Ajax,Go Ahead Eagles,6,0,H,,,,,,,,,,
28/09/13,AZ Alkmaar,PSV Eindhoven,2,1,H,,,,,,,,,,
28/09/13,Utrecht,Roda,3,3,D,,,,,,,,,,
28/09/13,Waalwijk,Heracles,1,4,A,,,,,,,,,,
28/09/13,Zwolle,NAC Breda,0,0,D,,,,,,,,,,
29/09/13,Feyenoord,Den Haag,4,2,H,,,,,,,,,,
29/09/13,Heerenveen,Cambuur,2,1,H,,,,,,,,,,
29/09/13,Nijmegen,Vitesse,2,3,A,,,,,,,,,,
29/09/13,Twente,Groningen,5,0,H,,,,,,,,,,
02/10/13,Den Haag,Vitesse,2,1,H,,,,,,,,,,
04/10/13,Cambuur,Twente,0,1,A,,,,,,,,,,
05/10/13,Go Ahead Eagles,Nijmegen,4,3,H,,,,,,,,,,
05/10/13,NAC Breda,Heracles,2,1,H,,,,,,,,,,
05/10/13,Roda,Zwolle,0,0,D,,,,,,,,,,
06/10/13,Ajax,Utrecht,3,0,H,,,,,,,,,,
06/10/13,Groningen,AZ Alkmaar,2,1,H,,,,,,,,,,
06/10/13,PSV Eindhoven,Waalwijk,2,1,H,,,,,,,,,,
06/10/13,Vitesse,Feyenoord,1,2,A,,,,,,,,,,
19/10/13,Go Ahead Eagles,Feyenoord,2,2,D,,,,,,,,,,
19/10/13,Heerenveen,Vitesse,2,3,A,,,,,,,,,,
19/10/13,Twente,Ajax,1,1,D,,,,,,,,,,
19/10/13,Utrecht,NAC Breda,4,2,H,,,,,,,,,,
19/10/13,Waalwijk,Roda,1,2,A,,,,,,,,,,
20/10/13,AZ Alkmaar,Cambuur,3,1,H,,,,,,,,,,
20/10/13,Groningen,PSV Eindhoven,1,0,H,,,,,,,,,,
20/10/13,Heracles,Nijmegen,1,1,D,,,,,,,,,,
20/10/13,Zwolle,Den Haag,6,1,H,,,,,,,,,,
25/10/13,Nijmegen,Heerenveen,2,1,H,,,,,,,,,,
26/10/13,Ajax,Waalwijk,0,0,D,,,,,,,,,,
26/10/13,Cambuur,Utrecht,3,1,H,,,,,,,,,,
26/10/13,Den Haag,Twente,3,2,H,,,,,,,,,,
26/10/13,NAC Breda,Go Ahead Eagles,5,0,H,,,,,,,,,,
27/10/13,Feyenoord,Heracles,1,2,A,,,,,,,,,,
27/10/13,Roda,PSV Eindhoven,2,1,H,,,,,,,,,,
27/10/13,Vitesse,Groningen,2,2,D,,,,,,,,,,
27/10/13,Zwolle,AZ Alkmaar,0,2,A,,,,,,,,,,
01/11/13,Waalwijk,NAC Breda,3,0,H,,,,,,,,,,
02/11/13,Ajax,Vitesse,0,1,A,,,,,,,,,,
02/11/13,AZ Alkmaar,Den Haag,2,0,H,,,,,,,,,,
02/11/13,PSV Eindhoven,Zwolle,1,1,D,,,,,,,,,,
02/11/13,Twente,Nijmegen,2,2,D,,,,,,,,,,
03/11/13,Cambuur,Feyenoord,0,2,A,,,,,,,,,,
03/11/13,Groningen,Roda,3,3,D,,,,,,,,,,
03/11/13,Utrecht,Heerenveen,2,0,H,,,,,,,,,,
08/11/13,Heerenveen,Waalwijk,5,2,H,,,,,,,,,,
09/11/13,Den Haag,Cambuur,3,0,H,,,,,,,,,,
09/11/13,Heracles,Groningen,0,3,A,,,,,,,,,,
09/11/13,Roda,Go Ahead Eagles,1,4,A,,,,,,,,,,
09/11/13,Vitesse,Utrecht,3,1,H,,,,,,,,,,
10/11/13,Feyenoord,AZ Alkmaar,2,2,D,,,,,,,,,,
10/11/13,NAC Breda,PSV Eindhoven,2,1,H,,,,,,,,,,
10/11/13,Nijmegen,Ajax,0,3,A,,,,,,,,,,
10/11/13,Zwolle,Twente,1,1,D,,,,,,,,,,
23/11/13,Ajax,Heracles,3,0,H,,,,,,,,,,
23/11/13,AZ Alkmaar,Roda,2,2,D,,,,,,,,,,
23/11/13,Cambuur,Nijmegen,2,1,H,,,,,,,,,,
23/11/13,PSV Eindhoven,Heerenveen,1,1,D,,,,,,,,,,
24/11/13,Go Ahead Eagles,Vitesse,0,3,A,,,,,,,,,,
24/11/13,Groningen,Zwolle,0,0,D,,,,,,,,,,
24/11/13,Twente,NAC Breda,5,2,H,,,,,,,,,,
24/11/13,Utrecht,Den Haag,3,0,H,,,,,,,,,,
24/11/13,Waalwijk,Feyenoord,1,0,H,,,,,,,,,,
29/11/13,Roda,Twente,1,2,A,,,,,,,,,,
30/11/13,Heerenveen,Go Ahead Eagles,3,1,H,,,,,,,,,,
30/11/13,Heracles,Utrecht,1,2,A,,,,,,,,,,
30/11/13,NAC Breda,Groningen,2,2,D,,,,,,,,,,
30/11/13,Zwolle,Waalwijk,1,1,D,,,,,,,,,,
01/12/13,Den Haag,Ajax,0,4,A,,,,,,,,,,
01/12/13,Feyenoord,PSV Eindhoven,3,1,H,,,,,,,,,,
01/12/13,Nijmegen,AZ Alkmaar,3,2,H,,,,,,,,,,
01/12/13,Vitesse,Cambuur,3,0,H,,,,,,,,,,
04/12/13,Den Haag,Heerenveen,1,1,D,,,,,,,,,,
04/12/13,Go Ahead Eagles,Heracles,1,1,D,,,,,,,,,,
06/12/13,Utrecht,Nijmegen,2,0,H,,,,,,,,,,
07/12/13,Ajax,NAC Breda,4,0,H,,,,,,,,,,
07/12/13,AZ Alkmaar,Twente,1,2,A,,,,,,,,,,
07/12/13,PSV Eindhoven,Vitesse,2,6,A,,,,,,,,,,
07/12/13,Waalwijk,Cambuur,2,2,D,,,,,,,,,,
08/12/13,Go Ahead Eagles,Zwolle,4,1,H,,,,,,,,,,
08/12/13,Groningen,Den Haag,1,2,A,,,,,,,,,,
08/12/13,Heerenveen,Feyenoord,1,2,A,,,,,,,,,,
08/12/13,Roda,Heracles,1,3,A,,,,,,,,,,
13/12/13,Zwolle,Heerenveen,1,2,A,,,,,,,,,,
14/12/13,Den Haag,Waalwijk,1,2,A,,,,,,,,,,
14/12/13,Nijmegen,Roda,4,3,H,,,,,,,,,,
14/12/13,Twente,Go Ahead Eagles,3,1,H,,,,,,,,,,
15/12/13,Cambuur,Ajax,1,2,A,,,,,,,,,,
15/12/13,Feyenoord,Groningen,1,0,H,,,,,,,,,,
15/12/13,Heracles,AZ Alkmaar,2,0,H,,,,,,,,,,
15/12/13,Utrecht,PSV Eindhoven,1,5,A,,,,,,,,,,
15/12/13,Vitesse,NAC Breda,3,2,H,,,,,,,,,,
20/12/13,Waalwijk,Twente,1,1,D,,,,,,,,,,
21/12/13,AZ Alkmaar,Heerenveen,1,5,A,,,,,,,,,,
21/12/13,Feyenoord,Zwolle,3,0,H,,,,,,,,,,
21/12/13,Heracles,Vitesse,2,2,D,,,,,,,,,,
21/12/13,NAC Breda,Cambuur,1,0,H,,,,,,,,,,
22/12/13,Go Ahead Eagles,Utrecht,2,1,H,,,,,,,,,,
22/12/13,Groningen,Nijmegen,5,2,H,,,,,,,,,,
22/12/13,PSV Eindhoven,Den Haag,2,0,H,,,,,,,,,,
22/12/13,Roda,Ajax,1,2,A,,,,,,,,,,
17/01/14,Twente,Heracles,3,1,H,,,,,,,,,,
18/01/14,AZ Alkmaar,NAC Breda,3,0,H,,,,,,,,,,
18/01/14,Heerenveen,Roda,2,2,D,,,,,,,,,,
18/01/14,Waalwijk,Groningen,1,1,D,,,,,,,,,,
18/01/14,Zwolle,Vitesse,1,2,A,,,,,,,,,,
19/01/14,Ajax,PSV Eindhoven,1,0,H,,,,,,,,,,
19/01/14,Cambuur,Go Ahead Eagles,2,0,H,,,,,,,,,,
19/01/14,Nijmegen,Den Haag,3,1,H,,,,,,,,,,
19/01/14,Utrecht,Feyenoord,2,5,A,,,,,,,,,,
24/01/14,Heracles,Waalwijk,2,1,H,,,,,,,,,,
25/01/14,Den Haag,Feyenoord,3,2,H,,,,,,,,,,
25/01/14,NAC Breda,Zwolle,1,2,A,,,,,,,,,,
25/01/14,PSV Eindhoven,AZ Alkmaar,1,0,H,,,,,,,,,,
25/01/14,Roda,Utrecht,1,0,H,,,,,,,,,,
26/01/14,Cambuur,Heerenveen,3,1,H,,,,,,,,,,
26/01/14,Go Ahead Eagles,Ajax,0,1,A,,,,,,,,,,
26/01/14,Vitesse,Nijmegen,1,1,D,,,,,,,,,,
31/01/14,Feyenoord,Vitesse,1,1,D,,,,,,,,,,
01/02/14,AZ Alkmaar,Groningen,2,0,H,,,,,,,,,,
01/02/14,Heerenveen,Den Haag,3,0,H,,,,,,,,,,
01/02/14,Heracles,NAC Breda,1,2,A,,,,,,,,,,
01/02/14,Zwolle,Roda,3,1,H,,,,,,,,,,
02/02/14,Nijmegen,Go Ahead Eagles,1,1,D,,,,,,,,,,
02/02/14,Twente,Cambuur,3,1,H,,,,,,,,,,
02/02/14,Utrecht,Ajax,1,1,D,,,,,,,,,,
02/02/14,Waalwijk,PSV Eindhoven,2,0,H,,,,,,,,,,
04/02/14,Den Haag,Heracles,0,3,A,,,,,,,,,,
04/02/14,Roda,Feyenoord,1,2,A,,,,,,,,,,
04/02/14,Vitesse,AZ Alkmaar,0,2,A,,,,,,,,,,
05/02/14,Cambuur,PSV Eindhoven,1,2,A,,,,,,,,,,
05/02/14,Go Ahead Eagles,Waalwijk,2,2,D,,,,,,,,,,
05/02/14,Heerenveen,Twente,0,2,A,,,,,,,,,,
05/02/14,Nijmegen,NAC Breda,1,1,D,,,,,,,,,,
06/02/14,Ajax,Groningen,2,1,H,,,,,,,,,,
06/02/14,Utrecht,Zwolle,1,2,A,,,,,,,,,,
07/02/14,Vitesse,Den Haag,0,0,D,,,,,,,,,,
08/02/14,Feyenoord,Nijmegen,5,1,H,,,,,,,,,,
08/02/14,Go Ahead Eagles,AZ Alkmaar,2,1,H,,,,,,,,,,
08/02/14,NAC Breda,Roda,2,0,H,,,,,,,,,,
08/02/14,PSV Eindhoven,Twente,3,2,H,,,,,,,,,,
09/02/14,Groningen,Heerenveen,1,3,A,,,,,,,,,,
09/02/14,Heracles,Cambuur,1,1,D,,,,,,,,,,
09/02/14,Waalwijk,Utrecht,5,2,H,,,,,,,,,,
09/02/14,Zwolle,Ajax,1,1,D,,,,,,,,,,
12/02/14,Groningen,Twente,1,1,D,,,,,,,,,,
14/02/14,PSV Eindhoven,Heracles,2,1,H,,,,,,,,,,
15/02/14,AZ Alkmaar,Utrecht,1,1,D,,,,,,,,,,
15/02/14,Roda,Den Haag,0,1,A,,,,,,,,,,
15/02/14,Twente,Vitesse,2,0,H,,,,,,,,,,
15/02/14,Waalwijk,Nijmegen,1,3,A,,,,,,,,,,
16/02/14,Ajax,Heerenveen,3,0,H,,,,,,,,,,
16/02/14,Cambuur,Zwolle,3,1,H,,,,,,,,,,
16/02/14,Groningen,Go Ahead Eagles,1,0,H,,,,,,,,,,
16/02/14,NAC Breda,Feyenoord,1,1,D,,,,,,,,,,
21/02/14,Den Haag,Go Ahead Eagles,3,2,H,,,,,,,,,,
22/02/14,Cambuur,Roda,1,0,H,,,,,,,,,,
22/02/14,Heerenveen,NAC Breda,0,0,D,,,,,,,,,,
22/02/14,Nijmegen,PSV Eindhoven,0,2,A,,,,,,,,,,
22/02/14,Zwolle,Heracles,1,1,D,,,,,,,,,,
23/02/14,Ajax,AZ Alkmaar,4,0,H,,,,,,,,,,
23/02/14,Twente,Feyenoord,2,2,D,,,,,,,,,,
23/02/14,Utrecht,Groningen,1,0,H,,,,,,,,,,
23/02/14,Vitesse,Waalwijk,3,1,H,,,,,,,,,,
28/02/14,Heracles,Heerenveen,1,2,A,,,,,,,,,,
01/03/14,Den Haag,NAC Breda,1,1,D,,,,,,,,,,
01/03/14,Go Ahead Eagles,PSV Eindhoven,2,3,A,,,,,,,,,,
01/03/14,Vitesse,Roda,3,0,H,,,,,,,,,,
01/03/14,Zwolle,Nijmegen,3,3,D,,,,,,,,,,
02/03/14,AZ Alkmaar,Waalwijk,4,0,H,,,,,,,,,,
02/03/14,Feyenoord,Ajax,1,2,A,,,,,,,,,,
02/03/14,Groningen,Cambuur,1,1,D,,,,,,,,,,
02/03/14,Utrecht,Twente,1,1,D,,,,,,,,,,
08/03/14,AZ Alkmaar,Heracles,4,0,H,,,,,,,,,,
08/03/14,Heerenveen,Zwolle,3,0,H,,,,,,,,,,
08/03/14,NAC Breda,Vitesse,1,2,A,,,,,,,,,,
08/03/14,PSV Eindhoven,Utrecht,1,0,H,,,,,,,,,,
08/03/14,Roda,Nijmegen,3,1,H,,,,,,,,,,
09/03/14,Ajax,Cambuur,1,1,D,,,,,,,,,,
09/03/14,Go Ahead Eagles,Twente,1,0,H,,,,,,,,,,
09/03/14,Groningen,Feyenoord,0,2,A,,,,,,,,,,
09/03/14,Waalwijk,Den Haag,1,1,D,,,,,,,,,,
14/03/14,Cambuur,Waalwijk,3,2,H,,,,,,,,,,
15/03/14,Den Haag,Groningen,2,1,H,,,,,,,,,,
15/03/14,Heracles,Roda,2,1,H,,,,,,,,,,
15/03/14,Vitesse,PSV Eindhoven,1,2,A,,,,,,,,,,
16/03/14,Feyenoord,Heerenveen,2,0,H,,,,,,,,,,
16/03/14,NAC Breda,Ajax,0,0,D,,,,,,,,,,
16/03/14,Nijmegen,Utrecht,2,2,D,,,,,,,,,,
16/03/14,Twente,AZ Alkmaar,2,1,H,,,,,,,,,,
16/03/14,Zwolle,Go Ahead Eagles,2,0,H,,,,,,,,,,
22/03/14,Groningen,Vitesse,3,1,H,,,,,,,,,,
22/03/14,Heerenveen,Nijmegen,2,2,D,,,,,,,,,,
22/03/14,PSV Eindhoven,Roda,3,1,H,,,,,,,,,,
23/03/14,AZ Alkmaar,Zwolle,2,1,H,,,,,,,,,,
28/03/14,NAC Breda,Utrecht,2,2,D,,,,,,,,,,
29/03/14,Nijmegen,Heracles,1,2,A,,,,,,,,,,
29/03/14,PSV Eindhoven,Groningen,2,3,A,,,,,,,,,,
29/03/14,Vitesse,Heerenveen,2,2,D,,,,,,,,,,
30/03/14,Ajax,Twente,3,0,H,,,,,,,,,,
30/03/14,Cambuur,AZ Alkmaar,0,0,D,,,,,,,,,,
30/03/14,Den Haag,Zwolle,1,1,D,,,,,,,,,,
30/03/14,Feyenoord,Go Ahead Eagles,5,0,H,,,,,,,,,,
30/03/14,Roda,Waalwijk,0,1,A,,,,,,,,,,
02/04/14,Go Ahead Eagles,NAC Breda,2,1,H,,,,,,,,,,
02/04/14,Heracles,Feyenoord,1,2,A,,,,,,,,,,
02/04/14,Twente,Den Haag,1,1,D,,,,,,,,,,
02/04/14,Utrecht,Cambuur,1,0,H,,,,,,,,,,
02/04/14,Waalwijk,Ajax,0,2,A,,,,,,,,,,
04/04/14,Zwolle,Groningen,0,1,A,,,,,,,,,,
05/04/14,Heerenveen,PSV Eindhoven,3,0,H,,,,,,,,,,
05/04/14,Heracles,Go Ahead Eagles,1,2,A,,,,,,,,,,
05/04/14,NAC Breda,Twente,0,2,A,,,,,,,,,,
05/04/14,Nijmegen,Cambuur,1,1,D,,,,,,,,,,
06/04/14,Den Haag,Utrecht,4,1,H,,,,,,,,,,
06/04/14,Feyenoord,Waalwijk,2,0,H,,,,,,,,,,
06/04/14,Roda,AZ Alkmaar,2,2,D,,,,,,,,,,
06/04/14,Vitesse,Ajax,1,1,D,,,,,,,,,,
11/04/14,Groningen,NAC Breda,2,1,H,,,,,,,,,,
12/04/14,Cambuur,Vitesse,4,3,H,,,,,,,,,,
12/04/14,Go Ahead Eagles,Heerenveen,0,2,A,,,,,,,,,,
12/04/14,Twente,Roda,3,0,H,,,,,,,,,,
13/04/14,Ajax,Den Haag,3,2,H,,,,,,,,,,
13/04/14,AZ Alkmaar,Nijmegen,1,1,D,,,,,,,,,,
13/04/14,PSV Eindhoven,Feyenoord,0,2,A,,,,,,,,,,
13/04/14,Utrecht,Heracles,2,1,H,,,,,,,,,,
13/04/14,Waalwijk,Zwolle,1,1,D,,,,,,,,,,
27/04/14,Den Haag,AZ Alkmaar,2,1,H,,,,,,,,,,
27/04/14,Feyenoord,Cambuur,5,1,H,,,,,,,,,,
27/04/14,Heerenveen,Utrecht,4,1,H,,,,,,,,,,
27/04/14,Heracles,Ajax,1,1,D,,,,,,,,,,
27/04/14,NAC Breda,Waalwijk,1,1,D,,,,,,,,,,
27/04/14,Nijmegen,Twente,2,5,A,,,,,,,,,,
27/04/14,Roda,Groningen,1,2,A,,,,,,,,,,
27/04/14,Vitesse,Go Ahead Eagles,2,2,D,,,,,,,,,,
27/04/14,Zwolle,PSV Eindhoven,1,2,A,,,,,,,,,,
03/05/14,Ajax,Nijmegen,2,2,D,,,,,,,,,,
03/05/14,AZ Alkmaar,Feyenoord,1,1,D,,,,,,,,,,
03/05/14,Cambuur,Den Haag,1,2,A,,,,,,,,,,
03/05/14,Go Ahead Eagles,Roda,0,1,A,,,,,,,,,,
03/05/14,Groningen,Heracles,3,1,H,,,,,,,,,,
03/05/14,PSV Eindhoven,NAC Breda,2,0,H,,,,,,,,,,
03/05/14,Twente,Zwolle,2,2,D,,,,,,,,,,
03/05/14,Utrecht,Vitesse,2,1,H,,,,,,,,,,
03/05/14,Waalwijk,Heerenveen,0,3,A,,,,,,,,,,
08/08/14,Zwolle,Utrecht,2,0,H,,,,,,,,,,
09/08/14,Cambuur,Twente,1,1,D,,,,,,,,,,
09/08/14,Heerenveen,Dordrecht,1,2,A,,,,,,,,,,
09/08/14,Heracles,AZ Alkmaar,0,3,A,,,,,,,,,,
09/08/14,NAC Breda,Excelsior,1,1,D,,,,,,,,,,
10/08/14,Ajax,Vitesse,4,1,H,,,,,,,,,,
10/08/14,Den Haag,Feyenoord,0,1,A,,,,,,,,,,
10/08/14,Go Ahead Eagles,Groningen,2,3,A,,,,,,,,,,
10/08/14,Willem II,PSV Eindhoven,1,3,A,,,,,,,,,,
15/08/14,Feyenoord,Heerenveen,1,1,D,,,,,,,,,,
16/08/14,Dordrecht,Zwolle,1,2,A,,,,,,,,,,
16/08/14,PSV Eindhoven,NAC Breda,6,1,H,,,,,,,,,,
16/08/14,Twente,Den Haag,2,2,D,,,,,,,,,,
16/08/14,Vitesse,Cambuur,2,2,D,,,,,,,,,,
17/08/14,AZ Alkmaar,Ajax,1,3,A,,,,,,,,,,
17/08/14,Excelsior,Go Ahead Eagles,3,2,H,,,,,,,,,,
17/08/14,Groningen,Heracles,3,1,H,,,,,,,,,,
17/08/14,Utrecht,Willem II,2,1,H,,,,,,,,,,
22/08/14,Heracles,Cambuur,0,1,A,,,,,,,,,,
23/08/14,Go Ahead Eagles,Dordrecht,0,0,D,,,,,,,,,,
23/08/14,Heerenveen,Excelsior,2,0,H,,,,,,,,,,
23/08/14,Willem II,AZ Alkmaar,3,0,H,,,,,,,,,,
24/08/14,Ajax,PSV Eindhoven,1,3,A,,,,,,,,,,
24/08/14,Den Haag,Groningen,3,0,H,,,,,,,,,,
24/08/14,Feyenoord,Utrecht,1,2,A,,,,,,,,,,
24/08/14,NAC Breda,Twente,1,1,D,,,,,,,,,,
24/08/14,Zwolle,Vitesse,2,1,H,,,,,,,,,,
29/08/14,Go Ahead Eagles,Willem II,1,0,H,,,,,,,,,,
30/08/14,Cambuur,Den Haag,3,2,H,,,,,,,,,,
30/08/14,Dordrecht,AZ Alkmaar,1,3,A,,,,,,,,,,
30/08/14,Excelsior,Heracles,3,1,H,,,,,,,,,,
30/08/14,Heerenveen,Utrecht,3,1,H,,,,,,,,,,
31/08/14,Groningen,Ajax,2,0,H,,,,,,,,,,
31/08/14,NAC Breda,Zwolle,3,1,H,,,,,,,,,,
31/08/14,PSV Eindhoven,Vitesse,2,0,H,,,,,,,,,,
31/08/14,Twente,Feyenoord,0,0,D,,,,,,,,,,
13/09/14,Ajax,Heracles,2,1,H,,,,,,,,,,
13/09/14,AZ Alkmaar,Heerenveen,0,1,A,,,,,,,,,,
13/09/14,Feyenoord,Willem II,1,2,A,,,,,,,,,,
13/09/14,Twente,Go Ahead Eagles,2,1,H,,,,,,,,,,
13/09/14,Zwolle,PSV Eindhoven,3,1,H,,,,,,,,,,
14/09/14,Cambuur,Groningen,3,0,H,,,,,,,,,,
14/09/14,Dordrecht,NAC Breda,0,1,A,,,,,,,,,,
14/09/14,Utrecht,Den Haag,0,0,D,,,,,,,,,,
14/09/14,Vitesse,Excelsior,3,1,H,,,,,,,,,,
19/09/14,Willem II,NAC Breda,2,1,H,,,,,,,,,,
20/09/14,Den Haag,Go Ahead Eagles,1,1,D,,,,,,,,,,
20/09/14,Excelsior,Dordrecht,1,1,D,,,,,,,,,,
20/09/14,Vitesse,Heerenveen,1,1,D,,,,,,,,,,
21/09/14,AZ Alkmaar,Zwolle,1,0,H,,,,,,,,,,
21/09/14,Feyenoord,Ajax,0,1,A,,,,,,,,,,
21/09/14,Heracles,Twente,1,4,A,,,,,,,,,,
21/09/14,PSV Eindhoven,Cambuur,4,0,H,,,,,,,,,,
21/09/14,Utrecht,Groningen,1,0,H,,,,,,,,,,
27/09/14,Den Haag,AZ Alkmaar,2,3,A,,,,,,,,,,
27/09/14,Dordrecht,Vitesse,2,6,A,,,,,,,,,,
27/09/14,Go Ahead Eagles,Feyenoord,0,4,A,,,,,,,,,,
27/09/14,NAC Breda,Ajax,2,5,A,,,,,,,,,,
27/09/14,Zwolle,Heracles,4,2,H,,,,,,,,,,
28/09/14,Excelsior,Cambuur,1,1,D,,,,,,,,,,
28/09/14,Groningen,Willem II,1,0,H,,,,,,,,,,
28/09/14,Heerenveen,PSV Eindhoven,1,0,H,,,,,,,,,,
28/09/14,Twente,Utrecht,3,1,H,,,,,,,,,,
03/10/14,Vitesse,Den Haag,6,1,H,,,,,,,,,,
04/10/14,Cambuur,Dordrecht,4,1,H,,,,,,,,,,
04/10/14,Heracles,NAC Breda,6,1,H,,,,,,,,,,
04/10/14,Utrecht,Go Ahead Eagles,2,3,A,,,,,,,,,,
04/10/14,Willem II,Heerenveen,2,1,H,,,,,,,,,,
05/10/14,Ajax,Zwolle,0,0,D,,,,,,,,,,
05/10/14,AZ Alkmaar,Twente,2,2,D,,,,,,,,,,
05/10/14,Feyenoord,Groningen,4,0,H,,,,,,,,,,
05/10/14,PSV Eindhoven,Excelsior,3,0,H,,,,,,,,,,
18/10/14,Feyenoord,Heracles,2,1,H,,,,,,,,,,
18/10/14,NAC Breda,Den Haag,1,1,D,,,,,,,,,,
18/10/14,PSV Eindhoven,AZ Alkmaar,3,0,H,,,,,,,,,,
18/10/14,Twente,Ajax,1,1,D,,,,,,,,,,
18/10/14,Willem II,Vitesse,1,4,A,,,,,,,,,,
19/10/14,Dordrecht,Utrecht,1,3,A,,,,,,,,,,
19/10/14,Go Ahead Eagles,Zwolle,3,2,H,,,,,,,,,,
19/10/14,Groningen,Excelsior,1,1,D,,,,,,,,,,
19/10/14,Heerenveen,Cambuur,2,2,D,,,,,,,,,,
24/10/14,Den Haag,Dordrecht,2,0,H,,,,,,,,,,
25/10/14,Ajax,Go Ahead Eagles,3,1,H,,,,,,,,,,
25/10/14,AZ Alkmaar,Groningen,2,2,D,,,,,,,,,,
25/10/14,Heracles,Willem II,1,3,A,,,,,,,,,,
25/10/14,Vitesse,NAC Breda,2,2,D,,,,,,,,,,
26/10/14,Cambuur,Feyenoord,0,1,A,,,,,,,,,,
26/10/14,Excelsior,Twente,2,1,H,,,,,,,,,,
26/10/14,Utrecht,PSV Eindhoven,1,5,A,,,,,,,,,,
26/10/14,Zwolle,Heerenveen,2,2,D,,,,,,,,,,
01/11/14,Ajax,Dordrecht,4,0,H,,,,,,,,,,
01/11/14,Feyenoord,Zwolle,2,0,H,,,,,,,,,,
01/11/14,PSV Eindhoven,Den Haag,1,0,H,,,,,,,,,,
01/11/14,Twente,Heerenveen,2,0,H,,,,,,,,,,
02/11/14,AZ Alkmaar,Excelsior,3,3,D,,,,,,,,,,
02/11/14,Go Ahead Eagles,Heracles,1,3,A,,,,,,,,,,
02/11/14,Groningen,NAC Breda,1,0,H,,,,,,,,,,
02/11/14,Utrecht,Vitesse,3,1,H,,,,,,,,,,
02/11/14,Willem II,Cambuur,1,1,D,,,,,,,,,,
07/11/14,Excelsior,Utrecht,2,2,D,,,,,,,,,,
08/11/14,Den Haag,Willem II,3,2,H,,,,,,,,,,
08/11/14,Heerenveen,Go Ahead Eagles,2,2,D,,,,,,,,,,
08/11/14,NAC Breda,AZ Alkmaar,0,1,A,,,,,,,,,,
08/11/14,Zwolle,Groningen,2,0,H,,,,,,,,,,
09/11/14,Cambuur,Ajax,2,4,A,,,,,,,,,,
09/11/14,Dordrecht,Twente,0,4,A,,,,,,,,,,
09/11/14,Heracles,PSV Eindhoven,1,2,A,,,,,,,,,,
09/11/14,Vitesse,Feyenoord,0,0,D,,,,,,,,,,
22/11/14,Ajax,Heerenveen,4,1,H,,,,,,,,,,
22/11/14,AZ Alkmaar,Vitesse,1,0,H,,,,,,,,,,
22/11/14,Feyenoord,Dordrecht,2,0,H,,,,,,,,,,
22/11/14,Go Ahead Eagles,NAC Breda,2,0,H,,,,,,,,,,
22/11/14,Willem II,Excelsior,1,1,D,,,,,,,,,,
23/11/14,Groningen,PSV Eindhoven,1,1,D,,,,,,,,,,
23/11/14,Heracles,Den Haag,3,1,H,,,,,,,,,,
23/11/14,Utrecht,Cambuur,1,3,A,,,,,,,,,,
23/11/14,Zwolle,Twente,1,2,A,,,,,,,,,,
28/11/14,Dordrecht,Willem II,0,4,A,,,,,,,,,,
29/11/14,Cambuur,AZ Alkmaar,0,2,A,,,,,,,,,,
29/11/14,Heerenveen,Heracles,0,1,A,,,,,,,,,,
29/11/14,NAC Breda,Utrecht,1,5,A,,,,,,,,,,
29/11/14,Vitesse,Go Ahead Eagles,2,2,D,,,,,,,,,,
30/11/14,Den Haag,Ajax,1,1,D,,,,,,,,,,
30/11/14,Excelsior,Zwolle,0,5,A,,,,,,,,,,
30/11/14,Twente,Groningen,1,2,A,,,,,,,,,,
06/12/14,Ajax,Willem II,5,0,H,,,,,,,,,,
06/12/14,AZ Alkmaar,Go Ahead Eagles,2,0,H,,,,,,,,,,
06/12/14,Cambuur,NAC Breda,0,1,A,,,,,,,,,,
06/12/14,Dordrecht,PSV Eindhoven,1,3,A,,,,,,,,,,
06/12/14,Excelsior,Feyenoord,2,5,A,,,,,,,,,,
07/12/14,Groningen,Heerenveen,1,1,D,,,,,,,,,,
07/12/14,Utrecht,Heracles,2,4,A,,,,,,,,,,
07/12/14,Vitesse,Twente,2,2,D,,,,,,,,,,
07/12/14,Zwolle,Den Haag,3,1,H,,,,,,,,,,
12/12/14,Heracles,Dordrecht,1,1,D,,,,,,,,,,
13/12/14,Den Haag,Excelsior,2,2,D,,,,,,,,,,
13/12/14,Go Ahead Eagles,Cambuur,1,2,A,,,,,,,,,,
13/12/14,NAC Breda,Heerenveen,0,2,A,,,,,,,,,,
13/12/14,Willem II,Zwolle,0,1,A,,,,,,,,,,
14/12/14,Ajax,Utrecht,3,1,H,,,,,,,,,,
14/12/14,Feyenoord,AZ Alkmaar,2,2,D,,,,,,,,,,
14/12/14,Groningen,Vitesse,1,1,D,,,,,,,,,,
14/12/14,PSV Eindhoven,Twente,2,0,H,,,,,,,,,,
17/12/14,PSV Eindhoven,Feyenoord,4,3,H,,,,,,,,,,
19/12/14,Heerenveen,Den Haag,0,0,D,,,,,,,,,,
20/12/14,AZ Alkmaar,Utrecht,0,3,A,,,,,,,,,,
20/12/14,Cambuur,Zwolle,2,1,H,,,,,,,,,,
20/12/14,Dordrecht,Groningen,1,1,D,,,,,,,,,,
20/12/14,PSV Eindhoven,Go Ahead Eagles,5,0,H,,,,,,,,,,
21/12/14,Excelsior,Ajax,0,2,A,,,,,,,,,,
21/12/14,NAC Breda,Feyenoord,0,1,A,,,,,,,,,,
21/12/14,Twente,Willem II,3,2,H,,,,,,,,,,
21/12/14,Vitesse,Heracles,3,0,H,,,,,,,,,,
16/01/15,Ajax,Groningen,2,0,H,,,,,,,,,,
17/01/15,AZ Alkmaar,Dordrecht,2,0,H,,,,,,,,,,
17/01/15,Den Haag,Cambuur,2,2,D,,,,,,,,,,
17/01/15,Vitesse,PSV Eindhoven,0,1,A,,,,,,,,,,
17/01/15,Zwolle,NAC Breda,4,1,H,,,,,,,,,,
18/01/15,Feyenoord,Twente,3,1,H,,,,,,,,,,
18/01/15,Heracles,Excelsior,0,3,A,,,,,,,,,,
18/01/15,Utrecht,Heerenveen,1,2,A,,,,,,,,,,
18/01/15,Willem II,Go Ahead Eagles,1,0,H,,,,,,,,,,
23/01/15,Twente,Heracles,2,0,H,,,,,,,,,,
24/01/15,Cambuur,PSV Eindhoven,1,2,A,,,,,,,,,,
24/01/15,Dordrecht,Excelsior,1,0,H,,,,,,,,,,
24/01/15,Heerenveen,Vitesse,4,1,H,,,,,,,,,,
24/01/15,Zwolle,AZ Alkmaar,1,1,D,,,,,,,,,,
25/01/15,Ajax,Feyenoord,0,0,D,,,,,,,,,,
25/01/15,Go Ahead Eagles,Den Haag,1,0,H,,,,,,,,,,
25/01/15,Groningen,Utrecht,2,2,D,,,,,,,,,,
25/01/15,NAC Breda,Willem II,0,0,D,,,,,,,,,,
30/01/15,Dordrecht,Heerenveen,0,0,D,,,,,,,,,,
31/01/15,Excelsior,NAC Breda,0,0,D,,,,,,,,,,
31/01/15,Groningen,Go Ahead Eagles,2,0,H,,,,,,,,,,
31/01/15,PSV Eindhoven,Willem II,2,1,H,,,,,,,,,,
31/01/15,Twente,Cambuur,2,1,H,,,,,,,,,,
01/02/15,AZ Alkmaar,Heracles,3,1,H,,,,,,,,,,
01/02/15,Feyenoord,Den Haag,2,1,H,,,,,,,,,,
01/02/15,Utrecht,Zwolle,0,2,A,,,,,,,,,,
01/02/15,Vitesse,Ajax,1,0,H,,,,,,,,,,
03/02/15,Go Ahead Eagles,Excelsior,0,0,D,,,,,,,,,,
03/02/15,NAC Breda,PSV Eindhoven,0,2,A,,,,,,,,,,
04/02/15,Cambuur,Vitesse,0,2,A,,,,,,,,,,
04/02/15,Den Haag,Twente,2,0,H,,,,,,,,,,
04/02/15,Heerenveen,Feyenoord,3,1,H,,,,,,,,,,
04/02/15,Willem II,Utrecht,1,0,H,,,,,,,,,,
04/02/15,Zwolle,Dordrecht,4,0,H,,,,,,,,,,
05/02/15,Ajax,AZ Alkmaar,0,1,A,,,,,,,,,,
05/02/15,Heracles,Groningen,2,2,D,,,,,,,,,,
07/02/15,Dordrecht,Den Haag,0,0,D,,,,,,,,,,
07/02/15,Heerenveen,Zwolle,4,0,H,,,,,,,,,,
07/02/15,NAC Breda,Vitesse,0,1,A,,,,,,,,,,
07/02/15,PSV Eindhoven,Utrecht,3,1,H,,,,,,,,,,
07/02/15,Twente,Excelsior,1,3,A,,,,,,,,,,
08/02/15,Feyenoord,Cambuur,2,1,H,,,,,,,,,,
08/02/15,Go Ahead Eagles,Ajax,1,2,A,,,,,,,,,,
08/02/15,Groningen,AZ Alkmaar,2,4,A,,,,,,,,,,
08/02/15,Willem II,Heracles,3,0,H,,,,,,,,,,
13/02/15,AZ Alkmaar,PSV Eindhoven,2,4,A,,,,,,,,,,
14/02/15,Den Haag,NAC Breda,3,2,H,,,,,,,,,,
14/02/15,Excelsior,Groningen,1,1,D,,,,,,,,,,
14/02/15,Heracles,Feyenoord,2,0,H,,,,,,,,,,
14/02/15,Vitesse,Willem II,2,0,H,,,,,,,,,,
15/02/15,Ajax,Twente,4,2,H,,,,,,,,,,
15/02/15,Cambuur,Heerenveen,2,1,H,,,,,,,,,,
15/02/15,Utrecht,Dordrecht,6,1,H,,,,,,,,,,
15/02/15,Zwolle,Go Ahead Eagles,0,1,A,,,,,,,,,,
20/02/15,NAC Breda,Cambuur,2,1,H,,,,,,,,,,
21/02/15,Den Haag,Zwolle,3,2,H,,,,,,,,,,
21/02/15,Go Ahead Eagles,AZ Alkmaar,0,2,A,,,,,,,,,,
21/02/15,Heracles,Utrecht,1,1,D,,,,,,,,,,
22/02/15,Feyenoord,Excelsior,3,2,H,,,,,,,,,,
22/02/15,Heerenveen,Groningen,3,1,H,,,,,,,,,,
22/02/15,PSV Eindhoven,Dordrecht,3,0,H,,,,,,,,,,
22/02/15,Twente,Vitesse,1,2,A,,,,,,,,,,
22/02/15,Willem II,Ajax,1,1,D,,,,,,,,,,
27/02/15,Dordrecht,Go Ahead Eagles,2,1,H,,,,,,,,,,
28/02/15,AZ Alkmaar,Willem II,2,0,H,,,,,,,,,,
28/02/15,Cambuur,Heracles,1,0,H,,,,,,,,,,
28/02/15,Twente,NAC Breda,1,1,D,,,,,,,,,,
28/02/15,Vitesse,Zwolle,2,1,H,,,,,,,,,,
01/03/15,Excelsior,Heerenveen,3,0,H,,,,,,,,,,
01/03/15,Groningen,Den Haag,1,1,D,,,,,,,,,,
01/03/15,PSV Eindhoven,Ajax,1,3,A,,,,,,,,,,
01/03/15,Utrecht,Feyenoord,0,0,D,,,,,,,,,,
06/03/15,Willem II,Twente,2,2,D,,,,,,,,,,
07/03/15,Den Haag,Heerenveen,0,1,A,,,,,,,,,,
07/03/15,Go Ahead Eagles,PSV Eindhoven,0,3,A,,,,,,,,,,
07/03/15,Heracles,Vitesse,1,1,D,,,,,,,,,,
07/03/15,Zwolle,Cambuur,6,1,H,,,,,,,,,,
08/03/15,Ajax,Excelsior,1,0,H,,,,,,,,,,
08/03/15,Feyenoord,NAC Breda,3,0,H,,,,,,,,,,
08/03/15,Groningen,Dordrecht,2,0,H,,,,,,,,,,
08/03/15,Utrecht,AZ Alkmaar,6,2,H,,,,,,,,,,
13/03/15,Vitesse,AZ Alkmaar,3,1,H,,,,,,,,,,
14/03/15,Cambuur,Utrecht,3,1,H,,,,,,,,,,
14/03/15,Excelsior,Willem II,2,3,A,,,,,,,,,,
14/03/15,NAC Breda,Go Ahead Eagles,1,0,H,,,,,,,,,,
14/03/15,Twente,Zwolle,2,0,H,,,,,,,,,,
15/03/15,Den Haag,Heracles,1,3,A,,,,,,,,,,
15/03/15,Dordrecht,Feyenoord,1,2,A,,,,,,,,,,
15/03/15,Heerenveen,Ajax,1,4,A,,,,,,,,,,
15/03/15,PSV Eindhoven,Groningen,2,1,H,,,,,,,,,,
20/03/15,Utrecht,NAC Breda,3,4,A,,,,,,,,,,
21/03/15,AZ Alkmaar,Cambuur,2,1,H,,,,,,,,,,
21/03/15,Go Ahead Eagles,Vitesse,0,2,A,,,,,,,,,,
21/03/15,Heracles,Heerenveen,1,4,A,,,,,,,,,,
21/03/15,Willem II,Dordrecht,2,1,H,,,,,,,,,,
22/03/15,Ajax,Den Haag,1,0,H,,,,,,,,,,
22/03/15,Feyenoord,PSV Eindhoven,2,1,H,,,,,,,,,,
22/03/15,Groningen,Twente,2,2,D,,,,,,,,,,
22/03/15,Zwolle,Excelsior,1,1,D,,,,,,,,,,
04/04/15,Dordrecht,Heracles,2,3,A,,,,,,,,,,
04/04/15,Heerenveen,NAC Breda,0,0,D,,,,,,,,,,
04/04/15,Twente,PSV Eindhoven,0,5,A,,,,,,,,,,
04/04/15,Vitesse,Groningen,1,1,D,,,,,,,,,,
04/04/15,Zwolle,Willem II,1,0,H,,,,,,,,,,
05/04/15,AZ Alkmaar,Feyenoord,1,4,A,,,,,,,,,,
05/04/15,Cambuur,Go Ahead Eagles,1,0,H,,,,,,,,,,
05/04/15,Excelsior,Den Haag,2,3,A,,,,,,,,,,
05/04/15,Utrecht,Ajax,1,1,D,,,,,,,,,,
10/04/15,PSV Eindhoven,Zwolle,3,1,H,,,,,,,,,,
11/04/15,Excelsior,Vitesse,1,3,A,,,,,,,,,,
11/04/15,Heerenveen,AZ Alkmaar,5,2,H,,,,,,,,,,
11/04/15,Heracles,Ajax,0,2,A,,,,,,,,,,
11/04/15,NAC Breda,Dordrecht,2,2,D,,,,,,,,,,
12/04/15,Den Haag,Utrecht,2,0,H,,,,,,,,,,
12/04/15,Go Ahead Eagles,Twente,1,3,A,,,,,,,,,,
12/04/15,Groningen,Cambuur,3,2,H,,,,,,,,,,
12/04/15,Willem II,Feyenoord,2,2,D,,,,,,,,,,
17/04/15,Cambuur,Excelsior,1,1,D,,,,,,,,,,
18/04/15,AZ Alkmaar,Den Haag,3,1,H,,,,,,,,,,
18/04/15,PSV Eindhoven,Heerenveen,4,1,H,,,,,,,,,,
18/04/15,Vitesse,Dordrecht,3,0,H,,,,,,,,,,
18/04/15,Willem II,Groningen,1,4,A,,,,,,,,,,
19/04/15,Ajax,NAC Breda,0,0,D,,,,,,,,,,
19/04/15,Feyenoord,Go Ahead Eagles,0,1,A,,,,,,,,,,
19/04/15,Heracles,Zwolle,2,0,H,,,,,,,,,,
19/04/15,Utrecht,Twente,1,0,H,,,,,,,,,,
24/04/15,Den Haag,Vitesse,1,0,H,,,,,,,,,,
25/04/15,Excelsior,PSV Eindhoven,2,3,A,,,,,,,,,,
25/04/15,Go Ahead Eagles,Utrecht,0,2,A,,,,,,,,,,
25/04/15,Heerenveen,Willem II,1,1,D,,,,,,,,,,
25/04/15,NAC Breda,Heracles,1,3,A,,,,,,,,,,
26/04/15,Dordrecht,Cambuur,0,0,D,,,,,,,,,,
26/04/15,Groningen,Feyenoord,1,1,D,,,,,,,,,,
26/04/15,Twente,AZ Alkmaar,0,2,A,,,,,,,,,,
26/04/15,Zwolle,Ajax,1,1,D,,,,,,,,,,
10/05/15,Ajax,Cambuur,3,0,H,,,,,,,,,,
10/05/15,AZ Alkmaar,NAC Breda,3,2,H,,,,,,,,,,
10/05/15,Go Ahead Eagles,Heerenveen,1,1,D,,,,,,,,,,
10/05/15,Groningen,Zwolle,0,1,A,,,,,,,,,,
10/05/15,PSV Eindhoven,Heracles,2,0,H,,,,,,,,,,
10/05/15,Twente,Dordrecht,3,0,H,,,,,,,,,,
10/05/15,Utrecht,Excelsior,2,2,D,,,,,,,,,,
10/05/15,Willem II,Den Haag,1,0,H,,,,,,,,,,
11/05/15,Feyenoord,Vitesse,1,4,A,,,,,,,,,,
17/05/15,Cambuur,Willem II,1,2,A,,,,,,,,,,
17/05/15,Den Haag,PSV Eindhoven,2,3,A,,,,,,,,,,
17/05/15,Dordrecht,Ajax,2,1,H,,,,,,,,,,
17/05/15,Excelsior,AZ Alkmaar,1,4,A,,,,,,,,,,
17/05/15,Heerenveen,Twente,1,3,A,,,,,,,,,,
17/05/15,Heracles,Go Ahead Eagles,1,0,H,,,,,,,,,,
17/05/15,NAC Breda,Groningen,4,5,A,,,,,,,,,,
17/05/15,Vitesse,Utrecht,3,3,D,,,,,,,,,,
17/05/15,Zwolle,Feyenoord,3,0,H,,,,,,,,,,
08/08/15,Feyenoord,Utrecht,3,2,H,,,,,,,,,,
08/08/15,Roda,Heracles,3,1,H,,,,,,,,,,
09/08/15,AZ Alkmaar,Ajax,0,3,A,,,,,,,,,,
09/08/15,Willem II,Vitesse,1,1,D,,,,,,,,,,
11/08/15,Den Haag,PSV Eindhoven,2,2,D,,,,,,,,,,
11/08/15,Heerenveen,Graafschap,3,1,H,,,,,,,,,,
12/08/15,Groningen,Twente,1,1,D,,,,,,,,,,
12/08/15,Nijmegen,Excelsior,1,0,H,,,,,,,,,,
12/08/15,Zwolle,Cambuur,2,2,D,,,,,,,,,,
14/08/15,Vitesse,Roda,3,0,H,,,,,,,,,,
15/08/15,Ajax,Willem II,3,0,H,,,,,,,,,,
15/08/15,Excelsior,AZ Alkmaar,2,2,D,,,,,,,,,,
15/08/15,Graafschap,Zwolle,0,3,A,,,,,,,,,,
15/08/15,Twente,Den Haag,1,4,A,,,,,,,,,,
16/08/15,Cambuur,Feyenoord,0,2,A,,,,,,,,,,
16/08/15,Heracles,Nijmegen,3,0,H,,,,,,,,,,
16/08/15,PSV Eindhoven,Groningen,2,0,H,,,,,,,,,,
16/08/15,Utrecht,Heerenveen,1,1,D,,,,,,,,,,
21/08/15,Groningen,Excelsior,2,0,H,,,,,,,,,,
22/08/15,Cambuur,Heracles,1,6,A,,,,,,,,,,
22/08/15,Heerenveen,PSV Eindhoven,1,1,D,,,,,,,,,,
22/08/15,Roda,Graafschap,1,0,H,,,,,,,,,,
23/08/15,AZ Alkmaar,Willem II,0,0,D,,,,,,,,,,
23/08/15,Den Haag,Utrecht,1,1,D,,,,,,,,,,
23/08/15,Feyenoord,Vitesse,2,0,H,,,,,,,,,,
23/08/15,Nijmegen,Ajax,0,2,A,,,,,,,,,,
23/08/15,Zwolle,Twente,2,1,H,,,,,,,,,,
28/08/15,Willem II,Nijmegen,0,1,A,,,,,,,,,,
29/08/15,Excelsior,Graafschap,3,0,H,,,,,,,,,,
29/08/15,Heerenveen,Zwolle,1,1,D,,,,,,,,,,
29/08/15,Heracles,Twente,2,0,H,,,,,,,,,,
29/08/15,Utrecht,Groningen,2,0,H,,,,,,,,,,
30/08/15,Ajax,Den Haag,4,0,H,,,,,,,,,,
30/08/15,AZ Alkmaar,Roda,0,1,A,,,,,,,,,,
30/08/15,PSV Eindhoven,Feyenoord,3,1,H,,,,,,,,,,
30/08/15,Vitesse,Cambuur,4,1,H,,,,,,,,,,
12/09/15,Cambuur,PSV Eindhoven,0,6,A,,,,,,,,,,
12/09/15,Graafschap,AZ Alkmaar,1,3,A,,,,,,,,,,
12/09/15,Roda,Nijmegen,0,0,D,,,,,,,,,,
12/09/15,Twente,Ajax,2,2,D,,,,,,,,,,
12/09/15,Zwolle,Excelsior,3,0,H,,,,,,,,,,
13/09/15,Den Haag,Heracles,0,1,A,,,,,,,,,,
13/09/15,Feyenoord,Willem II,1,0,H,,,,,,,,,,
13/09/15,Groningen,Heerenveen,3,1,H,,,,,,,,,,
13/09/15,Utrecht,Vitesse,2,1,H,,,,,,,,,,
18/09/15,Nijmegen,Heerenveen,2,0,H,,,,,,,,,,
19/09/15,Cambuur,Twente,0,0,D,,,,,,,,,,
19/09/15,Heracles,PSV Eindhoven,2,1,H,,,,,,,,,,
19/09/15,Willem II,Utrecht,3,1,H,,,,,,,,,,
19/09/15,Zwolle,Den Haag,2,1,H,,,,,,,,,,
20/09/15,Excelsior,Ajax,0,2,A,,,,,,,,,,
20/09/15,Groningen,AZ Alkmaar,2,0,H,,,,,,,,,,
20/09/15,Roda,Feyenoord,1,1,D,,,,,,,,,,
20/09/15,Vitesse,Graafschap,3,0,H,,,,,,,,,,
26/09/15,Ajax,Groningen,2,0,H,,,,,,,,,,
26/09/15,AZ Alkmaar,Heracles,3,1,H,,,,,,,,,,
26/09/15,Heerenveen,Vitesse,0,0,D,,,,,,,,,,
26/09/15,PSV Eindhoven,Nijmegen,2,1,H,,,,,,,,,,
26/09/15,Utrecht,Cambuur,3,3,D,,,,,,,,,,
27/09/15,Den Haag,Excelsior,3,3,D,,,,,,,,,,
27/09/15,Feyenoord,Zwolle,2,0,H,,,,,,,,,,
27/09/15,Graafschap,Willem II,2,2,D,,,,,,,,,,
27/09/15,Twente,Roda,2,1,H,,,,,,,,,,
02/10/15,Heracles,Heerenveen,2,0,H,,,,,,,,,,
03/10/15,Excelsior,Utrecht,1,0,H,,,,,,,,,,
03/10/15,Nijmegen,Den Haag,4,1,H,,,,,,,,,,
03/10/15,Roda,Cambuur,1,1,D,,,,,,,,,,
03/10/15,Willem II,Zwolle,0,1,A,,,,,,,,,,
04/10/15,Ajax,PSV Eindhoven,1,2,A,,,,,,,,,,
04/10/15,AZ Alkmaar,Twente,3,1,H,,,,,,,,,,
04/10/15,Graafschap,Feyenoord,1,2,A,,,,,,,,,,
04/10/15,Vitesse,Groningen,5,0,H,,,,,,,,,,
17/10/15,Cambuur,AZ Alkmaar,1,1,D,,,,,,,,,,
17/10/15,Groningen,Willem II,2,1,H,,,,,,,,,,
17/10/15,Heracles,Ajax,0,2,A,,,,,,,,,,
17/10/15,PSV Eindhoven,Excelsior,1,1,D,,,,,,,,,,
17/10/15,Utrecht,Roda,1,1,D,,,,,,,,,,
18/10/15,Den Haag,Graafschap,1,1,D,,,,,,,,,,
18/10/15,Heerenveen,Feyenoord,2,5,A,,,,,,,,,,
18/10/15,Twente,Nijmegen,1,0,H,,,,,,,,,,
18/10/15,Zwolle,Vitesse,1,5,A,,,,,,,,,,
23/10/15,Zwolle,Utrecht,1,2,A,,,,,,,,,,
24/10/15,Graafschap,Heracles,0,1,A,,,,,,,,,,
24/10/15,Roda,Excelsior,1,2,A,,,,,,,,,,
24/10/15,Twente,PSV Eindhoven,1,3,A,,,,,,,,,,
24/10/15,Willem II,Heerenveen,2,2,D,,,,,,,,,,
25/10/15,Cambuur,Den Haag,1,1,D,,,,,,,,,,
25/10/15,Feyenoord,AZ Alkmaar,3,1,H,,,,,,,,,,
25/10/15,Nijmegen,Groningen,1,1,D,,,,,,,,,,
25/10/15,Vitesse,Ajax,1,3,A,,,,,,,,,,
30/10/15,Heracles,Willem II,2,1,H,,,,,,,,,,
31/10/15,Ajax,Roda,6,0,H,,,,,,,,,,
31/10/15,Excelsior,Vitesse,0,3,A,,,,,,,,,,
31/10/15,Graafschap,PSV Eindhoven,3,6,A,,,,,,,,,,
31/10/15,Groningen,Zwolle,2,0,H,,,,,,,,,,
01/11/15,AZ Alkmaar,Nijmegen,2,4,A,,,,,,,,,,
01/11/15,Den Haag,Feyenoord,1,0,H,,,,,,,,,,
01/11/15,Heerenveen,Cambuur,2,0,H,,,,,,,,,,
01/11/15,Utrecht,Twente,4,2,H,,,,,,,,,,
06/11/15,Roda,Den Haag,1,1,D,,,,,,,,,,
07/11/15,Nijmegen,Graafschap,2,0,H,,,,,,,,,,
07/11/15,Twente,Heerenveen,1,4,A,,,,,,,,,,
07/11/15,Willem II,Excelsior,2,3,A,,,,,,,,,,
07/11/15,Zwolle,Heracles,1,1,D,,,,,,,,,,
08/11/15,Cambuur,Groningen,2,2,D,,,,,,,,,,
08/11/15,Feyenoord,Ajax,1,1,D,,,,,,,,,,
08/11/15,PSV Eindhoven,Utrecht,3,1,H,,,,,,,,,,
08/11/15,Vitesse,AZ Alkmaar,0,2,A,,,,,,,,,,
21/11/15,Ajax,Cambuur,5,1,H,,,,,,,,,,
21/11/15,AZ Alkmaar,Heerenveen,3,1,H,,,,,,,,,,
21/11/15,Graafschap,Groningen,1,2,A,,,,,,,,,,
21/11/15,Roda,Zwolle,0,5,A,,,,,,,,,,
21/11/15,Willem II,PSV Eindhoven,2,2,D,,,,,,,,,,
22/11/15,Den Haag,Vitesse,2,2,D,,,,,,,,,,
22/11/15,Feyenoord,Twente,5,0,H,,,,,,,,,,
22/11/15,Heracles,Excelsior,0,0,D,,,,,,,,,,
22/11/15,Nijmegen,Utrecht,1,0,H,,,,,,,,,,
27/11/15,Cambuur,Graafschap,2,3,A,,,,,,,,,,
28/11/15,Excelsior,Feyenoord,2,4,A,,,,,,,,,,
28/11/15,Heerenveen,Roda,3,0,H,,,,,,,,,,
28/11/15,Twente,Willem II,1,3,A,,,,,,,,,,
29/11/15,Groningen,Den Haag,2,1,H,,,,,,,,,,
29/11/15,PSV Eindhoven,AZ Alkmaar,3,0,H,,,,,,,,,,
29/11/15,Utrecht,Heracles,4,2,H,,,,,,,,,,
29/11/15,Vitesse,Nijmegen,1,0,H,,,,,,,,,,
29/11/15,Zwolle,Ajax,0,2,A,,,,,,,,,,
04/12/15,AZ Alkmaar,Den Haag,0,1,A,,,,,,,,,,
05/12/15,Ajax,Heerenveen,5,2,H,,,,,,,,,,
05/12/15,Excelsior,Twente,1,1,D,,,,,,,,,,
05/12/15,Graafschap,Utrecht,0,1,A,,,,,,,,,,
05/12/15,Vitesse,PSV Eindhoven,0,1,A,,,,,,,,,,
06/12/15,Feyenoord,Heracles,3,0,H,,,,,,,,,,
06/12/15,Nijmegen,Zwolle,2,2,D,,,,,,,,,,
06/12/15,Roda,Groningen,0,0,D,,,,,,,,,,
06/12/15,Willem II,Cambuur,3,0,H,,,,,,,,,,
11/12/15,Heerenveen,Excelsior,2,1,H,,,,,,,,,,
12/12/15,Cambuur,Nijmegen,3,1,H,,,,,,,,,,
12/12/15,Den Haag,Willem II,1,1,D,,,,,,,,,,
12/12/15,PSV Eindhoven,Roda,1,1,D,,,,,,,,,,
12/12/15,Twente,Graafschap,2,1,H,,,,,,,,,,
13/12/15,Groningen,Feyenoord,1,1,D,,,,,,,,,,
13/12/15,Heracles,Vitesse,1,1,D,,,,,,,,,,
13/12/15,Utrecht,Ajax,1,0,H,,,,,,,,,,
13/12/15,Zwolle,AZ Alkmaar,2,1,H,,,,,,,,,,
18/12/15,Vitesse,Twente,5,1,H,,,,,,,,,,
19/12/15,AZ Alkmaar,Utrecht,2,2,D,,,,,,,,,,
19/12/15,Heracles,Groningen,2,1,H,,,,,,,,,,
19/12/15,PSV Eindhoven,Zwolle,3,2,H,,,,,,,,,,
20/12/15,Ajax,Graafschap,2,1,H,,,,,,,,,,
20/12/15,Excelsior,Cambuur,1,4,A,,,,,,,,,,
20/12/15,Heerenveen,Den Haag,0,4,A,,,,,,,,,,
20/12/15,Nijmegen,Feyenoord,3,1,H,,,,,,,,,,
20/12/15,Willem II,Roda,3,2,H,,,,,,,,,,
15/01/16,Twente,Heracles,4,0,H,,,,,,,,,,
16/01/16,Cambuur,Vitesse,0,2,A,,,,,,,,,,
16/01/16,Graafschap,Excelsior,2,0,H,,,,,,,,,,
16/01/16,Roda,AZ Alkmaar,0,1,A,,,,,,,,,,
16/01/16,Zwolle,Heerenveen,5,2,H,,,,,,,,,,
17/01/16,Den Haag,Ajax,0,1,A,,,,,,,,,,
17/01/16,Feyenoord,PSV Eindhoven,0,2,A,,,,,,,,,,
17/01/16,Groningen,Utrecht,1,4,A,,,,,,,,,,
17/01/16,Nijmegen,Willem II,1,0,H,,,,,,,,,,
22/01/16,Groningen,Nijmegen,0,0,D,,,,,,,,,,
23/01/16,Ajax,Vitesse,1,0,H,,,,,,,,,,
23/01/16,Excelsior,Roda,0,1,A,,,,,,,,,,
23/01/16,Heerenveen,Willem II,3,1,H,,,,,,,,,,
23/01/16,Heracles,Graafschap,2,1,H,,,,,,,,,,
24/01/16,AZ Alkmaar,Feyenoord,4,2,H,,,,,,,,,,
24/01/16,Den Haag,Cambuur,2,1,H,,,,,,,,,,
24/01/16,PSV Eindhoven,Twente,4,2,H,,,,,,,,,,
24/01/16,Utrecht,Zwolle,1,0,H,,,,,,,,,,
26/01/16,Ajax,Heracles,0,0,D,,,,,,,,,,
26/01/16,Willem II,Groningen,1,1,D,,,,,,,,,,
27/01/16,AZ Alkmaar,Cambuur,3,1,H,,,,,,,,,,
27/01/16,Excelsior,PSV Eindhoven,1,3,A,,,,,,,,,,
27/01/16,Graafschap,Den Haag,3,1,H,,,,,,,,,,
27/01/16,Nijmegen,Twente,2,0,H,,,,,,,,,,
27/01/16,Vitesse,Zwolle,1,1,D,,,,,,,,,,
28/01/16,Feyenoord,Heerenveen,1,2,A,,,,,,,,,,
28/01/16,Roda,Utrecht,1,0,H,,,,,,,,,,
29/01/16,Willem II,Heracles,0,0,D,,,,,,,,,,
30/01/16,Nijmegen,AZ Alkmaar,0,3,A,,,,,,,,,,
30/01/16,PSV Eindhoven,Graafschap,4,2,H,,,,,,,,,,
30/01/16,Vitesse,Excelsior,0,0,D,,,,,,,,,,
30/01/16,Zwolle,Groningen,1,3,A,,,,,,,,,,
31/01/16,Cambuur,Heerenveen,0,1,A,,,,,,,,,,
31/01/16,Feyenoord,Den Haag,0,2,A,,,,,,,,,,
31/01/16,Roda,Ajax,2,2,D,,,,,,,,,,
31/01/16,Twente,Utrecht,3,1,H,,,,,,,,,,
05/02/16,Excelsior,Willem II,0,0,D,,,,,,,,,,
06/02/16,AZ Alkmaar,Vitesse,1,0,H,,,,,,,,,,
06/02/16,Den Haag,Roda,2,2,D,,,,,,,,,,
06/02/16,Heerenveen,Twente,1,3,A,,,,,,,,,,
06/02/16,Heracles,Zwolle,2,0,H,,,,,,,,,,
07/02/16,Ajax,Feyenoord,2,1,H,,,,,,,,,,
07/02/16,Graafschap,Nijmegen,1,1,D,,,,,,,,,,
07/02/16,Groningen,Cambuur,2,0,H,,,,,,,,,,
07/02/16,Utrecht,PSV Eindhoven,0,2,A,,,,,,,,,,
12/02/16,Cambuur,Utrecht,0,2,A,,,,,,,,,,
13/02/16,Heracles,AZ Alkmaar,3,6,A,,,,,,,,,,
13/02/16,Roda,Twente,0,1,A,,,,,,,,,,
13/02/16,Vitesse,Heerenveen,3,0,H,,,,,,,,,,
13/02/16,Willem II,Graafschap,0,0,D,,,,,,,,,,
14/02/16,Excelsior,Den Haag,2,4,A,,,,,,,,,,
14/02/16,Groningen,Ajax,1,2,A,,,,,,,,,,
14/02/16,Nijmegen,PSV Eindhoven,0,3,A,,,,,,,,,,
14/02/16,Zwolle,Feyenoord,3,1,H,,,,,,,,,,
19/02/16,Den Haag,Zwolle,0,2,A,,,,,,,,,,
20/02/16,AZ Alkmaar,Groningen,4,1,H,,,,,,,,,,
20/02/16,Heerenveen,Nijmegen,1,1,D,,,,,,,,,,
20/02/16,PSV Eindhoven,Heracles,2,0,H,,,,,,,,,,
20/02/16,Twente,Cambuur,3,0,H,,,,,,,,,,
21/02/16,Ajax,Excelsior,3,0,H,,,,,,,,,,
21/02/16,Feyenoord,Roda,1,1,D,,,,,,,,,,
21/02/16,Graafschap,Vitesse,2,2,D,,,,,,,,,,
21/02/16,Utrecht,Willem II,2,1,H,,,,,,,,,,
26/02/16,Excelsior,Nijmegen,2,0,H,,,,,,,,,,
27/02/16,Cambuur,Zwolle,1,0,H,,,,,,,,,,
27/02/16,PSV Eindhoven,Den Haag,2,0,H,,,,,,,,,,
27/02/16,Twente,Groningen,2,0,H,,,,,,,,,,
27/02/16,Vitesse,Willem II,0,1,A,,,,,,,,,,
28/02/16,Ajax,AZ Alkmaar,4,1,H,,,,,,,,,,
28/02/16,Graafschap,Heerenveen,0,1,A,,,,,,,,,,
28/02/16,Heracles,Roda,0,5,A,,,,,,,,,,
28/02/16,Utrecht,Feyenoord,1,2,A,,,,,,,,,,
04/03/16,Den Haag,Twente,2,1,H,,,,,,,,,,
05/03/16,Groningen,PSV Eindhoven,0,3,A,,,,,,,,,,
05/03/16,Heerenveen,Utrecht,0,4,A,,,,,,,,,,
05/03/16,Zwolle,Graafschap,2,1,H,,,,,,,,,,
06/03/16,AZ Alkmaar,Excelsior,2,0,H,,,,,,,,,,
06/03/16,Feyenoord,Cambuur,3,1,H,,,,,,,,,,
06/03/16,Nijmegen,Heracles,1,0,H,,,,,,,,,,
06/03/16,Roda,Vitesse,1,2,A,,,,,,,,,,
06/03/16,Willem II,Ajax,0,4,A,,,,,,,,,,
11/03/16,Graafschap,Roda,3,0,H,,,,,,,,,,
12/03/16,Excelsior,Groningen,2,1,H,,,,,,,,,,
12/03/16,PSV Eindhoven,Heerenveen,1,1,D,,,,,,,,,,
12/03/16,Twente,Zwolle,2,1,H,,,,,,,,,,
12/03/16,Willem II,AZ Alkmaar,0,2,A,,,,,,,,,,
13/03/16,Ajax,Nijmegen,2,2,D,,,,,,,,,,
13/03/16,Heracles,Cambuur,3,1,H,,,,,,,,,,
13/03/16,Utrecht,Den Haag,2,2,D,,,,,,,,,,
13/03/16,Vitesse,Feyenoord,0,2,A,,,,,,,,,,
18/03/16,Utrecht,Excelsior,2,1,H,,,,,,,,,,
19/03/16,Cambuur,Roda,0,1,A,,,,,,,,,,
19/03/16,Feyenoord,Graafschap,3,1,H,,,,,,,,,,
19/03/16,Heerenveen,Heracles,0,1,A,,,,,,,,,,
19/03/16,Zwolle,Willem II,4,1,H,,,,,,,,,,
20/03/16,Den Haag,Nijmegen,1,0,H,,,,,,,,,,
20/03/16,Groningen,Vitesse,0,3,A,,,,,,,,,,
20/03/16,PSV Eindhoven,Ajax,0,2,A,,,,,,,,,,
20/03/16,Twente,AZ Alkmaar,2,2,D,,,,,,,,,,
02/04/16,AZ Alkmaar,PSV Eindhoven,2,4,A,,,,,,,,,,
02/04/16,Feyenoord,Excelsior,3,0,H,,,,,,,,,,
02/04/16,Graafschap,Cambuur,2,2,D,,,,,,,,,,
02/04/16,Heracles,Utrecht,1,1,D,,,,,,,,,,
02/04/16,Willem II,Twente,2,3,A,,,,,,,,,,
03/04/16,Ajax,Zwolle,3,0,H,,,,,,,,,,
03/04/16,Den Haag,Groningen,0,1,A,,,,,,,,,,
03/04/16,Nijmegen,Vitesse,2,1,H,,,,,,,,,,
03/04/16,Roda,Heerenveen,1,2,A,,,,,,,,,,
08/04/16,Zwolle,Roda,3,1,H,,,,,,,,,,
09/04/16,Cambuur,Ajax,0,1,A,,,,,,,,,,
09/04/16,Excelsior,Heracles,1,3,A,,,,,,,,,,
09/04/16,PSV Eindhoven,Willem II,2,0,H,,,,,,,,,,
09/04/16,Vitesse,Den Haag,2,2,D,,,,,,,,,,
10/04/16,Groningen,Graafschap,3,1,H,,,,,,,,,,
10/04/16,Heerenveen,AZ Alkmaar,4,2,H,,,,,,,,,,
10/04/16,Twente,Feyenoord,0,1,A,,,,,,,,,,
10/04/16,Utrecht,Nijmegen,3,1,H,,,,,,,,,,
15/04/16,Graafschap,Twente,1,1,D,,,,,,,,,,
16/04/16,AZ Alkmaar,Zwolle,5,1,H,,,,,,,,,,
16/04/16,Feyenoord,Groningen,1,1,D,,,,,,,,,,
16/04/16,Roda,PSV Eindhoven,0,3,A,,,,,,,,,,
16/04/16,Vitesse,Heracles,1,1,D,,,,,,,,,,
17/04/16,Ajax,Utrecht,2,2,D,,,,,,,,,,
17/04/16,Excelsior,Heerenveen,1,1,D,,,,,,,,,,
17/04/16,Nijmegen,Cambuur,2,1,H,,,,,,,,,,
17/04/16,Willem II,Den Haag,0,2,A,,,,,,,,,,
19/04/16,Groningen,Roda,1,0,H,,,,,,,,,,
19/04/16,PSV Eindhoven,Vitesse,2,0,H,,,,,,,,,,
20/04/16,Heerenveen,Ajax,0,2,A,,,,,,,,,,
20/04/16,Heracles,Feyenoord,2,2,D,,,,,,,,,,
20/04/16,Twente,Excelsior,2,0,H,,,,,,,,,,
20/04/16,Utrecht,Graafschap,0,2,A,,,,,,,,,,
20/04/16,Zwolle,Nijmegen,2,0,H,,,,,,,,,,
21/04/16,Cambuur,Willem II,1,1,D,,,,,,,,,,
21/04/16,Den Haag,AZ Alkmaar,1,2,A,,,,,,,,,,
01/05/16,Ajax,Twente,4,0,H,,,,,,,,,,
01/05/16,AZ Alkmaar,Graafschap,4,1,H,,,,,,,,,,
01/05/16,Excelsior,Zwolle,2,2,D,,,,,,,,,,
01/05/16,Heerenveen,Groningen,1,2,A,,,,,,,,,,
01/05/16,Heracles,Den Haag,1,1,D,,,,,,,,,,
01/05/16,Nijmegen,Roda,1,2,A,,,,,,,,,,
01/05/16,PSV Eindhoven,Cambuur,6,2,H,,,,,,,,,,
01/05/16,Vitesse,Utrecht,1,3,A,,,,,,,,,,
01/05/16,Willem II,Feyenoord,0,1,A,,,,,,,,,,
08/05/16,Cambuur,Excelsior,0,2,A,,,,,,,,,,
08/05/16,Den Haag,Heerenveen,1,1,D,,,,,,,,,,
08/05/16,Feyenoord,Nijmegen,1,0,H,,,,,,,,,,
08/05/16,Graafschap,Ajax,1,1,D,,,,,,,,,,
08/05/16,Groningen,Heracles,2,1,H,,,,,,,,,,
08/05/16,Roda,Willem II,2,3,A,,,,,,,,,,
08/05/16,Twente,Vitesse,2,2,D,,,,,,,,,,
08/05/16,Utrecht,AZ Alkmaar,1,3,A,,,,,,,,,,
08/05/16,Zwolle,PSV Eindhoven,1,3,A,,,,,,,,,,
05/08/16,Nijmegen,Zwolle,1,1,D,,,,,,,,,,
06/08/16,Den Haag,Go Ahead Eagles,3,0,H,,,,,,,,,,
06/08/16,Twente,Excelsior,1,2,A,,,,,,,,,,
06/08/16,Utrecht,PSV Eindhoven,1,2,A,,,,,,,,,,
06/08/16,Willem II,Vitesse,1,4,A,,,,,,,,,,
07/08/16,AZ Alkmaar,Heerenveen,2,2,D,,,,,,,,,,
07/08/16,Groningen,Feyenoord,0,5,A,,,,,,,,,,
07/08/16,Roda,Heracles,1,1,D,,,,,,,,,,
07/08/16,Sparta Rotterdam,Ajax,1,3,A,,,,,,,,,,
12/08/16,Heerenveen,Utrecht,2,2,D,,,,,,,,,,
13/08/16,Ajax,Roda,2,2,D,,,,,,,,,,
13/08/16,Excelsior,Groningen,2,0,H,,,,,,,,,,
13/08/16,Vitesse,Den Haag,1,2,A,,,,,,,,,,
13/08/16,Zwolle,Sparta Rotterdam,0,3,A,,,,,,,,,,
14/08/16,Feyenoord,Twente,2,0,H,,,,,,,,,,
14/08/16,Go Ahead Eagles,Nijmegen,2,2,D,,,,,,,,,,
14/08/16,Heracles,Willem II,3,1,H,,,,,,,,,,
14/08/16,PSV Eindhoven,AZ Alkmaar,1,0,H,,,,,,,,,,
19/08/16,Excelsior,Den Haag,1,2,A,,,,,,,,,,
20/08/16,Ajax,Willem II,1,2,A,,,,,,,,,,
20/08/16,Nijmegen,Heerenveen,2,1,H,,,,,,,,,,
20/08/16,Roda,Vitesse,0,1,A,,,,,,,,,,
20/08/16,Zwolle,PSV Eindhoven,0,4,A,,,,,,,,,,
21/08/16,Groningen,Twente,3,4,A,,,,,,,,,,
21/08/16,Heracles,Feyenoord,0,1,A,,,,,,,,,,
21/08/16,Sparta Rotterdam,Go Ahead Eagles,1,0,H,,,,,,,,,,
21/08/16,Utrecht,AZ Alkmaar,1,2,A,,,,,,,,,,
26/08/16,Vitesse,Utrecht,1,1,D,,,,,,,,,,
27/08/16,Feyenoord,Excelsior,4,1,H,,,,,,,,,,
27/08/16,Heerenveen,Zwolle,1,0,H,,,,,,,,,,
27/08/16,Twente,Sparta Rotterdam,3,1,H,,,,,,,,,,
27/08/16,Willem II,Roda,0,0,D,,,,,,,,,,
28/08/16,AZ Alkmaar,Nijmegen,2,0,H,,,,,,,,,,
28/08/16,Den Haag,Heracles,1,1,D,,,,,,,,,,
28/08/16,Go Ahead Eagles,Ajax,0,3,A,,,,,,,,,,
28/08/16,PSV Eindhoven,Groningen,0,0,D,,,,,,,,,,
10/09/16,AZ Alkmaar,Willem II,2,0,H,,,,,,,,,,
10/09/16,Excelsior,Heracles,3,1,H,,,,,,,,,,
10/09/16,Heerenveen,Twente,3,1,H,,,,,,,,,,
10/09/16,Nijmegen,PSV Eindhoven,0,4,A,,,,,,,,,,
10/09/16,Zwolle,Utrecht,1,1,D,,,,,,,,,,
11/09/16,Ajax,Vitesse,1,0,H,,,,,,,,,,
11/09/16,Feyenoord,Den Haag,3,1,H,,,,,,,,,,
11/09/16,Go Ahead Eagles,Roda,2,0,H,,,,,,,,,,
11/09/16,Groningen,Sparta Rotterdam,1,1,D,,,,,,,,,,
16/09/16,Utrecht,Groningen,1,5,A,,,,,,,,,,
17/09/16,Roda,Heerenveen,0,3,A,,,,,,,,,,
17/09/16,Twente,Den Haag,4,1,H,,,,,,,,,,
17/09/16,Vitesse,Go Ahead Eagles,2,0,H,,,,,,,,,,
17/09/16,Willem II,Excelsior,1,1,D,,,,,,,,,,
18/09/16,Heracles,Ajax,0,2,A,,,,,,,,,,
18/09/16,PSV Eindhoven,Feyenoord,0,1,A,,,,,,,,,,
18/09/16,Sparta Rotterdam,Nijmegen,2,0,H,,,,,,,,,,
18/09/16,Zwolle,AZ Alkmaar,0,2,A,,,,,,,,,,
24/09/16,Ajax,Zwolle,5,1,H,,,,,,,,,,
24/09/16,AZ Alkmaar,Go Ahead Eagles,2,2,D,,,,,,,,,,
24/09/16,Den Haag,Heerenveen,0,3,A,,,,,,,,,,
24/09/16,Excelsior,PSV Eindhoven,1,3,A,,,,,,,,,,
24/09/16,Groningen,Heracles,0,0,D,,,,,,,,,,
25/09/16,Feyenoord,Roda,5,0,H,,,,,,,,,,
25/09/16,Nijmegen,Willem II,0,0,D,,,,,,,,,,
25/09/16,Twente,Vitesse,2,1,H,,,,,,,,,,
25/09/16,Utrecht,Sparta Rotterdam,2,0,H,,,,,,,,,,
30/09/16,Zwolle,Den Haag,2,1,H,,,,,,,,,,
01/10/16,Go Ahead Eagles,Excelsior,3,0,H,,,,,,,,,,
01/10/16,Heerenveen,PSV Eindhoven,1,1,D,,,,,,,,,,
01/10/16,Roda,Nijmegen,0,1,A,,,,,,,,,,
01/10/16,Vitesse,Groningen,2,1,H,,,,,,,,,,
02/10/16,Ajax,Utrecht,3,2,H,,,,,,,,,,
02/10/16,Heracles,Twente,1,1,D,,,,,,,,,,
02/10/16,Sparta Rotterdam,AZ Alkmaar,1,1,D,,,,,,,,,,
02/10/16,Willem II,Feyenoord,0,2,A,,,,,,,,,,
15/10/16,AZ Alkmaar,Vitesse,2,2,D,,,,,,,,,,
15/10/16,Groningen,Heerenveen,0,3,A,,,,,,,,,,
15/10/16,PSV Eindhoven,Heracles,1,1,D,,,,,,,,,,
15/10/16,Sparta Rotterdam,Willem II,2,2,D,,,,,,,,,,
15/10/16,Utrecht,Go Ahead Eagles,3,0,H,,,,,,,,,,
16/10/16,Den Haag,Ajax,0,2,A,,,,,,,,,,
16/10/16,Excelsior,Roda,0,1,A,,,,,,,,,,
16/10/16,Nijmegen,Feyenoord,1,2,A,,,,,,,,,,
16/10/16,Twente,Zwolle,2,2,D,,,,,,,,,,
21/10/16,Excelsior,Zwolle,0,2,A,,,,,,,,,,
22/10/16,Go Ahead Eagles,Twente,0,2,A,,,,,,,,,,
22/10/16,PSV Eindhoven,Sparta Rotterdam,1,0,H,,,,,,,,,,
22/10/16,Roda,Den Haag,1,1,D,,,,,,,,,,
22/10/16,Willem II,Utrecht,0,1,A,,,,,,,,,,
23/10/16,Feyenoord,Ajax,1,1,D,,,,,,,,,,
23/10/16,Groningen,AZ Alkmaar,2,0,H,,,,,,,,,,
23/10/16,Heerenveen,Heracles,3,1,H,,,,,,,,,,
23/10/16,Nijmegen,Vitesse,1,1,D,,,,,,,,,,
28/10/16,Twente,Roda,0,0,D,,,,,,,,,,
29/10/16,Ajax,Excelsior,1,0,H,,,,,,,,,,
29/10/16,Heracles,Sparta Rotterdam,2,2,D,,,,,,,,,,
29/10/16,Vitesse,PSV Eindhoven,0,2,A,,,,,,,,,,
29/10/16,Willem II,Groningen,2,1,H,,,,,,,,,,
30/10/16,Den Haag,AZ Alkmaar,0,1,A,,,,,,,,,,
30/10/16,Feyenoord,Heerenveen,2,2,D,,,,,,,,,,
30/10/16,Utrecht,Nijmegen,1,1,D,,,,,,,,,,
30/10/16,Zwolle,Go Ahead Eagles,3,1,H,,,,,,,,,,
04/11/16,Sparta Rotterdam,Heerenveen,3,1,H,,,,,,,,,,
05/11/16,Den Haag,Willem II,1,0,H,,,,,,,,,,
05/11/16,Nijmegen,Groningen,1,1,D,,,,,,,,,,
05/11/16,PSV Eindhoven,Twente,1,1,D,,,,,,,,,,
05/11/16,Zwolle,Roda,0,0,D,,,,,,,,,,
06/11/16,AZ Alkmaar,Ajax,2,2,D,,,,,,,,,,
06/11/16,Go Ahead Eagles,Feyenoord,1,0,H,,,,,,,,,,
06/11/16,Utrecht,Excelsior,2,1,H,,,,,,,,,,
06/11/16,Vitesse,Heracles,1,2,A,,,,,,,,,,
19/11/16,Excelsior,Sparta Rotterdam,3,2,H,,,,,,,,,,
19/11/16,Groningen,Den Haag,2,1,H,,,,,,,,,,
19/11/16,Heerenveen,Vitesse,1,1,D,,,,,,,,,,
19/11/16,Heracles,Go Ahead Eagles,2,1,H,,,,,,,,,,
19/11/16,Willem II,PSV Eindhoven,0,0,D,,,,,,,,,,
20/11/16,Ajax,Nijmegen,5,0,H,,,,,,,,,,
20/11/16,Feyenoord,Zwolle,3,0,H,,,,,,,,,,
20/11/16,Roda,AZ Alkmaar,1,1,D,,,,,,,,,,
20/11/16,Twente,Utrecht,1,1,D,,,,,,,,,,
25/11/16,Go Ahead Eagles,Willem II,0,1,A,,,,,,,,,,
26/11/16,Nijmegen,Twente,3,2,H,,,,,,,,,,
26/11/16,PSV Eindhoven,Den Haag,3,1,H,,,,,,,,,,
26/11/16,Vitesse,Excelsior,2,2,D,,,,,,,,,,
26/11/16,Zwolle,Groningen,0,4,A,,,,,,,,,,
27/11/16,AZ Alkmaar,Heracles,5,1,H,,,,,,,,,,
27/11/16,Heerenveen,Ajax,0,1,A,,,,,,,,,,
27/11/16,Sparta Rotterdam,Roda,2,2,D,,,,,,,,,,
27/11/16,Utrecht,Feyenoord,3,3,D,,,,,,,,,,
02/12/16,Heracles,Nijmegen,2,0,H,,,,,,,,,,
03/12/16,Excelsior,AZ Alkmaar,3,3,D,,,,,,,,,,
03/12/16,Go Ahead Eagles,Heerenveen,1,3,A,,,,,,,,,,
03/12/16,Roda,PSV Eindhoven,0,0,D,,,,,,,,,,
03/12/16,Vitesse,Zwolle,3,1,H,,,,,,,,,,
04/12/16,Ajax,Groningen,2,0,H,,,,,,,,,,
04/12/16,Den Haag,Utrecht,0,2,A,,,,,,,,,,
04/12/16,Feyenoord,Sparta Rotterdam,6,1,H,,,,,,,,,,
04/12/16,Willem II,Twente,0,0,D,,,,,,,,,,
09/12/16,Groningen,Roda,2,0,H,,,,,,,,,,
10/12/16,Heerenveen,Excelsior,2,1,H,,,,,,,,,,
10/12/16,Nijmegen,Den Haag,3,0,H,,,,,,,,,,
10/12/16,PSV Eindhoven,Go Ahead Eagles,1,0,H,,,,,,,,,,
10/12/16,Zwolle,Willem II,0,0,D,,,,,,,,,,
11/12/16,AZ Alkmaar,Feyenoord,0,4,A,,,,,,,,,,
11/12/16,Sparta Rotterdam,Vitesse,0,1,A,,,,,,,,,,
11/12/16,Twente,Ajax,1,0,H,,,,,,,,,,
11/12/16,Utrecht,Heracles,2,0,H,,,,,,,,,,
16/12/16,Willem II,Heerenveen,2,1,H,,,,,,,,,,
17/12/16,Feyenoord,Vitesse,3,1,H,,,,,,,,,,
17/12/16,Roda,Utrecht,0,0,D,,,,,,,,,,
17/12/16,Twente,AZ Alkmaar,1,2,A,,,,,,,,,,
18/12/16,Ajax,PSV Eindhoven,1,1,D,,,,,,,,,,
18/12/16,Den Haag,Sparta Rotterdam,1,0,H,,,,,,,,,,
18/12/16,Excelsior,Nijmegen,2,2,D,,,,,,,,,,
18/12/16,Groningen,Go Ahead Eagles,1,1,D,,,,,,,,,,
18/12/16,Heracles,Zwolle,3,0,H,,,,,,,,,,
13/01/17,Go Ahead Eagles,AZ Alkmaar,1,3,A,,,,,,,,,,
14/01/17,Heerenveen,Den Haag,2,0,H,,,,,,,,,,
14/01/17,Heracles,Groningen,1,4,A,,,,,,,,,,
14/01/17,PSV Eindhoven,Excelsior,2,0,H,,,,,,,,,,
14/01/17,Sparta Rotterdam,Utrecht,1,2,A,,,,,,,,,,
15/01/17,Roda,Feyenoord,0,2,A,,,,,,,,,,
15/01/17,Vitesse,Twente,3,1,H,,,,,,,,,,
15/01/17,Willem II,Nijmegen,0,1,A,,,,,,,,,,
15/01/17,Zwolle,Ajax,1,3,A,,,,,,,,,,
20/01/17,Twente,Heracles,1,0,H,,,,,,,,,,
21/01/17,AZ Alkmaar,Sparta Rotterdam,1,1,D,,,,,,,,,,
21/01/17,Den Haag,Zwolle,1,2,A,,,,,,,,,,
21/01/17,Feyenoord,Willem II,1,0,H,,,,,,,,,,
21/01/17,Groningen,Vitesse,1,1,D,,,,,,,,,,
22/01/17,Excelsior,Go Ahead Eagles,1,1,D,,,,,,,,,,
22/01/17,Nijmegen,Roda,2,0,H,,,,,,,,,,
22/01/17,PSV Eindhoven,Heerenveen,4,3,H,,,,,,,,,,
22/01/17,Utrecht,Ajax,0,1,A,,,,,,,,,,
27/01/17,Willem II,Sparta Rotterdam,3,2,H,,,,,,,,,,
28/01/17,Go Ahead Eagles,Utrecht,0,1,A,,,,,,,,,,
28/01/17,Heracles,PSV Eindhoven,1,2,A,,,,,,,,,,
28/01/17,Roda,Excelsior,4,0,H,,,,,,,,,,
29/01/17,Ajax,Den Haag,3,0,H,,,,,,,,,,
29/01/17,Feyenoord,Nijmegen,4,0,H,,,,,,,,,,
29/01/17,Heerenveen,Groningen,0,0,D,,,,,,,,,,
29/01/17,Vitesse,AZ Alkmaar,2,1,H,,,,,,,,,,
29/01/17,Zwolle,Twente,1,2,A,,,,,,,,,,
03/02/17,Den Haag,Vitesse,0,2,A,,,,,,,,,,
04/02/17,AZ Alkmaar,PSV Eindhoven,2,4,A,,,,,,,,,,
04/02/17,Groningen,Excelsior,1,1,D,,,,,,,,,,
04/02/17,Nijmegen,Go Ahead Eagles,1,2,A,,,,,,,,,,
04/02/17,Willem II,Heracles,1,3,A,,,,,,,,,,
05/02/17,Roda,Ajax,0,2,A,,,,,,,,,,
05/02/17,Sparta Rotterdam,Zwolle,2,3,A,,,,,,,,,,
05/02/17,Twente,Feyenoord,0,2,A,,,,,,,,,,
05/02/17,Utrecht,Heerenveen,1,0,H,,,,,,,,,,
10/02/17,Zwolle,Nijmegen,2,0,H,,,,,,,,,,
11/02/17,Feyenoord,Groningen,2,0,H,,,,,,,,,,
11/02/17,Go Ahead Eagles,Den Haag,3,1,H,,,,,,,,,,
11/02/17,Heracles,Roda,2,2,D,,,,,,,,,,
11/02/17,Vitesse,Willem II,0,2,A,,,,,,,,,,
12/02/17,Ajax,Sparta Rotterdam,2,0,H,,,,,,,,,,
12/02/17,Excelsior,Twente,1,1,D,,,,,,,,,,
12/02/17,Heerenveen,AZ Alkmaar,1,2,A,,,,,,,,,,
12/02/17,PSV Eindhoven,Utrecht,3,0,H,,,,,,,,,,
17/02/17,Roda,Go Ahead Eagles,1,0,H,,,,,,,,,,
18/02/17,Heracles,Excelsior,4,0,H,,,,,,,,,,
18/02/17,PSV Eindhoven,Nijmegen,3,1,H,,,,,,,,,,
18/02/17,Twente,Heerenveen,1,0,H,,,,,,,,,,
18/02/17,Utrecht,Zwolle,3,1,H,,,,,,,,,,
19/02/17,Den Haag,Feyenoord,0,1,A,,,,,,,,,,
19/02/17,Sparta Rotterdam,Groningen,2,2,D,,,,,,,,,,
19/02/17,Vitesse,Ajax,0,1,A,,,,,,,,,,
19/02/17,Willem II,AZ Alkmaar,1,1,D,,,,,,,,,,
24/02/17,Den Haag,Twente,1,1,D,,,,,,,,,,
25/02/17,Excelsior,Willem II,0,2,A,,,,,,,,,,
25/02/17,Groningen,Utrecht,2,3,A,,,,,,,,,,
25/02/17,Heerenveen,Roda,3,0,H,,,,,,,,,,
25/02/17,Nijmegen,Sparta Rotterdam,0,1,A,,,,,,,,,,
26/02/17,Ajax,Heracles,4,1,H,,,,,,,,,,
26/02/17,AZ Alkmaar,Zwolle,1,1,D,,,,,,,,,,
26/02/17,Feyenoord,PSV Eindhoven,2,1,H,,,,,,,,,,
26/02/17,Go Ahead Eagles,Vitesse,1,3,A,,,,,,,,,,
03/03/17,Heerenveen,Go Ahead Eagles,2,2,D,,,,,,,,,,
04/03/17,PSV Eindhoven,Roda,4,0,H,,,,,,,,,,
04/03/17,Twente,Willem II,2,1,H,,,,,,,,,,
04/03/17,Zwolle,Vitesse,3,1,H,,,,,,,,,,
05/03/17,AZ Alkmaar,Excelsior,1,1,D,,,,,,,,,,
05/03/17,Groningen,Ajax,1,1,D,,,,,,,,,,
05/03/17,Nijmegen,Heracles,3,1,H,,,,,,,,,,
05/03/17,Sparta Rotterdam,Feyenoord,1,0,H,,,,,,,,,,
05/03/17,Utrecht,Den Haag,1,1,D,,,,,,,,,,
10/03/17,Vitesse,Sparta Rotterdam,5,0,H,,,,,,,,,,
11/03/17,Den Haag,Nijmegen,1,0,H,,,,,,,,,,
11/03/17,Excelsior,Heerenveen,4,1,H,,,,,,,,,,
11/03/17,Go Ahead Eagles,PSV Eindhoven,1,3,A,,,,,,,,,,
11/03/17,Heracles,Utrecht,2,1,H,,,,,,,,,,
12/03/17,Ajax,Twente,3,0,H,,,,,,,,,,
12/03/17,Feyenoord,AZ Alkmaar,5,2,H,,,,,,,,,,
12/03/17,Roda,Groningen,3,1,H,,,,,,,,,,
12/03/17,Willem II,Zwolle,2,0,H,,,,,,,,,,
17/03/17,Roda,Twente,0,3,A,,,,,,,,,,
18/03/17,Groningen,Willem II,1,1,D,,,,,,,,,,
18/03/17,Nijmegen,Utrecht,0,3,A,,,,,,,,,,
18/03/17,PSV Eindhoven,Vitesse,1,0,H,,,,,,,,,,
18/03/17,Sparta Rotterdam,Heracles,3,1,H,,,,,,,,,,
19/03/17,AZ Alkmaar,Den Haag,4,0,H,,,,,,,,,,
19/03/17,Excelsior,Ajax,1,1,D,,,,,,,,,,
19/03/17,Go Ahead Eagles,Zwolle,1,3,A,,,,,,,,,,
19/03/17,Heerenveen,Feyenoord,1,2,A,,,,,,,,,,
01/04/17,AZ Alkmaar,Groningen,0,0,D,,,,,,,,,,
01/04/17,Heracles,Heerenveen,4,1,H,,,,,,,,,,
01/04/17,Sparta Rotterdam,PSV Eindhoven,0,2,A,,,,,,,,,,
01/04/17,Utrecht,Willem II,2,0,H,,,,,,,,,,
01/04/17,Zwolle,Excelsior,1,1,D,,,,,,,,,,
02/04/17,Ajax,Feyenoord,2,1,H,,,,,,,,,,
02/04/17,Den Haag,Roda,4,1,H,,,,,,,,,,
02/04/17,Twente,Go Ahead Eagles,1,2,A,,,,,,,,,,
02/04/17,Vitesse,Nijmegen,2,1,H,,,,,,,,,,
04/04/17,Excelsior,Utrecht,1,3,A,,,,,,,,,,
04/04/17,Heerenveen,Sparta Rotterdam,3,0,H,,,,,,,,,,
05/04/17,Ajax,AZ Alkmaar,4,1,H,,,,,,,,,,
05/04/17,Feyenoord,Go Ahead Eagles,8,0,H,,,,,,,,,,
05/04/17,Groningen,Nijmegen,2,0,H,,,,,,,,,,
05/04/17,Heracles,Vitesse,0,1,A,,,,,,,,,,
05/04/17,Willem II,Den Haag,1,2,A,,,,,,,,,,
06/04/17,Roda,Zwolle,2,1,H,,,,,,,,,,
06/04/17,Twente,PSV Eindhoven,2,2,D,,,,,,,,,,
07/04/17,Sparta Rotterdam,Excelsior,2,3,A,,,,,,,,,,
08/04/17,Den Haag,Groningen,4,3,H,,,,,,,,,,
08/04/17,Go Ahead Eagles,Heracles,1,4,A,,,,,,,,,,
08/04/17,Nijmegen,Ajax,1,5,A,,,,,,,,,,
08/04/17,Vitesse,Heerenveen,4,2,H,,,,,,,,,,
09/04/17,AZ Alkmaar,Roda,1,1,D,,,,,,,,,,
09/04/17,PSV Eindhoven,Willem II,5,0,H,,,,,,,,,,
09/04/17,Utrecht,Twente,3,0,H,,,,,,,,,,
09/04/17,Zwolle,Feyenoord,2,2,D,,,,,,,,,,
14/04/17,Heracles,AZ Alkmaar,1,2,A,,,,,,,,,,
15/04/17,Den Haag,PSV Eindhoven,1,1,D,,,,,,,,,,
15/04/17,Excelsior,Vitesse,1,0,H,,,,,,,,,,
15/04/17,Roda,Sparta Rotterdam,3,1,H,,,,,,,,,,
15/04/17,Twente,Nijmegen,3,0,H,,,,,,,,,,
16/04/17,Ajax,Heerenveen,5,1,H,,,,,,,,,,
16/04/17,Feyenoord,Utrecht,2,0,H,,,,,,,,,,
16/04/17,Groningen,Zwolle,5,1,H,,,,,,,,,,
16/04/17,Willem II,Go Ahead Eagles,2,0,H,,,,,,,,,,
21/04/17,Heerenveen,Willem II,1,0,H,,,,,,,,,,
22/04/17,AZ Alkmaar,Twente,2,1,H,,,,,,,,,,
22/04/17,Go Ahead Eagles,Groningen,2,3,A,,,,,,,,,,
22/04/17,Nijmegen,Excelsior,0,1,A,,,,,,,,,,
22/04/17,Zwolle,Heracles,1,2,A,,,,,,,,,,
23/04/17,PSV Eindhoven,Ajax,1,0,H,,,,,,,,,,
23/04/17,Sparta Rotterdam,Den Haag,0,1,A,,,,,,,,,,
23/04/17,Utrecht,Roda,1,0,H,,,,,,,,,,
23/04/17,Vitesse,Feyenoord,0,2,A,,,,,,,,,,
07/05/17,Ajax,Go Ahead Eagles,4,0,H,,,,,,,,,,
07/05/17,Excelsior,Feyenoord,3,0,H,,,,,,,,,,
07/05/17,Groningen,PSV Eindhoven,1,1,D,,,,,,,,,,
07/05/17,Heracles,Den Haag,4,0,H,,,,,,,,,,
07/05/17,Nijmegen,AZ Alkmaar,2,1,H,,,,,,,,,,
07/05/17,Roda,Willem II,1,0,H,,,,,,,,,,
07/05/17,Sparta Rotterdam,Twente,1,0,H,,,,,,,,,,
07/05/17,Utrecht,Vitesse,1,0,H,,,,,,,,,,
07/05/17,Zwolle,Heerenveen,2,1,H,,,,,,,,,,
14/05/17,AZ Alkmaar,Utrecht,2,3,A,,,,,,,,,,
14/05/17,Den Haag,Excelsior,4,1,H,,,,,,,,,,
14/05/17,Feyenoord,Heracles,3,1,H,,,,,,,,,,
14/05/17,Go Ahead Eagles,Sparta Rotterdam,1,3,A,,,,,,,,,,
14/05/17,Heerenveen,Nijmegen,0,2,A,,,,,,,,,,
14/05/17,PSV Eindhoven,Zwolle,4,1,H,,,,,,,,,,
14/05/17,Twente,Groningen,3,5,A,,,,,,,,,,
14/05/17,Vitesse,Roda,3,0,H,,,,,,,,,,
14/05/17,Willem II,Ajax,1,3,A,,,,,,,,,,
11/08/17,Den Haag,Utrecht,0,3,A,8.0,5.0,2.0,1.0,6.0,8.0,11.0,12.0,17.0,16.0
12/08/17,Heracles,Ajax,2,1,H,3.0,8.0,1.0,1.0,8.0,11.0,15.0,16.0,14.0,29.0
12/08/17,PSV Eindhoven,AZ Alkmaar,3,2,H,10.0,7.0,0.0,3.0,9.0,8.0,10.0,16.0,25.0,15.0
12/08/17,Vitesse,NAC Breda,4,1,H,9.0,3.0,0.0,1.0,6.0,4.0,7.0,12.0,16.0,5.0
12/08/17,VVV Venlo,Sparta Rotterdam,3,0,H,3.0,5.0,0.0,1.0,6.0,2.0,15.0,15.0,12.0,8.0
13/08/17,Feyenoord,Twente,2,1,H,4.0,1.0,2.0,4.0,7.0,3.0,10.0,24.0,15.0,7.0
13/08/17,Groningen,Heerenveen,3,3,D,6.0,6.0,1.0,2.0,5.0,8.0,11.0,15.0,16.0,19.0
13/08/17,Willem II,Excelsior,1,2,A,8.0,1.0,3.0,3.0,2.0,3.0,7.0,13.0,9.0,9.0
13/08/17,Zwolle,Roda,4,2,H,7.0,2.0,0.0,1.0,10.0,6.0,8.0,9.0,29.0,10.0
18/08/17,Roda,Vitesse,1,3,A,5.0,9.0,1.0,2.0,4.0,4.0,17.0,14.0,15.0,10.0
19/08/17,AZ Alkmaar,Den Haag,2,0,H,8.0,8.0,2.0,3.0,9.0,1.0,12.0,11.0,32.0,6.0
19/08/17,Heerenveen,Heracles,1,1,D,10.0,3.0,3.0,0.0,6.0,3.0,15.0,13.0,19.0,7.0
19/08/17,Twente,VVV Venlo,1,2,A,3.0,6.0,2.0,2.0,4.0,5.0,7.0,5.0,11.0,9.0
20/08/17,Ajax,Groningen,3,1,H,12.0,2.0,0.0,3.0,7.0,2.0,9.0,11.0,27.0,7.0
20/08/17,Excelsior,Feyenoord,0,1,A,3.0,6.0,1.0,2.0,4.0,3.0,19.0,14.0,7.0,11.0
20/08/17,NAC Breda,PSV Eindhoven,1,4,A,6.0,8.0,3.0,1.0,4.0,9.0,20.0,13.0,9.0,26.0
20/08/17,Sparta Rotterdam,Zwolle,1,1,D,1.0,9.0,4.0,3.0,4.0,4.0,0.0,5.0,7.0,12.0
20/08/17,Utrecht,Willem II,2,0,H,3.0,4.0,0.0,2.0,5.0,1.0,12.0,13.0,9.0,4.0
25/08/17,NAC Breda,Sparta Rotterdam,2,2,D,9.0,6.0,4.0,2.0,7.0,3.0,16.0,18.0,11.0,10.0
26/08/17,Den Haag,Heerenveen,1,2,A,5.0,7.0,1.0,2.0,1.0,9.0,9.0,18.0,13.0,16.0
26/08/17,Heracles,Excelsior,2,2,D,3.0,4.0,1.0,2.0,6.0,5.0,10.0,17.0,18.0,11.0
26/08/17,Vitesse,AZ Alkmaar,1,2,A,4.0,7.0,1.0,3.0,4.0,9.0,8.0,15.0,16.0,27.0
26/08/17,Zwolle,Twente,2,0,H,4.0,5.0,2.0,3.0,4.0,3.0,12.0,12.0,16.0,10.0
27/08/17,Feyenoord,Willem II,5,0,H,11.0,1.0,0.0,1.0,8.0,1.0,9.0,10.0,16.0,4.0
27/08/17,Groningen,Utrecht,2,1,H,0.0,13.0,2.0,3.0,3.0,13.0,16.0,12.0,5.0,30.0
27/08/17,PSV Eindhoven,Roda,2,0,H,5.0,4.0,0.0,1.0,9.0,2.0,10.0,14.0,23.0,6.0
27/08/17,VVV Venlo,Ajax,0,2,A,3.0,8.0,2.0,1.0,3.0,7.0,7.0,7.0,11.0,22.0
09/09/17,Ajax,Zwolle,3,0,H,5.0,4.0,2.0,1.0,8.0,3.0,10.0,18.0,21.0,11.0
09/09/17,Excelsior,Vitesse,0,3,A,5.0,5.0,2.0,1.0,1.0,4.0,10.0,10.0,7.0,12.0
09/09/17,Heracles,Feyenoord,2,4,A,3.0,6.0,3.0,2.0,6.0,10.0,15.0,10.0,12.0,19.0
09/09/17,Willem II,Den Haag,1,2,A,2.0,2.0,1.0,1.0,3.0,5.0,17.0,18.0,7.0,12.0
10/09/17,AZ Alkmaar,NAC Breda,2,1,H,7.0,5.0,1.0,1.0,6.0,3.0,16.0,17.0,16.0,12.0
10/09/17,Groningen,VVV Venlo,1,1,D,5.0,6.0,2.0,2.0,6.0,6.0,9.0,11.0,12.0,18.0
10/09/17,Heerenveen,PSV Eindhoven,2,0,H,8.0,4.0,0.0,3.0,3.0,3.0,10.0,14.0,19.0,7.0
10/09/17,Sparta Rotterdam,Twente,1,0,H,5.0,9.0,2.0,2.0,1.0,1.0,14.0,13.0,10.0,12.0
10/09/17,Utrecht,Roda,2,0,H,9.0,0.0,0.0,0.0,10.0,1.0,12.0,8.0,27.0,3.0
15/09/17,Sparta Rotterdam,AZ Alkmaar,0,2,A,8.0,8.0,1.0,0.0,7.0,5.0,9.0,9.0,15.0,15.0
16/09/17,Excelsior,Heerenveen,1,2,A,5.0,3.0,0.0,0.0,5.0,5.0,13.0,12.0,12.0,16.0
16/09/17,NAC Breda,Groningen,2,1,H,1.0,1.0,3.0,3.0,7.0,4.0,9.0,11.0,12.0,8.0
16/09/17,Roda,Willem II,1,3,A,5.0,3.0,2.0,2.0,4.0,6.0,14.0,7.0,12.0,11.0
16/09/17,Zwolle,Heracles,2,1,H,8.0,4.0,5.0,3.0,7.0,4.0,17.0,15.0,21.0,7.0
17/09/17,Den Haag,Ajax,1,1,D,1.0,8.0,3.0,4.0,2.0,6.0,12.0,13.0,10.0,19.0
17/09/17,PSV Eindhoven,Feyenoord,1,0,H,5.0,7.0,2.0,5.0,5.0,5.0,19.0,15.0,18.0,16.0
17/09/17,Twente,Utrecht,4,0,H,5.0,6.0,1.0,2.0,8.0,1.0,17.0,10.0,12.0,8.0
17/09/17,Vitesse,VVV Venlo,1,1,D,9.0,3.0,5.0,1.0,6.0,3.0,14.0,16.0,20.0,5.0
23/09/17,Den Haag,Sparta Rotterdam,1,0,H,6.0,4.0,2.0,1.0,5.0,5.0,13.0,12.0,16.0,10.0
23/09/17,Feyenoord,NAC Breda,0,2,A,13.0,1.0,0.0,2.0,5.0,5.0,14.0,12.0,20.0,6.0
23/09/17,Heracles,Roda,2,1,H,15.0,1.0,1.0,2.0,5.0,3.0,6.0,12.0,23.0,7.0
23/09/17,Willem II,Heerenveen,1,2,A,5.0,4.0,0.0,2.0,4.0,5.0,11.0,11.0,12.0,11.0
24/09/17,Ajax,Vitesse,1,2,A,11.0,4.0,2.0,3.0,5.0,4.0,12.0,18.0,18.0,8.0
24/09/17,AZ Alkmaar,Excelsior,0,2,A,26.0,4.0,1.0,0.0,6.0,6.0,7.0,10.0,20.0,13.0
24/09/17,Groningen,Twente,1,0,H,8.0,4.0,2.0,3.0,3.0,5.0,11.0,12.0,13.0,16.0
24/09/17,Utrecht,PSV Eindhoven,1,7,A,5.0,3.0,2.0,2.0,4.0,9.0,16.0,15.0,15.0,12.0
24/09/17,VVV Venlo,Zwolle,1,1,D,4.0,4.0,2.0,1.0,5.0,2.0,14.0,8.0,12.0,13.0
29/09/17,Twente,Heracles,2,1,H,4.0,2.0,1.0,2.0,7.0,1.0,18.0,14.0,16.0,14.0
30/09/17,Excelsior,VVV Venlo,0,2,A,2.0,4.0,3.0,1.0,1.0,4.0,15.0,14.0,3.0,14.0
30/09/17,NAC Breda,Den Haag,0,1,A,9.0,6.0,3.0,2.0,4.0,3.0,8.0,16.0,15.0,10.0
30/09/17,PSV Eindhoven,Willem II,4,0,H,3.0,2.0,0.0,3.0,9.0,5.0,9.0,10.0,20.0,7.0
30/09/17,Zwolle,Groningen,3,2,H,3.0,4.0,4.0,1.0,12.0,5.0,13.0,14.0,23.0,13.0
01/10/17,AZ Alkmaar,Feyenoord,0,4,A,5.0,2.0,0.0,0.0,2.0,4.0,16.0,13.0,9.0,10.0
01/10/17,Heerenveen,Ajax,0,4,A,6.0,4.0,5.0,3.0,4.0,8.0,17.0,18.0,14.0,19.0
01/10/17,Sparta Rotterdam,Roda,1,2,A,12.0,5.0,1.0,3.0,8.0,2.0,15.0,15.0,21.0,5.0
01/10/17,Vitesse,Utrecht,1,1,D,4.0,3.0,2.0,2.0,4.0,1.0,10.0,18.0,14.0,7.0
14/10/17,Ajax,Sparta Rotterdam,4,0,H,8.0,1.0,1.0,1.0,14.0,2.0,16.0,18.0,25.0,6.0
14/10/17,Feyenoord,Zwolle,0,0,D,10.0,4.0,2.0,3.0,5.0,3.0,9.0,18.0,18.0,10.0
14/10/17,Roda,NAC Breda,1,0,H,4.0,1.0,1.0,2.0,4.0,3.0,14.0,12.0,12.0,9.0
14/10/17,Utrecht,Heerenveen,3,1,H,2.0,8.0,2.0,2.0,4.0,2.0,10.0,15.0,10.0,8.0
15/10/17,Den Haag,Excelsior,1,2,A,8.0,4.0,4.0,4.0,3.0,6.0,12.0,23.0,8.0,11.0
15/10/17,Groningen,AZ Alkmaar,1,1,D,4.0,7.0,4.0,1.0,4.0,8.0,14.0,10.0,8.0,22.0
15/10/17,Heracles,Vitesse,1,1,D,2.0,4.0,1.0,1.0,4.0,3.0,16.0,20.0,12.0,12.0
15/10/17,VVV Venlo,PSV Eindhoven,2,5,A,4.0,11.0,1.0,2.0,6.0,13.0,8.0,9.0,9.0,34.0
15/10/17,Willem II,Twente,3,1,H,2.0,1.0,3.0,1.0,4.0,3.0,17.0,16.0,6.0,10.0
20/10/17,Groningen,Willem II,0,1,A,4.0,7.0,2.0,0.0,5.0,3.0,11.0,17.0,15.0,10.0
21/10/17,Excelsior,Sparta Rotterdam,1,1,D,4.0,12.0,4.0,2.0,4.0,6.0,20.0,14.0,8.0,15.0
21/10/17,NAC Breda,Zwolle,0,2,A,9.0,7.0,2.0,2.0,6.0,8.0,11.0,12.0,15.0,22.0
21/10/17,Twente,Roda,3,0,H,4.0,2.0,2.0,2.0,5.0,2.0,10.0,11.0,13.0,5.0
21/10/17,VVV Venlo,Den Haag,0,2,A,7.0,3.0,2.0,0.0,4.0,2.0,10.0,11.0,9.0,5.0
22/10/17,AZ Alkmaar,Utrecht,3,0,H,5.0,5.0,3.0,2.0,6.0,3.0,16.0,14.0,14.0,10.0
22/10/17,Feyenoord,Ajax,1,4,A,1.0,5.0,2.0,4.0,4.0,7.0,18.0,20.0,10.0,13.0
22/10/17,Heerenveen,Vitesse,0,4,A,2.0,4.0,0.0,0.0,2.0,5.0,17.0,13.0,9.0,13.0
22/10/17,PSV Eindhoven,Heracles,3,0,H,11.0,4.0,1.0,3.0,6.0,3.0,14.0,16.0,24.0,7.0
27/10/17,Twente,Excelsior,1,3,A,10.0,3.0,2.0,1.0,7.0,5.0,11.0,18.0,17.0,8.0
28/10/17,Heracles,VVV Venlo,3,0,H,8.0,3.0,1.0,1.0,9.0,5.0,10.0,10.0,19.0,14.0
28/10/17,Roda,Feyenoord,1,1,D,3.0,16.0,1.0,1.0,2.0,10.0,13.0,11.0,9.0,32.0
28/10/17,Willem II,Ajax,1,3,A,7.0,10.0,2.0,1.0,4.0,6.0,11.0,13.0,10.0,24.0
28/10/17,Zwolle,Den Haag,2,0,H,2.0,4.0,0.0,3.0,6.0,0.0,12.0,17.0,14.0,6.0
29/10/17,Heerenveen,AZ Alkmaar,1,2,A,2.0,4.0,3.0,4.0,4.0,6.0,21.0,16.0,8.0,20.0
29/10/17,Sparta Rotterdam,Groningen,2,1,H,9.0,6.0,1.0,0.0,4.0,5.0,10.0,9.0,18.0,15.0
29/10/17,Utrecht,NAC Breda,2,2,D,13.0,4.0,3.0,3.0,8.0,4.0,16.0,11.0,23.0,15.0
29/10/17,Vitesse,PSV Eindhoven,2,4,A,7.0,2.0,3.0,4.0,4.0,9.0,13.0,15.0,11.0,20.0
03/11/17,Sparta Rotterdam,Heerenveen,0,0,D,4.0,7.0,2.0,2.0,1.0,2.0,11.0,19.0,8.0,8.0
04/11/17,AZ Alkmaar,Willem II,3,2,H,5.0,4.0,2.0,1.0,9.0,2.0,12.0,8.0,19.0,7.0
04/11/17,Excelsior,Roda,1,0,H,1.0,5.0,1.0,0.0,4.0,3.0,14.0,12.0,15.0,7.0
04/11/17,Heracles,Groningen,2,1,H,6.0,7.0,1.0,2.0,5.0,5.0,15.0,16.0,19.0,19.0
04/11/17,VVV Venlo,NAC Breda,0,0,D,3.0,4.0,0.0,2.0,0.0,4.0,14.0,9.0,10.0,10.0
05/11/17,Ajax,Utrecht,1,2,A,10.0,2.0,2.0,3.0,4.0,5.0,9.0,18.0,18.0,8.0
05/11/17,Den Haag,Feyenoord,2,2,D,11.0,2.0,0.0,1.0,4.0,7.0,6.0,8.0,12.0,17.0
05/11/17,PSV Eindhoven,Twente,4,3,H,8.0,6.0,1.0,2.0,8.0,4.0,6.0,16.0,18.0,10.0
05/11/17,Vitesse,Zwolle,0,0,D,7.0,1.0,0.0,0.0,2.0,3.0,12.0,14.0,10.0,8.0
18/11/17,Feyenoord,VVV Venlo,1,1,D,13.0,1.0,0.0,2.0,8.0,1.0,11.0,10.0,22.0,2.0
18/11/17,NAC Breda,Ajax,0,8,A,3.0,9.0,1.0,0.0,6.0,14.0,6.0,7.0,13.0,30.0
18/11/17,Twente,Heerenveen,0,4,A,5.0,6.0,2.0,1.0,1.0,7.0,14.0,12.0,10.0,11.0
18/11/17,Willem II,Sparta Rotterdam,2,2,D,7.0,2.0,2.0,1.0,4.0,3.0,14.0,11.0,12.0,6.0
19/11/17,Den Haag,Heracles,4,1,H,9.0,8.0,0.0,2.0,10.0,8.0,5.0,7.0,25.0,14.0
19/11/17,Groningen,Vitesse,4,2,H,2.0,2.0,6.0,4.0,4.0,6.0,13.0,17.0,12.0,20.0
19/11/17,Roda,AZ Alkmaar,0,1,A,1.0,7.0,0.0,2.0,3.0,4.0,14.0,16.0,10.0,15.0
19/11/17,Utrecht,Excelsior,3,1,H,9.0,8.0,0.0,1.0,7.0,7.0,6.0,9.0,19.0,15.0
19/11/17,Zwolle,PSV Eindhoven,0,1,A,6.0,5.0,1.0,3.0,7.0,5.0,14.0,17.0,19.0,11.0
24/11/17,AZ Alkmaar,Twente,2,0,H,4.0,4.0,0.0,1.0,7.0,3.0,9.0,12.0,24.0,10.0
25/11/17,Groningen,Feyenoord,0,2,A,4.0,7.0,0.0,0.0,1.0,8.0,7.0,6.0,9.0,15.0
25/11/17,Heerenveen,Zwolle,1,2,A,6.0,2.0,3.0,3.0,6.0,4.0,16.0,10.0,11.0,9.0
25/11/17,Heracles,NAC Breda,2,1,H,6.0,5.0,1.0,2.0,9.0,3.0,8.0,10.0,19.0,13.0
25/11/17,VVV Venlo,Willem II,3,3,D,8.0,2.0,0.0,4.0,9.0,6.0,7.0,18.0,17.0,10.0
26/11/17,Ajax,Roda,5,1,H,10.0,2.0,0.0,1.0,8.0,4.0,5.0,7.0,22.0,8.0
26/11/17,Excelsior,PSV Eindhoven,1,2,A,6.0,5.0,2.0,1.0,4.0,8.0,16.0,12.0,11.0,22.0
26/11/17,Sparta Rotterdam,Utrecht,1,3,A,8.0,7.0,1.0,2.0,3.0,6.0,11.0,18.0,11.0,12.0
26/11/17,Vitesse,Den Haag,2,0,H,7.0,3.0,1.0,3.0,5.0,0.0,9.0,11.0,14.0,5.0
01/12/17,Zwolle,Utrecht,1,1,D,6.0,2.0,1.0,2.0,4.0,7.0,9.0,18.0,14.0,13.0
02/12/17,Den Haag,Groningen,0,3,A,6.0,3.0,0.0,3.0,5.0,5.0,7.0,14.0,14.0,11.0
02/12/17,Feyenoord,Vitesse,1,0,H,5.0,8.0,1.0,1.0,8.0,2.0,12.0,13.0,18.0,13.0
02/12/17,Twente,Ajax,3,3,D,4.0,10.0,4.0,3.0,10.0,12.0,18.0,17.0,19.0,24.0
02/12/17,Willem II,Heracles,3,1,H,8.0,3.0,0.0,0.0,5.0,3.0,8.0,16.0,27.0,11.0
03/12/17,NAC Breda,Excelsior,3,1,H,4.0,2.0,3.0,1.0,8.0,4.0,10.0,13.0,22.0,12.0
03/12/17,PSV Eindhoven,Sparta Rotterdam,1,0,H,9.0,5.0,1.0,1.0,6.0,4.0,13.0,16.0,22.0,6.0
03/12/17,Roda,Heerenveen,2,1,H,1.0,4.0,2.0,0.0,3.0,6.0,10.0,9.0,6.0,18.0
03/12/17,VVV Venlo,AZ Alkmaar,0,2,A,3.0,4.0,0.0,1.0,5.0,3.0,8.0,11.0,14.0,18.0
08/12/17,Willem II,NAC Breda,1,1,D,7.0,4.0,0.0,2.0,3.0,1.0,9.0,7.0,15.0,10.0
09/12/17,AZ Alkmaar,Heracles,5,0,H,10.0,0.0,0.0,0.0,13.0,1.0,8.0,9.0,25.0,4.0
09/12/17,Excelsior,Zwolle,1,2,A,3.0,4.0,6.0,0.0,4.0,8.0,13.0,11.0,11.0,15.0
09/12/17,Heerenveen,VVV Venlo,2,2,D,6.0,4.0,1.0,1.0,8.0,5.0,11.0,12.0,18.0,11.0
09/12/17,Twente,Den Haag,2,3,A,9.0,5.0,2.0,3.0,5.0,7.0,15.0,21.0,14.0,11.0
10/12/17,Ajax,PSV Eindhoven,3,0,H,8.0,4.0,3.0,4.0,3.0,3.0,13.0,16.0,11.0,7.0
10/12/17,Roda,Groningen,2,2,D,3.0,3.0,1.0,0.0,5.0,2.0,10.0,12.0,11.0,9.0
12/12/17,NAC Breda,Twente,1,2,A,4.0,7.0,2.0,4.0,2.0,4.0,15.0,18.0,19.0,20.0
12/12/17,Zwolle,AZ Alkmaar,1,1,D,4.0,4.0,2.0,5.0,5.0,3.0,12.0,16.0,14.0,10.0
13/12/17,Den Haag,Roda,3,2,H,5.0,3.0,1.0,3.0,7.0,2.0,18.0,17.0,17.0,6.0
13/12/17,Feyenoord,Heerenveen,1,1,D,8.0,6.0,0.0,2.0,9.0,3.0,8.0,9.0,19.0,11.0
13/12/17,Groningen,PSV Eindhoven,3,3,D,8.0,5.0,3.0,2.0,4.0,8.0,11.0,7.0,12.0,15.0
13/12/17,Vitesse,Willem II,2,2,D,13.0,1.0,1.0,1.0,8.0,2.0,7.0,14.0,27.0,4.0
13/12/17,VVV Venlo,Utrecht,0,1,A,8.0,5.0,1.0,3.0,2.0,4.0,5.0,11.0,14.0,17.0
14/12/17,Ajax,Excelsior,3,1,H,7.0,1.0,1.0,5.0,7.0,3.0,11.0,13.0,22.0,11.0
14/12/17,Heracles,Sparta Rotterdam,3,2,H,12.0,8.0,0.0,1.0,5.0,11.0,14.0,11.0,15.0,20.0
16/12/17,Heerenveen,NAC Breda,1,0,H,10.0,2.0,1.0,0.0,5.0,2.0,23.0,14.0,17.0,9.0
16/12/17,PSV Eindhoven,Den Haag,3,0,H,4.0,5.0,1.0,5.0,8.0,6.0,8.0,7.0,18.0,9.0
16/12/17,Roda,VVV Venlo,0,1,A,7.0,6.0,0.0,1.0,0.0,7.0,15.0,9.0,8.0,16.0
16/12/17,Twente,Vitesse,1,1,D,4.0,13.0,0.0,3.0,3.0,5.0,11.0,14.0,6.0,11.0
16/12/17,Willem II,Zwolle,2,3,A,6.0,4.0,3.0,2.0,5.0,8.0,13.0,10.0,12.0,15.0
17/12/17,AZ Alkmaar,Ajax,1,2,A,7.0,4.0,3.0,2.0,4.0,9.0,18.0,15.0,11.0,20.0
17/12/17,Excelsior,Groningen,2,0,H,9.0,8.0,0.0,1.0,5.0,2.0,5.0,14.0,16.0,9.0
17/12/17,Sparta Rotterdam,Feyenoord,0,7,A,3.0,9.0,3.0,1.0,3.0,12.0,14.0,9.0,5.0,21.0
17/12/17,Utrecht,Heracles,1,1,D,2.0,2.0,1.0,1.0,4.0,3.0,18.0,16.0,16.0,8.0
22/12/17,Den Haag,Zwolle,4,0,H,5.0,1.0,0.0,3.0,10.0,4.0,7.0,10.0,14.0,9.0
23/12/17,AZ Alkmaar,Heerenveen,3,1,H,4.0,5.0,1.0,2.0,6.0,4.0,7.0,16.0,12.0,14.0
23/12/17,Excelsior,Twente,0,0,D,4.0,5.0,1.0,2.0,1.0,2.0,10.0,15.0,8.0,9.0
23/12/17,NAC Breda,Utrecht,3,1,H,4.0,4.0,2.0,3.0,6.0,6.0,2.0,16.0,13.0,16.0
23/12/17,PSV Eindhoven,Vitesse,2,1,H,6.0,3.0,0.0,4.0,7.0,6.0,4.0,14.0,23.0,11.0
24/12/17,Ajax,Willem II,3,1,H,12.0,4.0,1.0,2.0,11.0,3.0,8.0,10.0,28.0,10.0
24/12/17,Feyenoord,Roda,5,1,H,6.0,5.0,0.0,1.0,9.0,4.0,9.0,9.0,18.0,9.0
24/12/17,Groningen,Sparta Rotterdam,4,0,H,3.0,9.0,0.0,1.0,12.0,5.0,10.0,9.0,23.0,14.0
24/12/17,VVV Venlo,Heracles,3,1,H,3.0,10.0,2.0,4.0,3.0,5.0,7.0,18.0,9.0,16.0
16/01/18,Sparta Rotterdam,Vitesse,0,1,A,5.0,6.0,1.0,0.0,5.0,5.0,11.0,10.0,17.0,10.0
19/01/18,Utrecht,AZ Alkmaar,1,1,D,5.0,4.0,2.0,3.0,3.0,6.0,18.0,15.0,10.0,11.0
20/01/18,Den Haag,VVV Venlo,1,1,D,4.0,6.0,0.0,3.0,2.0,5.0,13.0,17.0,7.0,15.0
20/01/18,Roda,Twente,1,1,D,9.0,2.0,1.0,4.0,8.0,3.0,7.0,16.0,21.0,11.0
20/01/18,Vitesse,Heerenveen,1,1,D,4.0,5.0,1.0,0.0,4.0,3.0,11.0,20.0,16.0,6.0
20/01/18,Zwolle,NAC Breda,1,0,H,8.0,4.0,1.0,1.0,3.0,4.0,15.0,9.0,17.0,8.0
21/01/18,Ajax,Feyenoord,2,0,H,5.0,0.0,1.0,4.0,6.0,2.0,14.0,16.0,19.0,3.0
21/01/18,Heracles,PSV Eindhoven,1,2,A,3.0,10.0,0.0,2.0,5.0,14.0,9.0,11.0,14.0,32.0
21/01/18,Sparta Rotterdam,Excelsior,2,3,A,10.0,4.0,4.0,3.0,6.0,4.0,14.0,18.0,16.0,7.0
21/01/18,Willem II,Groningen,1,1,D,5.0,7.0,2.0,0.0,8.0,6.0,14.0,11.0,15.0,13.0
24/01/18,Utrecht,Feyenoord,1,1,D,7.0,9.0,0.0,2.0,5.0,2.0,12.0,12.0,12.0,11.0
26/01/18,Heerenveen,Sparta Rotterdam,2,1,H,4.0,6.0,2.0,2.0,7.0,4.0,15.0,16.0,13.0,15.0
27/01/18,Groningen,Heracles,3,3,D,2.0,5.0,2.0,3.0,7.0,7.0,11.0,11.0,13.0,16.0
27/01/18,NAC Breda,VVV Venlo,0,1,A,7.0,5.0,2.0,3.0,3.0,4.0,11.0,13.0,15.0,9.0
27/01/18,Twente,PSV Eindhoven,0,2,A,9.0,4.0,1.0,0.0,6.0,7.0,9.0,4.0,19.0,14.0
27/01/18,Zwolle,Vitesse,1,2,A,9.0,6.0,1.0,0.0,5.0,4.0,10.0,13.0,12.0,12.0
28/01/18,Feyenoord,Den Haag,3,1,H,2.0,9.0,0.0,1.0,6.0,2.0,6.0,9.0,16.0,10.0
28/01/18,Roda,Excelsior,2,1,H,8.0,5.0,1.0,4.0,2.0,2.0,7.0,18.0,15.0,9.0
28/01/18,Utrecht,Ajax,0,0,D,2.0,7.0,4.0,1.0,3.0,8.0,17.0,16.0,7.0,23.0
28/01/18,Willem II,AZ Alkmaar,0,2,A,2.0,12.0,2.0,1.0,3.0,9.0,12.0,14.0,7.0,19.0
02/02/18,Vitesse,Groningen,2,0,H,5.0,0.0,1.0,2.0,7.0,1.0,8.0,13.0,12.0,10.0
03/02/18,Heerenveen,Twente,1,0,H,6.0,4.0,0.0,3.0,6.0,2.0,11.0,11.0,14.0,10.0
03/02/18,Heracles,Den Haag,1,1,D,7.0,4.0,1.0,2.0,3.0,4.0,9.0,16.0,13.0,14.0
03/02/18,PSV Eindhoven,Zwolle,4,0,H,7.0,1.0,1.0,1.0,12.0,1.0,7.0,7.0,25.0,3.0
04/02/18,Ajax,NAC Breda,3,1,H,14.0,0.0,1.0,4.0,8.0,3.0,11.0,8.0,32.0,8.0
04/02/18,AZ Alkmaar,Roda,2,2,D,2.0,6.0,0.0,1.0,5.0,4.0,9.0,4.0,16.0,15.0
04/02/18,Excelsior,Utrecht,2,2,D,3.0,10.0,1.0,1.0,6.0,4.0,13.0,12.0,13.0,13.0
04/02/18,Sparta Rotterdam,Willem II,1,0,H,3.0,5.0,1.0,3.0,6.0,3.0,15.0,18.0,17.0,8.0
04/02/18,VVV Venlo,Feyenoord,1,0,H,4.0,5.0,1.0,4.0,6.0,5.0,14.0,9.0,13.0,15.0
06/02/18,Zwolle,Heerenveen,3,2,H,2.0,2.0,1.0,2.0,8.0,5.0,7.0,13.0,16.0,10.0
07/02/18,NAC Breda,Heracles,6,1,H,6.0,6.0,2.0,3.0,10.0,5.0,8.0,9.0,25.0,11.0
07/02/18,PSV Eindhoven,Excelsior,1,0,H,11.0,5.0,2.0,3.0,9.0,0.0,9.0,16.0,29.0,11.0
07/02/18,Roda,Ajax,2,4,A,1.0,5.0,1.0,2.0,4.0,5.0,9.0,9.0,11.0,18.0
07/02/18,Twente,AZ Alkmaar,0,4,A,3.0,4.0,4.0,2.0,6.0,8.0,11.0,13.0,17.0,18.0
07/02/18,Utrecht,Sparta Rotterdam,1,0,H,10.0,2.0,1.0,1.0,3.0,3.0,19.0,15.0,16.0,10.0
07/02/18,Willem II,VVV Venlo,3,0,H,7.0,2.0,1.0,2.0,6.0,4.0,0.0,0.0,13.0,7.0
08/02/18,Den Haag,Vitesse,1,0,H,1.0,10.0,2.0,1.0,3.0,1.0,15.0,7.0,8.0,16.0
08/02/18,Feyenoord,Groningen,3,0,H,10.0,2.0,0.0,0.0,9.0,1.0,8.0,13.0,24.0,6.0
10/02/18,AZ Alkmaar,VVV Venlo,0,0,D,10.0,2.0,1.0,2.0,5.0,1.0,10.0,11.0,20.0,4.0
10/02/18,Heerenveen,Roda,1,1,D,10.0,2.0,1.0,1.0,4.0,2.0,13.0,12.0,20.0,6.0
10/02/18,Heracles,Willem II,1,0,H,7.0,2.0,1.0,2.0,2.0,2.0,16.0,15.0,11.0,19.0
10/02/18,Sparta Rotterdam,PSV Eindhoven,1,2,A,10.0,5.0,0.0,0.0,4.0,5.0,4.0,8.0,10.0,17.0
10/02/18,Utrecht,Zwolle,2,1,H,4.0,4.0,2.0,2.0,7.0,3.0,11.0,6.0,14.0,15.0
11/02/18,Ajax,Twente,2,1,H,2.0,1.0,2.0,2.0,9.0,6.0,11.0,14.0,19.0,15.0
11/02/18,Excelsior,NAC Breda,0,0,D,6.0,11.0,0.0,2.0,4.0,1.0,15.0,9.0,13.0,9.0
11/02/18,Groningen,Den Haag,0,0,D,6.0,9.0,2.0,2.0,4.0,6.0,11.0,8.0,10.0,18.0
11/02/18,Vitesse,Feyenoord,3,1,H,8.0,1.0,2.0,0.0,7.0,3.0,8.0,11.0,20.0,5.0
16/02/18,VVV Venlo,Groningen,1,1,D,4.0,4.0,1.0,3.0,4.0,4.0,11.0,10.0,13.0,10.0
17/02/18,Den Haag,Willem II,2,1,H,7.0,4.0,0.0,3.0,9.0,1.0,8.0,13.0,27.0,4.0
17/02/18,NAC Breda,AZ Alkmaar,1,3,A,2.0,4.0,2.0,0.0,4.0,11.0,9.0,11.0,14.0,18.0
17/02/18,PSV Eindhoven,Heerenveen,2,2,D,6.0,8.0,1.0,2.0,6.0,6.0,7.0,15.0,11.0,16.0
17/02/18,Vitesse,Excelsior,1,2,A,5.0,1.0,3.0,1.0,5.0,4.0,18.0,11.0,11.0,10.0
18/02/18,Feyenoord,Heracles,1,0,H,2.0,6.0,2.0,1.0,7.0,6.0,13.0,12.0,15.0,16.0
18/02/18,Roda,Utrecht,1,4,A,3.0,10.0,1.0,0.0,2.0,11.0,7.0,10.0,13.0,17.0
18/02/18,Twente,Sparta Rotterdam,1,1,D,11.0,1.0,0.0,2.0,8.0,1.0,9.0,14.0,25.0,2.0
18/02/18,Zwolle,Ajax,0,1,A,3.0,4.0,1.0,1.0,2.0,7.0,9.0,15.0,5.0,25.0
23/02/18,Groningen,NAC Breda,1,1,D,6.0,7.0,0.0,1.0,5.0,7.0,17.0,4.0,16.0,15.0
24/02/18,AZ Alkmaar,Sparta Rotterdam,2,1,H,14.0,2.0,0.0,0.0,16.0,2.0,6.0,10.0,33.0,4.0
24/02/18,Heerenveen,Excelsior,0,1,A,11.0,5.0,0.0,1.0,8.0,3.0,12.0,11.0,26.0,11.0
24/02/18,Heracles,Zwolle,2,1,H,8.0,13.0,0.0,0.0,6.0,9.0,6.0,4.0,19.0,20.0
24/02/18,VVV Venlo,Vitesse,2,2,D,2.0,10.0,2.0,0.0,3.0,6.0,10.0,11.0,15.0,17.0
25/02/18,Ajax,Den Haag,0,0,D,5.0,1.0,3.0,3.0,9.0,1.0,11.0,9.0,28.0,4.0
25/02/18,Feyenoord,PSV Eindhoven,1,3,A,2.0,6.0,4.0,0.0,4.0,7.0,16.0,15.0,11.0,17.0
25/02/18,Utrecht,Twente,3,1,H,5.0,2.0,2.0,2.0,5.0,6.0,7.0,12.0,13.0,14.0
25/02/18,Willem II,Roda,1,0,H,3.0,2.0,1.0,1.0,7.0,3.0,8.0,15.0,19.0,11.0
02/03/18,Roda,Heracles,0,3,A,4.0,7.0,1.0,1.0,5.0,9.0,11.0,11.0,17.0,16.0
03/03/18,Excelsior,AZ Alkmaar,1,2,A,5.0,6.0,2.0,1.0,8.0,6.0,5.0,11.0,16.0,16.0
03/03/18,Heerenveen,Willem II,2,0,H,2.0,2.0,1.0,2.0,5.0,0.0,13.0,16.0,17.0,4.0
03/03/18,NAC Breda,Feyenoord,2,1,H,1.0,11.0,3.0,2.0,3.0,6.0,12.0,13.0,8.0,24.0
03/03/18,PSV Eindhoven,Utrecht,3,0,H,4.0,3.0,2.0,1.0,3.0,3.0,9.0,14.0,7.0,11.0
04/03/18,Sparta Rotterdam,Den Haag,2,1,H,5.0,7.0,0.0,0.0,7.0,5.0,10.0,12.0,15.0,11.0
04/03/18,Twente,Groningen,1,1,D,10.0,4.0,4.0,3.0,6.0,4.0,20.0,15.0,26.0,13.0
04/03/18,Vitesse,Ajax,3,2,H,7.0,5.0,3.0,2.0,6.0,6.0,12.0,13.0,10.0,20.0
04/03/18,Zwolle,VVV Venlo,1,1,D,5.0,2.0,3.0,4.0,3.0,6.0,12.0,14.0,18.0,9.0
09/03/18,Heracles,Twente,2,1,H,7.0,3.0,3.0,3.0,6.0,5.0,14.0,14.0,13.0,11.0
10/03/18,Den Haag,NAC Breda,0,2,A,11.0,5.0,4.0,1.0,4.0,7.0,16.0,9.0,20.0,14.0
10/03/18,Roda,Sparta Rotterdam,0,2,A,6.0,3.0,1.0,1.0,1.0,3.0,6.0,8.0,14.0,14.0
10/03/18,VVV Venlo,Excelsior,2,3,A,7.0,4.0,0.0,3.0,4.0,3.0,10.0,10.0,13.0,8.0
10/03/18,Willem II,PSV Eindhoven,5,0,H,3.0,10.0,1.0,3.0,6.0,3.0,8.0,9.0,11.0,15.0
11/03/18,Ajax,Heerenveen,4,1,H,10.0,3.0,1.0,1.0,10.0,3.0,14.0,21.0,31.0,8.0
11/03/18,Feyenoord,AZ Alkmaar,2,1,H,2.0,8.0,2.0,2.0,4.0,5.0,16.0,17.0,14.0,15.0
11/03/18,Groningen,Zwolle,2,0,H,1.0,4.0,1.0,3.0,4.0,4.0,8.0,13.0,13.0,14.0
11/03/18,Utrecht,Vitesse,5,1,H,5.0,12.0,2.0,1.0,7.0,3.0,12.0,9.0,12.0,16.0
16/03/18,Excelsior,Den Haag,1,2,A,5.0,5.0,2.0,1.0,5.0,4.0,10.0,9.0,14.0,12.0
17/03/18,Heerenveen,Utrecht,2,2,D,5.0,6.0,0.0,1.0,5.0,4.0,11.0,13.0,12.0,13.0
17/03/18,PSV Eindhoven,VVV Venlo,3,0,H,7.0,4.0,0.0,2.0,19.0,1.0,9.0,12.0,30.0,3.0
17/03/18,Twente,Willem II,2,2,D,2.0,3.0,2.0,1.0,3.0,7.0,14.0,12.0,17.0,14.0
17/03/18,Vitesse,Heracles,0,0,D,11.0,1.0,0.0,0.0,9.0,2.0,8.0,11.0,24.0,6.0
18/03/18,AZ Alkmaar,Groningen,3,2,H,12.0,7.0,0.0,3.0,10.0,4.0,12.0,8.0,23.0,11.0
18/03/18,NAC Breda,Roda,0,1,A,6.0,4.0,2.0,3.0,8.0,5.0,12.0,14.0,21.0,14.0
18/03/18,Sparta Rotterdam,Ajax,2,5,A,4.0,4.0,2.0,3.0,4.0,8.0,13.0,12.0,11.0,14.0
18/03/18,Zwolle,Feyenoord,3,4,A,6.0,5.0,0.0,1.0,7.0,8.0,9.0,14.0,19.0,10.0
31/03/18,Den Haag,AZ Alkmaar,0,3,A,7.0,7.0,1.0,2.0,5.0,5.0,3.0,10.0,11.0,12.0
31/03/18,PSV Eindhoven,NAC Breda,5,1,H,9.0,0.0,2.0,4.0,14.0,3.0,16.0,13.0,36.0,6.0
31/03/18,Vitesse,Roda,0,3,A,6.0,5.0,0.0,0.0,3.0,9.0,13.0,14.0,13.0,18.0
31/03/18,Willem II,Utrecht,3,2,H,2.0,4.0,0.0,3.0,5.0,4.0,11.0,10.0,8.0,19.0
31/03/18,Zwolle,Sparta Rotterdam,2,0,H,7.0,6.0,0.0,3.0,9.0,4.0,9.0,15.0,22.0,9.0
01/04/18,Feyenoord,Excelsior,5,0,H,8.0,2.0,0.0,2.0,6.0,0.0,13.0,9.0,14.0,2.0
01/04/18,Groningen,Ajax,1,2,A,5.0,1.0,1.0,4.0,5.0,4.0,9.0,7.0,13.0,11.0
01/04/18,Heracles,Heerenveen,1,2,A,5.0,4.0,1.0,3.0,4.0,6.0,16.0,16.0,13.0,11.0
01/04/18,VVV Venlo,Twente,0,0,D,7.0,6.0,4.0,2.0,2.0,4.0,12.0,17.0,10.0,17.0
06/04/18,Excelsior,Willem II,2,1,H,10.0,6.0,0.0,1.0,9.0,4.0,9.0,7.0,19.0,13.0
07/04/18,AZ Alkmaar,PSV Eindhoven,2,3,A,6.0,8.0,3.0,1.0,3.0,6.0,18.0,15.0,10.0,18.0
07/04/18,NAC Breda,Vitesse,1,0,H,4.0,5.0,0.0,3.0,2.0,2.0,5.0,21.0,13.0,13.0
07/04/18,Roda,Zwolle,3,2,H,1.0,7.0,3.0,2.0,4.0,8.0,18.0,16.0,7.0,19.0
07/04/18,Sparta Rotterdam,VVV Venlo,3,2,H,6.0,4.0,2.0,2.0,7.0,6.0,26.0,13.0,23.0,19.0
08/04/18,Ajax,Heracles,1,0,H,10.0,1.0,1.0,0.0,8.0,0.0,6.0,7.0,34.0,4.0
08/04/18,Heerenveen,Groningen,1,1,D,7.0,2.0,3.0,2.0,6.0,5.0,17.0,15.0,15.0,8.0
08/04/18,Twente,Feyenoord,1,3,A,6.0,4.0,1.0,2.0,4.0,8.0,14.0,7.0,12.0,13.0
08/04/18,Utrecht,Den Haag,3,3,D,13.0,5.0,1.0,1.0,9.0,4.0,11.0,7.0,21.0,14.0
13/04/18,Heracles,AZ Alkmaar,0,3,A,4.0,7.0,2.0,1.0,1.0,8.0,17.0,9.0,7.0,23.0
14/04/18,Den Haag,Twente,2,1,H,6.0,4.0,1.0,1.0,6.0,1.0,13.0,13.0,13.0,7.0
14/04/18,Vitesse,Sparta Rotterdam,7,0,H,3.0,0.0,1.0,1.0,8.0,1.0,6.0,5.0,19.0,3.0
14/04/18,VVV Venlo,Heerenveen,0,2,A,4.0,9.0,2.0,1.0,3.0,6.0,14.0,15.0,11.0,20.0
14/04/18,Zwolle,Excelsior,1,1,D,11.0,2.0,2.0,3.0,9.0,3.0,15.0,15.0,26.0,9.0
15/04/18,Feyenoord,Utrecht,3,1,H,7.0,3.0,0.0,1.0,4.0,3.0,3.0,9.0,10.0,14.0
15/04/18,Groningen,Roda,2,1,H,4.0,3.0,2.0,5.0,4.0,4.0,12.0,12.0,19.0,15.0
15/04/18,NAC Breda,Willem II,1,2,A,3.0,9.0,2.0,2.0,5.0,5.0,13.0,20.0,16.0,11.0
15/04/18,PSV Eindhoven,Ajax,3,0,H,9.0,3.0,1.0,4.0,11.0,3.0,13.0,17.0,17.0,11.0
17/04/18,Heerenveen,Den Haag,2,0,H,5.0,4.0,0.0,0.0,4.0,1.0,9.0,7.0,11.0,8.0
17/04/18,Twente,Zwolle,2,0,H,8.0,4.0,1.0,4.0,4.0,2.0,18.0,17.0,11.0,7.0
18/04/18,AZ Alkmaar,Vitesse,4,3,H,5.0,3.0,0.0,0.0,11.0,9.0,8.0,9.0,16.0,20.0
18/04/18,Excelsior,Heracles,2,2,D,6.0,11.0,2.0,1.0,8.0,4.0,12.0,6.0,20.0,16.0
18/04/18,Roda,PSV Eindhoven,2,2,D,2.0,9.0,0.0,0.0,3.0,5.0,15.0,6.0,10.0,17.0
18/04/18,Sparta Rotterdam,NAC Breda,2,1,H,6.0,3.0,2.0,2.0,6.0,6.0,20.0,11.0,17.0,14.0
18/04/18,Willem II,Feyenoord,1,5,A,4.0,5.0,3.0,1.0,4.0,9.0,9.0,10.0,11.0,16.0
19/04/18,Ajax,VVV Venlo,4,1,H,11.0,0.0,0.0,0.0,13.0,3.0,4.0,8.0,30.0,9.0
19/04/18,Utrecht,Groningen,1,1,D,2.0,5.0,4.0,1.0,3.0,7.0,13.0,14.0,12.0,13.0
29/04/18,Ajax,AZ Alkmaar,3,0,H,8.0,3.0,0.0,2.0,6.0,4.0,12.0,13.0,17.0,13.0
29/04/18,Den Haag,PSV Eindhoven,3,3,D,6.0,8.0,1.0,1.0,7.0,6.0,10.0,12.0,11.0,20.0
29/04/18,Feyenoord,Sparta Rotterdam,3,1,H,5.0,6.0,0.0,0.0,5.0,7.0,8.0,10.0,11.0,12.0
29/04/18,Groningen,Excelsior,4,0,H,2.0,3.0,0.0,2.0,8.0,3.0,12.0,11.0,23.0,6.0
29/04/18,Heracles,Utrecht,2,2,D,3.0,13.0,0.0,0.0,4.0,8.0,6.0,9.0,10.0,25.0
29/04/18,NAC Breda,Heerenveen,3,0,H,5.0,4.0,1.0,2.0,5.0,3.0,8.0,13.0,14.0,11.0
29/04/18,Vitesse,Twente,5,0,H,4.0,0.0,2.0,0.0,9.0,3.0,8.0,16.0,16.0,6.0
29/04/18,VVV Venlo,Roda,1,4,A,3.0,5.0,1.0,1.0,4.0,6.0,8.0,12.0,10.0,18.0
29/04/18,Zwolle,Willem II,0,1,A,9.0,3.0,1.0,0.0,8.0,1.0,10.0,14.0,22.0,6.0
06/05/18,AZ Alkmaar,Zwolle,6,0,H,9.0,2.0,1.0,1.0,13.0,3.0,11.0,7.0,19.0,6.0
06/05/18,Excelsior,Ajax,1,2,A,8.0,11.0,0.0,0.0,5.0,13.0,6.0,6.0,16.0,23.0
06/05/18,Heerenveen,Feyenoord,2,3,A,2.0,4.0,2.0,2.0,3.0,7.0,15.0,12.0,13.0,16.0
06/05/18,PSV Eindhoven,Groningen,0,0,D,11.0,2.0,1.0,2.0,5.0,4.0,8.0,13.0,14.0,9.0
06/05/18,Roda,Den Haag,2,3,A,8.0,2.0,0.0,1.0,7.0,6.0,8.0,7.0,23.0,14.0
06/05/18,Sparta Rotterdam,Heracles,2,5,A,3.0,5.0,3.0,0.0,6.0,11.0,17.0,11.0,10.0,15.0
06/05/18,Twente,NAC Breda,1,1,D,7.0,4.0,0.0,0.0,8.0,5.0,11.0,7.0,20.0,11.0
06/05/18,Utrecht,VVV Venlo,1,0,H,9.0,4.0,2.0,1.0,8.0,4.0,14.0,5.0,25.0,12.0
06/05/18,Willem II,Vitesse,2,2,D,2.0,4.0,0.0,0.0,8.0,4.0,5.0,8.0,19.0,15.0
10/08/2018,Zwolle,Heerenveen,2,3,A,5.0,1.0,2.0,5.0,4.0,3.0,13.0,11.0,18.0,7.0
11/08/2018,Ajax,Heracles,1,1,D,12.0,7.0,0.0,3.0,7.0,2.0,13.0,25.0,17.0,11.0
11/08/2018,Excelsior,For Sittard,1,1,D,4.0,8.0,3.0,1.0,3.0,6.0,12.0,11.0,13.0,18.0
11/08/2018,PSV Eindhoven,Utrecht,4,0,H,9.0,1.0,2.0,2.0,10.0,2.0,11.0,12.0,14.0,6.0
11/08/2018,Willem II,VVV Venlo,0,1,A,13.0,2.0,2.0,2.0,6.0,1.0,11.0,18.0,15.0,7.0
12/08/2018,AZ Alkmaar,NAC Breda,5,0,H,14.0,1.0,0.0,2.0,12.0,4.0,9.0,9.0,29.0,5.0
12/08/2018,Den Haag,FC Emmen,1,2,A,8.0,3.0,2.0,1.0,5.0,5.0,12.0,20.0,14.0,10.0
12/08/2018,Graafschap,Feyenoord,2,0,H,3.0,5.0,2.0,4.0,5.0,6.0,16.0,15.0,9.0,14.0
12/08/2018,Vitesse,Groningen,5,1,H,6.0,1.0,0.0,2.0,8.0,6.0,15.0,15.0,14.0,11.0
17/08/2018,Groningen,Willem II,0,1,A,5.0,2.0,1.0,1.0,4.0,2.0,18.0,11.0,15.0,7.0
18/08/2018,Heracles,Den Haag,4,2,H,5.0,10.0,2.0,4.0,7.0,7.0,13.0,17.0,17.0,19.0
18/08/2018,NAC Breda,Graafschap,3,0,H,3.0,4.0,0.0,2.0,3.0,2.0,9.0,18.0,7.0,7.0
18/08/2018,For Sittard,PSV Eindhoven,1,2,A,5.0,8.0,1.0,1.0,6.0,8.0,13.0,16.0,10.0,17.0
18/08/2018,VVV Venlo,Ajax,0,1,A,5.0,7.0,0.0,1.0,1.0,9.0,8.0,9.0,9.0,18.0
19/08/2018,FC Emmen,AZ Alkmaar,1,4,A,6.0,3.0,0.0,1.0,7.0,8.0,10.0,15.0,14.0,16.0
19/08/2018,Feyenoord,Excelsior,3,0,H,10.0,1.0,0.0,0.0,6.0,2.0,14.0,8.0,23.0,9.0
19/08/2018,Heerenveen,Vitesse,1,1,D,1.0,8.0,3.0,2.0,3.0,4.0,17.0,15.0,7.0,20.0
19/08/2018,Utrecht,Zwolle,2,0,H,6.0,10.0,2.0,1.0,2.0,4.0,8.0,14.0,7.0,17.0
24/08/2018,Den Haag,For Sittard,3,1,H,14.0,10.0,5.0,1.0,6.0,3.0,10.0,13.0,12.0,14.0
25/08/2018,Ajax,FC Emmen,5,0,H,11.0,1.0,0.0,1.0,10.0,2.0,10.0,9.0,22.0,6.0
25/08/2018,Graafschap,Groningen,0,1,A,7.0,3.0,2.0,3.0,4.0,3.0,10.0,13.0,10.0,12.0
25/08/2018,NAC Breda,Excelsior,0,2,A,3.0,3.0,3.0,2.0,3.0,3.0,7.0,13.0,12.0,10.0
25/08/2018,Zwolle,PSV Eindhoven,1,2,A,6.0,6.0,1.0,2.0,5.0,6.0,11.0,8.0,18.0,15.0
26/08/2018,AZ Alkmaar,Vitesse,0,0,D,6.0,4.0,3.0,3.0,3.0,3.0,13.0,14.0,18.0,13.0
26/08/2018,Heerenveen,Feyenoord,3,5,A,5.0,4.0,0.0,0.0,5.0,6.0,8.0,8.0,13.0,13.0
26/08/2018,Utrecht,VVV Venlo,1,1,D,3.0,0.0,1.0,1.0,4.0,2.0,12.0,10.0,21.0,11.0
26/08/2018,Willem II,Heracles,5,0,H,4.0,4.0,2.0,1.0,7.0,3.0,11.0,14.0,13.0,6.0
31/08/2018,FC Emmen,Graafschap,1,1,D,13.0,1.0,1.0,3.0,11.0,6.0,9.0,12.0,26.0,13.0
01/09/2018,Excelsior,Den Haag,2,4,A,4.0,6.0,1.0,3.0,4.0,7.0,12.0,14.0,13.0,16.0
01/09/2018,For Sittard,Utrecht,1,1,D,6.0,6.0,2.0,0.0,2.0,5.0,13.0,14.0,9.0,14.0
01/09/2018,PSV Eindhoven,Willem II,6,1,H,2.0,3.0,0.0,4.0,10.0,2.0,8.0,11.0,16.0,6.0
01/09/2018,VVV Venlo,Heerenveen,1,1,D,4.0,2.0,1.0,1.0,4.0,4.0,9.0,15.0,19.0,8.0
02/09/2018,Feyenoord,NAC Breda,4,2,H,14.0,2.0,1.0,1.0,8.0,4.0,6.0,12.0,20.0,7.0
02/09/2018,Groningen,Zwolle,0,1,A,6.0,4.0,3.0,4.0,2.0,6.0,9.0,19.0,14.0,9.0
02/09/2018,Heracles,AZ Alkmaar,3,2,H,5.0,2.0,4.0,2.0,14.0,8.0,16.0,12.0,23.0,17.0
02/09/2018,Vitesse,Ajax,0,4,A,7.0,5.0,3.0,0.0,7.0,8.0,14.0,15.0,21.0,16.0
15/09/2018,Ajax,Groningen,3,0,H,4.0,2.0,2.0,0.0,5.0,2.0,6.0,16.0,17.0,7.0
15/09/2018,Den Haag,PSV Eindhoven,0,7,A,3.0,5.0,2.0,0.0,2.0,10.0,14.0,9.0,5.0,27.0
15/09/2018,Graafschap,VVV Venlo,1,2,A,6.0,3.0,2.0,2.0,2.0,6.0,12.0,18.0,14.0,12.0
15/09/2018,Willem II,Excelsior,2,2,D,13.0,9.0,3.0,3.0,6.0,4.0,9.0,9.0,21.0,16.0
16/09/2018,AZ Alkmaar,Feyenoord,1,1,D,4.0,10.0,1.0,1.0,3.0,3.0,8.0,10.0,11.0,9.0
16/09/2018,Heerenveen,Heracles,3,5,A,4.0,3.0,1.0,2.0,6.0,7.0,15.0,14.0,11.0,10.0
16/09/2018,NAC Breda,For Sittard,2,3,A,6.0,2.0,2.0,2.0,4.0,4.0,15.0,9.0,14.0,12.0
16/09/2018,Utrecht,FC Emmen,1,2,A,4.0,4.0,1.0,4.0,4.0,2.0,10.0,17.0,15.0,10.0
16/09/2018,Zwolle,Vitesse,0,2,A,6.0,6.0,1.0,3.0,6.0,4.0,14.0,14.0,12.0,9.0
21/09/2018,Heracles,Graafschap,4,0,H,11.0,3.0,2.0,1.0,10.0,4.0,14.0,15.0,27.0,13.0
22/09/2018,Excelsior,Heerenveen,3,3,D,6.0,7.0,0.0,1.0,8.0,5.0,4.0,11.0,12.0,10.0
22/09/2018,For Sittard,Willem II,4,4,D,2.0,10.0,2.0,4.0,7.0,6.0,10.0,14.0,10.0,12.0
22/09/2018,Vitesse,Den Haag,1,1,D,3.0,6.0,1.0,2.0,4.0,3.0,12.0,14.0,15.0,11.0
22/09/2018,VVV Venlo,NAC Breda,3,0,H,3.0,2.0,0.0,4.0,5.0,1.0,9.0,16.0,14.0,6.0
23/09/2018,FC Emmen,Zwolle,0,1,A,7.0,7.0,2.0,3.0,3.0,4.0,14.0,18.0,9.0,12.0
23/09/2018,Feyenoord,Utrecht,1,0,H,4.0,2.0,1.0,0.0,9.0,1.0,20.0,11.0,23.0,12.0
23/09/2018,Groningen,AZ Alkmaar,1,3,A,3.0,7.0,4.0,3.0,3.0,11.0,8.0,11.0,8.0,21.0
23/09/2018,PSV Eindhoven,Ajax,3,0,H,1.0,6.0,3.0,2.0,8.0,4.0,18.0,12.0,14.0,15.0
29/09/2018,Excelsior,VVV Venlo,1,0,H,3.0,9.0,2.0,1.0,2.0,4.0,12.0,10.0,9.0,14.0
29/09/2018,For Sittard,Ajax,0,2,A,3.0,8.0,2.0,2.0,5.0,4.0,12.0,12.0,15.0,17.0
29/09/2018,Heerenveen,Den Haag,1,1,D,2.0,3.0,1.0,3.0,1.0,2.0,17.0,14.0,11.0,8.0
29/09/2018,NAC Breda,PSV Eindhoven,0,2,A,4.0,9.0,3.0,4.0,2.0,4.0,8.0,11.0,10.0,12.0
30/09/2018,AZ Alkmaar,Zwolle,2,2,D,9.0,0.0,1.0,3.0,3.0,3.0,11.0,18.0,15.0,9.0
30/09/2018,Feyenoord,Vitesse,2,1,H,9.0,1.0,0.0,2.0,7.0,5.0,14.0,8.0,19.0,11.0
30/09/2018,Graafschap,Willem II,2,1,H,10.0,3.0,1.0,5.0,7.0,4.0,12.0,19.0,24.0,10.0
30/09/2018,Groningen,Utrecht,1,1,D,4.0,3.0,1.0,3.0,6.0,2.0,13.0,9.0,15.0,7.0
30/09/2018,Heracles,FC Emmen,2,1,H,2.0,7.0,2.0,2.0,6.0,8.0,12.0,10.0,15.0,16.0
05/10/2018,Utrecht,NAC Breda,2,1,H,11.0,2.0,0.0,2.0,5.0,3.0,6.0,9.0,18.0,9.0
06/10/2018,Den Haag,Groningen,1,0,H,6.0,5.0,1.0,2.0,3.0,3.0,11.0,18.0,9.0,8.0
06/10/2018,Graafschap,Heerenveen,0,5,A,1.0,6.0,0.0,0.0,1.0,14.0,12.0,8.0,8.0,24.0
06/10/2018,PSV Eindhoven,VVV Venlo,4,0,H,6.0,1.0,0.0,2.0,8.0,0.0,7.0,15.0,24.0,3.0
06/10/2018,Zwolle,Excelsior,2,0,H,5.0,5.0,1.0,3.0,4.0,2.0,11.0,12.0,22.0,5.0
07/10/2018,Ajax,AZ Alkmaar,5,0,H,6.0,4.0,2.0,3.0,11.0,3.0,11.0,14.0,22.0,5.0
07/10/2018,FC Emmen,For Sittard,3,3,D,3.0,3.0,4.0,1.0,4.0,6.0,17.0,16.0,12.0,12.0
07/10/2018,Vitesse,Heracles,4,0,H,5.0,5.0,1.0,3.0,6.0,2.0,11.0,16.0,19.0,4.0
07/10/2018,Willem II,Feyenoord,1,1,D,2.0,8.0,4.0,2.0,4.0,7.0,12.0,9.0,12.0,9.0
20/10/2018,Excelsior,Vitesse,2,0,H,9.0,13.0,0.0,0.0,1.0,7.0,11.0,12.0,6.0,24.0
20/10/2018,Heerenveen,Ajax,0,4,A,5.0,10.0,2.0,1.0,4.0,10.0,9.0,12.0,13.0,17.0
20/10/2018,PSV Eindhoven,FC Emmen,6,0,H,10.0,1.0,3.0,3.0,15.0,4.0,7.0,9.0,29.0,8.0
20/10/2018,Utrecht,AZ Alkmaar,2,1,H,7.0,4.0,1.0,2.0,6.0,8.0,7.0,12.0,15.0,13.0
21/10/2018,Feyenoord,Zwolle,3,0,H,7.0,3.0,1.0,0.0,11.0,5.0,9.0,9.0,17.0,17.0
21/10/2018,For Sittard,Graafschap,3,1,H,4.0,2.0,2.0,2.0,11.0,3.0,12.0,10.0,22.0,11.0
21/10/2018,Heracles,Groningen,4,1,H,3.0,1.0,0.0,2.0,8.0,4.0,6.0,12.0,13.0,11.0
21/10/2018,NAC Breda,Willem II,2,2,D,1.0,6.0,0.0,0.0,3.0,3.0,15.0,17.0,6.0,8.0
21/10/2018,VVV Venlo,Den Haag,2,0,H,4.0,3.0,2.0,3.0,7.0,2.0,13.0,20.0,22.0,12.0
26/10/2018,FC Emmen,VVV Venlo,1,1,D,9.0,0.0,1.0,2.0,8.0,2.0,13.0,11.0,28.0,5.0
27/10/2018,Den Haag,NAC Breda,1,1,D,5.0,1.0,0.0,2.0,4.0,3.0,7.0,14.0,17.0,7.0
27/10/2018,Graafschap,Excelsior,4,1,H,3.0,3.0,1.0,2.0,6.0,4.0,19.0,11.0,13.0,14.0
27/10/2018,Groningen,PSV Eindhoven,1,2,A,2.0,6.0,3.0,0.0,3.0,5.0,14.0,9.0,14.0,19.0
27/10/2018,Zwolle,Heracles,1,1,D,6.0,6.0,2.0,3.0,6.0,3.0,10.0,14.0,24.0,8.0
28/10/2018,Ajax,Feyenoord,3,0,H,13.0,6.0,1.0,2.0,10.0,2.0,8.0,10.0,28.0,8.0
28/10/2018,AZ Alkmaar,Heerenveen,2,3,A,6.0,1.0,2.0,3.0,7.0,6.0,12.0,12.0,15.0,11.0
28/10/2018,Vitesse,For Sittard,2,1,H,2.0,7.0,3.0,2.0,6.0,2.0,13.0,12.0,12.0,10.0
28/10/2018,Willem II,Utrecht,0,1,A,9.0,6.0,2.0,2.0,0.0,8.0,21.0,10.0,8.0,19.0
02/11/2018,Excelsior,Groningen,2,4,A,3.0,5.0,1.0,0.0,4.0,8.0,8.0,10.0,10.0,15.0
03/11/2018,Ajax,Willem II,2,0,H,5.0,1.0,0.0,1.0,10.0,0.0,7.0,10.0,21.0,3.0
03/11/2018,AZ Alkmaar,Graafschap,1,0,H,7.0,1.0,1.0,0.0,6.0,0.0,9.0,9.0,18.0,3.0
03/11/2018,NAC Breda,Heracles,2,1,H,6.0,4.0,1.0,2.0,2.0,5.0,10.0,8.0,9.0,21.0
03/11/2018,PSV Eindhoven,Vitesse,1,0,H,7.0,2.0,2.0,2.0,6.0,1.0,17.0,10.0,14.0,7.0
04/11/2018,For Sittard,Zwolle,3,0,H,12.0,3.0,1.0,2.0,6.0,4.0,11.0,12.0,17.0,10.0
04/11/2018,Heerenveen,FC Emmen,1,1,D,3.0,2.0,2.0,1.0,6.0,6.0,11.0,13.0,17.0,17.0
04/11/2018,Utrecht,Den Haag,3,0,H,5.0,6.0,3.0,2.0,5.0,5.0,15.0,9.0,14.0,11.0
09/11/2018,Zwolle,Willem II,2,3,A,7.0,1.0,2.0,1.0,7.0,3.0,14.0,12.0,20.0,5.0
10/11/2018,FC Emmen,NAC Breda,2,0,H,9.0,1.0,1.0,2.0,8.0,3.0,9.0,16.0,19.0,7.0
10/11/2018,Graafschap,PSV Eindhoven,1,4,A,5.0,5.0,1.0,0.0,2.0,7.0,9.0,7.0,10.0,22.0
10/11/2018,Vitesse,Utrecht,2,1,H,5.0,7.0,1.0,3.0,5.0,7.0,7.0,14.0,17.0,13.0
10/11/2018,VVV Venlo,For Sittard,3,2,H,2.0,7.0,2.0,1.0,6.0,5.0,22.0,9.0,11.0,17.0
11/11/2018,Den Haag,AZ Alkmaar,0,1,A,7.0,3.0,3.0,1.0,0.0,2.0,13.0,10.0,6.0,8.0
11/11/2018,Excelsior,Ajax,1,7,A,2.0,15.0,3.0,0.0,3.0,12.0,5.0,4.0,13.0,29.0
11/11/2018,Groningen,Heerenveen,2,0,H,3.0,1.0,1.0,2.0,5.0,2.0,10.0,12.0,11.0,4.0
11/11/2018,Heracles,Feyenoord,0,2,A,5.0,6.0,2.0,1.0,3.0,7.0,8.0,12.0,15.0,16.0
24/11/2018,For Sittard,Heracles,3,0,H,3.0,4.0,0.0,0.0,9.0,3.0,10.0,8.0,15.0,14.0
24/11/2018,NAC Breda,Ajax,0,3,A,2.0,7.0,4.0,1.0,3.0,5.0,7.0,6.0,5.0,16.0
24/11/2018,PSV Eindhoven,Heerenveen,3,0,H,6.0,2.0,0.0,2.0,11.0,0.0,8.0,9.0,28.0,4.0
24/11/2018,Zwolle,Den Haag,2,3,A,7.0,6.0,1.0,2.0,4.0,8.0,13.0,8.0,13.0,14.0
25/11/2018,FC Emmen,Excelsior,1,2,A,10.0,6.0,1.0,1.0,3.0,3.0,14.0,8.0,17.0,9.0
25/11/2018,Feyenoord,Groningen,1,0,H,12.0,2.0,1.0,2.0,7.0,3.0,12.0,10.0,14.0,10.0
25/11/2018,Utrecht,Graafschap,5,0,H,4.0,1.0,0.0,2.0,6.0,2.0,14.0,16.0,22.0,5.0
25/11/2018,VVV Venlo,AZ Alkmaar,2,2,D,8.0,9.0,4.0,0.0,3.0,7.0,10.0,13.0,9.0,17.0
25/11/2018,Willem II,Vitesse,1,3,A,0.0,5.0,2.0,2.0,4.0,7.0,8.0,8.0,8.0,11.0
30/11/2018,Excelsior,Utrecht,3,3,D,2.0,6.0,1.0,5.0,4.0,9.0,10.0,14.0,11.0,22.0
01/12/2018,AZ Alkmaar,Willem II,0,2,A,7.0,1.0,2.0,2.0,7.0,4.0,8.0,14.0,16.0,8.0
01/12/2018,Graafschap,Zwolle,0,2,A,3.0,7.0,4.0,3.0,0.0,9.0,15.0,8.0,4.0,26.0
01/12/2018,Heerenveen,For Sittard,3,1,H,7.0,1.0,1.0,3.0,9.0,5.0,10.0,14.0,18.0,15.0
01/12/2018,Vitesse,FC Emmen,1,1,D,10.0,1.0,1.0,5.0,8.0,4.0,12.0,15.0,24.0,7.0
02/12/2018,Ajax,Den Haag,5,1,H,19.0,3.0,0.0,0.0,12.0,3.0,11.0,10.0,31.0,8.0
02/12/2018,Feyenoord,PSV Eindhoven,2,1,H,6.0,4.0,2.0,2.0,5.0,5.0,17.0,12.0,14.0,12.0
02/12/2018,Groningen,NAC Breda,5,2,H,5.0,1.0,1.0,0.0,9.0,3.0,7.0,13.0,19.0,6.0
02/12/2018,Heracles,VVV Venlo,4,1,H,14.0,1.0,0.0,0.0,8.0,4.0,4.0,10.0,22.0,9.0
06/12/2018,Feyenoord,VVV Venlo,4,1,H,13.0,0.0,0.0,0.0,9.0,1.0,5.0,8.0,27.0,3.0
07/12/2018,For Sittard,AZ Alkmaar,0,3,A,5.0,7.0,4.0,2.0,4.0,6.0,13.0,11.0,15.0,8.0
07/12/2018,PSV Eindhoven,Excelsior,6,0,H,8.0,1.0,1.0,3.0,8.0,0.0,10.0,11.0,23.0,2.0
08/12/2018,Den Haag,Graafschap,0,0,D,4.0,3.0,1.0,2.0,3.0,5.0,10.0,13.0,16.0,9.0
08/12/2018,Willem II,Heerenveen,1,5,A,0.0,14.0,2.0,2.0,1.0,11.0,9.0,13.0,5.0,20.0
08/12/2018,Zwolle,Ajax,1,4,A,4.0,7.0,2.0,3.0,7.0,6.0,14.0,7.0,16.0,14.0
09/12/2018,FC Emmen,Feyenoord,1,4,A,4.0,10.0,3.0,0.0,6.0,12.0,12.0,8.0,12.0,32.0
09/12/2018,NAC Breda,Vitesse,2,1,H,4.0,9.0,1.0,2.0,4.0,4.0,9.0,13.0,11.0,15.0
09/12/2018,Utrecht,Heracles,3,1,H,4.0,4.0,1.0,2.0,5.0,3.0,11.0,12.0,12.0,14.0
09/12/2018,VVV Venlo,Groningen,0,0,D,4.0,6.0,2.0,1.0,6.0,4.0,10.0,19.0,12.0,10.0
14/12/2018,Willem II,Den Haag,0,3,A,2.0,1.0,2.0,3.0,3.0,4.0,7.0,18.0,8.0,7.0
15/12/2018,AZ Alkmaar,Excelsior,2,1,H,23.0,3.0,1.0,1.0,12.0,3.0,9.0,6.0,29.0,7.0
15/12/2018,Heracles,PSV Eindhoven,0,4,A,2.0,3.0,4.0,1.0,1.0,8.0,14.0,14.0,12.0,16.0
15/12/2018,Vitesse,VVV Venlo,2,1,H,13.0,2.0,3.0,2.0,4.0,1.0,10.0,19.0,17.0,11.0
15/12/2018,Zwolle,NAC Breda,0,0,D,4.0,7.0,2.0,2.0,5.0,3.0,7.0,15.0,16.0,13.0
16/12/2018,Ajax,Graafschap,8,0,H,14.0,2.0,0.0,1.0,17.0,2.0,3.0,11.0,35.0,3.0
16/12/2018,Feyenoord,For Sittard,0,2,A,9.0,4.0,1.0,0.0,8.0,4.0,9.0,12.0,26.0,11.0
16/12/2018,Groningen,FC Emmen,1,2,A,5.0,6.0,1.0,1.0,5.0,3.0,7.0,6.0,11.0,13.0
16/12/2018,Heerenveen,Utrecht,2,3,A,5.0,7.0,0.0,2.0,6.0,3.0,14.0,8.0,10.0,9.0
21/12/2018,VVV Venlo,Zwolle,2,0,H,5.0,6.0,2.0,1.0,6.0,1.0,13.0,12.0,19.0,8.0
22/12/2018,Excelsior,Heracles,0,3,A,2.0,5.0,1.0,1.0,4.0,6.0,12.0,9.0,13.0,22.0
22/12/2018,For Sittard,Groningen,0,0,D,6.0,7.0,1.0,2.0,4.0,5.0,7.0,15.0,13.0,15.0
22/12/2018,NAC Breda,Heerenveen,4,2,H,8.0,1.0,2.0,2.0,12.0,4.0,11.0,7.0,32.0,8.0
22/12/2018,PSV Eindhoven,AZ Alkmaar,3,1,H,4.0,8.0,4.0,5.0,8.0,4.0,8.0,14.0,14.0,11.0
23/12/2018,Den Haag,Feyenoord,2,2,D,9.0,9.0,1.0,3.0,5.0,6.0,6.0,10.0,13.0,14.0
23/12/2018,FC Emmen,Willem II,0,2,A,6.0,3.0,0.0,0.0,2.0,3.0,13.0,8.0,11.0,10.0
23/12/2018,Graafschap,Vitesse,2,2,D,6.0,4.0,2.0,4.0,5.0,7.0,15.0,10.0,14.0,21.0
23/12/2018,Utrecht,Ajax,1,3,A,5.0,9.0,2.0,2.0,2.0,7.0,12.0,8.0,8.0,17.0
18/01/2019,Vitesse,Excelsior,3,2,H,7.0,3.0,2.0,1.0,9.0,2.0,11.0,9.0,16.0,9.0
19/01/2019,AZ Alkmaar,Utrecht,3,0,H,4.0,5.0,0.0,3.0,3.0,4.0,21.0,8.0,10.0,14.0
19/01/2019,Den Haag,VVV Venlo,2,4,A,11.0,7.0,0.0,1.0,8.0,8.0,10.0,12.0,20.0,16.0
19/01/2019,Groningen,Heracles,3,0,H,5.0,1.0,2.0,1.0,6.0,2.0,17.0,19.0,18.0,7.0
19/01/2019,Zwolle,Feyenoord,3,1,H,9.0,4.0,1.0,2.0,7.0,6.0,11.0,8.0,15.0,13.0
20/01/2019,Ajax,Heerenveen,4,4,D,11.0,4.0,0.0,1.0,9.0,9.0,7.0,12.0,27.0,12.0
20/01/2019,FC Emmen,PSV Eindhoven,2,2,D,2.0,7.0,1.0,3.0,2.0,4.0,18.0,9.0,6.0,14.0
20/01/2019,Graafschap,For Sittard,5,1,H,8.0,2.0,1.0,5.0,9.0,3.0,10.0,21.0,18.0,7.0
20/01/2019,Willem II,NAC Breda,2,0,H,8.0,3.0,1.0,0.0,4.0,0.0,7.0,14.0,11.0,4.0
25/01/2019,NAC Breda,Den Haag,1,1,D,8.0,4.0,0.0,0.0,4.0,2.0,12.0,8.0,20.0,8.0
26/01/2019,Excelsior,Graafschap,2,0,H,0.0,10.0,1.0,2.0,2.0,3.0,8.0,13.0,7.0,13.0
26/01/2019,Heracles,Zwolle,0,2,A,8.0,5.0,3.0,4.0,4.0,4.0,11.0,17.0,15.0,9.0
26/01/2019,PSV Eindhoven,Groningen,2,1,H,8.0,5.0,1.0,4.0,6.0,1.0,6.0,12.0,12.0,5.0
26/01/2019,VVV Venlo,FC Emmen,2,3,A,6.0,0.0,2.0,2.0,7.0,5.0,14.0,15.0,16.0,11.0
27/01/2019,Feyenoord,Ajax,6,2,H,4.0,5.0,0.0,0.0,9.0,7.0,11.0,14.0,20.0,15.0
27/01/2019,For Sittard,Vitesse,2,1,H,5.0,10.0,4.0,2.0,6.0,5.0,11.0,16.0,16.0,11.0
27/01/2019,Heerenveen,AZ Alkmaar,0,2,A,3.0,8.0,3.0,2.0,0.0,8.0,18.0,7.0,5.0,21.0
27/01/2019,Utrecht,Willem II,0,1,A,8.0,2.0,0.0,2.0,5.0,2.0,8.0,11.0,18.0,7.0
01/02/2019,Graafschap,NAC Breda,3,0,H,8.0,4.0,0.0,0.0,11.0,2.0,9.0,15.0,23.0,10.0
02/02/2019,Ajax,VVV Venlo,6,0,H,4.0,0.0,0.0,1.0,11.0,1.0,7.0,13.0,23.0,4.0
02/02/2019,AZ Alkmaar,FC Emmen,5,0,H,9.0,6.0,0.0,1.0,9.0,0.0,9.0,12.0,20.0,3.0
02/02/2019,Vitesse,Heerenveen,2,2,D,4.0,4.0,3.0,0.0,3.0,6.0,9.0,8.0,13.0,14.0
02/02/2019,Willem II,Groningen,1,2,A,11.0,5.0,1.0,3.0,4.0,5.0,7.0,15.0,13.0,12.0
03/02/2019,Den Haag,Heracles,2,0,H,6.0,7.0,3.0,2.0,7.0,3.0,14.0,12.0,14.0,11.0
03/02/2019,Excelsior,Feyenoord,2,1,H,3.0,8.0,2.0,1.0,5.0,5.0,7.0,14.0,10.0,13.0
03/02/2019,PSV Eindhoven,For Sittard,5,0,H,10.0,6.0,2.0,4.0,11.0,0.0,19.0,10.0,20.0,7.0
03/02/2019,Zwolle,Utrecht,4,3,H,7.0,3.0,3.0,4.0,5.0,4.0,14.0,9.0,19.0,10.0
08/02/2019,NAC Breda,AZ Alkmaar,0,3,A,1.0,5.0,2.0,1.0,3.0,8.0,10.0,11.0,10.0,16.0
09/02/2019,Feyenoord,Graafschap,4,0,H,2.0,4.0,0.0,1.0,16.0,2.0,6.0,7.0,28.0,13.0
09/02/2019,Heerenveen,Zwolle,1,1,D,3.0,9.0,0.0,0.0,4.0,6.0,13.0,13.0,8.0,14.0
09/02/2019,Heracles,Ajax,1,0,H,8.0,10.0,1.0,1.0,2.0,7.0,19.0,12.0,8.0,22.0
09/02/2019,VVV Venlo,Willem II,2,1,H,2.0,6.0,3.0,1.0,6.0,5.0,16.0,11.0,15.0,10.0
10/02/2019,FC Emmen,Den Haag,3,2,H,3.0,5.0,1.0,2.0,6.0,3.0,15.0,9.0,15.0,12.0
10/02/2019,For Sittard,Excelsior,4,1,H,3.0,7.0,2.0,2.0,6.0,7.0,15.0,16.0,12.0,18.0
10/02/2019,Groningen,Vitesse,2,1,H,4.0,4.0,1.0,0.0,3.0,1.0,9.0,5.0,8.0,7.0
10/02/2019,Utrecht,PSV Eindhoven,2,2,D,2.0,11.0,1.0,1.0,3.0,4.0,11.0,2.0,6.0,23.0
15/02/2019,Den Haag,Zwolle,1,0,H,2.0,4.0,1.0,3.0,2.0,4.0,10.0,8.0,4.0,12.0
16/02/2019,AZ Alkmaar,VVV Venlo,3,0,H,9.0,3.0,2.0,1.0,10.0,2.0,10.0,10.0,19.0,12.0
16/02/2019,Heerenveen,PSV Eindhoven,2,2,D,2.0,7.0,2.0,0.0,3.0,7.0,14.0,9.0,10.0,24.0
16/02/2019,Heracles,For Sittard,6,0,H,4.0,3.0,3.0,0.0,12.0,5.0,12.0,7.0,22.0,11.0
16/02/2019,Vitesse,Willem II,3,2,H,5.0,9.0,3.0,3.0,9.0,5.0,14.0,12.0,20.0,13.0
17/02/2019,Ajax,NAC Breda,5,0,H,13.0,2.0,1.0,3.0,11.0,2.0,9.0,15.0,33.0,6.0
17/02/2019,Excelsior,FC Emmen,2,1,H,4.0,7.0,0.0,0.0,6.0,5.0,7.0,16.0,12.0,14.0
17/02/2019,Graafschap,Utrecht,0,1,A,6.0,5.0,1.0,0.0,3.0,3.0,15.0,10.0,14.0,9.0
17/02/2019,Groningen,Feyenoord,1,0,H,5.0,3.0,0.0,1.0,7.0,1.0,11.0,8.0,21.0,4.0
22/02/2019,VVV Venlo,Heracles,0,1,A,7.0,3.0,2.0,4.0,6.0,3.0,12.0,16.0,28.0,6.0
23/02/2019,For Sittard,Heerenveen,2,4,A,2.0,10.0,4.0,1.0,4.0,12.0,8.0,12.0,12.0,22.0
23/02/2019,NAC Breda,Groningen,0,0,D,4.0,7.0,1.0,1.0,2.0,3.0,7.0,13.0,13.0,13.0
23/02/2019,Utrecht,Excelsior,0,0,D,9.0,1.0,1.0,3.0,8.0,2.0,9.0,12.0,29.0,3.0
23/02/2019,Zwolle,Graafschap,0,3,A,9.0,2.0,1.0,1.0,3.0,5.0,8.0,13.0,12.0,11.0
24/02/2019,Den Haag,Ajax,1,5,A,3.0,8.0,1.0,1.0,1.0,11.0,10.0,14.0,10.0,17.0
24/02/2019,FC Emmen,Vitesse,0,3,A,8.0,5.0,3.0,2.0,1.0,7.0,16.0,12.0,4.0,18.0
24/02/2019,PSV Eindhoven,Feyenoord,1,1,D,6.0,7.0,0.0,4.0,10.0,6.0,9.0,15.0,20.0,14.0
24/02/2019,Willem II,AZ Alkmaar,2,1,H,7.0,5.0,0.0,3.0,6.0,5.0,12.0,10.0,13.0,10.0
01/03/2019,Graafschap,Den Haag,1,1,D,8.0,4.0,0.0,2.0,2.0,3.0,6.0,10.0,14.0,14.0
02/03/2019,Excelsior,PSV Eindhoven,0,2,A,3.0,7.0,0.0,1.0,1.0,6.0,5.0,9.0,7.0,18.0
02/03/2019,Heracles,Utrecht,1,5,A,5.0,4.0,2.0,0.0,3.0,8.0,12.0,12.0,8.0,16.0
02/03/2019,Vitesse,NAC Breda,4,1,H,11.0,2.0,1.0,3.0,8.0,4.0,12.0,13.0,21.0,6.0
03/03/2019,AZ Alkmaar,For Sittard,4,2,H,9.0,4.0,0.0,1.0,6.0,6.0,9.0,8.0,21.0,10.0
03/03/2019,Feyenoord,FC Emmen,4,0,H,8.0,2.0,0.0,1.0,11.0,3.0,8.0,13.0,23.0,11.0
03/03/2019,Groningen,VVV Venlo,3,2,H,6.0,3.0,2.0,1.0,7.0,2.0,10.0,14.0,18.0,8.0
03/03/2019,Heerenveen,Willem II,4,2,H,10.0,3.0,0.0,1.0,5.0,5.0,11.0,10.0,11.0,14.0
08/03/2019,Utrecht,Groningen,0,0,D,9.0,7.0,1.0,4.0,3.0,3.0,9.0,10.0,15.0,11.0
09/03/2019,Den Haag,Heerenveen,2,3,A,8.0,4.0,2.0,1.0,7.0,9.0,10.0,10.0,19.0,16.0
09/03/2019,PSV Eindhoven,NAC Breda,2,0,H,8.0,4.0,2.0,0.0,7.0,0.0,10.0,11.0,20.0,5.0
09/03/2019,VVV Venlo,Excelsior,1,0,H,7.0,5.0,3.0,4.0,6.0,3.0,15.0,13.0,16.0,13.0
09/03/2019,Willem II,Graafschap,3,2,H,9.0,6.0,1.0,4.0,9.0,2.0,11.0,24.0,18.0,6.0
10/03/2019,Ajax,For Sittard,4,0,H,7.0,0.0,0.0,0.0,8.0,2.0,15.0,12.0,21.0,9.0
10/03/2019,FC Emmen,Heracles,1,1,D,9.0,5.0,2.0,3.0,5.0,1.0,10.0,16.0,14.0,2.0
10/03/2019,Vitesse,Feyenoord,1,1,D,6.0,6.0,1.0,1.0,7.0,7.0,9.0,8.0,19.0,19.0
10/03/2019,Zwolle,AZ Alkmaar,0,0,D,7.0,6.0,0.0,0.0,4.0,5.0,11.0,12.0,11.0,14.0
13/03/2019,Ajax,Zwolle,2,1,H,7.0,4.0,2.0,3.0,7.0,3.0,9.0,13.0,17.0,7.0
15/03/2019,For Sittard,FC Emmen,3,1,H,9.0,3.0,2.0,0.0,5.0,4.0,9.0,10.0,12.0,12.0
16/03/2019,Feyenoord,Willem II,2,3,A,10.0,5.0,1.0,0.0,7.0,7.0,11.0,8.0,20.0,10.0
16/03/2019,Heerenveen,Graafschap,0,3,A,4.0,3.0,2.0,1.0,4.0,4.0,12.0,13.0,9.0,7.0
16/03/2019,Heracles,Vitesse,3,2,H,4.0,6.0,1.0,3.0,7.0,6.0,7.0,14.0,12.0,24.0
16/03/2019,NAC Breda,Utrecht,0,4,A,1.0,4.0,2.0,1.0,1.0,5.0,23.0,7.0,8.0,17.0
17/03/2019,AZ Alkmaar,Ajax,1,0,H,2.0,7.0,0.0,1.0,8.0,6.0,14.0,13.0,17.0,15.0
17/03/2019,Excelsior,Zwolle,0,2,A,6.0,11.0,0.0,2.0,1.0,8.0,8.0,11.0,6.0,20.0
17/03/2019,Groningen,Den Haag,1,0,H,7.0,3.0,3.0,3.0,5.0,1.0,15.0,17.0,13.0,7.0
17/03/2019,VVV Venlo,PSV Eindhoven,0,1,A,4.0,8.0,0.0,0.0,6.0,6.0,8.0,4.0,17.0,12.0
30/03/2019,AZ Alkmaar,Groningen,1,0,H,6.0,6.0,1.0,4.0,2.0,2.0,8.0,15.0,9.0,8.0
30/03/2019,Den Haag,Vitesse,3,3,D,8.0,4.0,0.0,1.0,4.0,9.0,8.0,17.0,12.0,13.0
30/03/2019,Graafschap,Heracles,1,2,A,6.0,6.0,2.0,2.0,5.0,3.0,19.0,13.0,12.0,9.0
30/03/2019,Heerenveen,Excelsior,1,0,H,9.0,7.0,0.0,2.0,5.0,5.0,8.0,8.0,13.0,17.0
30/03/2019,Willem II,For Sittard,3,2,H,9.0,5.0,1.0,5.0,6.0,4.0,11.0,15.0,15.0,8.0
31/03/2019,Ajax,PSV Eindhoven,3,1,H,4.0,8.0,3.0,2.0,7.0,3.0,9.0,16.0,16.0,11.0
31/03/2019,NAC Breda,VVV Venlo,1,1,D,6.0,6.0,3.0,3.0,5.0,3.0,10.0,18.0,13.0,13.0
31/03/2019,Utrecht,Feyenoord,3,2,H,4.0,5.0,0.0,0.0,5.0,4.0,11.0,11.0,12.0,15.0
31/03/2019,Zwolle,FC Emmen,3,0,H,4.0,3.0,3.0,1.0,6.0,3.0,9.0,16.0,15.0,13.0
02/04/2019,Groningen,Graafschap,1,0,H,5.0,3.0,0.0,3.0,8.0,4.0,11.0,15.0,16.0,13.0
02/04/2019,Heracles,Willem II,3,4,A,5.0,2.0,2.0,2.0,5.0,8.0,16.0,9.0,14.0,14.0
02/04/2019,Vitesse,AZ Alkmaar,2,2,D,9.0,4.0,2.0,4.0,3.0,4.0,14.0,11.0,14.0,8.0
03/04/2019,Excelsior,NAC Breda,1,2,A,5.0,9.0,0.0,0.0,5.0,12.0,11.0,12.0,14.0,22.0
03/04/2019,FC Emmen,Ajax,2,5,A,6.0,4.0,2.0,1.0,3.0,10.0,13.0,9.0,15.0,17.0
03/04/2019,For Sittard,Den Haag,0,0,D,2.0,11.0,1.0,2.0,2.0,1.0,9.0,11.0,15.0,10.0
03/04/2019,VVV Venlo,Utrecht,2,6,A,2.0,5.0,0.0,0.0,5.0,8.0,8.0,8.0,13.0,21.0
04/04/2019,Feyenoord,Heerenveen,3,0,H,4.0,4.0,1.0,3.0,9.0,1.0,5.0,8.0,24.0,7.0
04/04/2019,PSV Eindhoven,Zwolle,4,0,H,12.0,3.0,0.0,0.0,8.0,1.0,8.0,6.0,13.0,4.0
06/04/2019,Den Haag,Utrecht,5,0,H,6.0,2.0,0.0,1.0,6.0,4.0,2.0,8.0,12.0,16.0
06/04/2019,Graafschap,AZ Alkmaar,1,1,D,2.0,4.0,2.0,2.0,3.0,4.0,14.0,9.0,9.0,8.0
06/04/2019,Groningen,Excelsior,1,0,H,6.0,6.0,0.0,0.0,3.0,1.0,15.0,14.0,10.0,8.0
06/04/2019,Heracles,NAC Breda,1,0,H,6.0,2.0,2.0,2.0,5.0,0.0,10.0,9.0,21.0,6.0
06/04/2019,Willem II,Ajax,1,4,A,3.0,1.0,2.0,0.0,4.0,5.0,10.0,15.0,13.0,13.0
07/04/2019,FC Emmen,Heerenveen,2,0,H,5.0,3.0,4.0,0.0,5.0,2.0,17.0,12.0,13.0,5.0
07/04/2019,Vitesse,PSV Eindhoven,3,3,D,7.0,6.0,2.0,3.0,5.0,9.0,9.0,11.0,16.0,16.0
07/04/2019,VVV Venlo,Feyenoord,0,3,A,6.0,3.0,0.0,2.0,3.0,9.0,6.0,10.0,15.0,15.0
07/04/2019,Zwolle,For Sittard,5,0,H,8.0,1.0,1.0,1.0,10.0,0.0,14.0,7.0,19.0,3.0
12/04/2019,NAC Breda,FC Emmen,1,1,D,10.0,2.0,2.0,2.0,5.0,11.0,12.0,15.0,21.0,15.0
13/04/2019,Ajax,Excelsior,6,2,H,7.0,1.0,2.0,3.0,13.0,4.0,9.0,12.0,22.0,9.0
13/04/2019,AZ Alkmaar,Den Haag,2,3,A,6.0,4.0,1.0,1.0,11.0,5.0,6.0,6.0,36.0,11.0
13/04/2019,Feyenoord,Heracles,2,1,H,10.0,3.0,1.0,2.0,12.0,3.0,9.0,16.0,22.0,14.0
13/04/2019,For Sittard,VVV Venlo,1,1,D,5.0,10.0,2.0,1.0,5.0,3.0,14.0,17.0,13.0,15.0
14/04/2019,Heerenveen,Groningen,1,1,D,4.0,2.0,2.0,2.0,5.0,6.0,13.0,6.0,16.0,12.0
14/04/2019,PSV Eindhoven,Graafschap,2,1,H,9.0,3.0,2.0,1.0,10.0,1.0,10.0,25.0,26.0,5.0
14/04/2019,Utrecht,Vitesse,0,0,D,6.0,9.0,3.0,2.0,1.0,5.0,12.0,15.0,9.0,10.0
14/04/2019,Willem II,Zwolle,2,0,H,7.0,0.0,0.0,2.0,7.0,2.0,11.0,16.0,15.0,6.0
19/04/2019,Heracles,Heerenveen,2,1,H,9.0,9.0,0.0,0.0,7.0,10.0,10.0,11.0,11.0,19.0
20/04/2019,FC Emmen,Utrecht,2,0,H,6.0,2.0,3.0,3.0,7.0,5.0,23.0,15.0,10.0,13.0
20/04/2019,Feyenoord,AZ Alkmaar,2,1,H,9.0,6.0,2.0,0.0,11.0,2.0,7.0,14.0,18.0,7.0
20/04/2019,Groningen,Ajax,0,1,A,4.0,6.0,4.0,3.0,2.0,5.0,12.0,7.0,12.0,16.0
20/04/2019,Vitesse,Zwolle,4,1,H,8.0,5.0,0.0,2.0,5.0,3.0,8.0,8.0,10.0,11.0
20/04/2019,VVV Venlo,Graafschap,4,1,H,3.0,7.0,0.0,1.0,9.0,5.0,10.0,10.0,14.0,14.0
21/04/2019,Excelsior,Willem II,1,1,D,3.0,2.0,0.0,1.0,3.0,4.0,10.0,9.0,12.0,11.0
21/04/2019,For Sittard,NAC Breda,2,1,H,6.0,4.0,1.0,0.0,5.0,3.0,5.0,9.0,19.0,18.0
21/04/2019,PSV Eindhoven,Den Haag,3,1,H,8.0,2.0,0.0,0.0,10.0,1.0,11.0,4.0,22.0,5.0
23/04/2019,Ajax,Vitesse,4,2,H,5.0,2.0,2.0,3.0,9.0,4.0,15.0,14.0,20.0,9.0
23/04/2019,AZ Alkmaar,Heracles,2,1,H,2.0,4.0,0.0,0.0,7.0,4.0,13.0,11.0,16.0,7.0
23/04/2019,Graafschap,FC Emmen,1,0,H,3.0,3.0,2.0,1.0,2.0,4.0,7.0,10.0,7.0,14.0
23/04/2019,Heerenveen,VVV Venlo,2,2,D,1.0,4.0,0.0,1.0,6.0,4.0,12.0,13.0,12.0,7.0
24/04/2019,NAC Breda,Feyenoord,0,4,A,1.0,8.0,0.0,0.0,1.0,5.0,6.0,6.0,5.0,27.0
24/04/2019,Utrecht,For Sittard,2,1,H,11.0,4.0,0.0,2.0,6.0,3.0,11.0,10.0,23.0,16.0
25/04/2019,Den Haag,Excelsior,3,1,H,4.0,9.0,0.0,0.0,7.0,4.0,6.0,3.0,12.0,18.0
25/04/2019,Willem II,PSV Eindhoven,0,3,A,0.0,7.0,1.0,1.0,0.0,6.0,13.0,10.0,3.0,13.0
29/04/2019,Zwolle,Groningen,3,2,H,6.0,4.0,3.0,0.0,5.0,4.0,13.0,9.0,16.0,16.0
12/05/2019,Ajax,Utrecht,4,1,H,5.0,4.0,1.0,4.0,12.0,4.0,8.0,9.0,25.0,11.0
12/05/2019,AZ Alkmaar,PSV Eindhoven,1,0,H,3.0,6.0,1.0,1.0,2.0,5.0,11.0,11.0,13.0,15.0
12/05/2019,Feyenoord,Den Haag,0,2,A,10.0,7.0,0.0,0.0,7.0,5.0,5.0,14.0,29.0,12.0
12/05/2019,Groningen,For Sittard,3,0,H,3.0,2.0,0.0,0.0,7.0,3.0,8.0,6.0,16.0,14.0
12/05/2019,Heerenveen,NAC Breda,2,1,H,6.0,5.0,0.0,0.0,3.0,6.0,16.0,5.0,19.0,17.0
12/05/2019,Heracles,Excelsior,4,5,A,4.0,6.0,1.0,0.0,10.0,8.0,7.0,11.0,18.0,12.0
12/05/2019,Vitesse,Graafschap,6,1,H,9.0,10.0,1.0,1.0,9.0,3.0,10.0,7.0,20.0,11.0
12/05/2019,Willem II,FC Emmen,2,3,A,2.0,2.0,0.0,3.0,4.0,6.0,7.0,19.0,8.0,14.0
12/05/2019,Zwolle,VVV Venlo,2,4,A,5.0,3.0,0.0,1.0,6.0,8.0,13.0,8.0,11.0,13.0
15/05/2019,Den Haag,Willem II,6,2,H,6.0,5.0,1.0,3.0,8.0,7.0,13.0,16.0,24.0,13.0
15/05/2019,Excelsior,AZ Alkmaar,4,2,H,2.0,9.0,1.0,1.0,9.0,4.0,8.0,7.0,13.0,19.0
15/05/2019,FC Emmen,Groningen,1,0,H,6.0,3.0,1.0,0.0,7.0,4.0,7.0,8.0,15.0,9.0
15/05/2019,For Sittard,Feyenoord,1,4,A,8.0,4.0,0.0,1.0,8.0,9.0,4.0,13.0,16.0,17.0
15/05/2019,Graafschap,Ajax,1,4,A,2.0,6.0,1.0,0.0,3.0,9.0,8.0,6.0,11.0,16.0
15/05/2019,NAC Breda,Zwolle,0,0,D,3.0,6.0,1.0,1.0,2.0,5.0,6.0,8.0,10.0,17.0
15/05/2019,PSV Eindhoven,Heracles,3,1,H,8.0,2.0,1.0,1.0,8.0,4.0,7.0,8.0,22.0,6.0
15/05/2019,Utrecht,Heerenveen,3,1,H,5.0,1.0,0.0,0.0,9.0,5.0,14.0,12.0,16.0,11.0
15/05/2019,VVV Venlo,Vitesse,1,3,A,1.0,7.0,0.0,0.0,2.0,6.0,13.0,11.0,9.0,21.0
02/08/2019,Zwolle,Willem II,1,3,A,2.0,9.0,1.0,1.0,2.0,8.0,10.0,6.0,9.0,17.0
03/08/2019,FC Emmen,Groningen,0,1,A,6.0,7.0,2.0,2.0,2.0,4.0,10.0,5.0,7.0,10.0
03/08/2019,Vitesse,Ajax,2,2,D,0.0,9.0,3.0,3.0,3.0,9.0,15.0,13.0,13.0,26.0
03/08/2019,Twente,PSV Eindhoven,1,1,D,0.0,7.0,1.0,1.0,2.0,5.0,10.0,15.0,3.0,16.0
03/08/2019,VVV Venlo,Waalwijk,3,1,H,2.0,3.0,2.0,3.0,6.0,3.0,12.0,12.0,11.0,15.0
04/08/2019,Heracles,Heerenveen,0,4,A,4.0,2.0,1.0,2.0,4.0,6.0,11.0,12.0,14.0,13.0
04/08/2019,Feyenoord,Sparta Rotterdam,2,2,D,5.0,3.0,2.0,2.0,6.0,5.0,9.0,17.0,15.0,13.0
04/08/2019,Den Haag,Utrecht,2,4,A,5.0,5.0,2.0,1.0,5.0,6.0,8.0,14.0,12.0,18.0
04/08/2019,AZ Alkmaar,For Sittard,4,0,H,14.0,1.0,1.0,1.0,10.0,1.0,8.0,2.0,21.0,5.0
09/08/2019,Sparta Rotterdam,VVV Venlo,4,1,H,2.0,4.0,2.0,2.0,8.0,2.0,13.0,10.0,17.0,6.0
10/08/2019,Groningen,Twente,1,3,A,3.0,0.0,3.0,2.0,4.0,4.0,15.0,10.0,9.0,7.0
10/08/2019,Ajax,FC Emmen,5,0,H,7.0,3.0,0.0,1.0,12.0,0.0,15.0,8.0,32.0,5.0
10/08/2019,Willem II,Vitesse,0,2,A,4.0,7.0,2.0,2.0,1.0,10.0,10.0,12.0,7.0,17.0
11/08/2019,For Sittard,Heracles,1,1,D,4.0,12.0,2.0,4.0,3.0,5.0,13.0,18.0,16.0,17.0
11/08/2019,Heerenveen,Feyenoord,1,1,D,1.0,1.0,0.0,0.0,6.0,3.0,15.0,14.0,12.0,6.0
11/08/2019,Waalwijk,AZ Alkmaar,0,2,A,9.0,6.0,2.0,1.0,3.0,6.0,10.0,8.0,12.0,13.0
11/08/2019,Utrecht,Zwolle,3,1,H,11.0,3.0,2.0,1.0,9.0,4.0,13.0,11.0,18.0,8.0
11/08/2019,PSV Eindhoven,Den Haag,3,1,H,12.0,1.0,1.0,0.0,14.0,2.0,4.0,9.0,25.0,4.0
16/08/2019,Vitesse,Zwolle,3,0,H,2.0,3.0,1.0,3.0,6.0,2.0,9.0,16.0,12.0,8.0
17/08/2019,Den Haag,Sparta Rotterdam,1,2,A,13.0,2.0,1.0,2.0,3.0,3.0,12.0,20.0,16.0,10.0
17/08/2019,VVV Venlo,Ajax,1,4,A,3.0,13.0,2.0,2.0,4.0,9.0,4.0,7.0,7.0,20.0
17/08/2019,FC Emmen,Heerenveen,2,0,H,4.0,8.0,1.0,0.0,7.0,4.0,14.0,12.0,12.0,19.0
18/08/2019,For Sittard,Willem II,2,3,A,4.0,5.0,2.0,2.0,7.0,5.0,12.0,11.0,16.0,9.0
18/08/2019,Twente,Waalwijk,3,3,D,9.0,2.0,1.0,3.0,7.0,9.0,8.0,14.0,15.0,14.0
18/08/2019,AZ Alkmaar,Groningen,0,0,D,6.0,5.0,0.0,1.0,0.0,2.0,7.0,12.0,6.0,12.0
18/08/2019,Feyenoord,Utrecht,1,1,D,7.0,6.0,0.0,3.0,6.0,7.0,8.0,21.0,14.0,16.0
18/08/2019,Heracles,PSV Eindhoven,0,2,A,6.0,2.0,2.0,7.0,3.0,5.0,8.0,16.0,21.0,10.0
24/08/2019,Willem II,FC Emmen,2,1,H,3.0,4.0,2.0,3.0,6.0,2.0,14.0,15.0,17.0,11.0
24/08/2019,Heracles,Vitesse,1,1,D,5.0,5.0,2.0,2.0,4.0,6.0,8.0,7.0,16.0,16.0
24/08/2019,Heerenveen,Twente,0,0,D,5.0,8.0,2.0,2.0,3.0,1.0,11.0,11.0,17.0,11.0
25/08/2019,Waalwijk,Den Haag,0,3,A,10.0,3.0,1.0,2.0,3.0,5.0,11.0,5.0,13.0,7.0
25/08/2019,Utrecht,VVV Venlo,1,2,A,13.0,2.0,0.0,3.0,5.0,3.0,11.0,10.0,20.0,10.0
25/08/2019,Zwolle,Sparta Rotterdam,2,2,D,4.0,2.0,2.0,2.0,8.0,7.0,8.0,9.0,17.0,22.0
30/08/2019,FC Emmen,Zwolle,1,3,A,15.0,2.0,5.0,1.0,8.0,9.0,12.0,8.0,30.0,18.0
31/08/2019,Heerenveen,For Sittard,1,1,D,14.0,1.0,1.0,1.0,11.0,3.0,12.0,8.0,27.0,8.0
31/08/2019,Groningen,Heracles,1,2,A,5.0,5.0,2.0,1.0,2.0,4.0,11.0,8.0,12.0,10.0
31/08/2019,Den Haag,VVV Venlo,1,0,H,1.0,6.0,3.0,4.0,4.0,2.0,14.0,13.0,12.0,9.0
01/09/2019,Twente,Utrecht,3,1,H,1.0,7.0,1.0,1.0,4.0,3.0,12.0,9.0,10.0,13.0
01/09/2019,Sparta Rotterdam,Ajax,1,4,A,4.0,8.0,2.0,0.0,3.0,6.0,16.0,4.0,12.0,15.0
01/09/2019,Vitesse,AZ Alkmaar,2,1,H,5.0,11.0,4.0,3.0,4.0,3.0,25.0,13.0,10.0,13.0
01/09/2019,Willem II,Feyenoord,0,1,A,6.0,5.0,1.0,2.0,2.0,3.0,6.0,15.0,10.0,8.0
01/09/2019,Waalwijk,PSV Eindhoven,1,3,A,5.0,6.0,2.0,2.0,2.0,7.0,12.0,8.0,8.0,16.0
14/09/2019,Ajax,Heerenveen,4,1,H,11.0,2.0,1.0,1.0,12.0,4.0,7.0,8.0,29.0,10.0
14/09/2019,AZ Alkmaar,Sparta Rotterdam,5,1,H,9.0,3.0,0.0,1.0,7.0,4.0,11.0,5.0,14.0,11.0
14/09/2019,VVV Venlo,Groningen,2,1,H,5.0,13.0,1.0,0.0,4.0,6.0,15.0,12.0,5.0,17.0
14/09/2019,PSV Eindhoven,Vitesse,5,0,H,8.0,3.0,0.0,1.0,12.0,2.0,6.0,11.0,19.0,14.0
14/09/2019,Utrecht,FC Emmen,3,1,H,10.0,4.0,3.0,4.0,7.0,3.0,13.0,16.0,23.0,8.0
15/09/2019,Zwolle,Waalwijk,6,2,H,4.0,5.0,1.0,2.0,6.0,5.0,7.0,12.0,14.0,11.0
15/09/2019,Feyenoord,Den Haag,3,2,H,1.0,4.0,1.0,3.0,9.0,3.0,12.0,10.0,15.0,7.0
15/09/2019,Heracles,Willem II,4,1,H,2.0,4.0,0.0,3.0,6.0,4.0,16.0,14.0,12.0,7.0
15/09/2019,For Sittard,Twente,2,3,A,12.0,2.0,1.0,1.0,10.0,5.0,9.0,14.0,25.0,9.0
20/09/2019,Twente,Heracles,2,3,A,5.0,4.0,2.0,1.0,2.0,5.0,13.0,13.0,9.0,7.0
21/09/2019,Sparta Rotterdam,Waalwijk,4,0,H,4.0,8.0,1.0,2.0,8.0,4.0,14.0,9.0,19.0,15.0
21/09/2019,Groningen,Zwolle,2,0,H,7.0,3.0,1.0,0.0,7.0,1.0,15.0,6.0,18.0,5.0
21/09/2019,Willem II,VVV Venlo,1,0,H,8.0,2.0,1.0,1.0,6.0,1.0,17.0,14.0,20.0,8.0
21/09/2019,Vitesse,For Sittard,4,2,H,9.0,6.0,4.0,1.0,9.0,4.0,14.0,10.0,20.0,12.0
22/09/2019,Heerenveen,Utrecht,1,1,D,4.0,2.0,3.0,2.0,4.0,4.0,7.0,7.0,22.0,9.0
22/09/2019,FC Emmen,Feyenoord,3,3,D,4.0,7.0,2.0,1.0,5.0,7.0,20.0,11.0,10.0,20.0
22/09/2019,Den Haag,AZ Alkmaar,0,1,A,1.0,2.0,0.0,0.0,1.0,3.0,14.0,13.0,8.0,11.0
22/09/2019,PSV Eindhoven,Ajax,1,1,D,4.0,10.0,1.0,2.0,3.0,6.0,8.0,7.0,16.0,20.0
25/09/2019,PSV Eindhoven,Groningen,3,1,H,4.0,3.0,0.0,2.0,4.0,1.0,10.0,9.0,10.0,6.0
25/09/2019,Ajax,For Sittard,5,0,H,5.0,2.0,1.0,1.0,13.0,0.0,8.0,6.0,25.0,4.0
26/09/2019,Feyenoord,AZ Alkmaar,0,3,A,3.0,2.0,2.0,1.0,5.0,6.0,15.0,11.0,12.0,11.0
27/09/2019,FC Emmen,Den Haag,3,0,H,5.0,4.0,4.0,4.0,5.0,5.0,18.0,10.0,16.0,19.0
28/09/2019,VVV Venlo,Heerenveen,0,3,A,10.0,4.0,2.0,1.0,2.0,4.0,13.0,16.0,9.0,10.0
28/09/2019,Ajax,Groningen,2,0,H,8.0,2.0,1.0,4.0,9.0,2.0,7.0,11.0,32.0,6.0
28/09/2019,For Sittard,Sparta Rotterdam,0,0,D,10.0,3.0,3.0,5.0,2.0,2.0,11.0,21.0,13.0,14.0
29/09/2019,Waalwijk,Vitesse,1,2,A,2.0,5.0,2.0,0.0,5.0,3.0,13.0,6.0,10.0,11.0
29/09/2019,Utrecht,Willem II,2,0,H,3.0,3.0,1.0,4.0,6.0,3.0,11.0,11.0,11.0,9.0
29/09/2019,Zwolle,PSV Eindhoven,0,4,A,5.0,6.0,1.0,3.0,4.0,15.0,10.0,11.0,14.0,25.0
29/09/2019,AZ Alkmaar,Heracles,2,0,H,8.0,4.0,2.0,3.0,9.0,3.0,16.0,11.0,16.0,9.0
29/09/2019,Feyenoord,Twente,5,1,H,7.0,2.0,1.0,2.0,11.0,1.0,12.0,6.0,18.0,6.0
04/10/2019,Groningen,Waalwijk,3,0,H,4.0,4.0,3.0,3.0,5.0,3.0,16.0,18.0,11.0,8.0
05/10/2019,Heracles,FC Emmen,2,0,H,5.0,0.0,0.0,3.0,4.0,0.0,10.0,13.0,15.0,8.0
05/10/2019,Sparta Rotterdam,Twente,2,1,H,5.0,3.0,1.0,3.0,9.0,5.0,9.0,10.0,14.0,15.0
05/10/2019,Vitesse,Utrecht,2,1,H,3.0,4.0,1.0,1.0,4.0,6.0,11.0,6.0,13.0,16.0
05/10/2019,Heerenveen,Zwolle,1,0,H,10.0,10.0,0.0,1.0,5.0,2.0,9.0,11.0,18.0,9.0
06/10/2019,Den Haag,Ajax,0,2,A,5.0,6.0,3.0,2.0,1.0,7.0,9.0,15.0,9.0,17.0
06/10/2019,For Sittard,Feyenoord,4,2,H,2.0,12.0,3.0,2.0,8.0,6.0,9.0,10.0,11.0,20.0
06/10/2019,PSV Eindhoven,VVV Venlo,4,1,H,5.0,5.0,0.0,1.0,6.0,3.0,8.0,10.0,20.0,10.0
06/10/2019,Willem II,AZ Alkmaar,1,1,D,5.0,8.0,0.0,6.0,4.0,7.0,10.0,10.0,16.0,18.0
19/10/2019,AZ Alkmaar,Heerenveen,2,4,A,9.0,4.0,2.0,1.0,8.0,8.0,7.0,9.0,17.0,12.0
19/10/2019,Waalwijk,Ajax,1,2,A,4.0,6.0,1.0,0.0,5.0,7.0,8.0,10.0,14.0,19.0
19/10/2019,Twente,Willem II,0,1,A,9.0,4.0,2.0,5.0,3.0,4.0,13.0,11.0,11.0,11.0
19/10/2019,Utrecht,PSV Eindhoven,3,0,H,6.0,2.0,0.0,1.0,4.0,1.0,10.0,11.0,17.0,6.0
19/10/2019,VVV Venlo,Vitesse,0,4,A,6.0,3.0,2.0,0.0,4.0,7.0,9.0,12.0,15.0,15.0
20/10/2019,Zwolle,Den Haag,3,1,H,1.0,8.0,4.0,2.0,4.0,1.0,16.0,15.0,13.0,14.0
20/10/2019,FC Emmen,For Sittard,2,1,H,2.0,7.0,2.0,4.0,3.0,8.0,12.0,12.0,14.0,17.0
20/10/2019,Groningen,Sparta Rotterdam,2,0,H,4.0,5.0,0.0,3.0,4.0,4.0,9.0,11.0,15.0,10.0
20/10/2019,Feyenoord,Heracles,1,1,D,7.0,6.0,3.0,3.0,6.0,2.0,11.0,10.0,17.0,7.0
25/10/2019,Twente,FC Emmen,4,1,H,3.0,2.0,0.0,3.0,8.0,3.0,17.0,13.0,17.0,10.0
26/10/2019,Willem II,Waalwijk,2,1,H,4.0,3.0,0.0,1.0,5.0,1.0,5.0,13.0,19.0,10.0
26/10/2019,For Sittard,VVV Venlo,4,1,H,1.0,13.0,0.0,3.0,5.0,6.0,10.0,12.0,10.0,17.0
26/10/2019,Vitesse,Den Haag,0,2,A,2.0,4.0,3.0,1.0,6.0,4.0,12.0,7.0,27.0,7.0
26/10/2019,Heracles,Zwolle,4,0,H,7.0,7.0,0.0,1.0,12.0,6.0,17.0,12.0,22.0,17.0
27/10/2019,Heerenveen,Groningen,1,1,D,6.0,1.0,0.0,0.0,4.0,3.0,12.0,12.0,14.0,8.0
27/10/2019,PSV Eindhoven,AZ Alkmaar,0,4,A,1.0,3.0,0.0,1.0,0.0,6.0,9.0,11.0,6.0,16.0
27/10/2019,Sparta Rotterdam,Utrecht,1,2,A,7.0,4.0,2.0,1.0,1.0,3.0,11.0,8.0,15.0,10.0
27/10/2019,Ajax,Feyenoord,4,0,H,6.0,4.0,0.0,0.0,12.0,0.0,9.0,15.0,19.0,4.0
01/11/2019,Zwolle,Ajax,2,4,A,2.0,4.0,3.0,1.0,5.0,7.0,10.0,13.0,11.0,20.0
02/11/2019,Waalwijk,Heracles,2,0,H,7.0,2.0,5.0,3.0,8.0,5.0,18.0,14.0,21.0,12.0
02/11/2019,Sparta Rotterdam,PSV Eindhoven,2,2,D,6.0,6.0,0.0,0.0,7.0,7.0,7.0,6.0,10.0,24.0
02/11/2019,AZ Alkmaar,Twente,3,0,H,13.0,0.0,0.0,1.0,11.0,2.0,8.0,6.0,33.0,3.0
03/11/2019,FC Emmen,Vitesse,2,1,H,8.0,6.0,1.0,2.0,7.0,3.0,8.0,11.0,21.0,13.0
03/11/2019,Groningen,Willem II,2,0,H,5.0,2.0,2.0,2.0,10.0,0.0,7.0,14.0,16.0,5.0
03/11/2019,Utrecht,For Sittard,6,0,H,8.0,1.0,0.0,2.0,8.0,1.0,8.0,15.0,15.0,2.0
03/11/2019,VVV Venlo,Feyenoord,0,3,A,2.0,5.0,3.0,1.0,0.0,6.0,14.0,9.0,10.0,12.0
03/11/2019,Den Haag,Heerenveen,1,1,D,4.0,8.0,3.0,0.0,2.0,4.0,13.0,7.0,7.0,17.0
08/11/2019,Vitesse,Groningen,1,2,A,9.0,2.0,1.0,2.0,8.0,6.0,11.0,12.0,31.0,13.0
09/11/2019,Heerenveen,Sparta Rotterdam,2,1,H,6.0,6.0,0.0,1.0,4.0,3.0,6.0,14.0,17.0,13.0
09/11/2019,For Sittard,Den Haag,1,0,H,8.0,3.0,1.0,6.0,8.0,6.0,14.0,14.0,15.0,13.0
09/11/2019,Heracles,VVV Venlo,6,1,H,9.0,1.0,2.0,2.0,12.0,3.0,10.0,10.0,24.0,9.0
10/11/2019,Ajax,Utrecht,4,0,H,9.0,2.0,0.0,0.0,15.0,0.0,8.0,9.0,22.0,4.0
10/11/2019,Twente,Zwolle,2,1,H,7.0,6.0,0.0,3.0,6.0,4.0,17.0,5.0,10.0,12.0
10/11/2019,Willem II,PSV Eindhoven,2,1,H,3.0,4.0,1.0,5.0,5.0,6.0,15.0,13.0,13.0,14.0
10/11/2019,Feyenoord,Waalwijk,3,2,H,5.0,4.0,3.0,3.0,9.0,4.0,12.0,14.0,24.0,10.0
10/11/2019,AZ Alkmaar,FC Emmen,3,0,H,8.0,0.0,0.0,2.0,11.0,2.0,10.0,9.0,20.0,8.0
23/11/2019,Utrecht,AZ Alkmaar,0,3,A,4.0,1.0,1.0,2.0,1.0,7.0,8.0,17.0,17.0,9.0
23/11/2019,Ajax,Heracles,4,1,H,7.0,2.0,0.0,0.0,10.0,7.0,13.0,9.0,25.0,10.0
23/11/2019,Zwolle,For Sittard,3,1,H,12.0,5.0,2.0,1.0,7.0,6.0,15.0,7.0,16.0,15.0
23/11/2019,Den Haag,Willem II,3,3,D,3.0,6.0,1.0,2.0,9.0,10.0,10.0,14.0,20.0,20.0
24/11/2019,Groningen,Feyenoord,1,1,D,8.0,5.0,2.0,1.0,1.0,6.0,11.0,15.0,16.0,12.0
24/11/2019,PSV Eindhoven,Heerenveen,2,1,H,7.0,4.0,1.0,2.0,9.0,5.0,6.0,12.0,18.0,14.0
24/11/2019,Waalwijk,FC Emmen,1,1,D,10.0,0.0,2.0,0.0,4.0,3.0,7.0,11.0,19.0,9.0
24/11/2019,Sparta Rotterdam,Vitesse,2,0,H,2.0,5.0,2.0,0.0,5.0,6.0,13.0,7.0,15.0,13.0
24/11/2019,VVV Venlo,Twente,2,1,H,2.0,5.0,2.0,1.0,7.0,5.0,10.0,16.0,12.0,15.0
29/11/2019,Heerenveen,Vitesse,3,2,H,8.0,5.0,2.0,2.0,8.0,9.0,13.0,11.0,17.0,19.0
30/11/2019,Willem II,Sparta Rotterdam,4,0,H,6.0,4.0,0.0,2.0,7.0,3.0,4.0,16.0,12.0,10.0
30/11/2019,For Sittard,Groningen,1,0,H,0.0,6.0,1.0,1.0,4.0,2.0,10.0,10.0,10.0,11.0
30/11/2019,Heracles,Den Haag,4,0,H,3.0,1.0,2.0,0.0,4.0,2.0,11.0,8.0,12.0,7.0
01/12/2019,Twente,Ajax,2,5,A,1.0,4.0,3.0,3.0,3.0,10.0,12.0,14.0,9.0,18.0
01/12/2019,Utrecht,Waalwijk,0,1,A,4.0,9.0,3.0,1.0,4.0,3.0,8.0,15.0,13.0,11.0
01/12/2019,AZ Alkmaar,VVV Venlo,1,0,H,10.0,0.0,2.0,0.0,8.0,1.0,11.0,7.0,25.0,4.0
01/12/2019,Feyenoord,Zwolle,1,0,H,7.0,5.0,0.0,0.0,7.0,8.0,6.0,8.0,20.0,20.0
01/12/2019,FC Emmen,PSV Eindhoven,1,1,D,1.0,7.0,3.0,4.0,2.0,4.0,18.0,11.0,12.0,13.0
06/12/2019,Ajax,Willem II,0,2,A,12.0,3.0,1.0,1.0,6.0,4.0,9.0,6.0,29.0,9.0
07/12/2019,Den Haag,Twente,0,0,D,8.0,7.0,2.0,2.0,3.0,2.0,19.0,13.0,9.0,8.0
07/12/2019,PSV Eindhoven,For Sittard,5,0,H,13.0,0.0,0.0,4.0,10.0,0.0,11.0,14.0,28.0,4.0
07/12/2019,VVV Venlo,FC Emmen,2,0,H,5.0,3.0,3.0,1.0,6.0,3.0,17.0,13.0,19.0,12.0
07/12/2019,Zwolle,AZ Alkmaar,0,3,A,6.0,4.0,0.0,0.0,7.0,8.0,13.0,12.0,15.0,14.0
08/12/2019,Vitesse,Feyenoord,0,0,D,4.0,3.0,3.0,3.0,3.0,4.0,7.0,11.0,15.0,21.0
08/12/2019,Groningen,Utrecht,0,1,A,5.0,1.0,2.0,1.0,3.0,4.0,6.0,13.0,19.0,10.0
08/12/2019,Waalwijk,Heerenveen,1,3,A,4.0,7.0,1.0,0.0,4.0,10.0,6.0,7.0,14.0,21.0
08/12/2019,Sparta Rotterdam,Heracles,0,0,D,8.0,13.0,3.0,3.0,3.0,2.0,14.0,11.0,10.0,12.0
13/12/2019,Heerenveen,Willem II,1,2,A,4.0,0.0,1.0,4.0,9.0,2.0,9.0,6.0,21.0,4.0
14/12/2019,Den Haag,Groningen,1,1,D,2.0,7.0,3.0,2.0,2.0,4.0,17.0,13.0,10.0,11.0
14/12/2019,For Sittard,Waalwijk,3,2,H,5.0,4.0,4.0,3.0,13.0,3.0,11.0,18.0,21.0,11.0
14/12/2019,VVV Venlo,Zwolle,1,2,A,8.0,7.0,0.0,2.0,7.0,8.0,8.0,15.0,12.0,22.0
14/12/2019,Twente,Vitesse,0,3,A,8.0,5.0,1.0,2.0,2.0,8.0,11.0,7.0,11.0,14.0
15/12/2019,FC Emmen,Sparta Rotterdam,2,0,H,6.0,7.0,1.0,2.0,8.0,2.0,3.0,23.0,20.0,11.0
15/12/2019,Feyenoord,PSV Eindhoven,3,1,H,4.0,8.0,3.0,4.0,6.0,8.0,11.0,11.0,10.0,20.0
15/12/2019,AZ Alkmaar,Ajax,1,0,H,8.0,6.0,3.0,2.0,2.0,3.0,13.0,17.0,15.0,11.0
15/12/2019,Heracles,Utrecht,1,3,A,7.0,4.0,2.0,1.0,4.0,7.0,14.0,15.0,13.0,16.0
20/12/2019,Waalwijk,Twente,3,0,H,3.0,3.0,1.0,0.0,7.0,4.0,19.0,15.0,16.0,11.0
21/12/2019,Heerenveen,Heracles,1,1,D,4.0,6.0,1.0,1.0,6.0,2.0,8.0,10.0,14.0,8.0
21/12/2019,PSV Eindhoven,Zwolle,4,1,H,7.0,3.0,1.0,4.0,10.0,6.0,7.0,8.0,22.0,12.0
21/12/2019,Sparta Rotterdam,AZ Alkmaar,3,0,H,4.0,7.0,4.0,2.0,5.0,2.0,12.0,7.0,11.0,10.0
21/12/2019,Willem II,For Sittard,0,0,D,4.0,3.0,0.0,1.0,3.0,1.0,7.0,10.0,6.0,10.0
22/12/2019,Ajax,Den Haag,6,1,H,6.0,5.0,3.0,5.0,13.0,5.0,9.0,11.0,28.0,6.0
22/12/2019,Groningen,FC Emmen,2,0,H,11.0,3.0,1.0,4.0,4.0,6.0,10.0,13.0,19.0,13.0
22/12/2019,Utrecht,Feyenoord,1,2,A,8.0,3.0,3.0,1.0,3.0,7.0,12.0,9.0,15.0,13.0
22/12/2019,Vitesse,VVV Venlo,3,0,H,6.0,2.0,2.0,2.0,6.0,2.0,11.0,11.0,16.0,4.0
17/01/2020,Zwolle,Utrecht,3,3,D,5.0,5.0,2.0,4.0,7.0,6.0,14.0,17.0,13.0,16.0
18/01/2020,For Sittard,Vitesse,1,3,A,3.0,5.0,2.0,2.0,2.0,9.0,9.0,12.0,10.0,19.0
18/01/2020,Feyenoord,Heerenveen,3,1,H,6.0,3.0,2.0,2.0,9.0,5.0,8.0,7.0,15.0,14.0
18/01/2020,Twente,Groningen,0,0,D,5.0,1.0,3.0,2.0,3.0,4.0,16.0,15.0,9.0,10.0
18/01/2020,AZ Alkmaar,Willem II,1,3,A,5.0,3.0,2.0,1.0,3.0,7.0,11.0,6.0,16.0,14.0
19/01/2020,VVV Venlo,PSV Eindhoven,1,1,D,4.0,8.0,0.0,0.0,3.0,5.0,7.0,10.0,12.0,14.0
19/01/2020,Ajax,Sparta Rotterdam,2,1,H,9.0,4.0,1.0,1.0,8.0,7.0,9.0,16.0,23.0,19.0
19/01/2020,FC Emmen,Heracles,1,0,H,5.0,3.0,3.0,1.0,6.0,1.0,13.0,14.0,13.0,8.0
19/01/2020,Den Haag,Waalwijk,2,0,H,2.0,5.0,1.0,0.0,3.0,2.0,9.0,11.0,6.0,6.0
24/01/2020,Utrecht,Den Haag,4,0,H,11.0,6.0,0.0,3.0,4.0,2.0,3.0,3.0,14.0,4.0
25/01/2020,Heerenveen,AZ Alkmaar,1,2,A,2.0,8.0,1.0,1.0,2.0,7.0,9.0,9.0,10.0,17.0
25/01/2020,Heracles,Feyenoord,2,3,A,7.0,9.0,1.0,0.0,7.0,6.0,15.0,10.0,13.0,14.0
25/01/2020,Waalwijk,VVV Venlo,1,2,A,3.0,5.0,3.0,2.0,4.0,6.0,11.0,10.0,12.0,13.0
25/01/2020,Sparta Rotterdam,For Sittard,1,1,D,11.0,1.0,1.0,3.0,5.0,3.0,18.0,10.0,21.0,12.0
26/01/2020,Vitesse,FC Emmen,1,1,D,9.0,3.0,2.0,2.0,5.0,3.0,16.0,8.0,19.0,11.0
26/01/2020,Groningen,Ajax,2,1,H,4.0,5.0,2.0,3.0,5.0,3.0,13.0,11.0,9.0,14.0
26/01/2020,Willem II,Zwolle,0,0,D,6.0,4.0,3.0,2.0,2.0,5.0,17.0,16.0,13.0,16.0
26/01/2020,PSV Eindhoven,Twente,1,1,D,5.0,6.0,4.0,2.0,7.0,3.0,11.0,13.0,17.0,11.0
31/01/2020,AZ Alkmaar,Waalwijk,4,0,H,3.0,1.0,0.0,1.0,7.0,2.0,6.0,8.0,20.0,11.0
01/02/2020,Den Haag,Vitesse,0,0,D,5.0,5.0,2.0,4.0,6.0,1.0,18.0,17.0,12.0,15.0
01/02/2020,Feyenoord,FC Emmen,3,0,H,6.0,5.0,2.0,1.0,7.0,4.0,9.0,10.0,13.0,10.0
01/02/2020,Twente,Sparta Rotterdam,2,0,H,5.0,7.0,3.0,4.0,3.0,3.0,11.0,8.0,8.0,11.0
01/02/2020,Zwolle,Groningen,1,0,H,2.0,12.0,2.0,3.0,3.0,3.0,7.0,5.0,6.0,15.0
02/02/2020,Willem II,Heracles,1,0,H,3.0,6.0,0.0,2.0,6.0,1.0,14.0,17.0,12.0,12.0
02/02/2020,For Sittard,Heerenveen,2,1,H,2.0,5.0,3.0,2.0,3.0,3.0,8.0,12.0,11.0,7.0
02/02/2020,VVV Venlo,Utrecht,1,1,D,5.0,8.0,1.0,0.0,4.0,3.0,9.0,10.0,9.0,13.0
02/02/2020,Ajax,PSV Eindhoven,1,0,H,7.0,3.0,1.0,1.0,7.0,1.0,12.0,8.0,28.0,7.0
07/02/2020,Heracles,For Sittard,2,0,H,6.0,2.0,2.0,1.0,7.0,5.0,13.0,8.0,13.0,13.0
08/02/2020,Groningen,Vitesse,1,0,H,7.0,7.0,0.0,1.0,3.0,2.0,9.0,12.0,15.0,16.0
08/02/2020,Heerenveen,VVV Venlo,1,1,D,10.0,0.0,1.0,2.0,9.0,2.0,12.0,17.0,30.0,5.0
08/02/2020,PSV Eindhoven,Willem II,3,0,H,6.0,4.0,1.0,1.0,5.0,1.0,9.0,8.0,20.0,11.0
08/02/2020,Waalwijk,Zwolle,0,0,D,2.0,4.0,3.0,3.0,1.0,1.0,11.0,11.0,12.0,8.0
11/02/2020,FC Emmen,Twente,2,0,H,5.0,1.0,1.0,5.0,5.0,2.0,11.0,22.0,15.0,5.0
11/02/2020,Sparta Rotterdam,Den Haag,4,2,H,8.0,2.0,2.0,0.0,8.0,4.0,18.0,7.0,21.0,7.0
14/02/2020,VVV Venlo,Heracles,1,0,H,1.0,5.0,1.0,3.0,1.0,6.0,10.0,16.0,11.0,11.0
15/02/2020,Twente,AZ Alkmaar,2,0,H,7.0,2.0,1.0,1.0,6.0,2.0,17.0,18.0,10.0,5.0
15/02/2020,Den Haag,PSV Eindhoven,0,3,A,3.0,12.0,1.0,0.0,4.0,14.0,11.0,5.0,7.0,27.0
15/02/2020,For Sittard,FC Emmen,0,0,D,1.0,3.0,4.0,2.0,2.0,0.0,13.0,20.0,10.0,7.0
16/02/2020,Vitesse,Heerenveen,4,2,H,8.0,3.0,0.0,0.0,8.0,7.0,11.0,5.0,19.0,12.0
16/02/2020,Ajax,Waalwijk,3,0,H,6.0,3.0,1.0,2.0,6.0,3.0,11.0,9.0,18.0,11.0
16/02/2020,Sparta Rotterdam,Groningen,1,2,A,5.0,6.0,2.0,1.0,2.0,3.0,12.0,10.0,9.0,7.0
16/02/2020,Willem II,Utrecht,1,1,D,13.0,5.0,1.0,1.0,5.0,9.0,9.0,10.0,11.0,18.0
16/02/2020,Zwolle,Feyenoord,3,4,A,2.0,5.0,3.0,2.0,3.0,10.0,15.0,7.0,9.0,20.0
21/02/2020,Waalwijk,Sparta Rotterdam,0,1,A,2.0,4.0,2.0,1.0,2.0,4.0,15.0,13.0,8.0,18.0
22/02/2020,FC Emmen,Willem II,4,2,H,3.0,6.0,1.0,1.0,7.0,4.0,13.0,13.0,14.0,12.0
22/02/2020,Feyenoord,For Sittard,2,1,H,9.0,2.0,0.0,0.0,6.0,4.0,9.0,10.0,22.0,8.0
22/02/2020,Heerenveen,Den Haag,2,2,D,15.0,4.0,2.0,3.0,9.0,1.0,11.0,11.0,38.0,4.0
22/02/2020,Groningen,VVV Venlo,0,1,A,5.0,4.0,2.0,0.0,3.0,1.0,11.0,11.0,12.0,9.0
23/02/2020,Utrecht,Twente,2,1,H,7.0,2.0,2.0,2.0,4.0,2.0,12.0,8.0,13.0,13.0
23/02/2020,AZ Alkmaar,Zwolle,2,0,H,7.0,2.0,0.0,2.0,9.0,1.0,11.0,19.0,17.0,9.0
23/02/2020,Vitesse,PSV Eindhoven,1,2,A,8.0,1.0,1.0,0.0,4.0,3.0,14.0,13.0,15.0,10.0
23/02/2020,Heracles,Ajax,1,0,H,4.0,10.0,2.0,2.0,6.0,5.0,12.0,8.0,12.0,26.0
28/02/2020,Willem II,Groningen,3,1,H,5.0,5.0,0.0,4.0,4.0,3.0,10.0,9.0,9.0,16.0
29/02/2020,Den Haag,Heracles,0,0,D,4.0,4.0,3.0,2.0,4.0,3.0,15.0,20.0,9.0,12.0
29/02/2020,VVV Venlo,For Sittard,0,0,D,2.0,4.0,2.0,3.0,3.0,2.0,16.0,11.0,13.0,7.0
29/02/2020,Zwolle,Vitesse,4,3,H,7.0,6.0,0.0,2.0,7.0,7.0,17.0,13.0,15.0,15.0
29/02/2020,Twente,Heerenveen,2,3,A,8.0,8.0,0.0,1.0,8.0,11.0,8.0,9.0,14.0,20.0
01/03/2020,Waalwijk,Utrecht,2,1,H,3.0,2.0,3.0,0.0,5.0,2.0,9.0,9.0,14.0,12.0
01/03/2020,PSV Eindhoven,Feyenoord,1,1,D,3.0,8.0,1.0,2.0,2.0,6.0,11.0,8.0,12.0,13.0
01/03/2020,Sparta Rotterdam,FC Emmen,5,1,H,2.0,9.0,0.0,2.0,7.0,3.0,8.0,9.0,12.0,12.0
01/03/2020,Ajax,AZ Alkmaar,0,2,A,9.0,1.0,0.0,2.0,4.0,5.0,4.0,10.0,17.0,11.0
06/03/2020,For Sittard,Zwolle,1,1,D,4.0,4.0,2.0,2.0,2.0,5.0,11.0,17.0,9.0,13.0
07/03/2020,AZ Alkmaar,Den Haag,4,0,H,6.0,2.0,1.0,3.0,8.0,1.0,9.0,9.0,16.0,6.0
07/03/2020,FC Emmen,VVV Venlo,3,0,H,5.0,4.0,0.0,1.0,7.0,0.0,10.0,13.0,17.0,8.0
07/03/2020,Vitesse,Twente,1,0,H,4.0,2.0,3.0,3.0,2.0,2.0,16.0,13.0,9.0,8.0
07/03/2020,Heerenveen,Ajax,1,3,A,3.0,9.0,1.0,1.0,5.0,7.0,9.0,5.0,8.0,14.0
08/03/2020,Utrecht,Sparta Rotterdam,5,1,H,7.0,1.0,0.0,0.0,6.0,1.0,5.0,10.0,15.0,7.0
08/03/2020,Feyenoord,Willem II,2,0,H,6.0,3.0,4.0,1.0,3.0,0.0,15.0,12.0,12.0,3.0
08/03/2020,Heracles,Waalwijk,4,2,H,7.0,4.0,2.0,3.0,10.0,4.0,11.0,11.0,23.0,11.0
08/03/2020,Groningen,PSV Eindhoven,0,1,A,11.0,6.0,1.0,0.0,4.0,2.0,5.0,11.0,13.0,7.0
12/09/2020,Heerenveen,Willem II,2,0,H,3.0,10.0,2.0,3.0,7.0,5.0,12.0,13.0,13.0,10.0
12/09/2020,Zwolle,Feyenoord,0,2,A,3.0,3.0,3.0,1.0,5.0,6.0,15.0,11.0,17.0,13.0
12/09/2020,Twente,For Sittard,2,0,H,7.0,2.0,1.0,0.0,5.0,0.0,9.0,13.0,14.0,2.0
13/09/2020,FC Emmen,VVV Venlo,3,5,A,7.0,3.0,2.0,3.0,5.0,7.0,10.0,13.0,15.0,14.0
13/09/2020,Heracles,Den Haag,2,0,H,7.0,2.0,1.0,3.0,5.0,1.0,5.0,15.0,22.0,8.0
13/09/2020,Sparta Rotterdam,Ajax,0,1,A,2.0,1.0,2.0,3.0,3.0,4.0,13.0,13.0,14.0,9.0
13/09/2020,Groningen,PSV Eindhoven,1,3,A,3.0,1.0,4.0,2.0,2.0,6.0,12.0,10.0,14.0,16.0
13/09/2020,Waalwijk,Vitesse,0,1,A,0.0,6.0,1.0,1.0,3.0,6.0,11.0,17.0,7.0,17.0
18/09/2020,VVV Venlo,Utrecht,1,1,D,5.0,12.0,2.0,1.0,3.0,8.0,15.0,7.0,9.0,26.0
19/09/2020,AZ Alkmaar,Zwolle,1,1,D,6.0,2.0,0.0,5.0,3.0,4.0,7.0,22.0,13.0,14.0
19/09/2020,Vitesse,Sparta Rotterdam,2,0,H,6.0,7.0,2.0,4.0,9.0,1.0,4.0,15.0,26.0,2.0
19/09/2020,PSV Eindhoven,FC Emmen,2,1,H,7.0,5.0,0.0,3.0,5.0,2.0,8.0,12.0,21.0,7.0
19/09/2020,For Sittard,Heerenveen,1,3,A,14.0,2.0,4.0,0.0,7.0,5.0,9.0,11.0,25.0,10.0
20/09/2020,Den Haag,Groningen,0,1,A,3.0,8.0,1.0,1.0,0.0,6.0,12.0,11.0,6.0,13.0
20/09/2020,Feyenoord,Twente,1,1,D,8.0,4.0,2.0,2.0,5.0,3.0,7.0,20.0,18.0,10.0
20/09/2020,Willem II,Heracles,4,0,H,8.0,5.0,1.0,0.0,5.0,2.0,10.0,8.0,19.0,7.0
20/09/2020,Ajax,Waalwijk,3,0,H,4.0,3.0,1.0,0.0,10.0,3.0,8.0,6.0,23.0,6.0
25/09/2020,Twente,Groningen,3,1,H,1.0,3.0,0.0,1.0,7.0,5.0,11.0,4.0,7.0,11.0
26/09/2020,Zwolle,Sparta Rotterdam,4,0,H,9.0,5.0,1.0,1.0,8.0,2.0,12.0,10.0,20.0,9.0
26/09/2020,For Sittard,AZ Alkmaar,3,3,D,5.0,8.0,2.0,1.0,5.0,4.0,9.0,13.0,13.0,12.0
26/09/2020,Heerenveen,VVV Venlo,1,0,H,8.0,5.0,1.0,1.0,8.0,2.0,12.0,10.0,16.0,13.0
26/09/2020,Ajax,Vitesse,2,1,H,7.0,4.0,3.0,4.0,4.0,5.0,13.0,15.0,18.0,24.0
27/09/2020,Feyenoord,Den Haag,4,2,H,10.0,4.0,2.0,1.0,12.0,5.0,10.0,11.0,24.0,11.0
27/09/2020,Utrecht,Waalwijk,3,1,H,6.0,1.0,0.0,0.0,7.0,4.0,7.0,14.0,12.0,12.0
27/09/2020,FC Emmen,Willem II,1,1,D,2.0,8.0,1.0,1.0,2.0,2.0,14.0,7.0,10.0,14.0
27/09/2020,Heracles,PSV Eindhoven,1,1,D,4.0,2.0,4.0,2.0,2.0,2.0,16.0,11.0,9.0,9.0
02/10/2020,Utrecht,Heerenveen,1,1,D,16.0,2.0,1.0,2.0,6.0,3.0,7.0,14.0,38.0,10.0
03/10/2020,Vitesse,Heracles,3,0,H,7.0,4.0,2.0,1.0,7.0,0.0,9.0,9.0,15.0,3.0
03/10/2020,VVV Venlo,Den Haag,1,2,A,4.0,1.0,2.0,1.0,3.0,5.0,12.0,7.0,10.0,15.0
03/10/2020,Twente,FC Emmen,1,1,D,2.0,1.0,1.0,1.0,7.0,2.0,10.0,10.0,17.0,7.0
04/10/2020,Groningen,Ajax,1,0,H,1.0,11.0,0.0,1.0,3.0,3.0,10.0,9.0,11.0,19.0
04/10/2020,Sparta Rotterdam,AZ Alkmaar,4,4,D,5.0,6.0,1.0,4.0,7.0,6.0,17.0,14.0,17.0,15.0
04/10/2020,Willem II,Feyenoord,1,4,A,1.0,4.0,1.0,1.0,3.0,8.0,15.0,20.0,6.0,16.0
04/10/2020,PSV Eindhoven,For Sittard,2,0,H,6.0,3.0,0.0,1.0,5.0,5.0,12.0,10.0,9.0,16.0
17/10/2020,Heracles,Waalwijk,0,1,A,6.0,2.0,1.0,1.0,6.0,1.0,20.0,15.0,24.0,5.0
17/10/2020,AZ Alkmaar,VVV Venlo,2,2,D,6.0,2.0,1.0,3.0,7.0,4.0,11.0,20.0,20.0,11.0
17/10/2020,Willem II,Twente,0,3,A,12.0,3.0,3.0,1.0,9.0,8.0,10.0,7.0,18.0,16.0
18/10/2020,Feyenoord,Sparta Rotterdam,1,1,D,8.0,4.0,3.0,1.0,1.0,5.0,10.0,18.0,11.0,11.0
18/10/2020,Ajax,Heerenveen,5,1,H,5.0,9.0,1.0,2.0,5.0,5.0,10.0,14.0,16.0,9.0
18/10/2020,Den Haag,Vitesse,0,2,A,3.0,3.0,2.0,3.0,4.0,8.0,15.0,7.0,11.0,20.0
18/10/2020,Groningen,Utrecht,0,0,D,4.0,4.0,5.0,0.0,1.0,6.0,15.0,6.0,16.0,14.0
18/10/2020,Zwolle,PSV Eindhoven,0,3,A,4.0,3.0,2.0,2.0,3.0,5.0,11.0,17.0,12.0,12.0
18/10/2020,FC Emmen,For Sittard,2,2,D,5.0,3.0,2.0,1.0,8.0,5.0,8.0,15.0,17.0,15.0
21/10/2020,Waalwijk,Zwolle,1,1,D,9.0,5.0,2.0,2.0,3.0,6.0,12.0,13.0,11.0,21.0
24/10/2020,VVV Venlo,Ajax,0,13,A,3.0,12.0,1.0,0.0,0.0,23.0,12.0,9.0,3.0,45.0
24/10/2020,Utrecht,Twente,2,1,H,7.0,4.0,1.0,4.0,5.0,3.0,7.0,13.0,12.0,9.0
24/10/2020,Zwolle,Willem II,0,0,D,9.0,3.0,3.0,1.0,4.0,3.0,12.0,10.0,20.0,12.0
24/10/2020,Heerenveen,FC Emmen,4,0,H,5.0,8.0,2.0,3.0,5.0,2.0,6.0,7.0,14.0,9.0
25/10/2020,For Sittard,Groningen,1,3,A,1.0,6.0,1.0,1.0,2.0,10.0,12.0,8.0,5.0,17.0
25/10/2020,Sparta Rotterdam,Heracles,1,1,D,4.0,9.0,2.0,3.0,5.0,2.0,13.0,12.0,10.0,19.0
25/10/2020,Vitesse,PSV Eindhoven,2,1,H,4.0,5.0,3.0,0.0,5.0,4.0,13.0,13.0,7.0,12.0
25/10/2020,Waalwijk,Feyenoord,2,2,D,2.0,3.0,2.0,2.0,6.0,8.0,19.0,8.0,8.0,18.0
25/10/2020,Den Haag,AZ Alkmaar,2,2,D,3.0,8.0,2.0,1.0,3.0,7.0,8.0,6.0,9.0,23.0
31/10/2020,Twente,Zwolle,5,1,H,5.0,4.0,1.0,0.0,5.0,5.0,14.0,11.0,8.0,10.0
31/10/2020,Ajax,For Sittard,5,2,H,7.0,0.0,0.0,1.0,9.0,7.0,12.0,11.0,30.0,11.0
31/10/2020,Groningen,VVV Venlo,2,1,H,5.0,5.0,1.0,0.0,6.0,2.0,8.0,13.0,14.0,8.0
31/10/2020,Willem II,Vitesse,1,3,A,6.0,5.0,3.0,2.0,7.0,4.0,9.0,15.0,12.0,17.0
01/11/2020,Heracles,Utrecht,4,1,H,4.0,6.0,2.0,1.0,7.0,5.0,12.0,8.0,15.0,10.0
01/11/2020,FC Emmen,Feyenoord,2,3,A,6.0,9.0,4.0,2.0,3.0,7.0,12.0,13.0,9.0,24.0
01/11/2020,Sparta Rotterdam,Heerenveen,1,4,A,4.0,3.0,1.0,0.0,6.0,6.0,8.0,8.0,15.0,12.0
01/11/2020,PSV Eindhoven,Den Haag,4,0,H,4.0,2.0,1.0,1.0,9.0,3.0,11.0,11.0,22.0,5.0
01/11/2020,AZ Alkmaar,Waalwijk,3,0,H,6.0,1.0,1.0,2.0,11.0,1.0,8.0,13.0,19.0,3.0
06/11/2020,For Sittard,Zwolle,2,2,D,2.0,5.0,2.0,0.0,6.0,1.0,8.0,9.0,10.0,12.0
07/11/2020,Den Haag,Twente,2,4,A,3.0,10.0,0.0,1.0,4.0,9.0,11.0,8.0,10.0,23.0
07/11/2020,VVV Venlo,Heracles,3,2,H,1.0,6.0,2.0,0.0,4.0,2.0,22.0,7.0,9.0,7.0
07/11/2020,Waalwijk,Sparta Rotterdam,0,2,A,6.0,8.0,0.0,2.0,4.0,7.0,9.0,10.0,7.0,20.0
08/11/2020,Utrecht,Ajax,0,3,A,0.0,8.0,0.0,1.0,2.0,6.0,14.0,13.0,5.0,19.0
08/11/2020,Feyenoord,Groningen,2,0,H,6.0,3.0,1.0,3.0,6.0,1.0,10.0,10.0,9.0,8.0
08/11/2020,Vitesse,FC Emmen,3,1,H,3.0,3.0,0.0,5.0,6.0,5.0,8.0,8.0,9.0,15.0
08/11/2020,Heerenveen,AZ Alkmaar,0,3,A,3.0,10.0,1.0,0.0,1.0,6.0,8.0,9.0,9.0,15.0
08/11/2020,PSV Eindhoven,Willem II,3,0,H,6.0,4.0,1.0,0.0,8.0,2.0,13.0,10.0,16.0,6.0
21/11/2020,Willem II,VVV Venlo,2,1,H,3.0,5.0,2.0,1.0,5.0,2.0,14.0,17.0,8.0,13.0
21/11/2020,Groningen,Vitesse,1,1,D,5.0,1.0,2.0,1.0,3.0,1.0,16.0,10.0,7.0,9.0
21/11/2020,Zwolle,Utrecht,1,1,D,3.0,3.0,3.0,3.0,4.0,2.0,17.0,6.0,10.0,2.0
22/11/2020,Ajax,Heracles,5,0,H,14.0,5.0,0.0,3.0,13.0,2.0,12.0,13.0,18.0,8.0
22/11/2020,For Sittard,Feyenoord,1,3,A,5.0,5.0,2.0,0.0,7.0,8.0,15.0,8.0,14.0,16.0
22/11/2020,Sparta Rotterdam,Den Haag,6,0,H,7.0,0.0,1.0,2.0,13.0,1.0,7.0,10.0,22.0,2.0
22/11/2020,Twente,PSV Eindhoven,1,1,D,2.0,9.0,1.0,2.0,4.0,5.0,16.0,8.0,11.0,16.0
22/11/2020,Waalwijk,Heerenveen,1,1,D,16.0,5.0,1.0,5.0,10.0,5.0,6.0,8.0,22.0,12.0
22/11/2020,AZ Alkmaar,FC Emmen,1,0,H,15.0,3.0,2.0,1.0,8.0,3.0,8.0,8.0,24.0,5.0
27/11/2020,Twente,Waalwijk,0,2,A,4.0,8.0,4.0,0.0,6.0,7.0,17.0,11.0,14.0,10.0
28/11/2020,FC Emmen,Ajax,0,5,A,0.0,12.0,0.0,1.0,1.0,12.0,12.0,10.0,3.0,27.0
28/11/2020,Den Haag,Heerenveen,1,1,D,4.0,10.0,0.0,1.0,2.0,4.0,6.0,14.0,5.0,22.0
28/11/2020,VVV Venlo,Zwolle,2,2,D,4.0,4.0,0.0,1.0,2.0,6.0,10.0,13.0,11.0,13.0
29/11/2020,Vitesse,For Sittard,2,0,H,7.0,1.0,0.0,3.0,4.0,2.0,8.0,18.0,20.0,11.0
29/11/2020,Feyenoord,Utrecht,1,1,D,4.0,8.0,1.0,1.0,2.0,7.0,7.0,13.0,9.0,16.0
29/11/2020,Groningen,Willem II,1,0,H,6.0,4.0,0.0,1.0,3.0,1.0,12.0,12.0,18.0,4.0
29/11/2020,Heracles,AZ Alkmaar,1,2,A,1.0,3.0,2.0,1.0,1.0,7.0,12.0,16.0,3.0,13.0
29/11/2020,PSV Eindhoven,Sparta Rotterdam,1,0,H,7.0,1.0,1.0,3.0,5.0,0.0,9.0,10.0,11.0,4.0
04/12/2020,Sparta Rotterdam,FC Emmen,2,1,H,1.0,5.0,1.0,3.0,2.0,3.0,14.0,14.0,7.0,12.0
05/12/2020,Waalwijk,VVV Venlo,3,2,H,6.0,0.0,3.0,4.0,10.0,6.0,14.0,11.0,25.0,10.0
05/12/2020,For Sittard,Willem II,3,2,H,2.0,8.0,1.0,5.0,4.0,3.0,14.0,14.0,7.0,11.0
05/12/2020,Ajax,Twente,1,2,A,9.0,6.0,1.0,0.0,5.0,5.0,6.0,11.0,19.0,13.0
05/12/2020,Zwolle,Vitesse,2,1,H,4.0,2.0,2.0,2.0,5.0,4.0,14.0,14.0,16.0,12.0
06/12/2020,Feyenoord,Heracles,0,0,D,8.0,2.0,0.0,5.0,7.0,3.0,12.0,10.0,20.0,4.0
06/12/2020,AZ Alkmaar,Groningen,1,2,A,7.0,10.0,7.0,1.0,2.0,3.0,10.0,16.0,5.0,16.0
06/12/2020,Utrecht,Den Haag,1,1,D,6.0,3.0,3.0,4.0,6.0,2.0,16.0,9.0,20.0,9.0
06/12/2020,Heerenveen,PSV Eindhoven,2,2,D,6.0,10.0,0.0,2.0,7.0,4.0,1.0,4.0,12.0,12.0
11/12/2020,Heracles,For Sittard,1,2,A,7.0,2.0,1.0,4.0,4.0,1.0,11.0,15.0,14.0,5.0
12/12/2020,Groningen,Waalwijk,2,0,H,2.0,6.0,2.0,2.0,4.0,3.0,7.0,17.0,8.0,11.0
12/12/2020,FC Emmen,Den Haag,1,1,D,7.0,2.0,1.0,1.0,7.0,2.0,10.0,5.0,27.0,7.0
12/12/2020,Ajax,Zwolle,4,0,H,14.0,1.0,0.0,0.0,13.0,3.0,15.0,8.0,22.0,6.0
13/12/2020,Vitesse,Heerenveen,1,1,D,6.0,1.0,2.0,2.0,7.0,6.0,21.0,22.0,16.0,14.0
13/12/2020,VVV Venlo,Feyenoord,0,3,A,5.0,6.0,0.0,0.0,3.0,8.0,12.0,14.0,8.0,21.0
13/12/2020,Willem II,Sparta Rotterdam,1,3,A,6.0,5.0,3.0,1.0,3.0,9.0,7.0,14.0,8.0,18.0
13/12/2020,PSV Eindhoven,Utrecht,2,1,H,3.0,9.0,1.0,1.0,3.0,8.0,10.0,15.0,6.0,15.0
13/12/2020,Twente,AZ Alkmaar,1,3,A,6.0,4.0,2.0,0.0,5.0,7.0,13.0,8.0,13.0,13.0
18/12/2020,Zwolle,FC Emmen,0,0,D,7.0,8.0,0.0,0.0,5.0,3.0,5.0,12.0,16.0,5.0
19/12/2020,Sparta Rotterdam,Groningen,2,3,A,8.0,6.0,1.0,0.0,4.0,6.0,7.0,8.0,15.0,12.0
19/12/2020,VVV Venlo,Twente,1,2,A,3.0,8.0,2.0,2.0,1.0,9.0,12.0,15.0,6.0,18.0
19/12/2020,Waalwijk,PSV Eindhoven,1,4,A,7.0,4.0,1.0,2.0,4.0,10.0,12.0,8.0,15.0,17.0
19/12/2020,Utrecht,For Sittard,1,1,D,12.0,2.0,1.0,2.0,5.0,7.0,7.0,9.0,21.0,14.0
20/12/2020,Vitesse,Feyenoord,1,0,H,4.0,8.0,4.0,1.0,4.0,4.0,22.0,14.0,12.0,24.0
20/12/2020,Den Haag,Ajax,2,4,A,2.0,11.0,0.0,0.0,3.0,12.0,6.0,3.0,5.0,30.0
20/12/2020,Heerenveen,Heracles,1,2,A,6.0,3.0,1.0,2.0,2.0,2.0,10.0,12.0,16.0,8.0
20/12/2020,AZ Alkmaar,Willem II,5,3,H,3.0,3.0,0.0,1.0,8.0,5.0,9.0,10.0,19.0,11.0
22/12/2020,For Sittard,Waalwijk,2,1,H,8.0,5.0,3.0,1.0,7.0,4.0,10.0,11.0,18.0,10.0
22/12/2020,FC Emmen,Utrecht,2,3,A,4.0,3.0,0.0,0.0,4.0,6.0,10.0,12.0,15.0,16.0
22/12/2020,PSV Eindhoven,VVV Venlo,4,1,H,10.0,3.0,0.0,0.0,9.0,1.0,6.0,9.0,29.0,4.0
22/12/2020,Twente,Sparta Rotterdam,0,2,A,5.0,3.0,1.0,0.0,1.0,6.0,8.0,13.0,10.0,12.0
23/12/2020,AZ Alkmaar,Vitesse,3,1,H,4.0,3.0,0.0,0.0,4.0,5.0,11.0,11.0,11.0,16.0
23/12/2020,Willem II,Ajax,1,1,D,0.0,12.0,0.0,1.0,5.0,8.0,6.0,7.0,10.0,32.0
23/12/2020,Den Haag,Zwolle,0,2,A,4.0,4.0,1.0,1.0,1.0,6.0,10.0,9.0,8.0,20.0
23/12/2020,Groningen,Heracles,0,1,A,5.0,1.0,1.0,0.0,5.0,2.0,15.0,10.0,13.0,8.0
23/12/2020,Feyenoord,Heerenveen,3,0,H,6.0,1.0,0.0,1.0,9.0,4.0,9.0,9.0,28.0,11.0
27/12/2020,Utrecht,AZ Alkmaar,2,2,D,8.0,4.0,3.0,0.0,6.0,6.0,13.0,4.0,14.0,12.0
09/01/2021,Waalwijk,Den Haag,0,1,A,2.0,5.0,1.0,2.0,5.0,5.0,19.0,14.0,17.0,11.0
09/01/2021,FC Emmen,Twente,1,4,A,2.0,2.0,0.0,1.0,1.0,6.0,13.0,12.0,8.0,10.0
09/01/2021,Heracles,Vitesse,0,2,A,3.0,7.0,3.0,1.0,5.0,3.0,7.0,13.0,12.0,12.0
09/01/2021,Zwolle,AZ Alkmaar,1,1,D,3.0,11.0,1.0,0.0,2.0,4.0,8.0,10.0,5.0,15.0
09/01/2021,Utrecht,Groningen,2,2,D,9.0,2.0,2.0,1.0,6.0,2.0,11.0,6.0,19.0,7.0
10/01/2021,Sparta Rotterdam,Feyenoord,0,2,A,6.0,4.0,2.0,0.0,1.0,3.0,10.0,10.0,11.0,13.0
10/01/2021,Heerenveen,For Sittard,1,3,A,5.0,4.0,0.0,0.0,2.0,4.0,16.0,12.0,10.0,9.0
10/01/2021,VVV Venlo,Willem II,2,1,H,5.0,1.0,1.0,2.0,4.0,6.0,18.0,10.0,12.0,17.0
10/01/2021,Ajax,PSV Eindhoven,2,2,D,6.0,6.0,1.0,1.0,4.0,7.0,8.0,8.0,11.0,7.0
12/01/2021,Vitesse,Utrecht,1,0,H,8.0,7.0,1.0,1.0,4.0,5.0,12.0,21.0,16.0,8.0
12/01/2021,Heracles,FC Emmen,4,0,H,12.0,4.0,0.0,2.0,11.0,1.0,8.0,13.0,20.0,8.0
13/01/2021,PSV Eindhoven,AZ Alkmaar,1,3,A,7.0,3.0,3.0,3.0,3.0,4.0,12.0,12.0,14.0,6.0
13/01/2021,Den Haag,VVV Venlo,1,4,A,6.0,1.0,3.0,3.0,4.0,8.0,12.0,12.0,14.0,15.0
13/01/2021,For Sittard,Sparta Rotterdam,0,1,A,4.0,5.0,3.0,0.0,4.0,5.0,14.0,12.0,9.0,19.0
13/01/2021,Feyenoord,Zwolle,1,0,H,10.0,5.0,0.0,0.0,4.0,2.0,6.0,5.0,21.0,8.0
14/01/2021,Heerenveen,Waalwijk,1,1,D,3.0,9.0,1.0,1.0,6.0,4.0,8.0,6.0,10.0,15.0
14/01/2021,Twente,Ajax,1,3,A,5.0,6.0,1.0,0.0,5.0,12.0,8.0,11.0,12.0,21.0
14/01/2021,Willem II,Groningen,2,3,A,5.0,5.0,0.0,1.0,6.0,4.0,5.0,10.0,16.0,11.0
16/01/2021,FC Emmen,Vitesse,1,4,A,0.0,1.0,3.0,3.0,4.0,10.0,14.0,11.0,6.0,15.0
16/01/2021,Sparta Rotterdam,PSV Eindhoven,3,5,A,5.0,3.0,1.0,0.0,5.0,7.0,12.0,7.0,12.0,11.0
16/01/2021,Utrecht,Heracles,2,0,H,8.0,1.0,2.0,1.0,8.0,0.0,13.0,12.0,16.0,3.0
16/01/2021,Zwolle,For Sittard,0,2,A,5.0,7.0,0.0,0.0,2.0,7.0,12.0,13.0,8.0,13.0
16/01/2021,AZ Alkmaar,Den Haag,2,1,H,17.0,0.0,0.0,0.0,5.0,2.0,5.0,6.0,19.0,3.0
17/01/2021,Waalwijk,Willem II,1,1,D,2.0,1.0,1.0,2.0,7.0,6.0,12.0,21.0,17.0,13.0
17/01/2021,Groningen,Twente,2,2,D,6.0,6.0,1.0,2.0,6.0,5.0,8.0,9.0,17.0,10.0
17/01/2021,VVV Venlo,Heerenveen,1,1,D,1.0,8.0,2.0,1.0,2.0,7.0,9.0,8.0,7.0,20.0
17/01/2021,Ajax,Feyenoord,1,0,H,6.0,3.0,0.0,0.0,2.0,4.0,17.0,13.0,12.0,9.0
22/01/2021,Willem II,Zwolle,1,3,A,5.0,4.0,1.0,1.0,4.0,6.0,11.0,12.0,9.0,21.0
23/01/2021,Den Haag,FC Emmen,0,0,D,7.0,4.0,2.0,0.0,4.0,4.0,4.0,6.0,13.0,13.0
23/01/2021,Vitesse,Groningen,1,0,H,6.0,3.0,2.0,2.0,4.0,1.0,17.0,19.0,15.0,4.0
23/01/2021,PSV Eindhoven,Waalwijk,2,0,H,3.0,4.0,1.0,1.0,5.0,3.0,13.0,4.0,12.0,7.0
23/01/2021,Heracles,Heerenveen,1,0,H,6.0,4.0,1.0,1.0,3.0,2.0,9.0,11.0,9.0,6.0
24/01/2021,For Sittard,Ajax,1,2,A,4.0,10.0,1.0,2.0,5.0,8.0,10.0,17.0,8.0,19.0
24/01/2021,Twente,VVV Venlo,0,1,A,8.0,1.0,2.0,1.0,5.0,6.0,15.0,14.0,21.0,7.0
24/01/2021,Utrecht,Sparta Rotterdam,1,0,H,6.0,5.0,1.0,1.0,2.0,1.0,10.0,8.0,11.0,11.0
24/01/2021,Feyenoord,AZ Alkmaar,2,3,A,4.0,4.0,1.0,0.0,6.0,8.0,17.0,8.0,13.0,13.0
26/01/2021,Zwolle,Heracles,2,2,D,6.0,2.0,1.0,2.0,4.0,4.0,13.0,3.0,10.0,7.0
26/01/2021,FC Emmen,PSV Eindhoven,0,2,A,4.0,11.0,0.0,0.0,2.0,9.0,9.0,5.0,5.0,20.0
26/01/2021,Groningen,Den Haag,3,0,H,4.0,5.0,0.0,2.0,6.0,1.0,13.0,14.0,14.0,7.0
27/01/2021,AZ Alkmaar,Utrecht,0,1,A,5.0,2.0,1.0,2.0,3.0,5.0,12.0,14.0,11.0,12.0
27/01/2021,VVV Venlo,Vitesse,4,1,H,5.0,4.0,1.0,1.0,6.0,5.0,15.0,14.0,11.0,24.0
27/01/2021,Waalwijk,For Sittard,1,2,A,8.0,5.0,1.0,1.0,7.0,9.0,13.0,8.0,14.0,15.0
27/01/2021,Heerenveen,Feyenoord,3,0,H,6.0,9.0,1.0,1.0,6.0,1.0,11.0,5.0,15.0,15.0
28/01/2021,Ajax,Willem II,3,1,H,7.0,1.0,2.0,0.0,9.0,4.0,14.0,6.0,27.0,7.0
28/01/2021,Sparta Rotterdam,Twente,0,0,D,1.0,5.0,1.0,0.0,5.0,2.0,4.0,7.0,12.0,6.0
30/01/2021,Heracles,Groningen,1,0,H,5.0,4.0,0.0,1.0,3.0,3.0,14.0,15.0,8.0,13.0
30/01/2021,Utrecht,Zwolle,3,3,D,16.0,3.0,2.0,1.0,8.0,4.0,13.0,13.0,19.0,10.0
30/01/2021,For Sittard,VVV Venlo,3,2,H,2.0,4.0,2.0,3.0,7.0,3.0,16.0,10.0,9.0,12.0
30/01/2021,Vitesse,Waalwijk,1,1,D,11.0,5.0,1.0,2.0,6.0,5.0,11.0,11.0,11.0,11.0
31/01/2021,Twente,Heerenveen,0,0,D,8.0,5.0,2.0,1.0,4.0,1.0,10.0,7.0,19.0,4.0
31/01/2021,Feyenoord,PSV Eindhoven,3,1,H,0.0,13.0,1.0,2.0,5.0,6.0,12.0,10.0,6.0,17.0
31/01/2021,Willem II,FC Emmen,2,0,H,1.0,5.0,0.0,1.0,4.0,2.0,14.0,12.0,12.0,18.0
31/01/2021,AZ Alkmaar,Ajax,0,3,A,2.0,3.0,0.0,0.0,3.0,7.0,7.0,13.0,8.0,13.0
31/01/2021,Den Haag,Sparta Rotterdam,1,1,D,4.0,3.0,4.0,1.0,5.0,4.0,11.0,17.0,8.0,12.0
05/02/2021,For Sittard,Heracles,0,1,A,7.0,6.0,2.0,2.0,3.0,5.0,9.0,12.0,15.0,10.0
06/02/2021,FC Emmen,AZ Alkmaar,0,1,A,2.0,8.0,0.0,1.0,1.0,5.0,10.0,8.0,6.0,16.0
06/02/2021,Zwolle,Waalwijk,1,1,D,6.0,1.0,0.0,0.0,8.0,3.0,7.0,11.0,19.0,7.0
06/02/2021,Heerenveen,Vitesse,1,0,H,3.0,4.0,0.0,1.0,3.0,3.0,9.0,8.0,11.0,11.0
06/02/2021,PSV Eindhoven,Twente,3,0,H,7.0,4.0,0.0,0.0,8.0,2.0,6.0,7.0,25.0,5.0
12/02/2021,Waalwijk,FC Emmen,1,0,H,8.0,2.0,0.0,0.0,6.0,2.0,9.0,8.0,19.0,5.0
13/02/2021,Groningen,Zwolle,1,0,H,6.0,3.0,1.0,1.0,7.0,4.0,11.0,15.0,14.0,12.0
13/02/2021,Sparta Rotterdam,For Sittard,1,2,A,3.0,4.0,2.0,2.0,6.0,3.0,9.0,13.0,16.0,8.0
13/02/2021,Den Haag,PSV Eindhoven,2,2,D,1.0,17.0,0.0,1.0,2.0,15.0,5.0,11.0,5.0,35.0
13/02/2021,Heracles,Ajax,0,2,A,5.0,2.0,1.0,1.0,2.0,3.0,11.0,13.0,14.0,7.0
14/02/2021,AZ Alkmaar,Heerenveen,3,1,H,8.0,2.0,1.0,2.0,9.0,4.0,10.0,8.0,15.0,5.0
14/02/2021,Feyenoord,Willem II,5,0,H,9.0,4.0,1.0,1.0,12.0,3.0,12.0,8.0,23.0,6.0
14/02/2021,Utrecht,VVV Venlo,3,1,H,6.0,3.0,0.0,0.0,11.0,3.0,16.0,7.0,24.0,11.0
14/02/2021,Vitesse,Twente,0,2,A,4.0,2.0,1.0,1.0,1.0,3.0,10.0,11.0,10.0,6.0
19/02/2021,Willem II,Utrecht,0,6,A,3.0,1.0,1.0,0.0,1.0,8.0,6.0,8.0,7.0,20.0
20/02/2021,FC Emmen,Zwolle,3,2,H,7.0,3.0,2.0,1.0,5.0,2.0,18.0,8.0,14.0,10.0
20/02/2021,VVV Venlo,AZ Alkmaar,1,4,A,2.0,12.0,0.0,1.0,1.0,10.0,13.0,9.0,5.0,20.0
20/02/2021,For Sittard,Den Haag,2,0,H,5.0,3.0,0.0,1.0,5.0,1.0,6.0,6.0,13.0,4.0
21/02/2021,Twente,Feyenoord,2,2,D,4.0,3.0,1.0,2.0,6.0,2.0,9.0,9.0,9.0,10.0
21/02/2021,Heerenveen,Groningen,1,1,D,6.0,4.0,0.0,0.0,2.0,2.0,12.0,7.0,8.0,16.0
21/02/2021,Waalwijk,Heracles,3,0,H,5.0,3.0,1.0,2.0,5.0,0.0,7.0,8.0,8.0,7.0
21/02/2021,PSV Eindhoven,Vitesse,3,1,H,1.0,1.0,2.0,0.0,15.0,3.0,19.0,8.0,22.0,10.0
21/02/2021,Ajax,Sparta Rotterdam,4,2,H,3.0,3.0,0.0,1.0,7.0,4.0,4.0,9.0,16.0,12.0
24/02/2021,Willem II,Den Haag,1,1,D,9.0,1.0,4.0,0.0,3.0,3.0,14.0,7.0,13.0,8.0
24/02/2021,Groningen,Feyenoord,0,0,D,3.0,7.0,0.0,0.0,3.0,4.0,13.0,9.0,8.0,19.0
26/02/2021,Zwolle,Heerenveen,4,1,H,4.0,4.0,1.0,2.0,10.0,4.0,9.0,18.0,21.0,10.0
27/02/2021,Utrecht,FC Emmen,0,1,A,8.0,4.0,5.0,4.0,5.0,4.0,16.0,14.0,12.0,13.0
27/02/2021,Den Haag,Waalwijk,0,0,D,6.0,3.0,2.0,1.0,2.0,0.0,11.0,13.0,10.0,4.0
27/02/2021,Vitesse,VVV Venlo,4,1,H,3.0,2.0,0.0,0.0,8.0,2.0,12.0,14.0,23.0,5.0
27/02/2021,Heracles,Twente,2,2,D,3.0,1.0,0.0,0.0,6.0,3.0,9.0,13.0,9.0,7.0
28/02/2021,Sparta Rotterdam,Willem II,0,2,A,3.0,1.0,1.0,0.0,2.0,4.0,12.0,11.0,13.0,13.0
28/02/2021,Groningen,For Sittard,1,0,H,4.0,6.0,3.0,0.0,1.0,1.0,12.0,12.0,4.0,5.0
28/02/2021,PSV Eindhoven,Ajax,1,1,D,5.0,2.0,5.0,1.0,5.0,3.0,18.0,10.0,9.0,17.0
28/02/2021,AZ Alkmaar,Feyenoord,4,2,H,3.0,5.0,1.0,4.0,7.0,5.0,16.0,10.0,9.0,9.0
05/03/2021,FC Emmen,Sparta Rotterdam,1,1,D,7.0,2.0,2.0,1.0,5.0,5.0,7.0,15.0,15.0,14.0
06/03/2021,Feyenoord,VVV Venlo,6,0,H,11.0,1.0,0.0,0.0,10.0,0.0,9.0,3.0,21.0,5.0
06/03/2021,Twente,Willem II,1,1,D,3.0,1.0,2.0,0.0,5.0,2.0,6.0,3.0,12.0,9.0
06/03/2021,Heerenveen,Den Haag,3,0,H,5.0,2.0,2.0,1.0,7.0,3.0,12.0,7.0,18.0,12.0
06/03/2021,Waalwijk,Utrecht,1,2,A,4.0,11.0,2.0,1.0,6.0,5.0,10.0,10.0,13.0,17.0
07/03/2021,Ajax,Groningen,3,1,H,5.0,3.0,2.0,1.0,8.0,4.0,10.0,8.0,21.0,9.0
07/03/2021,For Sittard,PSV Eindhoven,1,3,A,9.0,1.0,0.0,2.0,4.0,6.0,12.0,10.0,11.0,12.0
07/03/2021,Heracles,Zwolle,2,1,H,6.0,6.0,0.0,0.0,8.0,3.0,5.0,7.0,18.0,8.0
07/03/2021,Vitesse,AZ Alkmaar,2,1,H,4.0,6.0,3.0,1.0,4.0,4.0,14.0,14.0,10.0,13.0
09/03/2021,VVV Venlo,Sparta Rotterdam,0,1,A,3.0,9.0,0.0,1.0,3.0,5.0,13.0,16.0,8.0,12.0
13/03/2021,Willem II,Heerenveen,3,1,H,5.0,6.0,0.0,1.0,8.0,4.0,5.0,3.0,17.0,14.0
13/03/2021,Den Haag,Heracles,1,2,A,5.0,4.0,6.0,1.0,2.0,4.0,17.0,11.0,9.0,10.0
13/03/2021,AZ Alkmaar,Twente,4,1,H,2.0,3.0,1.0,2.0,4.0,4.0,8.0,11.0,11.0,11.0
13/03/2021,Groningen,FC Emmen,1,1,D,3.0,4.0,1.0,1.0,3.0,4.0,10.0,11.0,8.0,15.0
13/03/2021,Sparta Rotterdam,Waalwijk,2,0,H,5.0,1.0,0.0,0.0,3.0,0.0,12.0,8.0,16.0,4.0
14/03/2021,VVV Venlo,For Sittard,1,3,A,0.0,0.0,3.0,1.0,3.0,5.0,13.0,12.0,9.0,10.0
14/03/2021,PSV Eindhoven,Feyenoord,1,1,D,5.0,2.0,1.0,3.0,7.0,3.0,7.0,13.0,12.0,10.0
14/03/2021,Utrecht,Vitesse,1,3,A,9.0,2.0,4.0,6.0,3.0,5.0,15.0,11.0,15.0,10.0
14/03/2021,Zwolle,Ajax,0,2,A,2.0,7.0,1.0,1.0,1.0,6.0,9.0,12.0,1.0,21.0
19/03/2021,Heerenveen,Twente,0,0,D,1.0,3.0,1.0,1.0,4.0,1.0,9.0,2.0,11.0,13.0
20/03/2021,For Sittard,Utrecht,0,1,A,5.0,5.0,0.0,0.0,1.0,7.0,6.0,10.0,9.0,16.0
20/03/2021,Feyenoord,FC Emmen,1,1,D,6.0,3.0,1.0,1.0,6.0,5.0,8.0,8.0,19.0,10.0
20/03/2021,Waalwijk,Groningen,3,1,H,3.0,5.0,1.0,2.0,10.0,6.0,14.0,10.0,17.0,19.0
21/03/2021,Zwolle,VVV Venlo,2,1,H,11.0,5.0,1.0,1.0,5.0,4.0,8.0,14.0,19.0,12.0
21/03/2021,AZ Alkmaar,PSV Eindhoven,2,0,H,2.0,10.0,0.0,1.0,5.0,4.0,11.0,12.0,9.0,15.0
21/03/2021,Vitesse,Willem II,0,0,D,5.0,2.0,2.0,1.0,4.0,4.0,11.0,15.0,12.0,10.0
21/03/2021,Heracles,Sparta Rotterdam,1,1,D,2.0,6.0,1.0,1.0,1.0,4.0,10.0,10.0,7.0,13.0
21/03/2021,Ajax,Den Haag,5,0,H,6.0,3.0,0.0,0.0,10.0,0.0,7.0,9.0,18.0,2.0
03/04/2021,VVV Venlo,Groningen,0,1,A,3.0,0.0,0.0,3.0,2.0,3.0,11.0,10.0,9.0,8.0
03/04/2021,Twente,Vitesse,1,2,A,1.0,5.0,2.0,1.0,1.0,6.0,26.0,12.0,2.0,20.0
03/04/2021,Willem II,AZ Alkmaar,0,1,A,6.0,2.0,2.0,1.0,2.0,2.0,11.0,6.0,12.0,5.0
03/04/2021,Sparta Rotterdam,Zwolle,3,2,H,4.0,11.0,1.0,1.0,5.0,6.0,12.0,12.0,18.0,18.0
04/04/2021,Feyenoord,For Sittard,2,0,H,4.0,2.0,0.0,0.0,7.0,3.0,10.0,9.0,18.0,8.0
04/04/2021,Den Haag,Utrecht,1,4,A,4.0,2.0,2.0,0.0,1.0,8.0,14.0,14.0,8.0,22.0
04/04/2021,PSV Eindhoven,Heracles,3,0,H,3.0,3.0,1.0,2.0,7.0,2.0,6.0,16.0,15.0,5.0
04/04/2021,FC Emmen,Waalwijk,3,1,H,3.0,6.0,1.0,2.0,11.0,2.0,11.0,18.0,18.0,7.0
04/04/2021,Heerenveen,Ajax,1,2,A,2.0,9.0,0.0,1.0,1.0,6.0,13.0,14.0,8.0,18.0
09/04/2021,Vitesse,Den Haag,0,0,D,15.0,2.0,2.0,6.0,4.0,2.0,12.0,22.0,21.0,6.0
10/04/2021,Heracles,Willem II,4,0,H,3.0,4.0,0.0,1.0,5.0,1.0,8.0,5.0,10.0,9.0
10/04/2021,AZ Alkmaar,Sparta Rotterdam,2,0,H,9.0,2.0,0.0,1.0,10.0,3.0,6.0,6.0,20.0,5.0
10/04/2021,For Sittard,FC Emmen,1,3,A,0.0,6.0,2.0,0.0,4.0,9.0,18.0,15.0,6.0,18.0
10/04/2021,Zwolle,Twente,1,0,H,2.0,10.0,0.0,0.0,5.0,4.0,10.0,9.0,7.0,18.0
11/04/2021,Utrecht,Feyenoord,1,2,A,7.0,2.0,0.0,1.0,7.0,2.0,9.0,11.0,12.0,7.0
11/04/2021,Groningen,Heerenveen,0,2,A,5.0,3.0,1.0,0.0,3.0,10.0,12.0,8.0,11.0,15.0
11/04/2021,VVV Venlo,PSV Eindhoven,0,2,A,5.0,4.0,1.0,0.0,1.0,5.0,8.0,8.0,4.0,14.0
11/04/2021,Waalwijk,Ajax,0,1,A,4.0,7.0,0.0,2.0,0.0,4.0,8.0,10.0,3.0,13.0
22/04/2021,Ajax,Utrecht,1,1,D,9.0,2.0,2.0,0.0,8.0,1.0,12.0,11.0,21.0,6.0
23/04/2021,Willem II,Waalwijk,1,0,H,6.0,5.0,1.0,1.0,9.0,3.0,10.0,12.0,20.0,6.0
24/04/2021,Heerenveen,Zwolle,0,2,A,5.0,1.0,1.0,2.0,3.0,3.0,14.0,11.0,11.0,4.0
24/04/2021,PSV Eindhoven,Groningen,1,0,H,4.0,4.0,1.0,3.0,5.0,1.0,15.0,12.0,13.0,8.0
24/04/2021,Sparta Rotterdam,VVV Venlo,2,0,H,5.0,3.0,2.0,4.0,7.0,3.0,11.0,9.0,19.0,10.0
25/04/2021,FC Emmen,Heracles,3,1,H,7.0,5.0,1.0,1.0,5.0,4.0,9.0,7.0,15.0,8.0
25/04/2021,Ajax,AZ Alkmaar,2,0,H,9.0,3.0,0.0,1.0,10.0,3.0,10.0,8.0,21.0,8.0
25/04/2021,Den Haag,For Sittard,0,3,A,8.0,4.0,1.0,1.0,3.0,6.0,6.0,6.0,18.0,19.0
25/04/2021,Feyenoord,Vitesse,0,0,D,6.0,3.0,2.0,4.0,2.0,7.0,21.0,14.0,14.0,19.0
25/04/2021,Twente,Utrecht,1,2,A,5.0,5.0,3.0,3.0,4.0,5.0,12.0,8.0,9.0,12.0
01/05/2021,Heracles,VVV Venlo,4,0,H,10.0,5.0,1.0,1.0,10.0,5.0,10.0,6.0,17.0,16.0
01/05/2021,For Sittard,Twente,3,0,H,10.0,0.0,0.0,2.0,10.0,1.0,15.0,9.0,21.0,4.0
01/05/2021,Vitesse,Zwolle,2,1,H,6.0,7.0,3.0,0.0,5.0,6.0,12.0,8.0,20.0,12.0
01/05/2021,Waalwijk,AZ Alkmaar,1,3,A,1.0,8.0,0.0,2.0,2.0,7.0,10.0,11.0,5.0,20.0
01/05/2021,Utrecht,Willem II,3,2,H,2.0,3.0,2.0,2.0,2.0,4.0,7.0,10.0,10.0,8.0
02/05/2021,Den Haag,Feyenoord,3,2,H,5.0,4.0,3.0,5.0,5.0,4.0,17.0,12.0,9.0,14.0
02/05/2021,Ajax,FC Emmen,4,0,H,9.0,3.0,2.0,2.0,6.0,0.0,15.0,8.0,15.0,4.0
02/05/2021,Groningen,Sparta Rotterdam,1,2,A,2.0,5.0,1.0,1.0,3.0,4.0,9.0,8.0,11.0,11.0
02/05/2021,PSV Eindhoven,Heerenveen,2,2,D,9.0,3.0,2.0,3.0,7.0,5.0,11.0,8.0,16.0,9.0
07/05/2021,Sparta Rotterdam,Vitesse,3,0,H,3.0,8.0,0.0,0.0,6.0,1.0,12.0,5.0,13.0,13.0
08/05/2021,Twente,Heracles,1,1,D,3.0,2.0,2.0,1.0,5.0,2.0,13.0,8.0,9.0,6.0
08/05/2021,Heerenveen,Utrecht,0,0,D,6.0,3.0,1.0,0.0,2.0,2.0,11.0,10.0,9.0,10.0
08/05/2021,AZ Alkmaar,For Sittard,1,0,H,6.0,4.0,3.0,1.0,5.0,5.0,8.0,14.0,8.0,9.0
08/05/2021,VVV Venlo,Waalwijk,3,3,D,6.0,4.0,2.0,1.0,5.0,5.0,17.0,11.0,13.0,14.0
09/05/2021,FC Emmen,Groningen,0,4,A,5.0,6.0,2.0,2.0,2.0,6.0,18.0,17.0,5.0,15.0
09/05/2021,Feyenoord,Ajax,0,3,A,3.0,3.0,3.0,2.0,4.0,4.0,15.0,17.0,15.0,7.0
09/05/2021,Zwolle,Den Haag,0,1,A,7.0,4.0,2.0,2.0,3.0,4.0,8.0,14.0,11.0,7.0
09/05/2021,Willem II,PSV Eindhoven,0,2,A,0.0,5.0,0.0,1.0,0.0,5.0,11.0,13.0,0.0,11.0
13/05/2021,Ajax,VVV Venlo,3,1,H,7.0,6.0,1.0,1.0,10.0,8.0,9.0,10.0,19.0,13.0
13/05/2021,Den Haag,Willem II,1,4,A,5.0,2.0,2.0,2.0,7.0,9.0,13.0,11.0,14.0,16.0
13/05/2021,FC Emmen,Heerenveen,3,1,H,9.0,1.0,0.0,2.0,7.0,4.0,6.0,10.0,25.0,5.0
13/05/2021,For Sittard,Vitesse,3,3,D,1.0,11.0,1.0,1.0,4.0,9.0,20.0,7.0,10.0,19.0
13/05/2021,Groningen,AZ Alkmaar,0,0,D,2.0,4.0,3.0,1.0,1.0,3.0,13.0,12.0,8.0,11.0
13/05/2021,Heracles,Feyenoord,1,1,D,3.0,6.0,2.0,1.0,5.0,3.0,8.0,9.0,8.0,11.0
13/05/2021,PSV Eindhoven,Zwolle,4,2,H,6.0,5.0,0.0,3.0,10.0,4.0,7.0,11.0,18.0,9.0
13/05/2021,Sparta Rotterdam,Utrecht,0,0,D,3.0,8.0,3.0,2.0,2.0,6.0,12.0,9.0,11.0,17.0
13/05/2021,Waalwijk,Twente,2,1,H,5.0,0.0,2.0,1.0,2.0,2.0,11.0,12.0,10.0,5.0
16/05/2021,AZ Alkmaar,Heracles,5,0,H,8.0,3.0,2.0,2.0,9.0,2.0,7.0,13.0,26.0,4.0
16/05/2021,Feyenoord,Waalwijk,3,0,H,6.0,0.0,0.0,0.0,6.0,1.0,7.0,5.0,14.0,3.0
16/05/2021,Heerenveen,Sparta Rotterdam,1,2,A,3.0,6.0,1.0,1.0,4.0,4.0,7.0,6.0,16.0,13.0
16/05/2021,Twente,Den Haag,3,2,H,9.0,6.0,2.0,1.0,9.0,5.0,17.0,6.0,23.0,10.0
16/05/2021,Utrecht,PSV Eindhoven,1,1,D,3.0,2.0,0.0,0.0,5.0,3.0,4.0,6.0,8.0,10.0
16/05/2021,Vitesse,Ajax,1,3,A,4.0,10.0,1.0,2.0,2.0,8.0,9.0,10.0,11.0,18.0
16/05/2021,VVV Venlo,FC Emmen,0,4,A,4.0,4.0,2.0,2.0,2.0,8.0,10.0,12.0,12.0,16.0
16/05/2021,Willem II,For Sittard,2,1,H,6.0,5.0,2.0,1.0,7.0,2.0,8.0,12.0,18.0,10.0
16/05/2021,Zwolle,Groningen,1,0,H,4.0,0.0,0.0,0.0,4.0,1.0,14.0,11.0,13.0,11.0
13/08/2021,Go Ahead Eagles,Heerenveen,0,1,A,3.0,11.0,0.0,0.0,3.0,5.0,9.0,9.0,11.0,19.0
14/08/2021,Waalwijk,AZ Alkmaar,1,0,H,4.0,6.0,0.0,2.0,2.0,5.0,12.0,7.0,7.0,19.0
14/08/2021,Heracles,PSV Eindhoven,0,2,A,2.0,11.0,2.0,2.0,2.0,6.0,10.0,12.0,6.0,19.0
14/08/2021,For Sittard,Twente,2,1,H,8.0,5.0,2.0,2.0,4.0,1.0,10.0,10.0,6.0,13.0
14/08/2021,Ajax,Nijmegen,5,0,H,10.0,0.0,0.0,0.0,9.0,1.0,6.0,6.0,25.0,7.0
15/08/2021,Cambuur,Groningen,1,2,A,2.0,8.0,0.0,0.0,3.0,7.0,12.0,11.0,6.0,11.0
15/08/2021,Utrecht,Sparta Rotterdam,4,0,H,4.0,2.0,1.0,3.0,8.0,1.0,8.0,9.0,22.0,7.0
15/08/2021,Zwolle,Vitesse,0,1,A,6.0,2.0,0.0,2.0,5.0,6.0,8.0,17.0,15.0,14.0
15/08/2021,Willem II,Feyenoord,0,4,A,5.0,4.0,1.0,0.0,3.0,9.0,5.0,11.0,6.0,21.0
20/08/2021,Nijmegen,Zwolle,2,0,H,2.0,5.0,4.0,3.0,3.0,1.0,15.0,15.0,8.0,17.0
21/08/2021,Heerenveen,Waalwijk,3,2,H,2.0,7.0,1.0,3.0,4.0,3.0,7.0,11.0,11.0,17.0
21/08/2021,PSV Eindhoven,Cambuur,4,1,H,11.0,3.0,0.0,1.0,8.0,4.0,6.0,9.0,25.0,8.0
21/08/2021,Sparta Rotterdam,Heracles,1,1,D,4.0,9.0,1.0,2.0,4.0,4.0,6.0,6.0,11.0,12.0
21/08/2021,Groningen,Utrecht,0,0,D,5.0,4.0,3.0,4.0,3.0,0.0,12.0,15.0,13.0,5.0
22/08/2021,Twente,Ajax,1,1,D,1.0,7.0,1.0,2.0,3.0,3.0,11.0,12.0,13.0,9.0
22/08/2021,Feyenoord,Go Ahead Eagles,2,0,H,10.0,3.0,1.0,1.0,9.0,3.0,10.0,11.0,29.0,8.0
22/08/2021,Vitesse,Willem II,0,3,A,6.0,3.0,4.0,2.0,6.0,4.0,11.0,11.0,17.0,13.0
27/08/2021,For Sittard,Waalwijk,2,2,D,5.0,6.0,1.0,1.0,2.0,5.0,10.0,10.0,11.0,15.0
28/08/2021,Cambuur,Twente,2,0,H,8.0,5.0,1.0,4.0,6.0,2.0,5.0,19.0,23.0,10.0
28/08/2021,Go Ahead Eagles,Sparta Rotterdam,2,0,H,7.0,3.0,1.0,3.0,7.0,1.0,7.0,8.0,18.0,13.0
28/08/2021,PSV Eindhoven,Groningen,5,2,H,7.0,7.0,1.0,0.0,8.0,4.0,10.0,13.0,16.0,14.0
28/08/2021,Willem II,Zwolle,1,0,H,6.0,0.0,0.0,0.0,3.0,4.0,10.0,9.0,16.0,11.0
29/08/2021,Utrecht,Feyenoord,3,1,H,8.0,6.0,1.0,4.0,7.0,2.0,8.0,15.0,19.0,12.0
29/08/2021,Ajax,Vitesse,5,0,H,6.0,1.0,0.0,2.0,11.0,1.0,13.0,13.0,29.0,7.0
29/08/2021,Heracles,Nijmegen,0,1,A,7.0,1.0,6.0,2.0,4.0,4.0,16.0,12.0,14.0,6.0
29/08/2021,Heerenveen,AZ Alkmaar,1,3,A,3.0,7.0,0.0,1.0,3.0,5.0,3.0,6.0,7.0,15.0
11/09/2021,Twente,Utrecht,1,0,H,3.0,5.0,4.0,4.0,5.0,1.0,15.0,18.0,11.0,11.0
11/09/2021,Cambuur,Go Ahead Eagles,5,2,H,1.0,5.0,3.0,1.0,9.0,7.0,17.0,8.0,15.0,13.0
11/09/2021,Zwolle,Ajax,0,2,A,5.0,7.0,1.0,3.0,2.0,8.0,8.0,7.0,9.0,17.0
11/09/2021,AZ Alkmaar,PSV Eindhoven,0,3,A,6.0,2.0,2.0,2.0,3.0,4.0,10.0,14.0,7.0,10.0
12/09/2021,Nijmegen,Willem II,0,0,D,10.0,1.0,1.0,2.0,8.0,2.0,10.0,13.0,22.0,8.0
12/09/2021,Groningen,Heerenveen,1,1,D,9.0,0.0,3.0,4.0,3.0,2.0,13.0,16.0,15.0,8.0
12/09/2021,Sparta Rotterdam,For Sittard,3,1,H,3.0,4.0,2.0,1.0,8.0,2.0,13.0,15.0,18.0,4.0
12/09/2021,Waalwijk,Vitesse,1,2,A,7.0,2.0,5.0,1.0,4.0,4.0,12.0,10.0,9.0,9.0
17/09/2021,Sparta Rotterdam,Nijmegen,1,1,D,4.0,6.0,2.0,3.0,4.0,4.0,9.0,11.0,15.0,11.0
18/09/2021,Heerenveen,For Sittard,1,0,H,7.0,2.0,1.0,4.0,7.0,4.0,7.0,10.0,17.0,13.0
18/09/2021,Willem II,Groningen,2,1,H,5.0,4.0,3.0,2.0,3.0,5.0,8.0,9.0,7.0,14.0
18/09/2021,Ajax,Cambuur,9,0,H,6.0,1.0,0.0,0.0,11.0,2.0,7.0,9.0,21.0,11.0
18/09/2021,Utrecht,Waalwijk,2,2,D,10.0,4.0,1.0,3.0,6.0,5.0,11.0,13.0,19.0,13.0
19/09/2021,Go Ahead Eagles,Zwolle,1,0,H,4.0,4.0,1.0,2.0,7.0,3.0,9.0,11.0,19.0,9.0
19/09/2021,PSV Eindhoven,Feyenoord,0,4,A,7.0,5.0,2.0,2.0,3.0,4.0,9.0,10.0,14.0,10.0
19/09/2021,Heracles,AZ Alkmaar,3,2,H,1.0,7.0,3.0,1.0,7.0,4.0,7.0,14.0,14.0,10.0
19/09/2021,Vitesse,Twente,1,4,A,6.0,4.0,4.0,3.0,7.0,7.0,18.0,17.0,19.0,12.0
21/09/2021,For Sittard,Ajax,0,5,A,3.0,8.0,1.0,0.0,1.0,9.0,16.0,5.0,6.0,25.0
21/09/2021,Waalwijk,Willem II,1,2,A,4.0,5.0,2.0,0.0,4.0,5.0,14.0,6.0,11.0,14.0
22/09/2021,Go Ahead Eagles,PSV Eindhoven,1,2,A,1.0,8.0,0.0,2.0,5.0,8.0,4.0,5.0,12.0,19.0
22/09/2021,Nijmegen,Utrecht,0,3,A,2.0,7.0,0.0,1.0,3.0,4.0,5.0,12.0,12.0,12.0
22/09/2021,Groningen,Vitesse,0,1,A,0.0,8.0,0.0,3.0,2.0,3.0,7.0,13.0,8.0,13.0
22/09/2021,Feyenoord,Heerenveen,3,1,H,8.0,6.0,1.0,2.0,9.0,1.0,6.0,7.0,21.0,5.0
22/09/2021,Zwolle,Sparta Rotterdam,1,1,D,4.0,7.0,1.0,2.0,4.0,4.0,12.0,14.0,16.0,8.0
23/09/2021,Cambuur,Heracles,2,1,H,3.0,10.0,0.0,0.0,4.0,4.0,15.0,14.0,10.0,17.0
23/09/2021,Twente,AZ Alkmaar,3,1,H,3.0,4.0,1.0,4.0,7.0,5.0,9.0,14.0,11.0,11.0
25/09/2021,Willem II,PSV Eindhoven,2,1,H,1.0,6.0,1.0,2.0,1.0,9.0,11.0,10.0,3.0,25.0
25/09/2021,Ajax,Groningen,3,0,H,4.0,2.0,0.0,1.0,9.0,2.0,7.0,9.0,23.0,5.0
25/09/2021,Vitesse,For Sittard,1,1,D,6.0,2.0,2.0,3.0,9.0,1.0,11.0,21.0,22.0,2.0
25/09/2021,Feyenoord,Nijmegen,5,3,H,7.0,1.0,2.0,2.0,7.0,3.0,12.0,12.0,19.0,8.0
25/09/2021,Utrecht,Zwolle,5,1,H,8.0,1.0,0.0,1.0,11.0,3.0,11.0,10.0,22.0,8.0
26/09/2021,Sparta Rotterdam,Cambuur,0,4,A,5.0,2.0,1.0,3.0,1.0,5.0,6.0,13.0,9.0,9.0
26/09/2021,AZ Alkmaar,Go Ahead Eagles,5,0,H,5.0,2.0,2.0,3.0,13.0,1.0,11.0,10.0,17.0,6.0
26/09/2021,Heerenveen,Twente,2,3,A,5.0,4.0,3.0,0.0,3.0,5.0,13.0,7.0,12.0,13.0
26/09/2021,Heracles,Waalwijk,1,0,H,6.0,1.0,0.0,1.0,9.0,0.0,5.0,5.0,22.0,5.0
01/10/2021,Groningen,Twente,1,1,D,4.0,7.0,3.0,4.0,4.0,3.0,10.0,11.0,8.0,11.0
02/10/2021,Waalwijk,Go Ahead Eagles,1,1,D,5.0,4.0,2.0,4.0,3.0,3.0,14.0,14.0,16.0,13.0
02/10/2021,Heracles,Willem II,3,2,H,6.0,4.0,0.0,2.0,7.0,5.0,10.0,7.0,17.0,13.0
02/10/2021,Zwolle,Heerenveen,0,1,A,5.0,7.0,2.0,1.0,3.0,2.0,11.0,12.0,16.0,9.0
02/10/2021,For Sittard,Nijmegen,1,3,A,3.0,1.0,2.0,2.0,3.0,4.0,14.0,9.0,11.0,10.0
03/10/2021,Ajax,Utrecht,0,1,A,12.0,3.0,1.0,4.0,6.0,4.0,8.0,9.0,20.0,8.0
03/10/2021,Cambuur,AZ Alkmaar,1,3,A,3.0,1.0,4.0,3.0,4.0,5.0,12.0,15.0,13.0,9.0
03/10/2021,Vitesse,Feyenoord,2,1,H,9.0,6.0,4.0,3.0,6.0,3.0,9.0,13.0,14.0,19.0
03/10/2021,PSV Eindhoven,Sparta Rotterdam,2,1,H,10.0,0.0,1.0,2.0,12.0,2.0,4.0,12.0,26.0,5.0
16/10/2021,Feyenoord,Waalwijk,2,2,D,10.0,2.0,2.0,2.0,9.0,3.0,5.0,7.0,27.0,5.0
16/10/2021,Go Ahead Eagles,Heracles,4,2,H,6.0,6.0,1.0,3.0,4.0,6.0,9.0,13.0,12.0,22.0
16/10/2021,Heerenveen,Ajax,0,2,A,7.0,7.0,4.0,0.0,5.0,3.0,8.0,8.0,14.0,15.0
16/10/2021,For Sittard,Cambuur,1,0,H,6.0,3.0,3.0,1.0,6.0,3.0,11.0,9.0,9.0,8.0
16/10/2021,PSV Eindhoven,Zwolle,3,1,H,7.0,2.0,1.0,3.0,10.0,1.0,8.0,16.0,29.0,6.0
17/10/2021,AZ Alkmaar,Utrecht,5,1,H,2.0,3.0,0.0,0.0,7.0,3.0,10.0,7.0,10.0,8.0
17/10/2021,Nijmegen,Vitesse,0,1,A,4.0,4.0,3.0,4.0,3.0,6.0,17.0,18.0,9.0,15.0
17/10/2021,Sparta Rotterdam,Groningen,1,1,D,5.0,5.0,4.0,2.0,5.0,3.0,8.0,12.0,17.0,7.0
17/10/2021,Twente,Willem II,1,1,D,3.0,3.0,3.0,3.0,2.0,3.0,15.0,12.0,6.0,7.0
22/10/2021,Willem II,For Sittard,1,1,D,8.0,5.0,1.0,2.0,7.0,7.0,8.0,12.0,21.0,11.0
23/10/2021,Utrecht,Heerenveen,2,1,H,6.0,3.0,1.0,1.0,6.0,6.0,13.0,12.0,16.0,12.0
23/10/2021,Zwolle,Heracles,1,0,H,3.0,3.0,0.0,1.0,2.0,3.0,12.0,15.0,10.0,10.0
23/10/2021,Waalwijk,Sparta Rotterdam,1,0,H,3.0,3.0,0.0,1.0,4.0,2.0,10.0,9.0,10.0,9.0
24/10/2021,Twente,Nijmegen,1,2,A,5.0,4.0,2.0,4.0,6.0,4.0,13.0,13.0,20.0,6.0
24/10/2021,Cambuur,Feyenoord,2,3,A,4.0,6.0,1.0,1.0,4.0,5.0,5.0,6.0,8.0,21.0
24/10/2021,Vitesse,Go Ahead Eagles,1,2,A,4.0,4.0,4.0,1.0,3.0,6.0,17.0,8.0,11.0,10.0
24/10/2021,Ajax,PSV Eindhoven,5,0,H,6.0,1.0,2.0,2.0,7.0,5.0,12.0,12.0,16.0,10.0
24/10/2021,Groningen,AZ Alkmaar,2,0,H,3.0,11.0,1.0,3.0,4.0,9.0,12.0,7.0,8.0,21.0
30/10/2021,PSV Eindhoven,Twente,5,2,H,4.0,2.0,0.0,1.0,12.0,4.0,9.0,6.0,20.0,7.0
30/10/2021,Heracles,Ajax,0,0,D,2.0,6.0,4.0,1.0,5.0,7.0,13.0,6.0,7.0,18.0
30/10/2021,Heerenveen,Vitesse,1,2,A,2.0,11.0,0.0,2.0,1.0,9.0,3.0,12.0,6.0,26.0
30/10/2021,AZ Alkmaar,Zwolle,3,2,H,3.0,1.0,2.0,3.0,6.0,3.0,8.0,15.0,17.0,7.0
31/10/2021,Sparta Rotterdam,Feyenoord,0,1,A,7.0,8.0,2.0,1.0,2.0,6.0,10.0,6.0,6.0,15.0
31/10/2021,Nijmegen,Groningen,3,0,H,6.0,6.0,0.0,2.0,9.0,1.0,14.0,15.0,18.0,11.0
31/10/2021,Utrecht,Willem II,5,1,H,4.0,5.0,2.0,3.0,7.0,3.0,9.0,16.0,19.0,9.0
31/10/2021,Waalwijk,Cambuur,0,1,A,8.0,3.0,1.0,1.0,3.0,5.0,8.0,9.0,20.0,14.0
31/10/2021,Go Ahead Eagles,For Sittard,4,3,H,5.0,3.0,2.0,0.0,5.0,5.0,8.0,8.0,23.0,11.0
05/11/2021,Twente,Heracles,1,0,H,4.0,2.0,3.0,3.0,5.0,2.0,14.0,18.0,15.0,10.0
06/11/2021,Nijmegen,Heerenveen,1,1,D,11.0,7.0,0.0,0.0,7.0,6.0,3.0,8.0,17.0,19.0
06/11/2021,Willem II,Sparta Rotterdam,0,3,A,5.0,7.0,1.0,3.0,0.0,5.0,7.0,10.0,8.0,10.0
06/11/2021,Zwolle,Cambuur,1,2,A,8.0,3.0,6.0,3.0,4.0,4.0,15.0,10.0,14.0,13.0
07/11/2021,Groningen,Waalwijk,1,1,D,5.0,3.0,1.0,1.0,6.0,1.0,9.0,23.0,15.0,6.0
07/11/2021,For Sittard,PSV Eindhoven,1,4,A,1.0,5.0,0.0,1.0,1.0,9.0,7.0,7.0,8.0,21.0
07/11/2021,Feyenoord,AZ Alkmaar,1,0,H,5.0,4.0,0.0,2.0,8.0,4.0,10.0,12.0,20.0,9.0
07/11/2021,Vitesse,Utrecht,2,1,H,9.0,2.0,0.0,3.0,8.0,2.0,12.0,14.0,19.0,6.0
07/11/2021,Ajax,Go Ahead Eagles,0,0,D,7.0,3.0,2.0,1.0,5.0,2.0,7.0,3.0,29.0,2.0
20/11/2021,PSV Eindhoven,Vitesse,2,0,H,0.0,5.0,0.0,2.0,5.0,5.0,8.0,9.0,8.0,14.0
20/11/2021,Sparta Rotterdam,Twente,0,1,A,4.0,3.0,1.0,1.0,4.0,4.0,9.0,6.0,11.0,6.0
20/11/2021,AZ Alkmaar,Nijmegen,1,1,D,15.0,1.0,1.0,0.0,7.0,2.0,6.0,7.0,21.0,7.0
20/11/2021,Heracles,For Sittard,3,1,H,5.0,4.0,1.0,4.0,8.0,4.0,11.0,19.0,19.0,14.0
21/11/2021,Go Ahead Eagles,Groningen,0,1,A,5.0,6.0,6.0,1.0,3.0,9.0,17.0,7.0,6.0,19.0
21/11/2021,Feyenoord,Zwolle,4,0,H,6.0,2.0,0.0,0.0,9.0,4.0,12.0,7.0,18.0,5.0
21/11/2021,Heerenveen,Willem II,2,1,H,3.0,8.0,5.0,2.0,4.0,5.0,12.0,8.0,9.0,17.0
21/11/2021,Waalwijk,Ajax,0,5,A,5.0,9.0,1.0,0.0,2.0,10.0,6.0,11.0,9.0,22.0
21/11/2021,Cambuur,Utrecht,2,1,H,6.0,11.0,0.0,2.0,4.0,5.0,13.0,12.0,10.0,15.0
26/11/2021,Nijmegen,Cambuur,2,3,A,10.0,3.0,3.0,1.0,9.0,8.0,9.0,12.0,20.0,15.0
27/11/2021,For Sittard,Groningen,1,4,A,1.0,2.0,0.0,1.0,7.0,7.0,9.0,10.0,11.0,14.0
27/11/2021,Zwolle,Waalwijk,0,0,D,4.0,5.0,1.0,2.0,1.0,3.0,11.0,16.0,9.0,5.0
27/11/2021,Willem II,Go Ahead Eagles,0,1,A,9.0,4.0,1.0,1.0,5.0,3.0,7.0,6.0,19.0,6.0
28/11/2021,Sparta Rotterdam,Ajax,0,1,A,1.0,11.0,2.0,2.0,0.0,8.0,11.0,5.0,1.0,15.0
28/11/2021,Twente,Feyenoord,0,0,D,2.0,13.0,1.0,1.0,1.0,5.0,9.0,9.0,3.0,19.0
28/11/2021,Utrecht,Heracles,1,0,H,9.0,3.0,1.0,1.0,7.0,0.0,10.0,12.0,22.0,8.0
28/11/2021,Heerenveen,PSV Eindhoven,1,1,D,3.0,8.0,1.0,1.0,1.0,2.0,3.0,3.0,8.0,13.0
28/11/2021,Vitesse,AZ Alkmaar,0,0,D,6.0,3.0,1.0,1.0,1.0,0.0,13.0,13.0,16.0,13.0
01/12/2021,Feyenoord,Heracles,2,1,H,1.0,1.0,1.0,3.0,12.0,2.0,8.0,11.0,22.0,4.0
02/12/2021,AZ Alkmaar,For Sittard,2,1,H,2.0,3.0,1.0,1.0,7.0,2.0,12.0,9.0,19.0,7.0
02/12/2021,Ajax,Willem II,5,0,H,8.0,1.0,0.0,3.0,9.0,0.0,2.0,8.0,21.0,3.0
03/12/2021,Groningen,Zwolle,1,1,D,6.0,4.0,1.0,3.0,1.0,4.0,11.0,25.0,8.0,12.0
04/12/2021,PSV Eindhoven,Utrecht,4,1,H,3.0,2.0,0.0,1.0,6.0,1.0,12.0,8.0,11.0,10.0
04/12/2021,Cambuur,Vitesse,1,6,A,3.0,8.0,0.0,0.0,1.0,9.0,11.0,6.0,7.0,23.0
04/12/2021,Heracles,Heerenveen,0,1,A,5.0,1.0,3.0,1.0,2.0,2.0,8.0,5.0,12.0,10.0
05/12/2021,Waalwijk,Nijmegen,2,1,H,3.0,5.0,3.0,3.0,6.0,4.0,16.0,19.0,15.0,11.0
05/12/2021,AZ Alkmaar,Sparta Rotterdam,3,1,H,8.0,0.0,1.0,0.0,5.0,4.0,6.0,6.0,10.0,8.0
05/12/2021,Go Ahead Eagles,Twente,1,2,A,7.0,3.0,0.0,1.0,5.0,2.0,9.0,6.0,12.0,11.0
05/12/2021,Feyenoord,For Sittard,5,0,H,9.0,2.0,1.0,2.0,10.0,5.0,9.0,10.0,24.0,8.0
10/12/2021,Willem II,Cambuur,1,3,A,4.0,7.0,1.0,1.0,4.0,8.0,8.0,8.0,13.0,14.0
11/12/2021,Utrecht,Go Ahead Eagles,0,0,D,5.0,3.0,1.0,1.0,8.0,1.0,13.0,12.0,21.0,7.0
11/12/2021,Heerenveen,Sparta Rotterdam,0,0,D,6.0,2.0,2.0,0.0,4.0,3.0,7.0,10.0,11.0,10.0
11/12/2021,Zwolle,For Sittard,0,1,A,9.0,5.0,2.0,2.0,1.0,8.0,14.0,10.0,13.0,13.0
12/12/2021,Twente,Waalwijk,2,1,H,5.0,3.0,0.0,1.0,10.0,3.0,9.0,9.0,19.0,12.0
12/12/2021,Groningen,Feyenoord,1,1,D,0.0,13.0,4.0,1.0,3.0,7.0,12.0,9.0,5.0,27.0
12/12/2021,Vitesse,Heracles,2,1,H,3.0,5.0,2.0,2.0,5.0,4.0,11.0,12.0,10.0,9.0
12/12/2021,Ajax,AZ Alkmaar,1,2,A,10.0,1.0,2.0,1.0,8.0,3.0,7.0,8.0,23.0,5.0
12/12/2021,Nijmegen,PSV Eindhoven,1,2,A,1.0,14.0,2.0,1.0,6.0,10.0,17.0,13.0,6.0,29.0
18/12/2021,For Sittard,Utrecht,2,2,D,1.0,7.0,1.0,3.0,3.0,6.0,9.0,13.0,8.0,16.0
18/12/2021,Sparta Rotterdam,Vitesse,2,2,D,5.0,3.0,0.0,0.0,7.0,3.0,4.0,8.0,15.0,5.0
18/12/2021,AZ Alkmaar,Willem II,4,1,H,5.0,2.0,2.0,1.0,3.0,5.0,11.0,6.0,13.0,10.0
18/12/2021,Heracles,Groningen,4,2,H,9.0,0.0,2.0,1.0,10.0,3.0,9.0,7.0,13.0,5.0
18/12/2021,Zwolle,Twente,1,3,A,8.0,3.0,0.0,0.0,2.0,4.0,16.0,8.0,13.0,7.0
19/12/2021,Cambuur,Heerenveen,1,2,A,3.0,7.0,1.0,1.0,4.0,7.0,10.0,13.0,7.0,23.0
19/12/2021,Feyenoord,Ajax,0,2,A,4.0,4.0,4.0,3.0,1.0,1.0,14.0,12.0,11.0,8.0
19/12/2021,Go Ahead Eagles,Nijmegen,0,2,A,7.0,3.0,1.0,1.0,2.0,5.0,13.0,10.0,14.0,10.0
19/12/2021,Waalwijk,PSV Eindhoven,1,4,A,2.0,2.0,1.0,0.0,4.0,12.0,4.0,4.0,7.0,25.0
21/12/2021,Vitesse,Zwolle,1,0,H,2.0,7.0,3.0,3.0,5.0,7.0,15.0,15.0,14.0,15.0
21/12/2021,AZ Alkmaar,Groningen,1,0,H,4.0,3.0,0.0,3.0,6.0,3.0,8.0,7.0,15.0,12.0
22/12/2021,Heerenveen,Feyenoord,0,3,A,3.0,9.0,0.0,0.0,1.0,10.0,4.0,5.0,7.0,23.0
22/12/2021,Willem II,Nijmegen,0,1,A,4.0,2.0,0.0,0.0,1.0,5.0,6.0,8.0,13.0,13.0
22/12/2021,Heracles,Cambuur,1,1,D,5.0,4.0,2.0,1.0,7.0,4.0,15.0,6.0,23.0,8.0
22/12/2021,Ajax,For Sittard,5,0,H,14.0,2.0,0.0,1.0,14.0,0.0,10.0,6.0,27.0,6.0
22/12/2021,Utrecht,Twente,1,1,D,7.0,2.0,3.0,2.0,5.0,2.0,12.0,15.0,14.0,4.0
23/12/2021,PSV Eindhoven,Go Ahead Eagles,2,0,H,9.0,1.0,1.0,0.0,7.0,1.0,11.0,7.0,21.0,3.0
23/12/2021,Sparta Rotterdam,Waalwijk,1,1,D,7.0,0.0,2.0,2.0,7.0,3.0,10.0,7.0,18.0,5.0
14/01/2022,Zwolle,Willem II,2,0,H,5.0,6.0,2.0,1.0,5.0,0.0,16.0,7.0,15.0,7.0
15/01/2022,Nijmegen,Heracles,0,0,D,3.0,10.0,1.0,2.0,1.0,2.0,7.0,12.0,13.0,12.0
15/01/2022,Feyenoord,Vitesse,0,1,A,5.0,4.0,2.0,1.0,3.0,5.0,9.0,7.0,18.0,15.0
15/01/2022,Twente,Heerenveen,2,0,H,4.0,6.0,0.0,0.0,6.0,3.0,12.0,12.0,16.0,8.0
15/01/2022,Go Ahead Eagles,Waalwijk,0,2,A,4.0,6.0,2.0,2.0,4.0,3.0,6.0,12.0,9.0,10.0
16/01/2022,Utrecht,Ajax,0,3,A,3.0,0.0,2.0,1.0,1.0,3.0,15.0,13.0,10.0,8.0
16/01/2022,Cambuur,Sparta Rotterdam,1,1,D,2.0,4.0,1.0,1.0,3.0,7.0,11.0,11.0,12.0,12.0
16/01/2022,Groningen,PSV Eindhoven,0,1,A,2.0,5.0,0.0,1.0,0.0,2.0,13.0,4.0,6.0,10.0
16/01/2022,For Sittard,AZ Alkmaar,1,2,A,8.0,6.0,0.0,0.0,5.0,5.0,8.0,5.0,15.0,10.0
22/01/2022,Vitesse,Groningen,1,3,A,3.0,2.0,2.0,4.0,2.0,7.0,12.0,15.0,7.0,11.0
22/01/2022,AZ Alkmaar,Cambuur,0,0,D,18.0,0.0,0.0,2.0,5.0,2.0,6.0,7.0,18.0,5.0
22/01/2022,Heerenveen,Zwolle,0,1,A,3.0,6.0,0.0,2.0,4.0,6.0,9.0,13.0,14.0,10.0
22/01/2022,Willem II,Twente,0,1,A,4.0,4.0,1.0,1.0,1.0,2.0,7.0,4.0,6.0,7.0
23/01/2022,Nijmegen,Feyenoord,1,4,A,2.0,9.0,0.0,0.0,4.0,11.0,6.0,13.0,6.0,28.0
23/01/2022,Heracles,Go Ahead Eagles,1,1,D,8.0,4.0,2.0,1.0,4.0,2.0,11.0,7.0,20.0,11.0
23/01/2022,PSV Eindhoven,Ajax,1,2,A,6.0,5.0,3.0,1.0,4.0,6.0,15.0,17.0,10.0,15.0
23/01/2022,Sparta Rotterdam,Utrecht,0,3,A,5.0,7.0,1.0,2.0,1.0,7.0,8.0,16.0,9.0,13.0
23/01/2022,Waalwijk,For Sittard,2,1,H,4.0,5.0,2.0,4.0,6.0,6.0,11.0,12.0,14.0,13.0
05/02/2022,Utrecht,Cambuur,3,2,H,10.0,5.0,2.0,2.0,6.0,5.0,12.0,11.0,13.0,8.0
05/02/2022,For Sittard,Heerenveen,2,0,H,7.0,5.0,2.0,1.0,3.0,4.0,10.0,15.0,6.0,15.0
05/02/2022,PSV Eindhoven,AZ Alkmaar,1,2,A,8.0,5.0,3.0,4.0,4.0,3.0,10.0,10.0,15.0,12.0
05/02/2022,Zwolle,Nijmegen,1,1,D,5.0,4.0,2.0,2.0,5.0,4.0,12.0,9.0,13.0,12.0
05/02/2022,Twente,Vitesse,3,0,H,6.0,0.0,0.0,1.0,6.0,2.0,12.0,9.0,17.0,8.0
06/02/2022,Feyenoord,Sparta Rotterdam,4,0,H,5.0,0.0,1.0,1.0,6.0,0.0,9.0,11.0,16.0,5.0
06/02/2022,Groningen,Go Ahead Eagles,2,1,H,2.0,5.0,1.0,1.0,5.0,5.0,6.0,12.0,17.0,13.0
06/02/2022,Willem II,Waalwijk,3,1,H,1.0,7.0,0.0,2.0,4.0,6.0,7.0,8.0,6.0,13.0
06/02/2022,Ajax,Heracles,3,0,H,7.0,0.0,2.0,2.0,12.0,0.0,10.0,13.0,25.0,5.0
11/02/2022,Heracles,Utrecht,1,0,H,7.0,4.0,2.0,1.0,5.0,5.0,7.0,7.0,14.0,17.0
12/02/2022,Cambuur,Zwolle,3,4,A,6.0,2.0,0.0,0.0,6.0,9.0,11.0,15.0,11.0,12.0
12/02/2022,Groningen,For Sittard,0,1,A,7.0,5.0,2.0,1.0,7.0,5.0,6.0,10.0,18.0,8.0
12/02/2022,Vitesse,PSV Eindhoven,0,5,A,6.0,3.0,2.0,0.0,2.0,13.0,8.0,12.0,18.0,18.0
13/02/2022,Go Ahead Eagles,AZ Alkmaar,1,4,A,4.0,7.0,0.0,1.0,4.0,9.0,5.0,10.0,9.0,16.0
13/02/2022,Sparta Rotterdam,Willem II,1,0,H,2.0,1.0,1.0,2.0,6.0,0.0,15.0,13.0,14.0,5.0
13/02/2022,Heerenveen,Nijmegen,0,1,A,6.0,3.0,3.0,3.0,4.0,2.0,11.0,7.0,14.0,6.0
13/02/2022,Waalwijk,Feyenoord,0,2,A,9.0,8.0,0.0,0.0,4.0,4.0,7.0,8.0,11.0,16.0
13/02/2022,Ajax,Twente,5,0,H,10.0,0.0,1.0,1.0,11.0,1.0,6.0,9.0,23.0,3.0
19/02/2022,Nijmegen,Waalwijk,1,1,D,8.0,3.0,2.0,3.0,6.0,3.0,7.0,16.0,24.0,12.0
19/02/2022,Willem II,Ajax,0,1,A,2.0,12.0,1.0,0.0,1.0,5.0,8.0,4.0,6.0,31.0
19/02/2022,AZ Alkmaar,Heracles,2,1,H,3.0,3.0,0.0,1.0,5.0,1.0,12.0,11.0,13.0,3.0
20/02/2022,Zwolle,Groningen,1,1,D,6.0,1.0,3.0,5.0,4.0,3.0,15.0,15.0,10.0,11.0
20/02/2022,Feyenoord,Cambuur,3,1,H,4.0,1.0,2.0,3.0,11.0,2.0,8.0,12.0,19.0,6.0
20/02/2022,Twente,Go Ahead Eagles,2,2,D,6.0,4.0,3.0,3.0,5.0,6.0,10.0,11.0,25.0,9.0
20/02/2022,PSV Eindhoven,Heerenveen,3,1,H,9.0,4.0,0.0,0.0,4.0,4.0,7.0,7.0,13.0,9.0
20/02/2022,Utrecht,Vitesse,1,1,D,3.0,2.0,3.0,2.0,1.0,2.0,9.0,11.0,8.0,19.0
25/02/2022,Waalwijk,Twente,1,2,A,6.0,6.0,2.0,2.0,6.0,4.0,13.0,16.0,15.0,18.0
26/02/2022,Heracles,Zwolle,2,0,H,8.0,5.0,0.0,0.0,8.0,2.0,10.0,14.0,22.0,12.0
26/02/2022,Groningen,Willem II,1,0,H,5.0,5.0,1.0,0.0,5.0,0.0,7.0,7.0,17.0,9.0
26/02/2022,Cambuur,For Sittard,2,1,H,6.0,5.0,0.0,3.0,9.0,4.0,6.0,15.0,16.0,9.0
27/02/2022,AZ Alkmaar,Feyenoord,2,1,H,5.0,7.0,5.0,3.0,3.0,6.0,22.0,8.0,9.0,13.0
27/02/2022,Vitesse,Nijmegen,4,1,H,6.0,1.0,2.0,0.0,8.0,3.0,14.0,7.0,20.0,8.0
27/02/2022,Sparta Rotterdam,PSV Eindhoven,1,2,A,4.0,11.0,5.0,3.0,4.0,9.0,13.0,9.0,12.0,21.0
27/02/2022,Go Ahead Eagles,Ajax,2,1,H,2.0,8.0,1.0,0.0,4.0,4.0,8.0,11.0,7.0,20.0
27/02/2022,Heerenveen,Utrecht,1,2,A,6.0,6.0,0.0,2.0,6.0,8.0,8.0,13.0,10.0,11.0
05/03/2022,Willem II,Heerenveen,0,0,D,11.0,2.0,2.0,0.0,5.0,3.0,5.0,10.0,15.0,10.0
05/03/2022,Go Ahead Eagles,Utrecht,1,1,D,7.0,3.0,1.0,1.0,3.0,7.0,9.0,9.0,9.0,19.0
05/03/2022,Feyenoord,Groningen,1,1,D,8.0,1.0,0.0,0.0,6.0,3.0,7.0,12.0,23.0,6.0
06/03/2022,PSV Eindhoven,Heracles,3,1,H,8.0,2.0,1.0,1.0,14.0,1.0,6.0,8.0,25.0,5.0
06/03/2022,Twente,Cambuur,1,0,H,9.0,5.0,1.0,5.0,4.0,0.0,15.0,14.0,21.0,5.0
06/03/2022,Ajax,Waalwijk,3,2,H,9.0,3.0,3.0,1.0,14.0,3.0,6.0,16.0,39.0,6.0
06/03/2022,Nijmegen,AZ Alkmaar,1,3,A,4.0,6.0,0.0,1.0,7.0,7.0,3.0,8.0,13.0,10.0
06/03/2022,For Sittard,Zwolle,0,1,A,3.0,4.0,1.0,2.0,3.0,4.0,7.0,12.0,17.0,20.0
11/03/2022,Cambuur,Ajax,2,3,A,5.0,5.0,2.0,1.0,3.0,10.0,8.0,9.0,6.0,25.0
12/03/2022,Sparta Rotterdam,Go Ahead Eagles,1,0,H,1.0,4.0,0.0,1.0,5.0,2.0,10.0,12.0,12.0,8.0
12/03/2022,Groningen,Nijmegen,4,3,H,8.0,10.0,4.0,0.0,7.0,7.0,8.0,6.0,20.0,18.0
12/03/2022,Waalwijk,Heerenveen,0,0,D,7.0,7.0,3.0,2.0,0.0,2.0,14.0,10.0,6.0,17.0
13/03/2022,For Sittard,Willem II,1,0,H,1.0,9.0,5.0,1.0,2.0,1.0,9.0,10.0,15.0,12.0
13/03/2022,Heracles,Vitesse,0,0,D,8.0,5.0,2.0,3.0,1.0,2.0,15.0,20.0,11.0,10.0
13/03/2022,Utrecht,PSV Eindhoven,0,1,A,6.0,15.0,2.0,3.0,3.0,4.0,6.0,4.0,6.0,20.0
13/03/2022,Zwolle,Feyenoord,1,2,A,3.0,6.0,3.0,1.0,3.0,6.0,14.0,10.0,7.0,16.0
13/03/2022,AZ Alkmaar,Twente,0,1,A,2.0,3.0,2.0,2.0,0.0,3.0,14.0,10.0,7.0,7.0
18/03/2022,Heerenveen,Heracles,2,0,H,9.0,1.0,0.0,1.0,8.0,2.0,6.0,8.0,14.0,7.0
19/03/2022,Go Ahead Eagles,Cambuur,3,0,H,2.0,4.0,1.0,5.0,5.0,1.0,11.0,10.0,14.0,1.0
19/03/2022,Twente,Zwolle,1,0,H,4.0,5.0,0.0,2.0,7.0,4.0,9.0,8.0,18.0,9.0
19/03/2022,Nijmegen,Sparta Rotterdam,0,0,D,4.0,2.0,1.0,1.0,6.0,0.0,7.0,13.0,18.0,3.0
20/03/2022,Utrecht,Groningen,1,3,A,4.0,3.0,1.0,3.0,6.0,5.0,13.0,17.0,19.0,9.0
20/03/2022,Ajax,Feyenoord,3,2,H,4.0,4.0,3.0,0.0,8.0,4.0,13.0,14.0,17.0,14.0
20/03/2022,PSV Eindhoven,For Sittard,5,0,H,11.0,3.0,0.0,0.0,15.0,0.0,5.0,3.0,24.0,6.0
20/03/2022,Vitesse,Waalwijk,1,2,A,10.0,1.0,1.0,1.0,3.0,4.0,10.0,10.0,25.0,8.0
20/03/2022,Willem II,AZ Alkmaar,2,2,D,1.0,8.0,0.0,3.0,2.0,5.0,5.0,11.0,5.0,22.0
02/04/2022,Groningen,Ajax,1,3,A,1.0,2.0,0.0,0.0,3.0,7.0,12.0,9.0,8.0,16.0
02/04/2022,Twente,PSV Eindhoven,3,3,D,1.0,4.0,3.0,3.0,5.0,8.0,13.0,8.0,13.0,16.0
02/04/2022,AZ Alkmaar,Vitesse,3,1,H,2.0,9.0,1.0,2.0,2.0,5.0,8.0,11.0,9.0,15.0
02/04/2022,Waalwijk,Utrecht,1,1,D,2.0,3.0,0.0,0.0,2.0,5.0,10.0,8.0,5.0,11.0
02/04/2022,Feyenoord,Willem II,2,0,H,9.0,2.0,0.0,2.0,9.0,0.0,7.0,11.0,30.0,3.0
03/04/2022,Zwolle,Go Ahead Eagles,0,1,A,4.0,4.0,0.0,0.0,1.0,4.0,10.0,5.0,13.0,14.0
03/04/2022,For Sittard,Heracles,0,2,A,6.0,1.0,1.0,0.0,5.0,4.0,11.0,7.0,10.0,11.0
03/04/2022,Sparta Rotterdam,Heerenveen,1,1,D,5.0,3.0,0.0,0.0,4.0,3.0,13.0,11.0,8.0,7.0
03/04/2022,Cambuur,Nijmegen,1,2,A,6.0,3.0,1.0,2.0,4.0,6.0,12.0,12.0,15.0,9.0
08/04/2022,Go Ahead Eagles,Willem II,4,0,H,4.0,9.0,0.0,0.0,10.0,5.0,3.0,5.0,18.0,10.0
09/04/2022,Utrecht,For Sittard,1,1,D,10.0,6.0,0.0,2.0,5.0,10.0,11.0,9.0,18.0,16.0
09/04/2022,Ajax,Sparta Rotterdam,2,1,H,12.0,5.0,0.0,3.0,6.0,1.0,4.0,12.0,18.0,11.0
09/04/2022,Nijmegen,Twente,0,2,A,2.0,6.0,1.0,0.0,3.0,4.0,16.0,10.0,8.0,12.0
10/04/2022,Heerenveen,Groningen,3,1,H,9.0,6.0,2.0,1.0,7.0,4.0,9.0,10.0,11.0,10.0
10/04/2022,PSV Eindhoven,Waalwijk,2,0,H,7.0,5.0,3.0,3.0,8.0,2.0,9.0,12.0,18.0,10.0
10/04/2022,Vitesse,Cambuur,1,0,H,8.0,3.0,1.0,1.0,14.0,0.0,7.0,8.0,31.0,4.0
10/04/2022,Heracles,Feyenoord,1,4,A,9.0,7.0,1.0,0.0,8.0,8.0,6.0,8.0,19.0,23.0
10/04/2022,Zwolle,AZ Alkmaar,2,1,H,4.0,3.0,0.0,1.0,7.0,5.0,9.0,10.0,13.0,14.0
16/04/2022,For Sittard,Sparta Rotterdam,3,0,H,14.0,4.0,1.0,3.0,4.0,1.0,16.0,11.0,12.0,7.0
19/04/2022,Vitesse,Sparta Rotterdam,0,1,A,4.0,0.0,2.0,2.0,5.0,1.0,6.0,8.0,8.0,3.0
22/04/2022,Twente,Sparta Rotterdam,2,0,H,10.0,3.0,0.0,3.0,7.0,0.0,3.0,15.0,19.0,5.0
23/04/2022,Nijmegen,Ajax,0,1,A,4.0,8.0,2.0,1.0,2.0,6.0,14.0,9.0,8.0,17.0
23/04/2022,AZ Alkmaar,Heerenveen,2,1,H,3.0,2.0,1.0,2.0,8.0,4.0,5.0,6.0,24.0,12.0
23/04/2022,Waalwijk,Zwolle,0,2,A,4.0,2.0,2.0,1.0,5.0,4.0,13.0,14.0,13.0,10.0
23/04/2022,Cambuur,PSV Eindhoven,1,2,A,1.0,18.0,4.0,0.0,3.0,7.0,10.0,13.0,6.0,24.0
24/04/2022,Willem II,Vitesse,1,0,H,4.0,2.0,0.0,4.0,2.0,2.0,12.0,11.0,8.0,12.0
24/04/2022,Feyenoord,Utrecht,2,1,H,11.0,4.0,1.0,2.0,7.0,1.0,8.0,6.0,16.0,4.0
24/04/2022,Groningen,Heracles,0,1,A,1.0,2.0,0.0,1.0,2.0,5.0,12.0,11.0,7.0,9.0
24/04/2022,For Sittard,Go Ahead Eagles,1,0,H,4.0,2.0,0.0,0.0,4.0,1.0,11.0,10.0,14.0,5.0
29/04/2022,Utrecht,Nijmegen,1,0,H,10.0,2.0,0.0,3.0,8.0,4.0,13.0,13.0,21.0,11.0
30/04/2022,Ajax,Zwolle,3,0,H,1.0,1.0,0.0,0.0,9.0,1.0,6.0,15.0,20.0,10.0
30/04/2022,Heracles,Twente,1,1,D,2.0,2.0,2.0,3.0,2.0,6.0,8.0,12.0,7.0,17.0
30/04/2022,Sparta Rotterdam,AZ Alkmaar,1,1,D,2.0,8.0,0.0,0.0,5.0,5.0,8.0,9.0,13.0,18.0
01/05/2022,Heerenveen,Cambuur,3,3,D,5.0,4.0,2.0,1.0,7.0,3.0,8.0,3.0,22.0,8.0
01/05/2022,Go Ahead Eagles,Vitesse,1,2,A,5.0,3.0,0.0,3.0,7.0,5.0,5.0,12.0,14.0,12.0
01/05/2022,PSV Eindhoven,Willem II,4,2,H,7.0,4.0,0.0,1.0,6.0,3.0,7.0,13.0,12.0,8.0
01/05/2022,For Sittard,Feyenoord,1,3,A,4.0,5.0,0.0,0.0,3.0,9.0,11.0,13.0,15.0,21.0
01/05/2022,Waalwijk,Groningen,3,1,H,2.0,4.0,0.0,1.0,3.0,4.0,9.0,13.0,11.0,12.0
06/05/2022,Cambuur,Waalwijk,1,1,D,3.0,5.0,1.0,1.0,4.0,4.0,6.0,11.0,14.0,20.0
07/05/2022,Twente,For Sittard,1,2,A,5.0,0.0,3.0,6.0,4.0,5.0,15.0,14.0,22.0,9.0
07/05/2022,Willem II,Heracles,2,0,H,9.0,0.0,0.0,0.0,11.0,2.0,8.0,12.0,21.0,3.0
07/05/2022,Zwolle,Utrecht,1,1,D,7.0,9.0,0.0,0.0,7.0,5.0,7.0,5.0,18.0,15.0
07/05/2022,Groningen,Sparta Rotterdam,1,2,A,8.0,2.0,1.0,2.0,5.0,3.0,8.0,9.0,17.0,9.0
08/05/2022,Nijmegen,Go Ahead Eagles,1,0,H,5.0,2.0,2.0,2.0,7.0,2.0,9.0,17.0,17.0,8.0
08/05/2022,AZ Alkmaar,Ajax,2,2,D,0.0,10.0,3.0,1.0,4.0,4.0,15.0,11.0,12.0,13.0
08/05/2022,Vitesse,Heerenveen,1,2,A,4.0,8.0,1.0,1.0,6.0,4.0,10.0,7.0,12.0,13.0
08/05/2022,Feyenoord,PSV Eindhoven,2,2,D,6.0,5.0,3.0,2.0,7.0,5.0,13.0,14.0,20.0,16.0
11/05/2022,Ajax,Heerenveen,5,0,H,6.0,5.0,0.0,0.0,7.0,1.0,8.0,5.0,18.0,5.0
11/05/2022,Cambuur,Willem II,1,1,D,1.0,10.0,1.0,3.0,2.0,3.0,11.0,15.0,6.0,13.0
11/05/2022,For Sittard,Vitesse,1,2,A,4.0,4.0,1.0,1.0,4.0,5.0,11.0,7.0,9.0,15.0
11/05/2022,Go Ahead Eagles,Feyenoord,0,1,A,0.0,2.0,0.0,0.0,2.0,4.0,6.0,14.0,12.0,11.0
11/05/2022,PSV Eindhoven,Nijmegen,3,2,H,3.0,2.0,0.0,0.0,6.0,7.0,5.0,9.0,13.0,12.0
11/05/2022,Sparta Rotterdam,Zwolle,2,0,H,4.0,13.0,2.0,1.0,2.0,3.0,8.0,10.0,6.0,22.0
11/05/2022,Twente,Groningen,3,0,H,5.0,3.0,0.0,1.0,9.0,4.0,11.0,10.0,20.0,9.0
11/05/2022,Utrecht,AZ Alkmaar,2,2,D,7.0,6.0,1.0,1.0,4.0,4.0,11.0,10.0,11.0,9.0
11/05/2022,Waalwijk,Heracles,2,0,H,9.0,4.0,2.0,0.0,5.0,1.0,8.0,10.0,15.0,9.0
15/05/2022,AZ Alkmaar,Waalwijk,1,3,A,8.0,2.0,0.0,0.0,6.0,5.0,10.0,13.0,14.0,9.0
15/05/2022,Feyenoord,Twente,1,2,A,7.0,0.0,3.0,2.0,3.0,4.0,10.0,13.0,11.0,9.0
15/05/2022,Groningen,Cambuur,2,3,A,11.0,4.0,2.0,3.0,4.0,4.0,8.0,10.0,20.0,13.0
15/05/2022,Heerenveen,Go Ahead Eagles,3,1,H,5.0,2.0,1.0,2.0,7.0,2.0,8.0,7.0,13.0,4.0
15/05/2022,Heracles,Sparta Rotterdam,1,3,A,4.0,2.0,0.0,0.0,5.0,4.0,8.0,8.0,28.0,7.0
15/05/2022,Nijmegen,For Sittard,0,1,A,11.0,0.0,1.0,4.0,7.0,3.0,10.0,20.0,30.0,8.0
15/05/2022,Vitesse,Ajax,2,2,D,5.0,6.0,0.0,4.0,6.0,4.0,6.0,6.0,12.0,14.0
15/05/2022,Willem II,Utrecht,3,0,H,2.0,5.0,1.0,1.0,6.0,3.0,8.0,8.0,18.0,8.0
15/05/2022,Zwolle,PSV Eindhoven,1,2,A,9.0,4.0,1.0,0.0,12.0,11.0,6.0,2.0,21.0,21.0
05/08/2022,Heerenveen,Sparta Rotterdam,0,0,D,3.0,6.0,1.0,1.0,2.0,1.0,5.0,8.0,11.0,13.0
06/08/2022,For Sittard,Ajax,2,3,A,3.0,10.0,3.0,0.0,2.0,4.0,15.0,12.0,13.0,15.0
06/08/2022,Cambuur,Excelsior,0,2,A,10.0,2.0,1.0,2.0,8.0,4.0,9.0,5.0,27.0,7.0
06/08/2022,PSV Eindhoven,FC Emmen,4,1,H,3.0,6.0,0.0,1.0,6.0,2.0,6.0,12.0,11.0,6.0
06/08/2022,Waalwijk,Utrecht,2,2,D,3.0,7.0,1.0,0.0,3.0,3.0,8.0,10.0,11.0,11.0
07/08/2022,Groningen,Volendam,2,2,D,7.0,4.0,0.0,1.0,6.0,3.0,7.0,11.0,18.0,11.0
07/08/2022,Nijmegen,Twente,0,1,A,6.0,9.0,1.0,1.0,4.0,2.0,9.0,9.0,11.0,13.0
07/08/2022,Vitesse,Feyenoord,2,5,A,5.0,6.0,2.0,1.0,3.0,8.0,9.0,12.0,9.0,16.0
07/08/2022,AZ Alkmaar,Go Ahead Eagles,2,0,H,7.0,3.0,1.0,1.0,8.0,2.0,8.0,11.0,19.0,8.0
12/08/2022,Excelsior,Vitesse,3,1,H,1.0,8.0,0.0,0.0,6.0,6.0,10.0,18.0,11.0,22.0
13/08/2022,Go Ahead Eagles,PSV Eindhoven,2,5,A,6.0,6.0,1.0,0.0,4.0,11.0,13.0,8.0,11.0,23.0
13/08/2022,FC Emmen,Waalwijk,1,1,D,3.0,4.0,3.0,1.0,5.0,2.0,15.0,15.0,11.0,12.0
13/08/2022,Utrecht,Cambuur,0,0,D,7.0,4.0,3.0,1.0,6.0,10.0,11.0,14.0,15.0,21.0
13/08/2022,Feyenoord,Heerenveen,0,0,D,7.0,2.0,1.0,2.0,11.0,3.0,8.0,6.0,19.0,8.0
14/08/2022,Volendam,Nijmegen,1,4,A,6.0,6.0,2.0,0.0,6.0,8.0,15.0,13.0,16.0,13.0
14/08/2022,Ajax,Groningen,6,1,H,7.0,3.0,1.0,0.0,11.0,2.0,4.0,6.0,24.0,4.0
14/08/2022,Twente,For Sittard,3,0,H,10.0,1.0,1.0,3.0,8.0,1.0,13.0,12.0,19.0,5.0
14/08/2022,Sparta Rotterdam,AZ Alkmaar,2,3,A,2.0,6.0,2.0,2.0,3.0,7.0,12.0,7.0,8.0,25.0
20/08/2022,Vitesse,Heerenveen,0,4,A,3.0,4.0,3.0,2.0,2.0,4.0,11.0,8.0,4.0,13.0
20/08/2022,For Sittard,Cambuur,1,4,A,6.0,5.0,3.0,1.0,6.0,8.0,11.0,4.0,19.0,16.0
20/08/2022,FC Emmen,Utrecht,3,2,H,6.0,6.0,0.0,0.0,7.0,4.0,8.0,6.0,13.0,9.0
21/08/2022,Groningen,Go Ahead Eagles,1,0,H,5.0,4.0,2.0,2.0,2.0,3.0,11.0,15.0,9.0,8.0
21/08/2022,Sparta Rotterdam,Ajax,0,1,A,2.0,7.0,1.0,1.0,5.0,3.0,10.0,9.0,9.0,14.0
21/08/2022,Waalwijk,Feyenoord,0,1,A,6.0,8.0,2.0,0.0,4.0,8.0,13.0,5.0,10.0,18.0
26/08/2022,Nijmegen,Groningen,1,1,D,7.0,6.0,2.0,2.0,7.0,6.0,11.0,9.0,16.0,15.0
27/08/2022,Go Ahead Eagles,Sparta Rotterdam,0,1,A,6.0,7.0,1.0,1.0,6.0,7.0,13.0,3.0,11.0,17.0
27/08/2022,Vitesse,Waalwijk,2,2,D,10.0,4.0,0.0,1.0,8.0,5.0,12.0,7.0,25.0,10.0
27/08/2022,Feyenoord,FC Emmen,4,0,H,11.0,2.0,0.0,0.0,7.0,1.0,7.0,9.0,22.0,7.0
27/08/2022,Heerenveen,For Sittard,2,1,H,8.0,6.0,1.0,1.0,9.0,3.0,8.0,9.0,23.0,8.0
28/08/2022,Utrecht,Ajax,0,2,A,3.0,4.0,2.0,3.0,1.0,4.0,9.0,10.0,5.0,10.0
28/08/2022,Excelsior,PSV Eindhoven,1,6,A,3.0,9.0,0.0,1.0,4.0,13.0,7.0,7.0,9.0,27.0
28/08/2022,Volendam,Twente,1,0,H,4.0,10.0,2.0,0.0,5.0,6.0,12.0,9.0,11.0,20.0
28/08/2022,Cambuur,AZ Alkmaar,0,1,A,5.0,5.0,1.0,1.0,4.0,3.0,7.0,11.0,9.0,16.0
31/08/2022,PSV Eindhoven,Volendam,7,1,H,10.0,3.0,0.0,3.0,16.0,4.0,2.0,8.0,25.0,9.0
31/08/2022,Twente,Excelsior,4,0,H,1.0,4.0,0.0,0.0,6.0,2.0,7.0,8.0,11.0,9.0
01/09/2022,AZ Alkmaar,Nijmegen,1,1,D,8.0,3.0,1.0,1.0,13.0,2.0,7.0,10.0,30.0,4.0
02/09/2022,For Sittard,Utrecht,3,4,A,6.0,8.0,1.0,2.0,8.0,11.0,8.0,6.0,16.0,26.0
03/09/2022,Ajax,Cambuur,4,0,H,9.0,1.0,1.0,2.0,8.0,3.0,7.0,7.0,22.0,5.0
03/09/2022,Twente,PSV Eindhoven,2,1,H,4.0,6.0,1.0,2.0,5.0,6.0,8.0,17.0,18.0,13.0
03/09/2022,Sparta Rotterdam,Volendam,4,0,H,5.0,11.0,0.0,0.0,9.0,6.0,5.0,0.0,15.0,18.0
03/09/2022,Go Ahead Eagles,Feyenoord,3,4,A,6.0,12.0,0.0,0.0,4.0,11.0,11.0,9.0,10.0,23.0
04/09/2022,Waalwijk,Excelsior,5,2,H,8.0,3.0,1.0,1.0,9.0,4.0,14.0,6.0,22.0,10.0
04/09/2022,FC Emmen,AZ Alkmaar,0,3,A,7.0,1.0,0.0,2.0,2.0,7.0,5.0,10.0,11.0,15.0
04/09/2022,Heerenveen,Nijmegen,0,0,D,1.0,5.0,1.0,1.0,2.0,2.0,8.0,18.0,11.0,12.0
04/09/2022,Groningen,Vitesse,0,1,A,3.0,8.0,1.0,2.0,0.0,5.0,7.0,10.0,7.0,19.0
09/09/2022,Volendam,Go Ahead Eagles,2,3,A,8.0,10.0,3.0,2.0,6.0,4.0,10.0,16.0,18.0,11.0
10/09/2022,Nijmegen,For Sittard,1,1,D,13.0,4.0,0.0,6.0,6.0,3.0,14.0,23.0,22.0,8.0
10/09/2022,Ajax,Heerenveen,5,0,H,17.0,3.0,1.0,2.0,7.0,1.0,3.0,4.0,20.0,5.0
10/09/2022,Excelsior,FC Emmen,2,1,H,6.0,8.0,1.0,2.0,4.0,4.0,10.0,8.0,13.0,11.0
11/09/2022,Utrecht,Vitesse,1,0,H,10.0,10.0,0.0,1.0,5.0,5.0,6.0,3.0,12.0,12.0
11/09/2022,Cambuur,Groningen,0,1,A,6.0,4.0,2.0,3.0,2.0,3.0,9.0,15.0,14.0,10.0
11/09/2022,PSV Eindhoven,Waalwijk,1,0,H,12.0,3.0,1.0,5.0,5.0,3.0,5.0,14.0,31.0,9.0
11/09/2022,AZ Alkmaar,Twente,1,1,D,6.0,5.0,1.0,2.0,3.0,2.0,9.0,8.0,12.0,10.0
11/09/2022,Feyenoord,Sparta Rotterdam,3,0,H,8.0,3.0,0.0,0.0,9.0,2.0,13.0,4.0,23.0,8.0
16/09/2022,Utrecht,Nijmegen,0,0,D,6.0,5.0,3.0,1.0,7.0,3.0,8.0,8.0,17.0,12.0
17/09/2022,Sparta Rotterdam,Groningen,2,1,H,5.0,1.0,0.0,3.0,4.0,2.0,11.0,10.0,9.0,4.0
17/09/2022,Vitesse,Volendam,1,1,D,11.0,3.0,2.0,1.0,9.0,6.0,12.0,10.0,17.0,11.0
17/09/2022,Waalwijk,Cambuur,5,1,H,16.0,0.0,2.0,2.0,13.0,2.0,5.0,11.0,33.0,4.0
17/09/2022,For Sittard,Excelsior,1,0,H,1.0,5.0,4.0,3.0,4.0,2.0,10.0,9.0,13.0,14.0
18/09/2022,Go Ahead Eagles,FC Emmen,2,0,H,3.0,5.0,2.0,2.0,7.0,6.0,15.0,12.0,16.0,13.0
18/09/2022,Heerenveen,Twente,2,1,H,9.0,11.0,3.0,2.0,6.0,6.0,10.0,8.0,14.0,20.0
18/09/2022,PSV Eindhoven,Feyenoord,4,3,H,13.0,1.0,2.0,1.0,10.0,6.0,10.0,10.0,27.0,13.0
18/09/2022,AZ Alkmaar,Ajax,2,1,H,3.0,5.0,3.0,2.0,8.0,7.0,5.0,8.0,13.0,15.0
01/10/2022,Cambuur,PSV Eindhoven,3,0,H,7.0,4.0,0.0,1.0,4.0,5.0,7.0,11.0,11.0,12.0
01/10/2022,Groningen,AZ Alkmaar,1,4,A,1.0,1.0,1.0,1.0,2.0,7.0,7.0,11.0,14.0,13.0
01/10/2022,Ajax,Go Ahead Eagles,1,1,D,7.0,0.0,1.0,1.0,7.0,1.0,6.0,14.0,23.0,3.0
01/10/2022,Twente,Vitesse,3,0,H,5.0,2.0,1.0,1.0,6.0,1.0,15.0,7.0,18.0,8.0
02/10/2022,For Sittard,Volendam,2,0,H,8.0,4.0,1.0,0.0,6.0,4.0,8.0,9.0,20.0,7.0
02/10/2022,Excelsior,Utrecht,0,1,A,8.0,10.0,2.0,1.0,3.0,7.0,12.0,11.0,14.0,20.0
02/10/2022,Nijmegen,Feyenoord,1,1,D,4.0,10.0,1.0,6.0,2.0,8.0,10.0,20.0,8.0,19.0
02/10/2022,Waalwijk,Sparta Rotterdam,2,2,D,6.0,5.0,2.0,0.0,5.0,6.0,8.0,10.0,13.0,15.0
02/10/2022,FC Emmen,Heerenveen,0,0,D,2.0,4.0,1.0,0.0,3.0,1.0,6.0,8.0,12.0,8.0
07/10/2022,Groningen,Waalwijk,2,3,A,8.0,9.0,1.0,2.0,8.0,5.0,5.0,10.0,15.0,13.0
08/10/2022,Volendam,Ajax,2,4,A,3.0,6.0,2.0,3.0,6.0,9.0,12.0,12.0,13.0,19.0
08/10/2022,Sparta Rotterdam,FC Emmen,3,1,H,4.0,2.0,4.0,3.0,4.0,2.0,14.0,7.0,15.0,11.0
08/10/2022,Nijmegen,Excelsior,1,1,D,8.0,4.0,2.0,3.0,6.0,4.0,9.0,15.0,15.0,9.0
09/10/2022,Go Ahead Eagles,Cambuur,0,0,D,12.0,5.0,2.0,0.0,6.0,3.0,10.0,8.0,20.0,7.0
09/10/2022,Feyenoord,Twente,2,0,H,10.0,3.0,2.0,1.0,7.0,2.0,8.0,11.0,20.0,5.0
09/10/2022,Utrecht,AZ Alkmaar,1,2,A,6.0,7.0,3.0,0.0,4.0,6.0,13.0,10.0,11.0,14.0
09/10/2022,Heerenveen,PSV Eindhoven,0,1,A,2.0,7.0,2.0,0.0,1.0,6.0,11.0,7.0,9.0,16.0
09/10/2022,Vitesse,For Sittard,1,2,A,8.0,3.0,4.0,1.0,2.0,4.0,16.0,7.0,10.0,8.0
14/10/2022,FC Emmen,Volendam,1,1,D,7.0,5.0,0.0,1.0,4.0,4.0,10.0,10.0,18.0,12.0
15/10/2022,For Sittard,Waalwijk,0,0,D,8.0,5.0,3.0,2.0,3.0,3.0,9.0,10.0,9.0,11.0
15/10/2022,Go Ahead Eagles,Heerenveen,1,1,D,2.0,3.0,2.0,1.0,3.0,3.0,6.0,11.0,13.0,16.0
15/10/2022,Cambuur,Vitesse,0,3,A,4.0,7.0,0.0,1.0,2.0,6.0,11.0,9.0,10.0,19.0
16/10/2022,Sparta Rotterdam,Nijmegen,2,0,H,4.0,3.0,2.0,3.0,4.0,4.0,13.0,10.0,14.0,15.0
16/10/2022,PSV Eindhoven,Utrecht,6,1,H,5.0,3.0,0.0,3.0,9.0,2.0,8.0,11.0,12.0,8.0
16/10/2022,Twente,Groningen,3,0,H,9.0,2.0,1.0,2.0,7.0,2.0,3.0,10.0,24.0,5.0
16/10/2022,AZ Alkmaar,Feyenoord,1,3,A,1.0,2.0,2.0,1.0,2.0,5.0,10.0,5.0,5.0,13.0
16/10/2022,Ajax,Excelsior,7,1,H,13.0,2.0,0.0,0.0,20.0,2.0,5.0,8.0,29.0,7.0
22/10/2022,Feyenoord,For Sittard,1,1,D,12.0,2.0,0.0,1.0,11.0,1.0,10.0,8.0,33.0,4.0
22/10/2022,Waalwijk,Ajax,1,4,A,5.0,7.0,3.0,2.0,4.0,8.0,7.0,9.0,14.0,17.0
22/10/2022,Vitesse,FC Emmen,2,1,H,4.0,3.0,1.0,2.0,4.0,2.0,9.0,14.0,16.0,4.0
23/10/2022,Excelsior,AZ Alkmaar,2,1,H,3.0,9.0,2.0,1.0,2.0,8.0,9.0,11.0,8.0,17.0
23/10/2022,Cambuur,Twente,0,1,A,7.0,5.0,3.0,2.0,3.0,4.0,11.0,17.0,8.0,15.0
23/10/2022,Groningen,PSV Eindhoven,4,2,H,2.0,13.0,0.0,0.0,7.0,10.0,9.0,5.0,17.0,28.0
23/10/2022,Nijmegen,Go Ahead Eagles,3,3,D,3.0,3.0,3.0,1.0,5.0,5.0,9.0,11.0,19.0,7.0
23/10/2022,Utrecht,Sparta Rotterdam,3,1,H,8.0,5.0,0.0,2.0,9.0,3.0,7.0,11.0,15.0,21.0
23/10/2022,Volendam,Heerenveen,1,3,A,8.0,5.0,2.0,3.0,5.0,4.0,7.0,8.0,12.0,9.0
29/10/2022,Heerenveen,Utrecht,1,2,A,4.0,2.0,2.0,4.0,8.0,2.0,8.0,10.0,17.0,5.0
29/10/2022,Sparta Rotterdam,For Sittard,3,1,H,6.0,6.0,1.0,2.0,5.0,3.0,10.0,9.0,14.0,13.0
29/10/2022,Go Ahead Eagles,Excelsior,3,1,H,6.0,3.0,0.0,4.0,8.0,4.0,12.0,10.0,15.0,9.0
30/10/2022,FC Emmen,Groningen,0,0,D,9.0,5.0,1.0,1.0,4.0,1.0,8.0,6.0,15.0,13.0
30/10/2022,PSV Eindhoven,Nijmegen,3,0,H,5.0,4.0,0.0,2.0,7.0,2.0,10.0,5.0,13.0,12.0
30/10/2022,Twente,Waalwijk,3,0,H,6.0,4.0,1.0,2.0,6.0,0.0,10.0,9.0,19.0,9.0
30/10/2022,AZ Alkmaar,Volendam,2,1,H,5.0,9.0,2.0,2.0,5.0,6.0,7.0,9.0,12.0,18.0
04/11/2022,Cambuur,Nijmegen,0,1,A,5.0,6.0,1.0,0.0,6.0,11.0,12.0,9.0,16.0,23.0
05/11/2022,Vitesse,Sparta Rotterdam,0,4,A,6.0,2.0,1.0,0.0,5.0,6.0,6.0,15.0,14.0,11.0
05/11/2022,For Sittard,FC Emmen,0,1,A,8.0,3.0,2.0,1.0,1.0,6.0,10.0,8.0,14.0,15.0
05/11/2022,Excelsior,Heerenveen,0,1,A,7.0,2.0,0.0,1.0,1.0,4.0,10.0,9.0,11.0,8.0
06/11/2022,Utrecht,Groningen,2,1,H,6.0,5.0,3.0,1.0,6.0,1.0,6.0,11.0,20.0,6.0
06/11/2022,Twente,Go Ahead Eagles,1,1,D,6.0,5.0,4.0,2.0,6.0,2.0,12.0,10.0,27.0,13.0
06/11/2022,Volendam,Feyenoord,0,2,A,6.0,8.0,2.0,2.0,2.0,12.0,9.0,7.0,7.0,23.0
06/11/2022,Ajax,PSV Eindhoven,1,2,A,9.0,1.0,2.0,3.0,5.0,2.0,11.0,14.0,14.0,5.0
06/11/2022,Waalwijk,AZ Alkmaar,3,1,H,8.0,5.0,1.0,3.0,7.0,6.0,7.0,8.0,17.0,12.0
09/11/2022,Ajax,Vitesse,2,2,D,8.0,7.0,1.0,1.0,8.0,8.0,10.0,13.0,34.0,10.0
10/11/2022,Feyenoord,Cambuur,1,0,H,8.0,4.0,3.0,1.0,7.0,4.0,9.0,9.0,21.0,7.0
11/11/2022,Sparta Rotterdam,Twente,1,1,D,3.0,7.0,2.0,0.0,2.0,5.0,11.0,10.0,11.0,17.0
12/11/2022,Volendam,Utrecht,0,4,A,4.0,5.0,1.0,1.0,2.0,8.0,9.0,8.0,12.0,13.0
12/11/2022,FC Emmen,Ajax,3,3,D,5.0,1.0,2.0,1.0,5.0,5.0,11.0,9.0,15.0,10.0
12/11/2022,PSV Eindhoven,AZ Alkmaar,0,1,A,4.0,2.0,0.0,2.0,2.0,3.0,8.0,12.0,10.0,10.0
13/11/2022,Nijmegen,Waalwijk,6,1,H,7.0,3.0,1.0,2.0,12.0,3.0,7.0,14.0,27.0,6.0
13/11/2022,Groningen,For Sittard,2,3,A,4.0,5.0,2.0,3.0,3.0,7.0,6.0,6.0,12.0,15.0
13/11/2022,Heerenveen,Cambuur,2,1,H,7.0,2.0,3.0,2.0,4.0,2.0,7.0,9.0,15.0,7.0
13/11/2022,Feyenoord,Excelsior,5,1,H,5.0,2.0,2.0,3.0,12.0,3.0,12.0,11.0,23.0,5.0
13/11/2022,Go Ahead Eagles,Vitesse,2,2,D,3.0,11.0,1.0,6.0,3.0,7.0,7.0,10.0,10.0,24.0
06/01/2023,Twente,FC Emmen,2,0,H,11.0,3.0,1.0,2.0,3.0,1.0,9.0,10.0,20.0,5.0
07/01/2023,Waalwijk,Heerenveen,0,0,D,3.0,7.0,1.0,1.0,2.0,9.0,10.0,9.0,6.0,18.0
07/01/2023,AZ Alkmaar,Vitesse,1,1,D,7.0,4.0,2.0,1.0,5.0,3.0,11.0,14.0,15.0,13.0
07/01/2023,For Sittard,Go Ahead Eagles,0,2,A,4.0,10.0,4.0,2.0,2.0,6.0,14.0,10.0,9.0,20.0
07/01/2023,PSV Eindhoven,Sparta Rotterdam,0,0,D,5.0,4.0,1.0,3.0,4.0,4.0,7.0,16.0,17.0,12.0
08/01/2023,Utrecht,Feyenoord,1,1,D,5.0,2.0,2.0,1.0,4.0,4.0,9.0,4.0,8.0,10.0
08/01/2023,Cambuur,Volendam,0,3,A,7.0,4.0,3.0,1.0,4.0,5.0,13.0,9.0,9.0,9.0
08/01/2023,Nijmegen,Ajax,1,1,D,1.0,9.0,1.0,3.0,1.0,7.0,9.0,14.0,6.0,21.0
08/01/2023,Excelsior,Groningen,1,0,H,4.0,6.0,2.0,3.0,3.0,4.0,11.0,11.0,14.0,11.0
14/01/2023,Heerenveen,AZ Alkmaar,0,2,A,3.0,1.0,0.0,3.0,2.0,6.0,12.0,12.0,21.0,13.0
14/01/2023,Volendam,Waalwijk,2,1,H,9.0,4.0,1.0,0.0,5.0,4.0,13.0,9.0,14.0,8.0
14/01/2023,Ajax,Twente,0,0,D,3.0,5.0,1.0,4.0,5.0,7.0,9.0,15.0,6.0,24.0
14/01/2023,Sparta Rotterdam,Excelsior,1,0,H,6.0,3.0,1.0,1.0,4.0,4.0,9.0,9.0,15.0,11.0
15/01/2023,Vitesse,Nijmegen,0,0,D,11.0,4.0,1.0,4.0,6.0,3.0,19.0,14.0,24.0,6.0
15/01/2023,For Sittard,PSV Eindhoven,2,2,D,1.0,10.0,0.0,2.0,3.0,12.0,9.0,7.0,6.0,32.0
15/01/2023,Go Ahead Eagles,Utrecht,2,2,D,5.0,7.0,3.0,0.0,4.0,6.0,10.0,8.0,13.0,11.0
15/01/2023,FC Emmen,Cambuur,0,0,D,6.0,7.0,0.0,1.0,7.0,2.0,7.0,17.0,15.0,9.0
15/01/2023,Groningen,Feyenoord,0,3,A,2.0,13.0,1.0,0.0,2.0,10.0,8.0,4.0,5.0,28.0
20/01/2023,Excelsior,Volendam,2,0,H,7.0,4.0,1.0,1.0,4.0,0.0,7.0,9.0,17.0,9.0
21/01/2023,Nijmegen,FC Emmen,3,1,H,9.0,5.0,0.0,1.0,5.0,4.0,11.0,21.0,20.0,10.0
21/01/2023,Cambuur,Sparta Rotterdam,0,3,A,6.0,2.0,1.0,0.0,3.0,6.0,12.0,6.0,14.0,12.0
21/01/2023,PSV Eindhoven,Vitesse,1,0,H,3.0,4.0,0.0,1.0,5.0,4.0,5.0,9.0,15.0,12.0
22/01/2023,Heerenveen,Groningen,3,1,H,7.0,5.0,0.0,3.0,9.0,3.0,6.0,15.0,18.0,10.0
22/01/2023,Feyenoord,Ajax,1,1,D,7.0,6.0,4.0,4.0,4.0,3.0,19.0,14.0,11.0,11.0
22/01/2023,Twente,Utrecht,2,0,H,4.0,4.0,1.0,1.0,6.0,1.0,9.0,7.0,15.0,7.0
22/01/2023,AZ Alkmaar,For Sittard,3,1,H,6.0,2.0,1.0,0.0,5.0,1.0,10.0,8.0,16.0,8.0
24/01/2023,FC Emmen,PSV Eindhoven,1,0,H,5.0,6.0,3.0,4.0,2.0,4.0,9.0,16.0,11.0,12.0
24/01/2023,Sparta Rotterdam,Waalwijk,0,0,D,2.0,3.0,0.0,0.0,4.0,3.0,7.0,12.0,9.0,12.0
25/01/2023,Go Ahead Eagles,AZ Alkmaar,1,4,A,6.0,7.0,1.0,1.0,1.0,9.0,9.0,18.0,13.0,16.0
25/01/2023,Vitesse,Twente,2,2,D,6.0,8.0,2.0,0.0,6.0,4.0,14.0,7.0,17.0,10.0
25/01/2023,For Sittard,Heerenveen,2,0,H,7.0,8.0,1.0,1.0,6.0,4.0,8.0,12.0,16.0,15.0
25/01/2023,Feyenoord,Nijmegen,2,0,H,12.0,4.0,1.0,2.0,9.0,5.0,6.0,5.0,22.0,8.0
25/01/2023,Utrecht,Excelsior,1,0,H,7.0,3.0,1.0,2.0,9.0,0.0,8.0,17.0,17.0,2.0
26/01/2023,Groningen,Cambuur,0,1,A,9.0,1.0,3.0,0.0,2.0,4.0,11.0,5.0,15.0,10.0
26/01/2023,Ajax,Volendam,1,1,D,13.0,0.0,0.0,1.0,7.0,1.0,6.0,13.0,31.0,2.0
28/01/2023,PSV Eindhoven,Go Ahead Eagles,2,0,H,9.0,2.0,2.0,2.0,3.0,1.0,6.0,10.0,19.0,6.0
28/01/2023,Waalwijk,FC Emmen,2,0,H,3.0,6.0,5.0,1.0,4.0,3.0,16.0,7.0,6.0,17.0
28/01/2023,Heerenveen,Vitesse,1,3,A,6.0,6.0,1.0,0.0,2.0,8.0,10.0,9.0,10.0,22.0
28/01/2023,Nijmegen,Sparta Rotterdam,1,1,D,11.0,3.0,1.0,2.0,4.0,4.0,9.0,18.0,26.0,9.0
28/01/2023,AZ Alkmaar,Utrecht,5,5,D,3.0,7.0,0.0,1.0,9.0,9.0,5.0,5.0,15.0,24.0
29/01/2023,Twente,Feyenoord,1,1,D,2.0,6.0,2.0,2.0,6.0,6.0,13.0,8.0,14.0,17.0
29/01/2023,Excelsior,Ajax,1,4,A,6.0,7.0,1.0,1.0,4.0,9.0,9.0,5.0,12.0,19.0
29/01/2023,Volendam,Groningen,3,2,H,5.0,3.0,0.0,1.0,5.0,3.0,10.0,7.0,12.0,13.0
29/01/2023,Cambuur,For Sittard,1,2,A,6.0,4.0,2.0,4.0,1.0,6.0,13.0,8.0,9.0,18.0
01/02/2023,Waalwijk,Go Ahead Eagles,3,1,H,1.0,4.0,2.0,2.0,4.0,2.0,14.0,9.0,6.0,11.0
03/02/2023,For Sittard,Sparta Rotterdam,0,0,D,3.0,3.0,0.0,0.0,7.0,2.0,6.0,7.0,14.0,8.0
04/02/2023,Volendam,AZ Alkmaar,1,1,D,2.0,6.0,1.0,3.0,2.0,3.0,12.0,10.0,9.0,13.0
04/02/2023,FC Emmen,Vitesse,2,2,D,6.0,4.0,1.0,4.0,3.0,8.0,7.0,9.0,6.0,14.0
04/02/2023,Utrecht,Heerenveen,1,0,H,4.0,3.0,1.0,2.0,7.0,5.0,10.0,10.0,12.0,9.0
04/02/2023,Excelsior,Waalwijk,0,0,D,10.0,0.0,1.0,2.0,3.0,6.0,5.0,7.0,15.0,17.0
05/02/2023,Cambuur,Ajax,0,5,A,3.0,6.0,3.0,1.0,1.0,5.0,18.0,6.0,4.0,20.0
05/02/2023,Feyenoord,PSV Eindhoven,2,2,D,12.0,1.0,2.0,7.0,7.0,4.0,7.0,14.0,35.0,7.0
05/02/2023,Go Ahead Eagles,Nijmegen,1,0,H,2.0,6.0,0.0,4.0,2.0,0.0,13.0,16.0,11.0,7.0
05/02/2023,Groningen,Twente,1,1,D,5.0,5.0,0.0,1.0,7.0,1.0,8.0,14.0,19.0,9.0
10/02/2023,AZ Alkmaar,Excelsior,5,0,H,10.0,0.0,0.0,1.0,11.0,1.0,9.0,9.0,21.0,3.0
11/02/2023,Nijmegen,Cambuur,0,0,D,14.0,4.0,2.0,4.0,6.0,4.0,14.0,15.0,16.0,13.0
11/02/2023,PSV Eindhoven,Groningen,6,0,H,18.0,1.0,0.0,0.0,13.0,1.0,7.0,6.0,34.0,3.0
11/02/2023,FC Emmen,For Sittard,0,1,A,3.0,6.0,1.0,1.0,2.0,4.0,7.0,7.0,10.0,14.0
12/02/2023,Sparta Rotterdam,Go Ahead Eagles,2,1,H,7.0,4.0,1.0,3.0,6.0,4.0,12.0,13.0,19.0,18.0
12/02/2023,Heerenveen,Feyenoord,1,2,A,5.0,7.0,1.0,1.0,4.0,3.0,9.0,12.0,13.0,13.0
12/02/2023,Vitesse,Utrecht,2,0,H,3.0,8.0,1.0,2.0,4.0,4.0,10.0,11.0,13.0,11.0
12/02/2023,Ajax,Waalwijk,3,1,H,10.0,2.0,2.0,2.0,5.0,3.0,11.0,11.0,17.0,6.0
12/02/2023,Twente,Volendam,3,0,H,9.0,2.0,1.0,0.0,9.0,2.0,11.0,7.0,18.0,9.0
17/02/2023,Waalwijk,For Sittard,3,1,H,5.0,4.0,1.0,3.0,9.0,5.0,12.0,6.0,18.0,10.0
18/02/2023,Volendam,Vitesse,2,0,H,5.0,8.0,1.0,0.0,3.0,1.0,13.0,5.0,9.0,15.0
18/02/2023,Groningen,FC Emmen,1,1,D,9.0,2.0,1.0,4.0,3.0,3.0,13.0,18.0,19.0,7.0
18/02/2023,Feyenoord,AZ Alkmaar,2,1,H,2.0,5.0,3.0,3.0,3.0,0.0,12.0,16.0,18.0,2.0
19/02/2023,Cambuur,Heerenveen,1,2,A,2.0,5.0,3.0,0.0,3.0,4.0,11.0,16.0,11.0,12.0
19/02/2023,Go Ahead Eagles,Twente,2,0,H,1.0,4.0,0.0,1.0,5.0,2.0,8.0,13.0,11.0,19.0
19/02/2023,Utrecht,PSV Eindhoven,2,2,D,2.0,5.0,0.0,1.0,4.0,8.0,14.0,7.0,8.0,16.0
19/02/2023,Ajax,Sparta Rotterdam,4,0,H,5.0,2.0,0.0,1.0,12.0,2.0,6.0,12.0,23.0,7.0
19/02/2023,Excelsior,Nijmegen,0,3,A,8.0,2.0,3.0,2.0,4.0,6.0,9.0,6.0,10.0,17.0
24/02/2023,Sparta Rotterdam,Utrecht,0,3,A,0.0,6.0,3.0,2.0,1.0,5.0,11.0,10.0,14.0,14.0
25/02/2023,Groningen,Excelsior,3,0,H,3.0,1.0,0.0,0.0,8.0,0.0,13.0,11.0,17.0,4.0
25/02/2023,Heerenveen,Waalwijk,1,4,A,5.0,0.0,2.0,2.0,8.0,4.0,8.0,14.0,26.0,8.0
25/02/2023,AZ Alkmaar,Cambuur,2,1,H,5.0,1.0,3.0,2.0,7.0,3.0,10.0,12.0,14.0,9.0
25/02/2023,Nijmegen,Volendam,3,0,H,6.0,1.0,0.0,3.0,7.0,6.0,7.0,15.0,21.0,11.0
26/02/2023,For Sittard,Feyenoord,2,4,A,7.0,5.0,0.0,0.0,5.0,7.0,7.0,9.0,13.0,18.0
26/02/2023,FC Emmen,Go Ahead Eagles,2,2,D,3.0,4.0,3.0,3.0,3.0,4.0,12.0,15.0,8.0,8.0
26/02/2023,Vitesse,Ajax,1,2,A,6.0,4.0,0.0,2.0,5.0,3.0,13.0,12.0,10.0,10.0
26/02/2023,PSV Eindhoven,Twente,3,1,H,6.0,5.0,1.0,1.0,9.0,8.0,11.0,8.0,14.0,14.0
03/03/2023,Utrecht,For Sittard,1,2,A,3.0,1.0,2.0,1.0,5.0,5.0,3.0,10.0,13.0,9.0
03/03/2023,Vitesse,AZ Alkmaar,0,1,A,4.0,6.0,0.0,1.0,1.0,6.0,7.0,13.0,12.0,16.0
04/03/2023,Volendam,FC Emmen,3,1,H,9.0,3.0,0.0,1.0,10.0,7.0,7.0,4.0,22.0,21.0
04/03/2023,Feyenoord,Groningen,1,0,H,14.0,3.0,1.0,4.0,6.0,0.0,10.0,10.0,23.0,6.0
04/03/2023,Twente,Heerenveen,3,3,D,6.0,6.0,0.0,3.0,5.0,5.0,8.0,8.0,18.0,18.0
05/03/2023,Excelsior,Sparta Rotterdam,1,4,A,4.0,4.0,0.0,0.0,5.0,7.0,7.0,4.0,17.0,14.0
05/03/2023,Waalwijk,PSV Eindhoven,0,1,A,2.0,4.0,2.0,4.0,3.0,7.0,9.0,8.0,10.0,23.0
05/03/2023,Ajax,Nijmegen,1,0,H,10.0,2.0,1.0,3.0,7.0,2.0,17.0,17.0,19.0,5.0
05/03/2023,Cambuur,Go Ahead Eagles,4,1,H,4.0,6.0,1.0,1.0,7.0,3.0,10.0,13.0,15.0,18.0
11/03/2023,FC Emmen,Excelsior,2,0,H,2.0,6.0,1.0,3.0,4.0,4.0,10.0,14.0,9.0,11.0
11/03/2023,For Sittard,Twente,0,3,A,0.0,4.0,3.0,2.0,3.0,5.0,15.0,8.0,10.0,17.0
11/03/2023,AZ Alkmaar,Groningen,1,0,H,5.0,2.0,0.0,1.0,3.0,2.0,7.0,8.0,10.0,11.0
11/03/2023,Sparta Rotterdam,Vitesse,3,1,H,7.0,3.0,0.0,1.0,10.0,2.0,12.0,13.0,19.0,9.0
12/03/2023,Nijmegen,Utrecht,2,2,D,3.0,7.0,1.0,3.0,6.0,6.0,11.0,19.0,11.0,12.0
12/03/2023,Heerenveen,Ajax,2,4,A,5.0,8.0,2.0,2.0,4.0,6.0,13.0,11.0,6.0,13.0
12/03/2023,PSV Eindhoven,Cambuur,5,2,H,6.0,5.0,1.0,1.0,16.0,5.0,13.0,8.0,25.0,12.0
12/03/2023,Feyenoord,Volendam,2,1,H,9.0,2.0,1.0,1.0,8.0,2.0,6.0,6.0,25.0,9.0
17/03/2023,Volendam,For Sittard,2,1,H,1.0,14.0,3.0,1.0,2.0,4.0,8.0,11.0,9.0,13.0
18/03/2023,Utrecht,Go Ahead Eagles,1,2,A,6.0,3.0,2.0,2.0,6.0,6.0,13.0,11.0,11.0,18.0
18/03/2023,FC Emmen,Sparta Rotterdam,0,2,A,1.0,8.0,0.0,2.0,6.0,8.0,8.0,11.0,12.0,15.0
18/03/2023,Waalwijk,Nijmegen,1,3,A,2.0,4.0,2.0,1.0,4.0,7.0,14.0,9.0,15.0,12.0
19/03/2023,Groningen,Heerenveen,0,2,A,5.0,2.0,0.0,1.0,1.0,5.0,11.0,13.0,11.0,13.0
19/03/2023,Ajax,Feyenoord,2,3,A,8.0,4.0,3.0,5.0,5.0,5.0,15.0,14.0,12.0,17.0
19/03/2023,Excelsior,Cambuur,4,1,H,4.0,8.0,1.0,0.0,3.0,9.0,14.0,12.0,6.0,19.0
19/03/2023,Vitesse,PSV Eindhoven,1,1,D,5.0,5.0,1.0,0.0,2.0,3.0,11.0,11.0,10.0,13.0
19/03/2023,Twente,AZ Alkmaar,2,1,H,6.0,2.0,2.0,1.0,4.0,3.0,10.0,10.0,18.0,12.0
01/04/2023,AZ Alkmaar,Heerenveen,1,1,D,9.0,2.0,5.0,2.0,7.0,2.0,9.0,11.0,21.0,9.0
01/04/2023,Excelsior,Twente,0,0,D,7.0,10.0,3.0,1.0,1.0,8.0,11.0,8.0,6.0,26.0
01/04/2023,Cambuur,FC Emmen,1,2,A,3.0,5.0,3.0,2.0,2.0,5.0,17.0,12.0,10.0,13.0
01/04/2023,Nijmegen,PSV Eindhoven,2,4,A,3.0,7.0,2.0,2.0,6.0,11.0,7.0,14.0,12.0,25.0
01/04/2023,Waalwijk,Vitesse,1,0,H,1.0,2.0,1.0,2.0,4.0,7.0,9.0,13.0,10.0,16.0
02/04/2023,Go Ahead Eagles,Ajax,0,0,D,2.0,6.0,2.0,1.0,2.0,4.0,8.0,12.0,5.0,9.0
02/04/2023,Sparta Rotterdam,Feyenoord,1,3,A,4.0,8.0,1.0,1.0,5.0,5.0,9.0,7.0,7.0,22.0
02/04/2023,Utrecht,Volendam,0,0,D,11.0,7.0,2.0,1.0,5.0,2.0,11.0,14.0,18.0,8.0
02/04/2023,For Sittard,Groningen,3,1,H,3.0,9.0,1.0,0.0,5.0,4.0,11.0,7.0,8.0,19.0
07/04/2023,Groningen,Utrecht,1,2,A,2.0,7.0,4.0,1.0,1.0,4.0,12.0,9.0,6.0,16.0
08/04/2023,Vitesse,Go Ahead Eagles,2,0,H,6.0,2.0,0.0,1.0,9.0,1.0,10.0,8.0,19.0,9.0
08/04/2023,AZ Alkmaar,Sparta Rotterdam,0,1,A,4.0,4.0,2.0,2.0,3.0,3.0,16.0,5.0,16.0,11.0
08/04/2023,PSV Eindhoven,Excelsior,4,0,H,7.0,1.0,0.0,4.0,9.0,2.0,6.0,9.0,21.0,5.0
08/04/2023,Heerenveen,Volendam,2,1,H,4.0,2.0,1.0,0.0,9.0,5.0,8.0,13.0,15.0,9.0
09/04/2023,Twente,Cambuur,4,0,H,7.0,2.0,1.0,2.0,10.0,3.0,15.0,10.0,30.0,8.0
09/04/2023,FC Emmen,Nijmegen,0,0,D,2.0,5.0,1.0,1.0,4.0,3.0,18.0,15.0,14.0,22.0
09/04/2023,Ajax,For Sittard,4,0,H,17.0,4.0,0.0,1.0,8.0,1.0,10.0,4.0,31.0,9.0
09/04/2023,Feyenoord,Waalwijk,5,1,H,7.0,4.0,1.0,1.0,10.0,2.0,7.0,9.0,22.0,6.0
14/04/2023,Excelsior,Go Ahead Eagles,2,1,H,5.0,12.0,0.0,3.0,3.0,7.0,7.0,10.0,14.0,17.0
15/04/2023,Waalwijk,Groningen,2,1,H,3.0,2.0,0.0,1.0,3.0,4.0,4.0,12.0,12.0,15.0
15/04/2023,Sparta Rotterdam,Heerenveen,4,0,H,7.0,4.0,1.0,2.0,4.0,5.0,7.0,10.0,10.0,12.0
16/04/2023,Nijmegen,Vitesse,1,4,A,7.0,6.0,3.0,3.0,3.0,4.0,11.0,20.0,13.0,14.0
16/04/2023,Utrecht,Twente,1,0,H,4.0,8.0,0.0,2.0,3.0,5.0,13.0,13.0,10.0,19.0
16/04/2023,Volendam,PSV Eindhoven,2,3,A,3.0,2.0,1.0,3.0,3.0,5.0,8.0,9.0,11.0,8.0
16/04/2023,Cambuur,Feyenoord,0,3,A,2.0,9.0,2.0,2.0,1.0,9.0,7.0,8.0,11.0,25.0
16/04/2023,Ajax,FC Emmen,3,1,H,13.0,5.0,2.0,1.0,10.0,4.0,10.0,3.0,26.0,8.0
16/04/2023,For Sittard,AZ Alkmaar,0,3,A,1.0,12.0,0.0,0.0,3.0,6.0,10.0,14.0,11.0,14.0
19/04/2023,Go Ahead Eagles,Waalwijk,3,2,H,10.0,1.0,0.0,1.0,11.0,3.0,7.0,14.0,25.0,5.0
21/04/2023,Volendam,Cambuur,2,0,H,9.0,5.0,0.0,2.0,7.0,2.0,10.0,9.0,15.0,9.0
22/04/2023,Heerenveen,FC Emmen,2,3,A,10.0,5.0,0.0,1.0,4.0,5.0,7.0,11.0,15.0,14.0
22/04/2023,Vitesse,Excelsior,0,0,D,17.0,3.0,2.0,1.0,7.0,0.0,6.0,11.0,28.0,6.0
23/04/2023,Twente,Sparta Rotterdam,3,3,D,17.0,6.0,1.0,4.0,7.0,7.0,7.0,13.0,21.0,17.0
23/04/2023,Go Ahead Eagles,For Sittard,2,0,H,6.0,9.0,2.0,0.0,6.0,3.0,9.0,2.0,15.0,15.0
23/04/2023,PSV Eindhoven,Ajax,3,0,H,5.0,5.0,1.0,3.0,4.0,2.0,17.0,11.0,11.0,8.0
23/04/2023,Feyenoord,Utrecht,3,1,H,4.0,0.0,0.0,2.0,9.0,1.0,0.0,7.0,15.0,6.0
23/04/2023,AZ Alkmaar,Waalwijk,3,0,H,8.0,0.0,0.0,1.0,8.0,1.0,9.0,6.0,16.0,7.0
25/04/2023,Groningen,Nijmegen,0,1,A,4.0,8.0,1.0,0.0,2.0,3.0,14.0,8.0,14.0,9.0
05/05/2023,Waalwijk,Volendam,4,1,H,4.0,8.0,1.0,0.0,4.0,4.0,7.0,8.0,11.0,15.0
06/05/2023,Sparta Rotterdam,PSV Eindhoven,0,1,A,2.0,4.0,1.0,1.0,0.0,4.0,7.0,15.0,5.0,21.0
06/05/2023,Cambuur,Utrecht,0,3,A,4.0,0.0,0.0,1.0,0.0,1.0,7.0,6.0,5.0,10.0
06/05/2023,Nijmegen,Heerenveen,2,3,A,4.0,3.0,0.0,2.0,3.0,4.0,14.0,19.0,11.0,10.0
06/05/2023,Ajax,AZ Alkmaar,0,0,D,8.0,2.0,1.0,2.0,3.0,4.0,10.0,10.0,18.0,11.0
07/05/2023,FC Emmen,Twente,0,3,A,2.0,2.0,0.0,2.0,4.0,4.0,6.0,16.0,11.0,16.0
07/05/2023,Excelsior,Feyenoord,0,2,A,4.0,2.0,0.0,0.0,4.0,3.0,11.0,10.0,9.0,8.0
07/05/2023,Go Ahead Eagles,Groningen,1,1,D,6.0,5.0,1.0,4.0,6.0,2.0,11.0,13.0,14.0,7.0
07/05/2023,For Sittard,Vitesse,2,0,H,5.0,8.0,2.0,1.0,4.0,2.0,12.0,11.0,7.0,14.0
12/05/2023,Twente,Nijmegen,4,0,H,7.0,3.0,2.0,1.0,11.0,2.0,16.0,7.0,26.0,7.0
13/05/2023,Volendam,Sparta Rotterdam,2,1,H,6.0,5.0,2.0,2.0,5.0,2.0,13.0,5.0,11.0,6.0
13/05/2023,Heerenveen,Excelsior,0,0,D,5.0,6.0,3.0,2.0,2.0,4.0,10.0,12.0,11.0,15.0
13/05/2023,Utrecht,Waalwijk,2,0,H,4.0,4.0,1.0,2.0,3.0,2.0,7.0,9.0,13.0,10.0
14/05/2023,Vitesse,Cambuur,2,0,H,4.0,4.0,2.0,0.0,2.0,1.0,11.0,13.0,14.0,10.0
14/05/2023,Feyenoord,Go Ahead Eagles,3,0,H,1.0,2.0,1.0,1.0,3.0,1.0,12.0,9.0,12.0,7.0
14/05/2023,AZ Alkmaar,FC Emmen,5,1,H,13.0,3.0,0.0,0.0,4.0,2.0,8.0,5.0,23.0,7.0
14/05/2023,PSV Eindhoven,For Sittard,2,1,H,14.0,1.0,1.0,3.0,7.0,0.0,7.0,7.0,22.0,4.0
14/05/2023,Groningen,Ajax,2,3,A,3.0,10.0,3.0,0.0,5.0,8.0,12.0,5.0,12.0,18.0
21/05/2023,Ajax,Utrecht,3,1,H,8.0,1.0,0.0,1.0,9.0,1.0,5.0,4.0,27.0,5.0
21/05/2023,Excelsior,For Sittard,3,0,H,6.0,2.0,1.0,2.0,6.0,3.0,14.0,5.0,14.0,13.0
21/05/2023,FC Emmen,Feyenoord,1,3,A,3.0,8.0,1.0,2.0,2.0,8.0,7.0,9.0,5.0,22.0
21/05/2023,Go Ahead Eagles,Volendam,3,0,H,8.0,3.0,0.0,2.0,6.0,3.0,8.0,9.0,20.0,16.0
21/05/2023,Nijmegen,AZ Alkmaar,0,3,A,3.0,4.0,2.0,0.0,2.0,6.0,10.0,7.0,11.0,14.0
21/05/2023,PSV Eindhoven,Heerenveen,3,3,D,9.0,6.0,3.0,2.0,5.0,6.0,9.0,11.0,22.0,13.0
21/05/2023,Sparta Rotterdam,Cambuur,4,1,H,4.0,4.0,1.0,1.0,5.0,4.0,6.0,9.0,11.0,15.0
21/05/2023,Vitesse,Groningen,6,0,H,2.0,2.0,1.0,0.0,13.0,1.0,5.0,5.0,30.0,8.0
21/05/2023,Waalwijk,Twente,0,5,A,5.0,5.0,3.0,1.0,2.0,12.0,11.0,7.0,4.0,20.0
28/05/2023,AZ Alkmaar,PSV Eindhoven,1,2,A,2.0,4.0,2.0,5.0,6.0,2.0,10.0,17.0,9.0,7.0
28/05/2023,Cambuur,Waalwijk,4,0,H,11.0,5.0,1.0,1.0,9.0,4.0,12.0,4.0,21.0,10.0
28/05/2023,Feyenoord,Vitesse,0,1,A,11.0,5.0,0.0,2.0,9.0,7.0,1.0,12.0,27.0,14.0
28/05/2023,For Sittard,Nijmegen,1,1,D,5.0,6.0,1.0,0.0,4.0,6.0,16.0,11.0,16.0,15.0
28/05/2023,Groningen,Sparta Rotterdam,0,5,A,2.0,5.0,1.0,1.0,1.0,12.0,9.0,7.0,7.0,27.0
28/05/2023,Heerenveen,Go Ahead Eagles,2,0,H,4.0,1.0,1.0,3.0,7.0,3.0,9.0,14.0,16.0,15.0
28/05/2023,Twente,Ajax,3,1,H,0.0,7.0,2.0,1.0,6.0,6.0,12.0,8.0,11.0,20.0
28/05/2023,Utrecht,FC Emmen,3,2,H,13.0,4.0,0.0,1.0,7.0,5.0,14.0,7.0,20.0,10.0
28/05/2023,Volendam,Excelsior,3,2,H,15.0,5.0,0.0,0.0,9.0,8.0,11.0,9.0,28.0,19.0
11/08/2023,Volendam,Vitesse,1,2,A,3.0,7.0,3.0,1.0,4.0,9.0,12.0,10.0,4.0,13.0
12/08/2023,PSV Eindhoven,Utrecht,2,0,H,4.0,2.0,2.0,1.0,8.0,1.0,15.0,14.0,23.0,7.0
12/08/2023,Heerenveen,Waalwijk,3,1,H,7.0,2.0,0.0,1.0,9.0,5.0,9.0,8.0,19.0,13.0
12/08/2023,Ajax,Heracles,4,1,H,13.0,4.0,2.0,5.0,13.0,2.0,11.0,14.0,31.0,7.0
12/08/2023,Zwolle,Sparta Rotterdam,1,2,A,7.0,1.0,2.0,4.0,7.0,4.0,8.0,15.0,20.0,9.0
13/08/2023,Nijmegen,Excelsior,3,4,A,2.0,7.0,1.0,2.0,6.0,6.0,4.0,10.0,8.0,6.0
13/08/2023,AZ Alkmaar,Go Ahead Eagles,5,1,H,5.0,4.0,2.0,3.0,8.0,4.0,8.0,13.0,13.0,9.0
13/08/2023,Feyenoord,For Sittard,0,0,D,8.0,3.0,0.0,6.0,6.0,5.0,4.0,21.0,22.0,14.0
13/08/2023,Almere City,Twente,1,4,A,2.0,11.0,4.0,0.0,4.0,8.0,15.0,10.0,12.0,20.0
18/08/2023,Heracles,Nijmegen,2,1,H,5.0,9.0,2.0,2.0,7.0,4.0,10.0,10.0,16.0,17.0
19/08/2023,Excelsior,Ajax,2,2,D,4.0,10.0,0.0,0.0,2.0,8.0,7.0,7.0,13.0,15.0
19/08/2023,Vitesse,PSV Eindhoven,1,3,A,4.0,7.0,0.0,1.0,2.0,7.0,7.0,2.0,12.0,19.0
19/08/2023,For Sittard,Almere City,2,1,H,5.0,6.0,3.0,2.0,7.0,5.0,8.0,13.0,21.0,8.0
19/08/2023,Go Ahead Eagles,Volendam,4,1,H,4.0,12.0,1.0,3.0,6.0,5.0,3.0,8.0,8.0,19.0
20/08/2023,Utrecht,Heerenveen,0,2,A,9.0,2.0,0.0,1.0,6.0,6.0,11.0,10.0,12.0,12.0
20/08/2023,Sparta Rotterdam,Feyenoord,2,2,D,3.0,12.0,2.0,0.0,5.0,8.0,9.0,5.0,10.0,24.0
20/08/2023,Twente,Zwolle,3,1,H,8.0,3.0,2.0,5.0,3.0,4.0,6.0,15.0,18.0,9.0
20/08/2023,Waalwijk,AZ Alkmaar,1,3,A,1.0,10.0,2.0,1.0,5.0,7.0,9.0,12.0,7.0,15.0
26/08/2023,Nijmegen,Waalwijk,3,0,H,2.0,4.0,1.0,2.0,10.0,1.0,10.0,9.0,13.0,10.0
26/08/2023,Excelsior,For Sittard,2,2,D,0.0,6.0,1.0,1.0,6.0,5.0,5.0,9.0,9.0,13.0
27/08/2023,Zwolle,Utrecht,1,0,H,2.0,8.0,2.0,3.0,2.0,1.0,13.0,8.0,9.0,10.0
27/08/2023,Feyenoord,Almere City,6,1,H,8.0,2.0,0.0,1.0,18.0,1.0,8.0,15.0,31.0,6.0
27/08/2023,Heerenveen,Sparta Rotterdam,1,3,A,6.0,7.0,0.0,0.0,6.0,7.0,4.0,8.0,19.0,16.0
01/09/2023,Sparta Rotterdam,Nijmegen,1,1,D,10.0,1.0,1.0,4.0,6.0,6.0,11.0,10.0,15.0,13.0
02/09/2023,Almere City,Zwolle,1,2,A,7.0,4.0,3.0,4.0,3.0,6.0,12.0,10.0,10.0,13.0
02/09/2023,Go Ahead Eagles,Heerenveen,3,2,H,9.0,8.0,3.0,0.0,7.0,3.0,10.0,9.0,21.0,13.0
02/09/2023,Waalwijk,PSV Eindhoven,0,4,A,4.0,8.0,0.0,0.0,3.0,9.0,1.0,13.0,10.0,22.0
02/09/2023,Heracles,Excelsior,3,1,H,8.0,1.0,1.0,4.0,5.0,3.0,6.0,11.0,15.0,9.0
03/09/2023,Utrecht,Feyenoord,1,5,A,5.0,8.0,1.0,0.0,1.0,11.0,13.0,13.0,5.0,21.0
03/09/2023,For Sittard,Ajax,0,0,D,3.0,7.0,3.0,2.0,4.0,4.0,20.0,7.0,12.0,12.0
03/09/2023,Volendam,Twente,0,2,A,1.0,5.0,1.0,2.0,2.0,4.0,10.0,7.0,7.0,12.0
03/09/2023,Vitesse,AZ Alkmaar,0,2,A,0.0,9.0,3.0,0.0,2.0,7.0,12.0,10.0,4.0,16.0
16/09/2023,Feyenoord,Heerenveen,6,1,H,6.0,3.0,1.0,0.0,9.0,1.0,8.0,9.0,21.0,7.0
16/09/2023,Vitesse,Waalwijk,0,2,A,8.0,6.0,1.0,5.0,2.0,9.0,9.0,9.0,16.0,18.0
16/09/2023,For Sittard,Volendam,3,1,H,15.0,3.0,1.0,0.0,11.0,2.0,9.0,6.0,27.0,7.0
16/09/2023,PSV Eindhoven,Nijmegen,4,0,H,8.0,3.0,1.0,2.0,11.0,0.0,11.0,11.0,28.0,3.0
16/09/2023,Heracles,Utrecht,1,3,A,4.0,4.0,3.0,3.0,1.0,7.0,12.0,13.0,11.0,11.0
17/09/2023,Zwolle,Go Ahead Eagles,1,1,D,11.0,4.0,1.0,4.0,11.0,2.0,9.0,6.0,27.0,9.0
17/09/2023,Excelsior,Almere City,0,0,D,4.0,5.0,2.0,3.0,2.0,3.0,7.0,13.0,14.0,16.0
17/09/2023,Twente,Ajax,3,1,H,5.0,9.0,1.0,2.0,9.0,2.0,13.0,9.0,24.0,11.0
17/09/2023,AZ Alkmaar,Sparta Rotterdam,2,0,H,9.0,4.0,0.0,3.0,7.0,3.0,8.0,5.0,18.0,10.0
22/09/2023,Go Ahead Eagles,For Sittard,3,0,H,2.0,5.0,0.0,4.0,9.0,2.0,2.0,14.0,20.0,21.0
23/09/2023,Volendam,Heracles,2,2,D,5.0,7.0,1.0,1.0,6.0,5.0,14.0,14.0,16.0,15.0
23/09/2023,Nijmegen,Utrecht,3,0,H,4.0,4.0,1.0,2.0,5.0,4.0,8.0,11.0,9.0,17.0
23/09/2023,Almere City,PSV Eindhoven,0,4,A,5.0,8.0,1.0,1.0,2.0,9.0,15.0,6.0,9.0,20.0
23/09/2023,Heerenveen,Excelsior,0,3,A,3.0,2.0,4.0,2.0,2.0,4.0,10.0,11.0,9.0,7.0
24/09/2023,Sparta Rotterdam,Vitesse,1,0,H,5.0,3.0,1.0,2.0,5.0,0.0,13.0,19.0,17.0,6.0
24/09/2023,Waalwijk,Twente,1,0,H,1.0,6.0,1.0,1.0,3.0,2.0,12.0,13.0,9.0,7.0
24/09/2023,Zwolle,AZ Alkmaar,0,3,A,2.0,6.0,3.0,3.0,3.0,5.0,13.0,8.0,7.0,15.0
27/09/2023,Ajax,Feyenoord,0,4,A,4.0,0.0,3.0,2.0,2.0,7.0,15.0,14.0,9.0,14.0
27/09/2023,PSV Eindhoven,Go Ahead Eagles,3,0,H,9.0,2.0,0.0,2.0,11.0,2.0,10.0,7.0,23.0,9.0
27/09/2023,Twente,Vitesse,1,0,H,5.0,2.0,1.0,4.0,5.0,3.0,10.0,15.0,18.0,10.0
28/09/2023,AZ Alkmaar,Heracles,1,1,D,16.0,0.0,1.0,2.0,7.0,2.0,9.0,8.0,21.0,4.0
30/09/2023,Feyenoord,Go Ahead Eagles,3,1,H,11.0,0.0,1.0,2.0,9.0,3.0,10.0,11.0,29.0,7.0
30/09/2023,PSV Eindhoven,Volendam,3,1,H,7.0,0.0,1.0,2.0,17.0,1.0,11.0,8.0,38.0,2.0
30/09/2023,Utrecht,Almere City,0,2,A,4.0,6.0,4.0,4.0,2.0,5.0,18.0,15.0,11.0,17.0
30/09/2023,Twente,Heerenveen,1,0,H,8.0,1.0,3.0,1.0,3.0,1.0,10.0,12.0,11.0,5.0
01/10/2023,Nijmegen,Vitesse,1,3,A,6.0,5.0,2.0,5.0,5.0,5.0,9.0,18.0,9.0,10.0
01/10/2023,Excelsior,Sparta Rotterdam,2,1,H,2.0,7.0,4.0,1.0,7.0,5.0,9.0,12.0,15.0,9.0
01/10/2023,Heracles,Zwolle,2,1,H,2.0,2.0,1.0,3.0,6.0,5.0,8.0,12.0,13.0,13.0
01/10/2023,AZ Alkmaar,For Sittard,4,0,H,1.0,3.0,1.0,3.0,7.0,1.0,14.0,12.0,12.0,8.0
06/10/2023,Volendam,Utrecht,1,0,H,6.0,0.0,3.0,2.0,5.0,3.0,20.0,11.0,15.0,7.0
07/10/2023,Heerenveen,Nijmegen,1,1,D,7.0,1.0,1.0,0.0,7.0,3.0,4.0,12.0,18.0,9.0
07/10/2023,Almere City,Waalwijk,1,0,H,4.0,3.0,1.0,1.0,6.0,4.0,12.0,8.0,18.0,13.0
07/10/2023,Go Ahead Eagles,Heracles,4,0,H,9.0,5.0,0.0,2.0,13.0,8.0,10.0,11.0,22.0,17.0
07/10/2023,Vitesse,Excelsior,0,0,D,11.0,5.0,2.0,0.0,7.0,5.0,9.0,10.0,21.0,11.0
08/10/2023,Zwolle,Feyenoord,0,2,A,3.0,4.0,1.0,0.0,1.0,5.0,11.0,6.0,4.0,13.0
08/10/2023,Ajax,AZ Alkmaar,1,2,A,6.0,4.0,2.0,1.0,1.0,4.0,7.0,12.0,6.0,12.0
08/10/2023,For Sittard,Twente,0,3,A,3.0,7.0,2.0,2.0,1.0,6.0,13.0,16.0,3.0,15.0
08/10/2023,Sparta Rotterdam,PSV Eindhoven,0,4,A,1.0,8.0,3.0,1.0,3.0,11.0,12.0,14.0,8.0,30.0
21/10/2023,PSV Eindhoven,For Sittard,3,1,H,10.0,1.0,0.0,1.0,6.0,1.0,8.0,5.0,18.0,2.0
21/10/2023,Waalwijk,Volendam,2,1,H,3.0,4.0,3.0,2.0,4.0,3.0,6.0,10.0,10.0,11.0
21/10/2023,Nijmegen,Almere City,1,1,D,6.0,5.0,2.0,2.0,4.0,2.0,11.0,19.0,12.0,14.0
21/10/2023,AZ Alkmaar,Heerenveen,3,0,H,6.0,3.0,1.0,1.0,3.0,3.0,3.0,10.0,11.0,9.0
21/10/2023,Feyenoord,Vitesse,4,0,H,9.0,2.0,0.0,1.0,8.0,1.0,9.0,6.0,23.0,4.0
22/10/2023,Utrecht,Ajax,4,3,H,6.0,5.0,1.0,2.0,8.0,6.0,11.0,9.0,14.0,11.0
22/10/2023,Excelsior,Zwolle,2,4,A,2.0,4.0,0.0,2.0,6.0,6.0,8.0,10.0,18.0,11.0
22/10/2023,Heracles,Twente,2,2,D,6.0,6.0,1.0,4.0,3.0,5.0,21.0,14.0,16.0,17.0
22/10/2023,Go Ahead Eagles,Sparta Rotterdam,0,0,D,3.0,6.0,0.0,0.0,6.0,6.0,4.0,10.0,16.0,15.0
27/10/2023,Vitesse,Zwolle,1,1,D,18.0,2.0,0.0,1.0,12.0,2.0,7.0,12.0,29.0,5.0
28/10/2023,Heerenveen,Heracles,3,0,H,10.0,4.0,2.0,2.0,9.0,3.0,11.0,9.0,18.0,9.0
28/10/2023,Almere City,Go Ahead Eagles,0,0,D,6.0,5.0,1.0,0.0,1.0,3.0,19.0,7.0,12.0,9.0
28/10/2023,Sparta Rotterdam,Waalwijk,2,0,H,8.0,4.0,2.0,1.0,4.0,3.0,7.0,7.0,15.0,11.0
28/10/2023,For Sittard,Utrecht,0,0,D,5.0,5.0,1.0,1.0,6.0,3.0,7.0,5.0,12.0,12.0
29/10/2023,Twente,Feyenoord,2,1,H,2.0,5.0,5.0,1.0,5.0,6.0,12.0,16.0,12.0,11.0
29/10/2023,PSV Eindhoven,Ajax,5,2,H,5.0,5.0,1.0,2.0,9.0,7.0,9.0,8.0,26.0,16.0
29/10/2023,Volendam,Excelsior,3,1,H,8.0,6.0,1.0,2.0,12.0,2.0,5.0,13.0,20.0,10.0
02/11/2023,Ajax,Volendam,2,0,H,9.0,4.0,0.0,1.0,10.0,3.0,6.0,6.0,30.0,7.0
04/11/2023,Heracles,PSV Eindhoven,0,6,A,1.0,7.0,1.0,0.0,1.0,11.0,9.0,7.0,7.0,34.0
04/11/2023,Excelsior,AZ Alkmaar,1,1,D,3.0,7.0,2.0,3.0,5.0,4.0,11.0,9.0,15.0,11.0
04/11/2023,Waalwijk,Feyenoord,1,2,A,2.0,10.0,0.0,2.0,1.0,12.0,6.0,5.0,5.0,27.0
04/11/2023,Go Ahead Eagles,Vitesse,5,1,H,4.0,6.0,0.0,4.0,14.0,3.0,5.0,13.0,22.0,13.0
05/11/2023,Utrecht,Twente,1,1,D,5.0,2.0,3.0,4.0,6.0,1.0,6.0,10.0,14.0,10.0
05/11/2023,Nijmegen,Volendam,3,3,D,8.0,4.0,4.0,2.0,7.0,7.0,6.0,11.0,13.0,15.0
05/11/2023,Zwolle,For Sittard,2,0,H,2.0,2.0,3.0,1.0,6.0,2.0,11.0,9.0,15.0,8.0
05/11/2023,Ajax,Heerenveen,4,1,H,5.0,8.0,1.0,2.0,8.0,3.0,10.0,8.0,14.0,12.0
05/11/2023,Sparta Rotterdam,Almere City,1,2,A,10.0,3.0,0.0,0.0,6.0,4.0,2.0,13.0,24.0,11.0
10/11/2023,For Sittard,Heracles,4,1,H,9.0,7.0,0.0,4.0,8.0,3.0,10.0,10.0,15.0,7.0
11/11/2023,Waalwijk,Go Ahead Eagles,0,1,A,7.0,0.0,1.0,0.0,5.0,2.0,8.0,5.0,19.0,9.0
11/11/2023,Twente,Nijmegen,3,3,D,13.0,3.0,1.0,3.0,7.0,8.0,9.0,14.0,35.0,14.0
11/11/2023,Vitesse,Heerenveen,1,3,A,4.0,7.0,2.0,1.0,5.0,7.0,10.0,3.0,9.0,19.0
12/11/2023,PSV Eindhoven,Zwolle,4,0,H,12.0,0.0,0.0,2.0,6.0,2.0,8.0,7.0,21.0,3.0
12/11/2023,Almere City,Ajax,2,2,D,4.0,6.0,5.0,2.0,5.0,13.0,12.0,10.0,13.0,22.0
12/11/2023,Volendam,Sparta Rotterdam,1,4,A,3.0,5.0,0.0,1.0,1.0,7.0,4.0,10.0,17.0,16.0
12/11/2023,Feyenoord,AZ Alkmaar,1,0,H,2.0,0.0,2.0,1.0,5.0,1.0,8.0,13.0,10.0,7.0
12/11/2023,Utrecht,Excelsior,2,2,D,13.0,2.0,0.0,1.0,6.0,6.0,6.0,11.0,13.0,12.0
25/11/2023,Excelsior,Feyenoord,2,4,A,2.0,5.0,1.0,1.0,3.0,9.0,5.0,9.0,13.0,20.0
25/11/2023,Heerenveen,For Sittard,3,0,H,3.0,7.0,1.0,2.0,5.0,4.0,8.0,6.0,16.0,10.0
25/11/2023,Twente,PSV Eindhoven,0,3,A,3.0,4.0,1.0,2.0,1.0,7.0,9.0,8.0,12.0,17.0
25/11/2023,Ajax,Vitesse,5,0,H,7.0,4.0,1.0,2.0,12.0,4.0,9.0,5.0,19.0,9.0
25/11/2023,Zwolle,Waalwijk,1,2,A,5.0,8.0,1.0,2.0,6.0,4.0,7.0,12.0,17.0,13.0
26/11/2023,Almere City,Heracles,0,5,A,6.0,4.0,0.0,3.0,3.0,6.0,6.0,15.0,17.0,17.0
26/11/2023,AZ Alkmaar,Volendam,3,0,H,5.0,4.0,0.0,0.0,8.0,1.0,6.0,8.0,19.0,7.0
26/11/2023,Nijmegen,Go Ahead Eagles,1,1,D,4.0,10.0,0.0,3.0,5.0,4.0,9.0,11.0,15.0,13.0
26/11/2023,Sparta Rotterdam,Utrecht,1,2,A,5.0,4.0,0.0,3.0,6.0,2.0,9.0,6.0,19.0,7.0
01/12/2023,Heerenveen,Almere City,3,0,H,7.0,8.0,1.0,2.0,8.0,2.0,6.0,12.0,15.0,13.0
02/12/2023,Volendam,Zwolle,0,5,A,6.0,5.0,2.0,0.0,3.0,10.0,5.0,4.0,9.0,20.0
02/12/2023,For Sittard,Vitesse,3,1,H,5.0,4.0,1.0,3.0,11.0,4.0,16.0,14.0,15.0,8.0
02/12/2023,Waalwijk,Excelsior,2,2,D,2.0,2.0,0.0,0.0,8.0,6.0,4.0,4.0,17.0,13.0
02/12/2023,Heracles,Sparta Rotterdam,0,1,A,6.0,3.0,1.0,0.0,3.0,4.0,11.0,7.0,13.0,10.0
03/12/2023,Feyenoord,PSV Eindhoven,1,2,A,10.0,5.0,1.0,3.0,3.0,7.0,10.0,13.0,14.0,14.0
03/12/2023,Go Ahead Eagles,Twente,1,3,A,4.0,4.0,1.0,0.0,9.0,5.0,7.0,17.0,15.0,13.0
03/12/2023,Nijmegen,Ajax,1,2,A,2.0,6.0,0.0,0.0,3.0,10.0,4.0,7.0,7.0,22.0
03/12/2023,Utrecht,AZ Alkmaar,1,1,D,7.0,5.0,0.0,1.0,4.0,9.0,10.0,13.0,15.0,20.0
06/12/2023,AZ Alkmaar,Nijmegen,1,2,A,13.0,1.0,0.0,1.0,4.0,2.0,4.0,6.0,26.0,4.0
06/12/2023,Waalwijk,Ajax,2,3,A,8.0,9.0,2.0,0.0,2.0,6.0,12.0,9.0,10.0,16.0
07/12/2023,PSV Eindhoven,Heerenveen,2,0,H,11.0,2.0,2.0,1.0,8.0,1.0,4.0,10.0,30.0,12.0
07/12/2023,Feyenoord,Volendam,3,1,H,12.0,3.0,1.0,1.0,10.0,2.0,4.0,5.0,30.0,2.0
08/12/2023,Twente,Excelsior,4,2,H,10.0,2.0,2.0,4.0,9.0,4.0,5.0,7.0,31.0,5.0
09/12/2023,Ajax,Sparta Rotterdam,2,1,H,7.0,7.0,0.0,1.0,6.0,2.0,6.0,7.0,23.0,10.0
09/12/2023,Zwolle,Nijmegen,1,3,A,1.0,6.0,1.0,0.0,3.0,9.0,12.0,3.0,16.0,17.0
09/12/2023,AZ Alkmaar,Almere City,4,1,H,6.0,5.0,2.0,5.0,7.0,6.0,9.0,17.0,13.0,13.0
10/12/2023,Go Ahead Eagles,Utrecht,0,2,A,11.0,1.0,0.0,0.0,7.0,3.0,8.0,7.0,22.0,12.0
10/12/2023,For Sittard,Waalwijk,1,0,H,9.0,6.0,2.0,2.0,3.0,2.0,9.0,10.0,11.0,13.0
10/12/2023,Vitesse,Heracles,2,0,H,3.0,5.0,2.0,1.0,2.0,3.0,12.0,7.0,12.0,12.0
15/12/2023,Nijmegen,For Sittard,4,1,H,5.0,7.0,3.0,2.0,7.0,4.0,11.0,12.0,16.0,11.0
16/12/2023,Utrecht,Waalwijk,1,1,D,10.0,4.0,0.0,4.0,6.0,4.0,13.0,13.0,17.0,12.0
16/12/2023,Excelsior,Go Ahead Eagles,1,1,D,1.0,4.0,0.0,2.0,3.0,5.0,6.0,7.0,11.0,11.0
16/12/2023,Heerenveen,Volendam,1,2,A,19.0,2.0,1.0,2.0,7.0,2.0,7.0,10.0,20.0,3.0
17/12/2023,Almere City,Vitesse,5,0,H,6.0,2.0,0.0,0.0,7.0,4.0,16.0,16.0,11.0,7.0
17/12/2023,Heracles,Feyenoord,0,4,A,3.0,10.0,3.0,0.0,0.0,12.0,12.0,10.0,2.0,26.0
17/12/2023,Sparta Rotterdam,Twente,2,2,D,3.0,14.0,2.0,1.0,8.0,9.0,11.0,7.0,12.0,39.0
17/12/2023,Ajax,Zwolle,2,2,D,5.0,0.0,1.0,3.0,5.0,4.0,5.0,10.0,16.0,11.0
17/12/2023,AZ Alkmaar,PSV Eindhoven,0,4,A,1.0,5.0,2.0,0.0,0.0,8.0,11.0,12.0,1.0,23.0
12/01/2024,Waalwijk,Heracles,1,2,A,7.0,4.0,1.0,1.0,8.0,2.0,13.0,8.0,18.0,9.0
13/01/2024,For Sittard,Sparta Rotterdam,0,2,A,7.0,2.0,3.0,1.0,6.0,7.0,8.0,8.0,25.0,10.0
13/01/2024,Twente,AZ Alkmaar,2,1,H,5.0,3.0,3.0,2.0,8.0,2.0,9.0,12.0,19.0,5.0
13/01/2024,Zwolle,Heerenveen,2,2,D,4.0,6.0,1.0,2.0,5.0,10.0,13.0,10.0,13.0,20.0
13/01/2024,PSV Eindhoven,Excelsior,3,1,H,12.0,2.0,0.0,0.0,15.0,3.0,2.0,3.0,27.0,8.0
14/01/2024,Volendam,Almere City,0,1,A,5.0,4.0,1.0,1.0,2.0,2.0,11.0,12.0,5.0,10.0
14/01/2024,Go Ahead Eagles,Ajax,2,3,A,6.0,4.0,0.0,2.0,12.0,6.0,7.0,10.0,24.0,17.0
14/01/2024,Vitesse,Utrecht,0,0,D,1.0,14.0,1.0,1.0,6.0,4.0,11.0,12.0,12.0,20.0
14/01/2024,Feyenoord,Nijmegen,2,2,D,9.0,0.0,2.0,2.0,5.0,2.0,8.0,13.0,25.0,2.0
19/01/2024,Excelsior,Heerenveen,3,0,H,6.0,5.0,2.0,1.0,7.0,1.0,11.0,7.0,14.0,9.0
20/01/2024,Nijmegen,Twente,1,0,H,6.0,5.0,0.0,1.0,8.0,2.0,7.0,11.0,23.0,11.0
20/01/2024,Heracles,Volendam,1,1,D,9.0,3.0,1.0,0.0,8.0,2.0,8.0,8.0,16.0,10.0
20/01/2024,AZ Alkmaar,Zwolle,2,2,D,11.0,3.0,2.0,0.0,8.0,5.0,8.0,5.0,19.0,8.0
21/01/2024,Utrecht,PSV Eindhoven,1,1,D,7.0,3.0,2.0,1.0,4.0,5.0,15.0,5.0,17.0,13.0
21/01/2024,Sparta Rotterdam,Go Ahead Eagles,0,2,A,5.0,1.0,0.0,3.0,4.0,3.0,11.0,14.0,20.0,7.0
21/01/2024,Vitesse,Feyenoord,1,2,A,1.0,4.0,3.0,3.0,1.0,5.0,18.0,9.0,5.0,16.0
21/01/2024,Ajax,Waalwijk,4,1,H,6.0,0.0,1.0,0.0,7.0,5.0,8.0,10.0,14.0,8.0
24/01/2024,Almere City,For Sittard,0,0,D,3.0,2.0,2.0,1.0,1.0,2.0,9.0,13.0,4.0,11.0
26/01/2024,Zwolle,Vitesse,1,0,H,5.0,4.0,3.0,2.0,9.0,2.0,10.0,12.0,16.0,8.0
27/01/2024,PSV Eindhoven,Almere City,2,0,H,4.0,1.0,0.0,2.0,8.0,2.0,5.0,15.0,17.0,4.0
27/01/2024,Waalwijk,Sparta Rotterdam,1,1,D,3.0,3.0,5.0,2.0,2.0,7.0,21.0,6.0,10.0,15.0
27/01/2024,Excelsior,Utrecht,1,1,D,5.0,8.0,0.0,0.0,5.0,3.0,3.0,5.0,9.0,16.0
27/01/2024,Heracles,Ajax,2,4,A,3.0,11.0,2.0,1.0,7.0,12.0,9.0,5.0,13.0,31.0
28/01/2024,Heerenveen,AZ Alkmaar,2,2,D,4.0,5.0,2.0,2.0,2.0,2.0,11.0,10.0,16.0,12.0
28/01/2024,Feyenoord,Twente,0,0,D,9.0,0.0,0.0,1.0,6.0,0.0,8.0,6.0,23.0,2.0
28/01/2024,Go Ahead Eagles,Nijmegen,2,2,D,9.0,5.0,2.0,4.0,5.0,5.0,10.0,13.0,17.0,16.0
28/01/2024,Volendam,For Sittard,0,1,A,7.0,2.0,2.0,1.0,2.0,1.0,7.0,10.0,8.0,12.0
02/02/2024,Almere City,Excelsior,2,1,H,7.0,3.0,1.0,3.0,2.0,4.0,9.0,14.0,11.0,8.0
03/02/2024,Twente,Waalwijk,3,0,H,9.0,3.0,0.0,1.0,10.0,5.0,5.0,12.0,16.0,14.0
03/02/2024,For Sittard,Heerenveen,3,3,D,6.0,0.0,1.0,2.0,3.0,6.0,10.0,13.0,13.0,10.0
03/02/2024,Ajax,PSV Eindhoven,1,1,D,3.0,5.0,1.0,3.0,4.0,5.0,8.0,14.0,13.0,18.0
03/02/2024,Nijmegen,Heracles,3,1,H,7.0,6.0,1.0,1.0,12.0,1.0,0.0,7.0,26.0,7.0
04/02/2024,Vitesse,Go Ahead Eagles,0,2,A,5.0,6.0,1.0,1.0,5.0,7.0,15.0,14.0,15.0,16.0
04/02/2024,AZ Alkmaar,Feyenoord,0,1,A,5.0,2.0,2.0,1.0,4.0,2.0,13.0,11.0,14.0,6.0
04/02/2024,Utrecht,Volendam,4,2,H,9.0,2.0,2.0,1.0,10.0,3.0,9.0,9.0,24.0,5.0
04/02/2024,Sparta Rotterdam,Zwolle,0,2,A,13.0,3.0,1.0,3.0,11.0,4.0,7.0,10.0,21.0,12.0
09/02/2024,Waalwijk,Nijmegen,2,0,H,4.0,10.0,2.0,3.0,4.0,6.0,11.0,8.0,11.0,17.0
10/02/2024,Excelsior,Twente,0,3,A,1.0,4.0,1.0,1.0,3.0,3.0,5.0,10.0,12.0,14.0
10/02/2024,Almere City,AZ Alkmaar,0,0,D,5.0,6.0,2.0,1.0,1.0,3.0,19.0,11.0,11.0,10.0
10/02/2024,Heracles,Vitesse,3,2,H,8.0,6.0,1.0,2.0,8.0,4.0,6.0,6.0,20.0,12.0
11/02/2024,Go Ahead Eagles,Zwolle,1,1,D,8.0,4.0,2.0,2.0,4.0,4.0,9.0,12.0,16.0,15.0
11/02/2024,Heerenveen,Ajax,3,2,H,7.0,4.0,4.0,0.0,5.0,6.0,12.0,8.0,17.0,12.0
11/02/2024,Utrecht,For Sittard,4,0,H,3.0,6.0,0.0,0.0,8.0,1.0,12.0,11.0,16.0,9.0
11/02/2024,Volendam,PSV Eindhoven,1,5,A,4.0,7.0,2.0,1.0,2.0,14.0,10.0,3.0,8.0,34.0
11/02/2024,Feyenoord,Sparta Rotterdam,2,0,H,8.0,4.0,0.0,2.0,4.0,1.0,7.0,3.0,23.0,5.0
16/02/2024,PSV Eindhoven,Heracles,2,0,H,15.0,0.0,0.0,3.0,14.0,0.0,6.0,8.0,39.0,3.0
17/02/2024,For Sittard,AZ Alkmaar,1,2,A,3.0,10.0,1.0,1.0,5.0,5.0,9.0,9.0,14.0,19.0
17/02/2024,Sparta Rotterdam,Excelsior,4,2,H,4.0,4.0,4.0,2.0,9.0,4.0,12.0,9.0,12.0,11.0
17/02/2024,Heerenveen,Go Ahead Eagles,0,2,A,3.0,5.0,0.0,2.0,3.0,7.0,9.0,13.0,21.0,14.0
17/02/2024,Zwolle,Almere City,0,1,A,4.0,2.0,0.0,4.0,2.0,2.0,9.0,16.0,16.0,5.0
18/02/2024,Twente,Utrecht,0,1,A,11.0,0.0,0.0,1.0,2.0,2.0,5.0,12.0,13.0,4.0
18/02/2024,Ajax,Nijmegen,2,2,D,2.0,5.0,2.0,0.0,4.0,9.0,5.0,10.0,8.0,16.0
18/02/2024,Vitesse,Volendam,1,1,D,12.0,3.0,1.0,3.0,8.0,4.0,3.0,7.0,30.0,8.0
18/02/2024,Feyenoord,Waalwijk,1,0,H,19.0,2.0,0.0,2.0,14.0,1.0,6.0,9.0,32.0,5.0
23/02/2024,Utrecht,Heracles,1,0,H,9.0,3.0,3.0,2.0,3.0,0.0,14.0,10.0,11.0,4.0
24/02/2024,Waalwijk,For Sittard,0,1,A,1.0,2.0,0.0,0.0,0.0,6.0,13.0,15.0,9.0,15.0
24/02/2024,Zwolle,PSV Eindhoven,1,7,A,3.0,7.0,2.0,0.0,1.0,12.0,7.0,8.0,8.0,25.0
24/02/2024,Nijmegen,Sparta Rotterdam,2,0,H,2.0,9.0,1.0,4.0,5.0,6.0,16.0,12.0,22.0,13.0
25/02/2024,Excelsior,Vitesse,1,2,A,10.0,11.0,0.0,1.0,7.0,5.0,9.0,7.0,12.0,14.0
25/02/2024,Almere City,Feyenoord,0,2,A,5.0,5.0,3.0,1.0,6.0,2.0,8.0,13.0,12.0,8.0
25/02/2024,Twente,Go Ahead Eagles,3,0,H,6.0,4.0,0.0,2.0,6.0,2.0,11.0,9.0,21.0,10.0
25/02/2024,AZ Alkmaar,Ajax,2,0,H,2.0,1.0,2.0,0.0,3.0,3.0,7.0,15.0,8.0,9.0
25/02/2024,Volendam,Heerenveen,0,4,A,4.0,10.0,0.0,0.0,4.0,12.0,6.0,10.0,10.0,22.0
01/03/2024,Volendam,Nijmegen,2,5,A,7.0,5.0,2.0,2.0,6.0,11.0,6.0,10.0,14.0,20.0
02/03/2024,Go Ahead Eagles,Waalwijk,1,0,H,9.0,7.0,0.0,1.0,8.0,6.0,15.0,9.0,22.0,19.0
02/03/2024,Vitesse,Twente,1,2,A,2.0,8.0,0.0,2.0,3.0,5.0,13.0,11.0,6.0,15.0
02/03/2024,Sparta Rotterdam,AZ Alkmaar,1,1,D,5.0,6.0,0.0,2.0,6.0,4.0,18.0,5.0,14.0,15.0
03/03/2024,Ajax,Utrecht,2,0,H,1.0,3.0,1.0,2.0,8.0,2.0,11.0,12.0,14.0,6.0
03/03/2024,Heerenveen,Zwolle,2,0,H,4.0,6.0,3.0,2.0,6.0,3.0,18.0,9.0,15.0,11.0
03/03/2024,PSV Eindhoven,Feyenoord,2,2,D,9.0,2.0,4.0,3.0,8.0,6.0,10.0,10.0,17.0,9.0
03/03/2024,For Sittard,Excelsior,5,2,H,6.0,1.0,2.0,3.0,8.0,2.0,9.0,6.0,17.0,5.0
03/03/2024,Heracles,Almere City,2,2,D,5.0,1.0,2.0,3.0,5.0,6.0,17.0,12.0,16.0,14.0
08/03/2024,Go Ahead Eagles,PSV Eindhoven,0,1,A,4.0,9.0,0.0,2.0,4.0,11.0,9.0,5.0,12.0,21.0
09/03/2024,Twente,Sparta Rotterdam,2,1,H,7.0,3.0,1.0,1.0,5.0,2.0,7.0,11.0,19.0,5.0
09/03/2024,Almere City,Utrecht,1,1,D,6.0,7.0,1.0,2.0,1.0,4.0,15.0,15.0,9.0,12.0
09/03/2024,Waalwijk,Vitesse,3,1,H,4.0,5.0,2.0,0.0,6.0,5.0,11.0,9.0,17.0,19.0
10/03/2024,AZ Alkmaar,Excelsior,4,0,H,3.0,0.0,0.0,1.0,10.0,0.0,5.0,9.0,16.0,4.0
10/03/2024,Ajax,For Sittard,2,2,D,10.0,2.0,1.0,0.0,8.0,4.0,8.0,12.0,18.0,9.0
10/03/2024,Zwolle,Volendam,1,1,D,8.0,3.0,0.0,1.0,10.0,4.0,11.0,2.0,23.0,10.0
10/03/2024,Nijmegen,Heerenveen,2,0,H,8.0,6.0,0.0,0.0,5.0,0.0,12.0,8.0,12.0,12.0
10/03/2024,Feyenoord,Heracles,3,0,H,9.0,5.0,0.0,0.0,5.0,2.0,5.0,5.0,20.0,3.0
15/03/2024,Heracles,Go Ahead Eagles,2,0,H,2.0,8.0,2.0,2.0,3.0,4.0,8.0,13.0,11.0,18.0
16/03/2024,For Sittard,Zwolle,3,1,H,7.0,5.0,1.0,3.0,12.0,3.0,11.0,9.0,22.0,5.0
16/03/2024,Excelsior,Waalwijk,1,1,D,7.0,4.0,1.0,2.0,5.0,5.0,11.0,6.0,18.0,16.0
16/03/2024,Vitesse,Almere City,1,1,D,8.0,2.0,3.0,3.0,7.0,4.0,19.0,13.0,22.0,8.0
17/03/2024,Volendam,AZ Alkmaar,0,4,A,3.0,4.0,0.0,2.0,2.0,8.0,8.0,7.0,6.0,20.0
17/03/2024,Heerenveen,Feyenoord,2,3,A,3.0,8.0,1.0,1.0,3.0,5.0,8.0,13.0,8.0,21.0
17/03/2024,Utrecht,Nijmegen,1,0,H,5.0,4.0,2.0,1.0,4.0,5.0,9.0,14.0,14.0,9.0
17/03/2024,Sparta Rotterdam,Ajax,2,2,D,2.0,7.0,0.0,1.0,5.0,7.0,9.0,5.0,11.0,13.0
17/03/2024,PSV Eindhoven,Twente,1,0,H,4.0,7.0,2.0,4.0,5.0,2.0,13.0,7.0,17.0,11.0
30/03/2024,Nijmegen,PSV Eindhoven,3,1,H,1.0,7.0,0.0,2.0,4.0,6.0,7.0,5.0,8.0,27.0
30/03/2024,Sparta Rotterdam,For Sittard,4,0,H,9.0,4.0,0.0,0.0,9.0,3.0,9.0,5.0,17.0,14.0
30/03/2024,Go Ahead Eagles,Excelsior,3,0,H,4.0,5.0,1.0,2.0,6.0,0.0,10.0,10.0,18.0,10.0
30/03/2024,Waalwijk,Heerenveen,1,1,D,4.0,6.0,1.0,1.0,3.0,6.0,10.0,12.0,9.0,10.0
30/03/2024,AZ Alkmaar,Vitesse,2,0,H,9.0,6.0,0.0,0.0,5.0,2.0,5.0,11.0,17.0,8.0
31/03/2024,Zwolle,Ajax,1,3,A,2.0,1.0,4.0,2.0,4.0,5.0,6.0,13.0,13.0,9.0
31/03/2024,Feyenoord,Utrecht,4,2,H,10.0,1.0,3.0,2.0,10.0,3.0,8.0,10.0,27.0,3.0
31/03/2024,Twente,Heracles,1,0,H,9.0,3.0,1.0,4.0,3.0,1.0,22.0,11.0,11.0,5.0
31/03/2024,Almere City,Volendam,1,1,D,4.0,7.0,2.0,3.0,7.0,6.0,11.0,9.0,14.0,18.0
02/04/2024,Vitesse,Sparta Rotterdam,1,4,A,8.0,4.0,1.0,0.0,6.0,7.0,6.0,7.0,21.0,12.0
02/04/2024,Excelsior,PSV Eindhoven,0,2,A,1.0,12.0,1.0,0.0,0.0,5.0,8.0,4.0,0.0,21.0
02/04/2024,For Sittard,Nijmegen,1,1,D,9.0,2.0,2.0,1.0,8.0,1.0,6.0,9.0,30.0,6.0
03/04/2024,Heracles,AZ Alkmaar,5,0,H,4.0,6.0,2.0,1.0,9.0,4.0,10.0,8.0,21.0,18.0
03/04/2024,Utrecht,Zwolle,5,1,H,5.0,0.0,0.0,1.0,7.0,2.0,7.0,6.0,18.0,5.0
03/04/2024,Heerenveen,Twente,3,3,D,3.0,4.0,1.0,2.0,5.0,6.0,8.0,11.0,9.0,14.0
04/04/2024,Volendam,Feyenoord,0,0,D,0.0,6.0,6.0,2.0,1.0,10.0,22.0,5.0,9.0,23.0
04/04/2024,Waalwijk,Almere City,0,0,D,5.0,6.0,2.0,1.0,3.0,0.0,7.0,16.0,15.0,9.0
04/04/2024,Ajax,Go Ahead Eagles,1,1,D,2.0,6.0,1.0,0.0,7.0,4.0,8.0,6.0,21.0,10.0
06/04/2024,Sparta Rotterdam,Heracles,1,2,A,9.0,3.0,1.0,3.0,4.0,4.0,13.0,13.0,21.0,8.0
06/04/2024,PSV Eindhoven,AZ Alkmaar,5,1,H,4.0,7.0,2.0,2.0,8.0,6.0,4.0,9.0,18.0,10.0
06/04/2024,Zwolle,Excelsior,2,1,H,9.0,5.0,1.0,2.0,11.0,4.0,13.0,11.0,25.0,8.0
06/04/2024,Twente,For Sittard,2,0,H,7.0,0.0,0.0,4.0,8.0,2.0,9.0,10.0,26.0,4.0
07/04/2024,Vitesse,Nijmegen,0,3,A,7.0,1.0,2.0,4.0,6.0,7.0,16.0,14.0,20.0,8.0
07/04/2024,Feyenoord,Ajax,6,0,H,9.0,1.0,0.0,2.0,15.0,1.0,9.0,12.0,30.0,1.0
07/04/2024,Go Ahead Eagles,Almere City,1,1,D,3.0,7.0,2.0,1.0,4.0,6.0,5.0,12.0,12.0,18.0
07/04/2024,Volendam,Waalwijk,3,2,H,6.0,7.0,3.0,2.0,8.0,8.0,13.0,11.0,20.0,15.0
07/04/2024,Heerenveen,Utrecht,2,3,A,5.0,3.0,2.0,1.0,5.0,6.0,10.0,10.0,13.0,18.0
12/04/2024,Excelsior,Volendam,4,0,H,11.0,2.0,2.0,4.0,15.0,5.0,9.0,9.0,35.0,13.0
13/04/2024,PSV Eindhoven,Vitesse,6,0,H,5.0,4.0,0.0,1.0,12.0,0.0,6.0,13.0,29.0,9.0
13/04/2024,AZ Alkmaar,Waalwijk,3,2,H,8.0,1.0,1.0,3.0,7.0,3.0,10.0,13.0,21.0,5.0
13/04/2024,Almere City,Sparta Rotterdam,2,3,A,8.0,6.0,3.0,0.0,2.0,5.0,18.0,3.0,13.0,13.0
14/04/2024,Heracles,Heerenveen,0,2,A,8.0,8.0,1.0,1.0,3.0,7.0,9.0,14.0,12.0,20.0
14/04/2024,For Sittard,Feyenoord,0,1,A,3.0,6.0,2.0,3.0,3.0,3.0,7.0,15.0,14.0,10.0
14/04/2024,Utrecht,Go Ahead Eagles,2,1,H,5.0,3.0,1.0,0.0,6.0,3.0,7.0,7.0,16.0,14.0
14/04/2024,Ajax,Twente,2,1,H,2.0,6.0,2.0,1.0,4.0,3.0,4.0,14.0,8.0,7.0
14/04/2024,Nijmegen,Zwolle,2,2,D,10.0,3.0,2.0,4.0,9.0,5.0,7.0,22.0,16.0,10.0
24/04/2024,Twente,Almere City,3,1,H,8.0,4.0,1.0,1.0,8.0,2.0,6.0,11.0,15.0,7.0
24/04/2024,Ajax,Excelsior,2,2,D,4.0,3.0,2.0,2.0,5.0,4.0,6.0,11.0,8.0,9.0
25/04/2024,Heerenveen,PSV Eindhoven,0,8,A,2.0,1.0,0.0,0.0,2.0,11.0,9.0,6.0,8.0,16.0
25/04/2024,Go Ahead Eagles,Feyenoord,1,3,A,9.0,3.0,0.0,0.0,6.0,7.0,6.0,11.0,16.0,17.0
28/04/2024,Nijmegen,AZ Alkmaar,0,3,A,3.0,2.0,2.0,4.0,6.0,6.0,7.0,15.0,14.0,11.0
28/04/2024,Zwolle,Heracles,3,1,H,8.0,8.0,3.0,3.0,6.0,4.0,12.0,14.0,22.0,10.0
28/04/2024,Sparta Rotterdam,Volendam,1,0,H,5.0,9.0,1.0,2.0,3.0,2.0,7.0,11.0,10.0,10.0
28/04/2024,Waalwijk,Utrecht,2,2,D,4.0,6.0,1.0,2.0,6.0,5.0,14.0,10.0,9.0,11.0
28/04/2024,Vitesse,For Sittard,3,2,H,3.0,6.0,4.0,3.0,6.0,10.0,20.0,8.0,10.0,19.0
03/05/2024,Almere City,Heerenveen,1,1,D,3.0,9.0,2.0,0.0,4.0,5.0,14.0,6.0,13.0,18.0
03/05/2024,For Sittard,Go Ahead Eagles,0,0,D,8.0,0.0,1.0,0.0,5.0,1.0,11.0,8.0,27.0,6.0
05/05/2024,Heracles,Waalwijk,0,5,A,4.0,9.0,1.0,1.0,5.0,10.0,8.0,14.0,16.0,19.0
05/05/2024,PSV Eindhoven,Sparta Rotterdam,4,2,H,3.0,4.0,0.0,1.0,7.0,1.0,8.0,9.0,18.0,7.0
05/05/2024,Utrecht,Vitesse,1,0,H,4.0,7.0,0.0,3.0,6.0,5.0,15.0,10.0,15.0,20.0
05/05/2024,Volendam,Ajax,1,4,A,1.0,3.0,0.0,0.0,2.0,11.0,8.0,7.0,8.0,17.0
05/05/2024,AZ Alkmaar,Twente,2,1,H,4.0,11.0,3.0,1.0,4.0,4.0,15.0,8.0,10.0,15.0
05/05/2024,Feyenoord,Zwolle,5,0,H,11.0,0.0,1.0,1.0,17.0,0.0,8.0,6.0,30.0,3.0
06/05/2024,Excelsior,Nijmegen,0,3,A,3.0,6.0,1.0,2.0,1.0,8.0,5.0,10.0,9.0,19.0
12/05/2024,Ajax,Almere City,3,0,H,4.0,1.0,3.0,2.0,4.0,0.0,11.0,14.0,11.0,3.0
12/05/2024,Excelsior,Heracles,4,0,H,7.0,4.0,2.0,3.0,9.0,0.0,5.0,16.0,19.0,6.0
12/05/2024,For Sittard,PSV Eindhoven,1,1,D,4.0,9.0,2.0,0.0,6.0,5.0,12.0,5.0,10.0,12.0
12/05/2024,Go Ahead Eagles,AZ Alkmaar,0,3,A,3.0,3.0,0.0,0.0,4.0,4.0,10.0,14.0,16.0,17.0
12/05/2024,Heerenveen,Vitesse,1,3,A,7.0,2.0,0.0,3.0,5.0,7.0,10.0,16.0,22.0,16.0
12/05/2024,Nijmegen,Feyenoord,2,3,A,7.0,9.0,0.0,3.0,6.0,6.0,9.0,16.0,12.0,21.0
12/05/2024,Twente,Volendam,7,2,H,13.0,2.0,0.0,2.0,10.0,2.0,5.0,4.0,19.0,6.0
12/05/2024,Utrecht,Sparta Rotterdam,0,1,A,12.0,4.0,1.0,0.0,5.0,4.0,6.0,7.0,20.0,10.0
12/05/2024,Waalwijk,Zwolle,1,1,D,10.0,5.0,0.0,1.0,5.0,11.0,6.0,6.0,22.0,15.0
19/05/2024,Almere City,Nijmegen,1,4,A,6.0,7.0,1.0,0.0,4.0,11.0,13.0,9.0,15.0,21.0
19/05/2024,AZ Alkmaar,Utrecht,3,3,D,3.0,14.0,2.0,0.0,4.0,11.0,8.0,3.0,7.0,21.0
19/05/2024,Feyenoord,Excelsior,4,0,H,10.0,6.0,0.0,0.0,7.0,1.0,5.0,5.0,23.0,7.0
19/05/2024,Heracles,For Sittard,0,0,D,4.0,6.0,1.0,0.0,3.0,4.0,15.0,7.0,9.0,12.0
19/05/2024,PSV Eindhoven,Waalwijk,3,1,H,14.0,3.0,0.0,5.0,9.0,2.0,5.0,12.0,34.0,5.0
19/05/2024,Sparta Rotterdam,Heerenveen,2,1,H,3.0,8.0,0.0,2.0,4.0,5.0,6.0,10.0,10.0,19.0
19/05/2024,Vitesse,Ajax,2,2,D,5.0,11.0,2.0,2.0,6.0,5.0,10.0,6.0,15.0,25.0
19/05/2024,Volendam,Go Ahead Eagles,1,2,A,5.0,8.0,0.0,1.0,4.0,11.0,6.0,8.0,14.0,21.0
19/05/2024,Zwolle,Twente,1,2,A,1.0,12.0,2.0,1.0,3.0,6.0,11.0,6.0,6.0,26.0
09/08/2024,Groningen,NAC Breda,4,1,H,8.0,1.0,1.0,3.0,9.0,3.0,7.0,7.0,17.0,7.0
10/08/2024,Feyenoord,Willem II,1,1,D,14.0,3.0,1.0,4.0,7.0,1.0,8.0,21.0,21.0,2.0
10/08/2024,Nijmegen,Twente,1,2,A,7.0,5.0,0.0,0.0,2.0,5.0,5.0,6.0,12.0,15.0
10/08/2024,Almere City,AZ Alkmaar,0,1,A,2.0,8.0,1.0,2.0,2.0,3.0,13.0,9.0,7.0,6.0
10/08/2024,PSV Eindhoven,Waalwijk,5,1,H,7.0,3.0,0.0,0.0,12.0,4.0,4.0,8.0,19.0,8.0
11/08/2024,Sparta Rotterdam,Heracles,0,0,D,3.0,4.0,1.0,1.0,1.0,2.0,12.0,14.0,9.0,10.0
11/08/2024,Go Ahead Eagles,For Sittard,0,2,A,6.0,3.0,1.0,1.0,4.0,4.0,13.0,10.0,18.0,13.0
11/08/2024,Utrecht,Zwolle,1,0,H,2.0,1.0,0.0,3.0,2.0,1.0,18.0,10.0,9.0,5.0
11/08/2024,Ajax,Heerenveen,1,0,H,5.0,2.0,0.0,2.0,4.0,2.0,10.0,8.0,12.0,7.0
16/08/2024,For Sittard,Almere City,3,0,H,9.0,3.0,2.0,3.0,9.0,4.0,8.0,12.0,20.0,8.0
17/08/2024,Heerenveen,Utrecht,1,1,D,6.0,4.0,4.0,2.0,7.0,4.0,15.0,8.0,21.0,6.0
17/08/2024,Twente,Sparta Rotterdam,1,1,D,5.0,4.0,1.0,0.0,3.0,3.0,7.0,8.0,21.0,11.0
17/08/2024,AZ Alkmaar,Nijmegen,1,0,H,4.0,6.0,2.0,2.0,6.0,1.0,11.0,10.0,16.0,8.0
17/08/2024,Waalwijk,Groningen,1,2,A,7.0,1.0,2.0,2.0,7.0,9.0,7.0,11.0,13.0,15.0
18/08/2024,Heracles,PSV Eindhoven,1,3,A,2.0,12.0,1.0,0.0,3.0,8.0,7.0,12.0,6.0,32.0
18/08/2024,Willem II,Go Ahead Eagles,2,0,H,4.0,3.0,2.0,2.0,3.0,1.0,10.0,12.0,8.0,11.0
18/08/2024,Zwolle,Feyenoord,1,5,A,1.0,2.0,1.0,1.0,2.0,8.0,8.0,10.0,7.0,16.0
18/08/2024,NAC Breda,Ajax,2,1,H,1.0,8.0,0.0,1.0,3.0,5.0,15.0,14.0,6.0,16.0
24/08/2024,Nijmegen,Zwolle,1,0,H,6.0,2.0,1.0,4.0,2.0,4.0,8.0,13.0,16.0,11.0
24/08/2024,Almere City,PSV Eindhoven,1,7,A,1.0,9.0,1.0,1.0,1.0,11.0,10.0,6.0,3.0,20.0
24/08/2024,NAC Breda,Utrecht,1,2,A,4.0,5.0,3.0,1.0,3.0,7.0,5.0,7.0,7.0,13.0
25/08/2024,Groningen,AZ Alkmaar,0,0,D,2.0,6.0,3.0,1.0,1.0,4.0,13.0,14.0,2.0,12.0
25/08/2024,Heracles,Willem II,1,1,D,8.0,6.0,2.0,3.0,6.0,3.0,13.0,11.0,16.0,10.0
25/08/2024,Sparta Rotterdam,Feyenoord,1,1,D,6.0,11.0,3.0,5.0,6.0,5.0,7.0,11.0,11.0,17.0
25/08/2024,Go Ahead Eagles,Waalwijk,2,0,H,7.0,1.0,3.0,2.0,6.0,2.0,9.0,9.0,20.0,8.0
30/08/2024,Waalwijk,AZ Alkmaar,0,3,A,3.0,10.0,5.0,3.0,1.0,7.0,8.0,13.0,4.0,22.0
31/08/2024,Almere City,Groningen,1,1,D,6.0,4.0,1.0,2.0,3.0,2.0,9.0,14.0,14.0,8.0
31/08/2024,For Sittard,Nijmegen,0,3,A,4.0,5.0,1.0,0.0,1.0,5.0,5.0,11.0,14.0,9.0
31/08/2024,Heerenveen,NAC Breda,4,0,H,3.0,6.0,0.0,1.0,8.0,1.0,10.0,8.0,16.0,11.0
31/08/2024,Willem II,Sparta Rotterdam,1,2,A,4.0,3.0,1.0,4.0,5.0,4.0,8.0,7.0,11.0,14.0
01/09/2024,Utrecht,Twente,2,1,H,5.0,4.0,0.0,2.0,4.0,7.0,10.0,6.0,7.0,15.0
01/09/2024,Zwolle,Heracles,3,0,H,4.0,4.0,1.0,2.0,5.0,4.0,14.0,16.0,16.0,10.0
01/09/2024,PSV Eindhoven,Go Ahead Eagles,3,0,H,5.0,3.0,0.0,3.0,8.0,2.0,7.0,8.0,19.0,9.0
14/09/2024,PSV Eindhoven,Nijmegen,2,0,H,15.0,3.0,0.0,1.0,11.0,1.0,9.0,5.0,26.0,2.0
14/09/2024,Twente,Zwolle,1,1,D,8.0,4.0,1.0,1.0,12.0,2.0,12.0,12.0,23.0,5.0
14/09/2024,Groningen,Feyenoord,2,2,D,5.0,6.0,3.0,2.0,5.0,8.0,12.0,13.0,11.0,15.0
14/09/2024,NAC Breda,For Sittard,1,0,H,3.0,8.0,2.0,1.0,3.0,3.0,11.0,9.0,13.0,10.0
14/09/2024,AZ Alkmaar,Heerenveen,9,1,H,5.0,3.0,0.0,1.0,19.0,5.0,8.0,8.0,26.0,15.0
15/09/2024,Sparta Rotterdam,Go Ahead Eagles,1,2,A,5.0,13.0,1.0,1.0,7.0,3.0,6.0,9.0,16.0,16.0
15/09/2024,Willem II,Waalwijk,3,0,H,4.0,4.0,2.0,1.0,5.0,2.0,4.0,5.0,13.0,10.0
15/09/2024,Heracles,Almere City,0,0,D,10.0,2.0,1.0,2.0,2.0,4.0,9.0,8.0,23.0,10.0
17/09/2024,Twente,Heerenveen,2,0,H,6.0,3.0,2.0,2.0,9.0,4.0,15.0,13.0,18.0,12.0
18/09/2024,Ajax,For Sittard,5,0,H,15.0,0.0,0.0,1.0,14.0,1.0,8.0,6.0,25.0,4.0
20/09/2024,Zwolle,AZ Alkmaar,1,2,A,10.0,9.0,2.0,4.0,2.0,6.0,14.0,14.0,16.0,18.0
21/09/2024,Utrecht,Willem II,3,2,H,7.0,7.0,2.0,3.0,2.0,3.0,5.0,13.0,15.0,8.0
21/09/2024,Waalwijk,Sparta Rotterdam,1,2,A,6.0,2.0,0.0,1.0,10.0,5.0,10.0,10.0,27.0,14.0
21/09/2024,Go Ahead Eagles,Ajax,1,1,D,7.0,2.0,2.0,2.0,4.0,3.0,9.0,11.0,9.0,8.0
21/09/2024,Nijmegen,Heracles,1,2,A,7.0,3.0,3.0,4.0,9.0,4.0,16.0,15.0,21.0,11.0
22/09/2024,Heerenveen,Groningen,2,1,H,9.0,3.0,1.0,3.0,6.0,1.0,11.0,9.0,20.0,2.0
22/09/2024,Almere City,Twente,0,5,A,7.0,5.0,1.0,1.0,4.0,8.0,9.0,5.0,16.0,16.0
22/09/2024,Feyenoord,NAC Breda,2,0,H,5.0,2.0,2.0,2.0,5.0,1.0,10.0,15.0,25.0,5.0
22/09/2024,For Sittard,PSV Eindhoven,1,3,A,5.0,6.0,3.0,1.0,4.0,7.0,11.0,10.0,8.0,14.0
27/09/2024,Heracles,Heerenveen,2,1,H,9.0,4.0,2.0,2.0,6.0,6.0,8.0,14.0,15.0,13.0
28/09/2024,Willem II,PSV Eindhoven,0,2,A,3.0,6.0,1.0,2.0,1.0,3.0,11.0,9.0,8.0,12.0
28/09/2024,Nijmegen,Feyenoord,1,1,D,3.0,9.0,1.0,1.0,4.0,6.0,9.0,12.0,10.0,17.0
28/09/2024,Sparta Rotterdam,For Sittard,1,1,D,9.0,5.0,1.0,2.0,6.0,5.0,12.0,9.0,19.0,13.0
29/09/2024,Zwolle,Almere City,1,0,H,6.0,8.0,2.0,4.0,4.0,5.0,10.0,13.0,11.0,15.0
29/09/2024,Groningen,Go Ahead Eagles,0,1,A,7.0,7.0,2.0,3.0,1.0,3.0,11.0,11.0,7.0,16.0
29/09/2024,Twente,NAC Breda,1,0,H,4.0,3.0,2.0,2.0,5.0,2.0,13.0,12.0,18.0,7.0
29/09/2024,Waalwijk,Ajax,0,2,A,2.0,12.0,2.0,1.0,1.0,4.0,9.0,6.0,3.0,23.0
29/09/2024,AZ Alkmaar,Utrecht,1,2,A,8.0,1.0,1.0,2.0,6.0,3.0,9.0,10.0,22.0,8.0
04/10/2024,Almere City,Willem II,0,1,A,6.0,5.0,1.0,3.0,7.0,1.0,9.0,13.0,22.0,4.0
05/10/2024,NAC Breda,Nijmegen,1,0,H,8.0,3.0,2.0,1.0,6.0,2.0,12.0,8.0,18.0,12.0
05/10/2024,PSV Eindhoven,Sparta Rotterdam,2,1,H,3.0,8.0,0.0,2.0,6.0,4.0,3.0,5.0,16.0,14.0
05/10/2024,Utrecht,Waalwijk,3,2,H,7.0,0.0,1.0,0.0,8.0,2.0,8.0,11.0,23.0,3.0
06/10/2024,Go Ahead Eagles,Heracles,4,1,H,3.0,5.0,1.0,2.0,9.0,2.0,13.0,8.0,18.0,7.0
06/10/2024,Feyenoord,Twente,2,1,H,5.0,6.0,2.0,2.0,2.0,5.0,17.0,11.0,8.0,7.0
06/10/2024,Heerenveen,Zwolle,1,1,D,8.0,2.0,2.0,2.0,4.0,2.0,10.0,14.0,15.0,6.0
06/10/2024,Ajax,Groningen,3,1,H,5.0,2.0,3.0,2.0,8.0,4.0,8.0,10.0,17.0,12.0
06/10/2024,For Sittard,AZ Alkmaar,1,0,H,2.0,5.0,4.0,2.0,3.0,3.0,11.0,9.0,9.0,10.0
19/10/2024,Sparta Rotterdam,Almere City,2,2,D,5.0,3.0,2.0,3.0,7.0,3.0,6.0,12.0,19.0,9.0
19/10/2024,AZ Alkmaar,PSV Eindhoven,1,2,A,0.0,3.0,0.0,0.0,2.0,5.0,5.0,11.0,5.0,17.0
19/10/2024,Nijmegen,Heerenveen,3,0,H,4.0,4.0,0.0,3.0,5.0,2.0,17.0,17.0,12.0,8.0
19/10/2024,Waalwijk,Twente,2,2,D,3.0,10.0,1.0,2.0,4.0,7.0,6.0,9.0,9.0,16.0
19/10/2024,Go Ahead Eagles,Feyenoord,1,5,A,2.0,6.0,1.0,2.0,4.0,7.0,10.0,6.0,8.0,23.0
20/10/2024,Willem II,For Sittard,0,0,D,2.0,10.0,1.0,1.0,0.0,4.0,11.0,11.0,5.0,22.0
20/10/2024,Groningen,Utrecht,0,1,A,4.0,5.0,2.0,4.0,3.0,3.0,9.0,17.0,15.0,10.0
20/10/2024,Heracles,Ajax,3,4,A,3.0,0.0,2.0,4.0,6.0,6.0,11.0,11.0,14.0,18.0
20/10/2024,Zwolle,NAC Breda,1,2,A,7.0,4.0,1.0,2.0,3.0,5.0,7.0,6.0,10.0,12.0
25/10/2024,Almere City,Nijmegen,1,0,H,4.0,8.0,1.0,1.0,3.0,4.0,16.0,13.0,11.0,15.0
26/10/2024,For Sittard,Groningen,1,0,H,6.0,3.0,1.0,3.0,3.0,3.0,15.0,12.0,9.0,8.0
26/10/2024,PSV Eindhoven,Zwolle,6,0,H,9.0,4.0,0.0,0.0,9.0,2.0,7.0,9.0,21.0,4.0
26/10/2024,NAC Breda,Waalwijk,4,1,H,6.0,2.0,2.0,3.0,11.0,2.0,7.0,19.0,21.0,8.0
26/10/2024,Heerenveen,Sparta Rotterdam,2,0,H,6.0,4.0,4.0,1.0,6.0,4.0,14.0,9.0,13.0,8.0
27/10/2024,Utrecht,Feyenoord,0,2,A,2.0,8.0,3.0,2.0,1.0,7.0,13.0,8.0,4.0,13.0
27/10/2024,Twente,Heracles,5,0,H,5.0,2.0,0.0,0.0,9.0,1.0,11.0,12.0,21.0,4.0
27/10/2024,Ajax,Willem II,1,0,H,4.0,1.0,1.0,0.0,7.0,2.0,10.0,11.0,11.0,3.0
27/10/2024,AZ Alkmaar,Go Ahead Eagles,2,2,D,4.0,6.0,3.0,2.0,6.0,3.0,9.0,6.0,13.0,10.0
30/10/2024,Feyenoord,Ajax,0,2,A,3.0,4.0,4.0,2.0,2.0,4.0,15.0,13.0,15.0,8.0
02/11/2024,Willem II,Twente,0,1,A,4.0,6.0,4.0,1.0,1.0,6.0,10.0,12.0,8.0,19.0
02/11/2024,Ajax,PSV Eindhoven,3,2,H,6.0,1.0,2.0,3.0,8.0,4.0,9.0,14.0,21.0,12.0
02/11/2024,Heracles,NAC Breda,2,0,H,2.0,5.0,1.0,1.0,3.0,4.0,16.0,12.0,11.0,11.0
02/11/2024,Feyenoord,AZ Alkmaar,3,2,H,10.0,0.0,0.0,0.0,4.0,5.0,12.0,11.0,16.0,9.0
02/11/2024,For Sittard,Heerenveen,3,0,H,1.0,8.0,0.0,0.0,3.0,2.0,8.0,10.0,6.0,11.0
03/11/2024,Go Ahead Eagles,Zwolle,2,2,D,9.0,5.0,1.0,1.0,6.0,3.0,12.0,12.0,16.0,5.0
03/11/2024,Nijmegen,Groningen,6,0,H,1.0,4.0,1.0,3.0,6.0,1.0,17.0,15.0,14.0,6.0
03/11/2024,Sparta Rotterdam,Utrecht,1,4,A,4.0,4.0,1.0,1.0,3.0,4.0,14.0,10.0,10.0,14.0
03/11/2024,Waalwijk,Almere City,2,0,H,4.0,4.0,0.0,0.0,3.0,0.0,11.0,9.0,11.0,8.0
08/11/2024,Utrecht,Heracles,1,0,H,4.0,8.0,0.0,1.0,6.0,2.0,11.0,13.0,19.0,10.0
09/11/2024,Groningen,Sparta Rotterdam,1,0,H,4.0,5.0,1.0,2.0,5.0,3.0,9.0,11.0,8.0,11.0
09/11/2024,Zwolle,For Sittard,3,1,H,5.0,7.0,4.0,2.0,4.0,5.0,13.0,15.0,14.0,14.0
09/11/2024,NAC Breda,PSV Eindhoven,0,3,A,5.0,9.0,2.0,2.0,3.0,10.0,13.0,9.0,11.0,20.0
09/11/2024,Waalwijk,Nijmegen,0,3,A,4.0,10.0,2.0,1.0,3.0,8.0,6.0,12.0,10.0,20.0
10/11/2024,Almere City,Feyenoord,1,4,A,0.0,9.0,2.0,0.0,4.0,11.0,14.0,5.0,8.0,20.0
10/11/2024,Heerenveen,Go Ahead Eagles,1,0,H,2.0,6.0,2.0,2.0,1.0,3.0,11.0,11.0,4.0,12.0
10/11/2024,Twente,Ajax,2,2,D,5.0,4.0,1.0,1.0,7.0,6.0,13.0,5.0,17.0,11.0
10/11/2024,AZ Alkmaar,Willem II,1,2,A,10.0,1.0,0.0,3.0,3.0,3.0,7.0,10.0,30.0,7.0
23/11/2024,Go Ahead Eagles,Almere City,3,0,H,5.0,4.0,0.0,0.0,9.0,1.0,7.0,6.0,20.0,8.0
23/11/2024,Feyenoord,Heerenveen,3,0,H,7.0,3.0,0.0,2.0,7.0,3.0,4.0,14.0,24.0,7.0
23/11/2024,Heracles,Waalwijk,2,2,D,9.0,5.0,1.0,0.0,5.0,6.0,8.0,14.0,18.0,15.0
23/11/2024,For Sittard,Twente,1,2,A,3.0,1.0,1.0,2.0,1.0,3.0,8.0,10.0,8.0,11.0
23/11/2024,PSV Eindhoven,Groningen,5,0,H,14.0,3.0,0.0,0.0,10.0,2.0,2.0,5.0,26.0,4.0
24/11/2024,Nijmegen,Utrecht,1,2,A,8.0,5.0,0.0,1.0,6.0,6.0,9.0,11.0,19.0,10.0
24/11/2024,Sparta Rotterdam,AZ Alkmaar,1,2,A,5.0,2.0,3.0,3.0,4.0,2.0,11.0,12.0,13.0,5.0
24/11/2024,Willem II,NAC Breda,2,2,D,8.0,0.0,4.0,2.0,4.0,3.0,7.0,6.0,14.0,10.0
24/11/2024,Ajax,Zwolle,2,0,H,7.0,0.0,3.0,1.0,2.0,6.0,15.0,12.0,5.0,13.0
29/11/2024,Heerenveen,Waalwijk,1,1,D,3.0,3.0,0.0,0.0,4.0,1.0,14.0,8.0,13.0,12.0
30/11/2024,NAC Breda,Almere City,1,0,H,5.0,4.0,1.0,1.0,4.0,3.0,8.0,12.0,10.0,10.0
30/11/2024,Groningen,Willem II,2,0,H,3.0,1.0,1.0,0.0,7.0,1.0,7.0,7.0,14.0,6.0
30/11/2024,Feyenoord,For Sittard,1,1,D,9.0,1.0,2.0,2.0,10.0,3.0,11.0,13.0,23.0,8.0
30/11/2024,Zwolle,Sparta Rotterdam,1,0,H,3.0,7.0,3.0,1.0,3.0,2.0,8.0,16.0,10.0,13.0
01/12/2024,Utrecht,PSV Eindhoven,2,5,A,4.0,6.0,2.0,4.0,3.0,8.0,9.0,11.0,10.0,13.0
01/12/2024,AZ Alkmaar,Heracles,1,0,H,8.0,1.0,0.0,3.0,5.0,2.0,8.0,16.0,20.0,7.0
01/12/2024,Twente,Go Ahead Eagles,3,2,H,12.0,0.0,1.0,2.0,8.0,4.0,8.0,6.0,26.0,9.0
01/12/2024,Nijmegen,Ajax,1,2,A,7.0,1.0,1.0,5.0,8.0,6.0,13.0,21.0,21.0,8.0
04/12/2024,Ajax,Utrecht,2,2,D,7.0,7.0,0.0,0.0,2.0,5.0,14.0,6.0,13.0,17.0
06/12/2024,PSV Eindhoven,Twente,6,1,H,9.0,2.0,0.0,1.0,12.0,3.0,7.0,9.0,20.0,8.0
07/12/2024,Go Ahead Eagles,Nijmegen,5,0,H,5.0,6.0,2.0,2.0,9.0,4.0,14.0,13.0,18.0,11.0
07/12/2024,Sparta Rotterdam,NAC Breda,0,2,A,9.0,5.0,3.0,1.0,5.0,9.0,12.0,7.0,22.0,13.0
07/12/2024,Waalwijk,Feyenoord,2,3,A,2.0,15.0,0.0,0.0,4.0,9.0,9.0,3.0,11.0,17.0
07/12/2024,Heracles,For Sittard,2,2,D,5.0,3.0,2.0,1.0,7.0,5.0,17.0,11.0,15.0,7.0
08/12/2024,Groningen,Zwolle,0,0,D,6.0,4.0,3.0,0.0,6.0,2.0,10.0,5.0,15.0,10.0
08/12/2024,AZ Alkmaar,Ajax,2,1,H,6.0,3.0,1.0,2.0,4.0,3.0,16.0,11.0,12.0,7.0
08/12/2024,Willem II,Heerenveen,1,2,A,2.0,3.0,2.0,2.0,4.0,3.0,14.0,10.0,10.0,19.0
08/12/2024,Almere City,Utrecht,1,3,A,4.0,4.0,2.0,3.0,3.0,5.0,10.0,6.0,11.0,12.0
13/12/2024,Zwolle,Willem II,0,1,A,9.0,5.0,0.0,3.0,2.0,5.0,11.0,14.0,19.0,9.0
14/12/2024,Heerenveen,PSV Eindhoven,1,0,H,7.0,7.0,0.0,0.0,5.0,3.0,6.0,5.0,12.0,14.0
14/12/2024,For Sittard,Waalwijk,3,2,H,12.0,7.0,1.0,1.0,8.0,7.0,5.0,4.0,16.0,15.0
14/12/2024,Feyenoord,Heracles,5,2,H,10.0,0.0,0.0,1.0,7.0,3.0,10.0,11.0,18.0,5.0
15/12/2024,Utrecht,Go Ahead Eagles,3,3,D,7.0,1.0,1.0,2.0,8.0,3.0,9.0,8.0,39.0,9.0
15/12/2024,Nijmegen,Sparta Rotterdam,1,1,D,13.0,5.0,0.0,2.0,7.0,6.0,10.0,9.0,20.0,15.0
15/12/2024,Twente,Groningen,2,0,H,3.0,5.0,1.0,2.0,5.0,3.0,12.0,7.0,11.0,8.0
15/12/2024,Ajax,Almere City,3,0,H,7.0,0.0,1.0,2.0,8.0,0.0,6.0,12.0,14.0,4.0
15/12/2024,NAC Breda,AZ Alkmaar,1,2,A,1.0,7.0,5.0,3.0,2.0,6.0,15.0,9.0,4.0,15.0
20/12/2024,Waalwijk,Zwolle,1,1,D,7.0,3.0,2.0,1.0,7.0,4.0,7.0,9.0,13.0,10.0
21/12/2024,Go Ahead Eagles,NAC Breda,2,1,H,11.0,7.0,0.0,2.0,7.0,4.0,4.0,6.0,29.0,13.0
21/12/2024,Almere City,Heerenveen,3,0,H,6.0,3.0,1.0,2.0,8.0,3.0,9.0,13.0,11.0,11.0
21/12/2024,AZ Alkmaar,Twente,1,0,H,4.0,2.0,3.0,4.0,5.0,1.0,13.0,10.0,11.0,5.0
22/12/2024,Sparta Rotterdam,Ajax,0,2,A,7.0,1.0,2.0,1.0,3.0,3.0,12.0,5.0,11.0,7.0
22/12/2024,PSV Eindhoven,Feyenoord,3,0,H,7.0,3.0,1.0,3.0,7.0,2.0,14.0,11.0,17.0,9.0
22/12/2024,Utrecht,For Sittard,2,5,A,4.0,4.0,3.0,3.0,6.0,6.0,11.0,16.0,17.0,13.0
22/12/2024,Willem II,Nijmegen,4,1,H,5.0,4.0,0.0,2.0,8.0,7.0,8.0,7.0,14.0,15.0
10/01/2025,For Sittard,Go Ahead Eagles,0,3,A,9.0,4.0,2.0,0.0,3.0,6.0,12.0,13.0,18.0,21.0
11/01/2025,Heracles,Sparta Rotterdam,1,1,D,8.0,4.0,3.0,3.0,4.0,12.0,7.0,13.0,10.0,21.0
11/01/2025,Ajax,Waalwijk,2,1,H,9.0,1.0,1.0,0.0,4.0,3.0,7.0,17.0,17.0,11.0
11/01/2025,Zwolle,Nijmegen,0,1,A,6.0,4.0,1.0,1.0,3.0,3.0,9.0,14.0,8.0,10.0
11/01/2025,PSV Eindhoven,AZ Alkmaar,2,2,D,11.0,1.0,0.0,2.0,4.0,5.0,7.0,8.0,18.0,8.0
12/01/2025,Twente,Willem II,6,2,H,7.0,4.0,0.0,1.0,12.0,3.0,6.0,8.0,21.0,10.0
12/01/2025,Feyenoord,Utrecht,1,2,A,9.0,2.0,0.0,1.0,5.0,3.0,1.0,7.0,16.0,11.0
12/01/2025,Groningen,Almere City,0,0,D,15.0,2.0,1.0,2.0,5.0,1.0,3.0,12.0,18.0,5.0
12/01/2025,NAC Breda,Heerenveen,2,4,A,7.0,4.0,0.0,3.0,6.0,6.0,8.0,14.0,15.0,14.0
18/01/2025,Zwolle,PSV Eindhoven,3,1,H,2.0,5.0,2.0,2.0,3.0,4.0,9.0,8.0,7.0,18.0
18/01/2025,Utrecht,AZ Alkmaar,0,0,D,4.0,6.0,0.0,3.0,3.0,4.0,11.0,13.0,9.0,12.0
18/01/2025,Willem II,Feyenoord,1,1,D,3.0,10.0,1.0,0.0,1.0,6.0,8.0,6.0,9.0,15.0
18/01/2025,Go Ahead Eagles,Groningen,2,1,H,2.0,7.0,1.0,1.0,3.0,5.0,7.0,11.0,14.0,20.0
19/01/2025,NAC Breda,Twente,2,1,H,7.0,7.0,2.0,1.0,4.0,6.0,19.0,8.0,11.0,26.0
19/01/2025,Almere City,Heracles,0,2,A,6.0,6.0,3.0,1.0,3.0,3.0,11.0,14.0,13.0,10.0
19/01/2025,Heerenveen,Ajax,0,2,A,5.0,5.0,1.0,1.0,2.0,9.0,7.0,8.0,11.0,21.0
19/01/2025,Nijmegen,For Sittard,4,1,H,2.0,1.0,0.0,5.0,7.0,2.0,6.0,14.0,14.0,9.0
19/01/2025,Sparta Rotterdam,Waalwijk,1,1,D,6.0,9.0,0.0,1.0,5.0,5.0,3.0,9.0,20.0,20.0
24/01/2025,Heracles,Utrecht,1,1,D,4.0,10.0,5.0,2.0,3.0,7.0,13.0,8.0,9.0,19.0
25/01/2025,PSV Eindhoven,NAC Breda,3,2,H,10.0,2.0,1.0,1.0,10.0,5.0,6.0,12.0,23.0,20.0
25/01/2025,Groningen,Heerenveen,1,0,H,5.0,3.0,0.0,0.0,8.0,4.0,12.0,10.0,11.0,10.0
26/01/2025,For Sittard,Zwolle,1,4,A,7.0,3.0,3.0,1.0,1.0,5.0,10.0,8.0,16.0,8.0
26/01/2025,Waalwijk,Willem II,2,0,H,10.0,3.0,3.0,3.0,2.0,3.0,12.0,11.0,9.0,9.0
26/01/2025,AZ Alkmaar,Sparta Rotterdam,1,2,A,8.0,3.0,0.0,4.0,5.0,4.0,3.0,13.0,21.0,10.0
28/01/2025,Heracles,Groningen,1,1,D,5.0,1.0,2.0,4.0,4.0,2.0,20.0,12.0,17.0,7.0
31/01/2025,NAC Breda,Heracles,1,1,D,4.0,3.0,0.0,0.0,5.0,5.0,6.0,6.0,18.0,12.0
01/02/2025,Zwolle,Utrecht,3,3,D,5.0,3.0,2.0,0.0,6.0,9.0,15.0,12.0,12.0,17.0
01/02/2025,Heerenveen,For Sittard,2,2,D,12.0,1.0,0.0,3.0,6.0,4.0,15.0,11.0,26.0,6.0
01/02/2025,Nijmegen,PSV Eindhoven,3,3,D,4.0,5.0,1.0,1.0,7.0,6.0,10.0,5.0,10.0,15.0
02/02/2025,Almere City,Waalwijk,1,4,A,5.0,10.0,0.0,2.0,5.0,13.0,6.0,9.0,15.0,28.0
02/02/2025,Ajax,Feyenoord,2,1,H,7.0,5.0,0.0,0.0,7.0,6.0,13.0,7.0,16.0,12.0
02/02/2025,Go Ahead Eagles,Twente,2,2,D,4.0,8.0,0.0,0.0,4.0,9.0,10.0,14.0,9.0,17.0
02/02/2025,Sparta Rotterdam,Groningen,1,0,H,4.0,2.0,0.0,1.0,3.0,3.0,6.0,11.0,8.0,7.0
02/02/2025,Willem II,AZ Alkmaar,0,2,A,1.0,10.0,4.0,0.0,1.0,7.0,14.0,7.0,3.0,17.0
08/02/2025,Heracles,Go Ahead Eagles,4,2,H,11.0,5.0,0.0,0.0,8.0,5.0,6.0,12.0,24.0,11.0
08/02/2025,PSV Eindhoven,Willem II,1,1,D,6.0,2.0,0.0,2.0,5.0,3.0,8.0,7.0,15.0,8.0
08/02/2025,Groningen,Nijmegen,2,1,H,7.0,6.0,1.0,0.0,6.0,4.0,7.0,5.0,17.0,14.0
08/02/2025,Feyenoord,Sparta Rotterdam,3,0,H,6.0,2.0,0.0,0.0,6.0,5.0,6.0,5.0,17.0,14.0
09/02/2025,Utrecht,Almere City,0,1,A,8.0,5.0,1.0,5.0,4.0,6.0,7.0,17.0,15.0,15.0
09/02/2025,For Sittard,Ajax,0,2,A,5.0,4.0,2.0,3.0,2.0,6.0,19.0,24.0,8.0,9.0
09/02/2025,Waalwijk,NAC Breda,5,0,H,7.0,5.0,0.0,1.0,9.0,2.0,5.0,12.0,20.0,14.0
09/02/2025,AZ Alkmaar,Zwolle,2,0,H,3.0,3.0,0.0,0.0,6.0,4.0,9.0,7.0,11.0,12.0
09/02/2025,Heerenveen,Twente,3,3,D,9.0,2.0,1.0,3.0,7.0,5.0,9.0,9.0,22.0,9.0
14/02/2025,Go Ahead Eagles,Sparta Rotterdam,1,0,H,8.0,3.0,0.0,3.0,3.0,2.0,7.0,11.0,14.0,15.0
15/02/2025,PSV Eindhoven,Utrecht,2,2,D,9.0,5.0,2.0,2.0,18.0,3.0,11.0,9.0,34.0,10.0
15/02/2025,NAC Breda,Feyenoord,0,0,D,6.0,5.0,0.0,0.0,2.0,6.0,8.0,10.0,11.0,23.0
15/02/2025,Willem II,Groningen,1,3,A,5.0,5.0,1.0,0.0,8.0,9.0,8.0,7.0,15.0,17.0
16/02/2025,Nijmegen,Almere City,2,2,D,4.0,7.0,1.0,3.0,3.0,5.0,12.0,10.0,9.0,13.0
16/02/2025,Twente,Waalwijk,2,0,H,8.0,2.0,0.0,2.0,3.0,4.0,6.0,7.0,15.0,12.0
16/02/2025,Zwolle,Heerenveen,1,1,D,3.0,3.0,0.0,0.0,5.0,3.0,16.0,10.0,8.0,12.0
16/02/2025,Ajax,Heracles,4,0,H,5.0,4.0,0.0,0.0,6.0,4.0,13.0,14.0,11.0,8.0
22/02/2025,Feyenoord,Almere City,2,1,H,7.0,2.0,0.0,1.0,7.0,2.0,8.0,12.0,18.0,13.0
23/02/2025,Ajax,Go Ahead Eagles,2,0,H,3.0,3.0,2.0,2.0,6.0,1.0,9.0,12.0,21.0,6.0
23/02/2025,Twente,Nijmegen,2,0,H,2.0,4.0,1.0,2.0,5.0,2.0,11.0,8.0,13.0,11.0
23/02/2025,AZ Alkmaar,For Sittard,1,0,H,9.0,1.0,2.0,3.0,6.0,4.0,13.0,13.0,14.0,9.0
28/02/2025,Waalwijk,For Sittard,1,2,A,8.0,1.0,1.0,4.0,1.0,3.0,10.0,13.0,20.0,7.0
01/03/2025,Utrecht,NAC Breda,1,0,H,6.0,2.0,1.0,3.0,5.0,3.0,13.0,19.0,19.0,8.0
01/03/2025,Go Ahead Eagles,PSV Eindhoven,3,2,H,2.0,5.0,1.0,2.0,4.0,5.0,9.0,7.0,7.0,16.0
01/03/2025,Groningen,Twente,1,1,D,2.0,3.0,2.0,0.0,3.0,2.0,12.0,10.0,6.0,12.0
01/03/2025,Feyenoord,Nijmegen,0,0,D,10.0,3.0,1.0,4.0,5.0,2.0,13.0,20.0,17.0,5.0
02/03/2025,Heerenveen,AZ Alkmaar,3,1,H,3.0,6.0,2.0,3.0,7.0,4.0,11.0,10.0,10.0,10.0
02/03/2025,Almere City,Ajax,0,1,A,3.0,0.0,1.0,0.0,1.0,2.0,16.0,13.0,14.0,5.0
02/03/2025,Heracles,Zwolle,4,2,H,7.0,1.0,1.0,2.0,5.0,3.0,18.0,16.0,16.0,5.0
02/03/2025,Sparta Rotterdam,Willem II,4,0,H,9.0,5.0,1.0,1.0,11.0,3.0,10.0,7.0,22.0,9.0
07/03/2025,NAC Breda,Sparta Rotterdam,1,1,D,5.0,7.0,0.0,2.0,3.0,5.0,10.0,5.0,11.0,17.0
08/03/2025,For Sittard,Heracles,1,0,H,2.0,6.0,0.0,2.0,5.0,0.0,11.0,19.0,12.0,5.0
08/03/2025,PSV Eindhoven,Heerenveen,2,1,H,8.0,4.0,2.0,1.0,10.0,4.0,10.0,10.0,25.0,8.0
09/03/2025,Willem II,Utrecht,2,3,A,4.0,5.0,0.0,2.0,6.0,6.0,14.0,10.0,13.0,15.0
09/03/2025,Nijmegen,Go Ahead Eagles,2,3,A,3.0,15.0,2.0,1.0,4.0,14.0,13.0,8.0,10.0,27.0
09/03/2025,Zwolle,Ajax,0,1,A,3.0,3.0,1.0,0.0,2.0,6.0,9.0,5.0,9.0,14.0
09/03/2025,Twente,Almere City,1,0,H,4.0,3.0,0.0,2.0,3.0,1.0,9.0,13.0,15.0,7.0
14/03/2025,Almere City,NAC Breda,1,1,D,3.0,6.0,1.0,0.0,5.0,3.0,6.0,5.0,13.0,12.0
15/03/2025,Utrecht,Nijmegen,0,1,A,6.0,5.0,0.0,3.0,5.0,3.0,8.0,12.0,19.0,13.0
15/03/2025,Sparta Rotterdam,Zwolle,1,1,D,1.0,4.0,0.0,0.0,5.0,3.0,7.0,12.0,14.0,8.0
15/03/2025,Waalwijk,PSV Eindhoven,0,3,A,1.0,5.0,2.0,0.0,2.0,7.0,7.0,7.0,5.0,17.0
15/03/2025,Heerenveen,Heracles,1,1,D,10.0,1.0,0.0,2.0,3.0,2.0,8.0,15.0,19.0,6.0
16/03/2025,Go Ahead Eagles,Willem II,1,0,H,11.0,1.0,1.0,2.0,7.0,1.0,7.0,16.0,22.0,4.0
16/03/2025,Groningen,For Sittard,1,0,H,9.0,1.0,0.0,4.0,4.0,1.0,12.0,11.0,7.0,4.0
16/03/2025,Twente,Feyenoord,2,6,A,2.0,5.0,2.0,3.0,3.0,8.0,12.0,11.0,9.0,15.0
16/03/2025,Ajax,AZ Alkmaar,2,2,D,3.0,3.0,1.0,3.0,5.0,2.0,8.0,10.0,17.0,6.0
29/03/2025,NAC Breda,Groningen,1,1,D,3.0,2.0,3.0,4.0,3.0,2.0,13.0,14.0,13.0,6.0
29/03/2025,For Sittard,Sparta Rotterdam,0,3,A,2.0,4.0,3.0,1.0,3.0,7.0,15.0,7.0,15.0,15.0
29/03/2025,Willem II,Almere City,0,2,A,8.0,5.0,2.0,2.0,5.0,5.0,6.0,10.0,14.0,19.0
29/03/2025,Nijmegen,AZ Alkmaar,3,3,D,5.0,7.0,3.0,2.0,4.0,5.0,9.0,9.0,15.0,9.0
29/03/2025,Zwolle,Waalwijk,2,0,H,11.0,3.0,1.0,2.0,11.0,2.0,11.0,13.0,25.0,6.0
30/03/2025,Utrecht,Heerenveen,2,0,H,4.0,5.0,1.0,1.0,4.0,2.0,18.0,13.0,12.0,10.0
30/03/2025,Heracles,Twente,2,1,H,1.0,6.0,5.0,2.0,4.0,5.0,15.0,13.0,7.0,13.0
30/03/2025,PSV Eindhoven,Ajax,0,2,A,5.0,2.0,1.0,2.0,4.0,3.0,10.0,8.0,17.0,11.0
30/03/2025,Feyenoord,Go Ahead Eagles,3,2,H,2.0,4.0,1.0,0.0,9.0,3.0,7.0,12.0,17.0,13.0
01/04/2025,AZ Alkmaar,Waalwijk,2,2,D,12.0,5.0,0.0,3.0,6.0,2.0,10.0,10.0,24.0,6.0
02/04/2025,Feyenoord,Groningen,4,1,H,1.0,1.0,0.0,2.0,7.0,1.0,7.0,8.0,13.0,6.0
04/04/2025,Heerenveen,Willem II,3,1,H,9.0,6.0,0.0,1.0,9.0,3.0,12.0,7.0,22.0,13.0
05/04/2025,AZ Alkmaar,Feyenoord,0,1,A,5.0,3.0,3.0,2.0,5.0,1.0,17.0,10.0,13.0,9.0
05/04/2025,Twente,For Sittard,1,1,D,7.0,3.0,1.0,3.0,3.0,1.0,12.0,15.0,11.0,6.0
05/04/2025,Groningen,PSV Eindhoven,1,3,A,4.0,5.0,1.0,2.0,3.0,4.0,6.0,11.0,14.0,15.0
05/04/2025,Almere City,Zwolle,2,2,D,7.0,4.0,2.0,2.0,5.0,5.0,9.0,12.0,24.0,10.0
06/04/2025,Waalwijk,Heracles,0,0,D,6.0,9.0,1.0,1.0,3.0,1.0,11.0,12.0,10.0,10.0
06/04/2025,Go Ahead Eagles,Utrecht,2,2,D,1.0,5.0,1.0,4.0,6.0,3.0,9.0,16.0,11.0,14.0
06/04/2025,Sparta Rotterdam,Nijmegen,2,0,H,3.0,2.0,0.0,4.0,3.0,1.0,10.0,10.0,12.0,9.0
06/04/2025,Ajax,NAC Breda,3,1,H,9.0,0.0,1.0,5.0,4.0,3.0,8.0,18.0,10.0,8.0
11/04/2025,Nijmegen,Waalwijk,2,1,H,3.0,7.0,2.0,0.0,4.0,4.0,14.0,9.0,19.0,10.0
12/04/2025,For Sittard,Feyenoord,0,2,A,5.0,7.0,2.0,1.0,2.0,8.0,18.0,7.0,7.0,14.0
12/04/2025,Sparta Rotterdam,Heerenveen,3,1,H,4.0,1.0,1.0,2.0,7.0,5.0,13.0,11.0,15.0,11.0
12/04/2025,PSV Eindhoven,Almere City,5,0,H,11.0,3.0,0.0,0.0,17.0,2.0,6.0,6.0,34.0,8.0
12/04/2025,NAC Breda,Go Ahead Eagles,1,1,D,6.0,3.0,2.0,2.0,7.0,4.0,12.0,13.0,22.0,10.0
13/04/2025,Utrecht,Groningen,3,1,H,2.0,3.0,1.0,2.0,4.0,3.0,6.0,8.0,11.0,10.0
13/04/2025,Heracles,AZ Alkmaar,1,0,H,6.0,3.0,2.0,0.0,3.0,3.0,13.0,10.0,7.0,10.0
13/04/2025,Zwolle,Twente,1,1,D,4.0,10.0,1.0,2.0,3.0,3.0,15.0,16.0,15.0,10.0
13/04/2025,Willem II,Ajax,1,2,A,1.0,11.0,1.0,0.0,1.0,6.0,8.0,4.0,6.0,29.0
19/04/2025,Heerenveen,Almere City,2,1,H,4.0,3.0,1.0,1.0,3.0,3.0,9.0,11.0,15.0,12.0
20/04/2025,Utrecht,Ajax,4,0,H,1.0,11.0,1.0,3.0,5.0,3.0,7.0,11.0,13.0,7.0
23/04/2025,Groningen,Heracles,4,1,H,3.0,5.0,0.0,5.0,6.0,3.0,9.0,17.0,12.0,8.0
24/04/2025,AZ Alkmaar,NAC Breda,1,1,D,10.0,4.0,0.0,2.0,7.0,2.0,9.0,12.0,18.0,7.0
24/04/2025,Twente,PSV Eindhoven,1,3,A,3.0,5.0,2.0,3.0,3.0,8.0,4.0,14.0,8.0,16.0
25/04/2025,Waalwijk,Utrecht,0,4,A,5.0,5.0,1.0,2.0,2.0,9.0,8.0,10.0,13.0,20.0
25/04/2025,Feyenoord,Zwolle,4,0,H,1.0,3.0,1.0,1.0,7.0,4.0,8.0,15.0,13.0,19.0
27/04/2025,For Sittard,Willem II,1,0,H,4.0,5.0,0.0,0.0,2.0,2.0,12.0,11.0,13.0,4.0
27/04/2025,Ajax,Sparta Rotterdam,1,1,D,11.0,4.0,1.0,2.0,5.0,5.0,10.0,12.0,27.0,13.0
27/04/2025,Heerenveen,Nijmegen,1,0,H,7.0,5.0,1.0,4.0,5.0,1.0,13.0,11.0,14.0,6.0
27/04/2025,Almere City,Go Ahead Eagles,0,0,D,13.0,2.0,2.0,1.0,8.0,1.0,9.0,6.0,29.0,5.0
03/05/2025,Nijmegen,Willem II,1,1,D,4.0,2.0,2.0,2.0,4.0,3.0,15.0,9.0,21.0,10.0
03/05/2025,Heracles,Feyenoord,1,4,A,5.0,1.0,2.0,1.0,3.0,8.0,11.0,10.0,11.0,17.0
03/05/2025,Groningen,Waalwijk,6,1,H,5.0,3.0,0.0,1.0,12.0,4.0,10.0,8.0,22.0,9.0
03/05/2025,PSV Eindhoven,For Sittard,4,1,H,5.0,3.0,0.0,2.0,6.0,1.0,6.0,7.0,16.0,3.0
04/05/2025,NAC Breda,Zwolle,1,3,A,4.0,2.0,3.0,1.0,3.0,5.0,7.0,12.0,14.0,13.0
04/05/2025,Go Ahead Eagles,AZ Alkmaar,0,3,A,6.0,9.0,2.0,3.0,0.0,8.0,5.0,15.0,14.0,17.0
04/05/2025,Sparta Rotterdam,Twente,0,2,A,5.0,4.0,0.0,0.0,1.0,2.0,12.0,6.0,13.0,9.0
09/05/2025,Willem II,Heracles,1,2,A,5.0,10.0,1.0,1.0,5.0,6.0,6.0,11.0,9.0,16.0
10/05/2025,Waalwijk,Heerenveen,3,1,H,5.0,2.0,2.0,1.0,6.0,1.0,10.0,11.0,18.0,3.0
10/05/2025,For Sittard,NAC Breda,1,0,H,5.0,3.0,1.0,2.0,4.0,4.0,14.0,10.0,10.0,6.0
10/05/2025,Almere City,Sparta Rotterdam,0,3,A,6.0,2.0,0.0,1.0,4.0,9.0,6.0,8.0,17.0,15.0
11/05/2025,Zwolle,Go Ahead Eagles,1,1,D,6.0,2.0,2.0,2.0,7.0,3.0,12.0,7.0,21.0,9.0
11/05/2025,Feyenoord,PSV Eindhoven,2,3,A,1.0,12.0,2.0,3.0,4.0,9.0,7.0,14.0,11.0,24.0
11/05/2025,Twente,Utrecht,2,0,H,7.0,3.0,0.0,2.0,5.0,0.0,11.0,18.0,11.0,8.0
11/05/2025,Ajax,Nijmegen,0,3,A,8.0,1.0,3.0,4.0,4.0,6.0,12.0,12.0,22.0,9.0
11/05/2025,AZ Alkmaar,Groningen,3,0,H,11.0,4.0,1.0,2.0,12.0,4.0,9.0,11.0,19.0,10.0
14/05/2025,Almere City,For Sittard,1,1,D,5.0,5.0,1.0,1.0,5.0,2.0,12.0,11.0,12.0,9.0
14/05/2025,Feyenoord,Waalwijk,2,0,H,6.0,3.0,0.0,0.0,5.0,1.0,9.0,4.0,22.0,6.0
14/05/2025,Go Ahead Eagles,Heerenveen,1,0,H,2.0,5.0,1.0,0.0,5.0,5.0,8.0,11.0,13.0,20.0
14/05/2025,Groningen,Ajax,2,2,D,4.0,3.0,3.0,2.0,6.0,3.0,15.0,13.0,14.0,11.0
14/05/2025,Nijmegen,NAC Breda,3,0,H,3.0,5.0,0.0,0.0,5.0,0.0,5.0,9.0,11.0,9.0
14/05/2025,PSV Eindhoven,Heracles,4,1,H,10.0,1.0,0.0,0.0,11.0,2.0,7.0,8.0,30.0,3.0
14/05/2025,Twente,AZ Alkmaar,2,3,A,3.0,9.0,1.0,2.0,6.0,7.0,8.0,9.0,19.0,16.0
14/05/2025,Utrecht,Sparta Rotterdam,1,1,D,11.0,0.0,1.0,0.0,9.0,4.0,11.0,9.0,32.0,9.0
14/05/2025,Willem II,Zwolle,1,2,A,3.0,8.0,2.0,2.0,3.0,6.0,11.0,8.0,15.0,16.0
18/05/2025,Ajax,Twente,2,0,H,4.0,6.0,0.0,2.0,3.0,3.0,10.0,17.0,11.0,7.0
18/05/2025,AZ Alkmaar,Almere City,1,1,D,4.0,4.0,0.0,1.0,5.0,3.0,14.0,11.0,16.0,11.0
18/05/2025,For Sittard,Utrecht,0,0,D,9.0,3.0,2.0,0.0,3.0,5.0,8.0,21.0,12.0,13.0
18/05/2025,Heerenveen,Feyenoord,2,0,H,2.0,3.0,0.0,1.0,5.0,4.0,19.0,6.0,8.0,11.0
18/05/2025,Heracles,Nijmegen,1,2,A,9.0,5.0,0.0,1.0,7.0,7.0,9.0,9.0,20.0,12.0
18/05/2025,NAC Breda,Willem II,1,1,D,4.0,4.0,2.0,0.0,6.0,6.0,8.0,9.0,17.0,11.0
18/05/2025,Sparta Rotterdam,PSV Eindhoven,1,3,A,0.0,9.0,1.0,2.0,2.0,11.0,9.0,8.0,5.0,25.0
18/05/2025,Waalwijk,Go Ahead Eagles,5,3,H,4.0,11.0,1.0,1.0,9.0,7.0,8.0,6.0,20.0,29.0
18/05/2025,Zwolle,Groningen,2,0,H,4.0,1.0,2.0,0.0,4.0,3.0,14.0,10.0,12.0,12.0
08/08/2025,For Sittard,Go Ahead Eagles,2,2,D,8.0,5.0,2.0,2.0,8.0,2.0,10.0,9.0,36.0,6.0
09/08/2025,Nijmegen,Excelsior,5,0,H,7.0,2.0,1.0,1.0,10.0,6.0,14.0,14.0,15.0,9.0
09/08/2025,Feyenoord,NAC Breda,2,0,H,3.0,4.0,1.0,1.0,4.0,0.0,10.0,13.0,20.0,7.0
09/08/2025,Heerenveen,Volendam,1,1,D,9.0,2.0,1.0,1.0,6.0,3.0,8.0,9.0,18.0,5.0
09/08/2025,PSV Eindhoven,Sparta Rotterdam,6,1,H,8.0,5.0,1.0,1.0,12.0,4.0,8.0,2.0,22.0,8.0
10/08/2025,Zwolle,Twente,1,0,H,2.0,4.0,4.0,1.0,2.0,4.0,14.0,15.0,7.0,16.0
10/08/2025,Ajax,Telstar,2,0,H,8.0,10.0,0.0,0.0,7.0,5.0,9.0,12.0,15.0,18.0
10/08/2025,AZ Alkmaar,Groningen,4,1,H,6.0,1.0,2.0,2.0,5.0,8.0,11.0,12.0,10.0,11.0
10/08/2025,Utrecht,Heracles,4,0,H,4.0,4.0,1.0,2.0,7.0,3.0,10.0,16.0,19.0,10.0
15/08/2025,Telstar,Zwolle,0,2,A,7.0,0.0,3.0,3.0,5.0,3.0,13.0,10.0,11.0,10.0
16/08/2025,Excelsior,Feyenoord,1,2,A,5.0,6.0,0.0,1.0,2.0,8.0,17.0,8.0,8.0,16.0
16/08/2025,Heracles,Nijmegen,1,4,A,3.0,7.0,2.0,2.0,6.0,11.0,9.0,11.0,13.0,24.0
16/08/2025,Groningen,Heerenveen,2,1,H,3.0,8.0,4.0,2.0,5.0,5.0,9.0,15.0,8.0,16.0
17/08/2025,Go Ahead Eagles,Ajax,2,2,D,6.0,9.0,1.0,2.0,4.0,11.0,9.0,12.0,9.0,22.0
17/08/2025,Sparta Rotterdam,Utrecht,2,1,H,5.0,6.0,1.0,3.0,5.0,5.0,9.0,11.0,15.0,20.0
17/08/2025,Twente,PSV Eindhoven,0,2,A,8.0,6.0,1.0,2.0,4.0,4.0,10.0,12.0,19.0,15.0
17/08/2025,Volendam,AZ Alkmaar,2,2,D,3.0,4.0,1.0,3.0,3.0,3.0,10.0,10.0,8.0,19.0
17/08/2025,NAC Breda,For Sittard,2,1,H,4.0,5.0,2.0,3.0,6.0,4.0,8.0,15.0,14.0,10.0
23/08/2025,Go Ahead Eagles,Sparta Rotterdam,0,3,A,12.0,1.0,0.0,2.0,6.0,5.0,6.0,8.0,19.0,13.0
23/08/2025,PSV Eindhoven,Groningen,4,2,H,6.0,4.0,0.0,2.0,7.0,6.0,11.0,11.0,23.0,17.0
23/08/2025,Telstar,Volendam,2,2,D,4.0,6.0,3.0,0.0,9.0,6.0,10.0,11.0,18.0,10.0
24/08/2025,Heerenveen,Twente,1,2,A,7.0,4.0,3.0,3.0,3.0,5.0,10.0,19.0,18.0,9.0
24/08/2025,Nijmegen,NAC Breda,3,0,H,3.0,1.0,2.0,4.0,10.0,2.0,16.0,18.0,18.0,7.0
24/08/2025,Utrecht,Excelsior,4,1,H,7.0,5.0,0.0,0.0,10.0,4.0,6.0,15.0,16.0,12.0
24/08/2025,Ajax,Heracles,2,0,H,10.0,1.0,0.0,2.0,10.0,0.0,10.0,15.0,27.0,4.0
29/08/2025,Groningen,Heracles,4,0,H,6.0,3.0,2.0,1.0,5.0,0.0,13.0,12.0,17.0,8.0
30/08/2025,Volendam,Ajax,1,1,D,2.0,7.0,2.0,3.0,4.0,4.0,12.0,15.0,11.0,13.0
30/08/2025,Heerenveen,Go Ahead Eagles,2,2,D,3.0,7.0,3.0,1.0,5.0,5.0,9.0,12.0,19.0,11.0
30/08/2025,PSV Eindhoven,Telstar,0,2,A,10.0,3.0,1.0,1.0,5.0,4.0,10.0,11.0,23.0,9.0
30/08/2025,Excelsior,Twente,1,0,H,1.0,4.0,2.0,2.0,3.0,8.0,13.0,11.0,8.0,27.0
31/08/2025,For Sittard,Nijmegen,3,2,H,3.0,4.0,4.0,1.0,5.0,5.0,16.0,8.0,10.0,14.0
31/08/2025,Sparta Rotterdam,Feyenoord,0,4,A,1.0,9.0,1.0,2.0,2.0,11.0,5.0,9.0,7.0,24.0
31/08/2025,Zwolle,Utrecht,0,2,A,3.0,2.0,2.0,1.0,2.0,7.0,13.0,10.0,6.0,14.0
31/08/2025,NAC Breda,AZ Alkmaar,0,1,A,1.0,7.0,0.0,5.0,6.0,8.0,8.0,13.0,11.0,25.0
13/09/2025,Ajax,Zwolle,3,1,H,7.0,1.0,2.0,1.0,7.0,3.0,18.0,9.0,12.0,8.0
13/09/2025,Go Ahead Eagles,Volendam,3,0,H,7.0,7.0,1.0,1.0,13.0,1.0,12.0,9.0,19.0,19.0
13/09/2025,Nijmegen,PSV Eindhoven,3,5,A,8.0,4.0,2.0,4.0,7.0,11.0,8.0,18.0,20.0,18.0
13/09/2025,Feyenoord,Heerenveen,1,0,H,6.0,3.0,2.0,2.0,5.0,1.0,10.0,11.0,10.0,11.0
13/09/2025,Twente,NAC Breda,2,2,D,4.0,3.0,2.0,1.0,6.0,5.0,15.0,17.0,15.0,11.0
14/09/2025,Excelsior,Sparta Rotterdam,0,1,A,7.0,2.0,4.0,1.0,4.0,7.0,11.0,8.0,17.0,19.0
14/09/2025,Heracles,AZ Alkmaar,1,2,A,6.0,9.0,1.0,5.0,6.0,8.0,11.0,11.0,19.0,25.0
14/09/2025,Utrecht,Groningen,0,1,A,3.0,4.0,0.0,4.0,3.0,6.0,9.0,16.0,14.0,13.0
14/09/2025,Telstar,For Sittard,1,3,A,10.0,1.0,1.0,0.0,7.0,6.0,14.0,17.0,18.0,9.0
17/09/2025,Feyenoord,For Sittard,2,0,H,13.0,0.0,0.0,1.0,5.0,0.0,11.0,9.0,19.0,5.0
19/09/2025,Sparta Rotterdam,Twente,1,5,A,1.0,6.0,0.0,1.0,2.0,11.0,7.0,6.0,7.0,23.0
20/09/2025,Volendam,Excelsior,1,2,A,5.0,3.0,3.0,2.0,7.0,6.0,11.0,19.0,14.0,15.0
20/09/2025,Groningen,Telstar,2,0,H,7.0,2.0,1.0,2.0,6.0,3.0,9.0,10.0,16.0,7.0
20/09/2025,For Sittard,Utrecht,1,0,H,1.0,11.0,4.0,2.0,3.0,5.0,12.0,7.0,8.0,14.0
20/09/2025,NAC Breda,Heracles,2,1,H,10.0,4.0,1.0,2.0,4.0,5.0,9.0,16.0,17.0,14.0
21/09/2025,Zwolle,Go Ahead Eagles,0,2,A,3.0,7.0,1.0,2.0,1.0,9.0,5.0,8.0,8.0,20.0
21/09/2025,Heerenveen,Nijmegen,3,2,H,6.0,6.0,1.0,1.0,8.0,6.0,10.0,14.0,14.0,11.0
21/09/2025,PSV Eindhoven,Ajax,2,2,D,9.0,5.0,2.0,5.0,8.0,6.0,17.0,13.0,16.0,14.0
21/09/2025,AZ Alkmaar,Feyenoord,3,3,D,4.0,11.0,4.0,5.0,5.0,3.0,9.0,10.0,9.0,19.0
24/09/2025,AZ Alkmaar,Zwolle,2,2,D,9.0,1.0,1.0,2.0,9.0,4.0,12.0,10.0,28.0,8.0
26/09/2025,Twente,For Sittard,3,2,H,4.0,5.0,1.0,2.0,10.0,4.0,14.0,13.0,18.0,8.0
27/09/2025,Ajax,NAC Breda,2,1,H,2.0,7.0,2.0,4.0,7.0,7.0,11.0,14.0,12.0,17.0
27/09/2025,Volendam,Zwolle,2,1,H,3.0,5.0,2.0,3.0,3.0,2.0,11.0,12.0,15.0,14.0
27/09/2025,Excelsior,PSV Eindhoven,1,2,A,3.0,2.0,0.0,0.0,5.0,8.0,8.0,5.0,18.0,18.0
27/09/2025,Heracles,Sparta Rotterdam,3,0,H,5.0,4.0,2.0,4.0,5.0,5.0,12.0,11.0,12.0,18.0
28/09/2025,Nijmegen,AZ Alkmaar,2,1,H,5.0,4.0,1.0,6.0,4.0,2.0,14.0,16.0,14.0,7.0
28/09/2025,Groningen,Feyenoord,0,1,A,3.0,4.0,2.0,2.0,5.0,5.0,16.0,6.0,12.0,11.0
28/09/2025,Utrecht,Heerenveen,2,2,D,5.0,3.0,2.0,2.0,5.0,4.0,14.0,12.0,14.0,10.0
28/09/2025,Telstar,Go Ahead Eagles,4,2,H,8.0,3.0,2.0,0.0,9.0,4.0,13.0,9.0,20.0,13.0
03/10/2025,NAC Breda,Groningen,1,2,A,7.0,6.0,3.0,1.0,4.0,9.0,16.0,14.0,11.0,14.0
04/10/2025,Sparta Rotterdam,Ajax,3,3,D,6.0,4.0,1.0,3.0,5.0,4.0,8.0,9.0,14.0,17.0
04/10/2025,For Sittard,Volendam,1,0,H,7.0,4.0,1.0,2.0,3.0,1.0,14.0,13.0,16.0,8.0
04/10/2025,Zwolle,PSV Eindhoven,0,4,A,4.0,8.0,0.0,3.0,0.0,9.0,7.0,8.0,4.0,19.0
04/10/2025,Heerenveen,Excelsior,2,1,H,7.0,3.0,1.0,3.0,4.0,2.0,6.0,17.0,19.0,9.0
05/10/2025,Twente,Heracles,2,1,H,4.0,3.0,0.0,2.0,9.0,2.0,5.0,8.0,21.0,7.0
05/10/2025,Feyenoord,Utrecht,3,2,H,12.0,3.0,1.0,0.0,10.0,4.0,7.0,10.0,22.0,10.0
05/10/2025,AZ Alkmaar,Telstar,2,1,H,6.0,4.0,3.0,2.0,10.0,5.0,7.0,13.0,27.0,14.0
05/10/2025,Go Ahead Eagles,Nijmegen,1,1,D,11.0,4.0,1.0,4.0,3.0,7.0,13.0,18.0,8.0,17.0
18/10/2025,Nijmegen,Twente,3,3,D,3.0,3.0,2.0,3.0,4.0,3.0,15.0,21.0,8.0,9.0
18/10/2025,PSV Eindhoven,Go Ahead Eagles,2,1,H,6.0,1.0,1.0,1.0,8.0,2.0,7.0,8.0,24.0,4.0
18/10/2025,Utrecht,Volendam,3,1,H,10.0,0.0,1.0,1.0,6.0,3.0,12.0,13.0,22.0,3.0
18/10/2025,Ajax,AZ Alkmaar,0,2,A,5.0,4.0,4.0,2.0,6.0,3.0,13.0,19.0,17.0,13.0
18/10/2025,NAC Breda,Zwolle,2,2,D,3.0,2.0,0.0,3.0,6.0,3.0,11.0,14.0,19.0,11.0
19/10/2025,Telstar,Heerenveen,2,3,A,6.0,11.0,1.0,2.0,6.0,7.0,9.0,12.0,18.0,15.0
19/10/2025,Excelsior,For Sittard,1,0,H,4.0,2.0,0.0,3.0,5.0,6.0,10.0,18.0,11.0,15.0
19/10/2025,Groningen,Sparta Rotterdam,0,2,A,7.0,4.0,3.0,2.0,0.0,2.0,11.0,10.0,12.0,8.0
19/10/2025,Heracles,Feyenoord,0,7,A,2.0,8.0,1.0,2.0,0.0,12.0,11.0,13.0,4.0,19.0
24/10/2025,Heerenveen,NAC Breda,3,3,D,4.0,5.0,1.0,0.0,4.0,4.0,10.0,10.0,10.0,11.0
25/10/2025,For Sittard,Groningen,1,2,A,7.0,7.0,3.0,1.0,3.0,10.0,14.0,9.0,9.0,16.0
25/10/2025,Sparta Rotterdam,Telstar,1,0,H,6.0,7.0,3.0,2.0,6.0,3.0,9.0,14.0,14.0,14.0
25/10/2025,Volendam,Heracles,3,0,H,5.0,5.0,0.0,3.0,7.0,2.0,6.0,13.0,13.0,11.0
25/10/2025,Zwolle,Nijmegen,2,2,D,3.0,4.0,0.0,1.0,6.0,3.0,11.0,12.0,10.0,11.0
26/10/2025,Twente,Ajax,2,3,A,6.0,1.0,0.0,2.0,5.0,6.0,14.0,13.0,21.0,9.0
26/10/2025,Feyenoord,PSV Eindhoven,2,3,A,3.0,5.0,0.0,1.0,6.0,6.0,7.0,13.0,12.0,11.0
26/10/2025,AZ Alkmaar,Utrecht,4,1,H,8.0,2.0,0.0,1.0,7.0,2.0,4.0,14.0,18.0,8.0
26/10/2025,Go Ahead Eagles,Excelsior,2,0,H,4.0,10.0,1.0,2.0,4.0,2.0,7.0,12.0,12.0,11.0
31/10/2025,PSV Eindhoven,For Sittard,5,2,H,7.0,4.0,0.0,4.0,6.0,4.0,8.0,12.0,21.0,10.0
01/11/2025,Ajax,Heerenveen,1,1,D,5.0,4.0,0.0,2.0,2.0,7.0,6.0,16.0,9.0,17.0
01/11/2025,NAC Breda,Go Ahead Eagles,1,0,H,2.0,2.0,4.0,2.0,2.0,2.0,10.0,8.0,8.0,7.0
01/11/2025,Feyenoord,Volendam,3,1,H,10.0,1.0,0.0,0.0,9.0,1.0,4.0,8.0,37.0,9.0
01/11/2025,Telstar,Excelsior,2,2,D,3.0,5.0,0.0,2.0,8.0,8.0,8.0,15.0,17.0,21.0
02/11/2025,Heracles,Zwolle,8,2,H,4.0,2.0,0.0,3.0,11.0,4.0,16.0,11.0,23.0,7.0
02/11/2025,Groningen,Twente,1,1,D,7.0,3.0,2.0,4.0,7.0,4.0,7.0,12.0,18.0,10.0
02/11/2025,Sparta Rotterdam,AZ Alkmaar,0,1,A,6.0,9.0,1.0,1.0,3.0,14.0,7.0,12.0,10.0,20.0
02/11/2025,Utrecht,Nijmegen,1,0,H,2.0,2.0,1.0,2.0,4.0,5.0,11.0,15.0,11.0,16.0
07/11/2025,Twente,Telstar,0,0,D,10.0,2.0,4.0,2.0,7.0,0.0,13.0,4.0,27.0,6.0
08/11/2025,Excelsior,Heracles,1,2,A,6.0,13.0,1.0,2.0,5.0,5.0,14.0,13.0,12.0,10.0
08/11/2025,Volendam,NAC Breda,2,1,H,8.0,6.0,2.0,2.0,5.0,2.0,13.0,9.0,12.0,12.0
08/11/2025,For Sittard,Heerenveen,2,0,H,4.0,5.0,2.0,1.0,5.0,8.0,14.0,12.0,10.0,18.0
08/11/2025,Zwolle,Sparta Rotterdam,1,0,H,3.0,6.0,2.0,4.0,3.0,1.0,9.0,15.0,11.0,14.0
09/11/2025,Utrecht,Ajax,2,1,H,6.0,4.0,1.0,0.0,6.0,4.0,15.0,10.0,16.0,10.0
09/11/2025,Nijmegen,Groningen,2,0,H,9.0,3.0,1.0,1.0,5.0,4.0,6.0,13.0,13.0,10.0
09/11/2025,AZ Alkmaar,PSV Eindhoven,1,5,A,4.0,6.0,2.0,1.0,3.0,6.0,9.0,10.0,8.0,15.0
09/11/2025,Go Ahead Eagles,Feyenoord,2,1,H,4.0,7.0,2.0,1.0,5.0,6.0,7.0,10.0,9.0,20.0
22/11/2025,NAC Breda,PSV Eindhoven,0,1,A,6.0,5.0,2.0,1.0,3.0,4.0,11.0,15.0,16.0,9.0
22/11/2025,Ajax,Excelsior,1,2,A,9.0,2.0,2.0,1.0,5.0,4.0,4.0,13.0,15.0,8.0
22/11/2025,Volendam,Twente,1,1,D,4.0,4.0,0.0,3.0,4.0,6.0,5.0,11.0,11.0,18.0
22/11/2025,Heracles,Go Ahead Eagles,4,2,H,6.0,3.0,1.0,3.0,12.0,4.0,6.0,15.0,22.0,7.0
22/11/2025,Sparta Rotterdam,For Sittard,1,1,D,7.0,5.0,1.0,1.0,4.0,7.0,9.0,11.0,13.0,12.0
23/11/2025,Heerenveen,AZ Alkmaar,3,1,H,8.0,5.0,1.0,0.0,9.0,5.0,9.0,4.0,21.0,9.0
23/11/2025,Feyenoord,Nijmegen,2,4,A,7.0,6.0,1.0,0.0,5.0,12.0,8.0,13.0,19.0,22.0
23/11/2025,Telstar,Utrecht,1,1,D,1.0,8.0,2.0,2.0,3.0,3.0,10.0,10.0,11.0,17.0
23/11/2025,Groningen,Zwolle,2,2,D,13.0,0.0,1.0,3.0,13.0,3.0,11.0,9.0,39.0,5.0
28/11/2025,Zwolle,Heerenveen,2,1,H,3.0,9.0,3.0,2.0,4.0,7.0,11.0,19.0,11.0,19.0
29/11/2025,Excelsior,NAC Breda,1,0,H,1.0,6.0,4.0,1.0,2.0,3.0,22.0,12.0,6.0,22.0
29/11/2025,For Sittard,Heracles,1,1,D,11.0,3.0,3.0,5.0,5.0,3.0,19.0,22.0,23.0,6.0
29/11/2025,Nijmegen,Sparta Rotterdam,3,1,H,7.0,6.0,2.0,4.0,7.0,5.0,9.0,13.0,19.0,13.0
30/11/2025,PSV Eindhoven,Volendam,3,0,H,5.0,2.0,0.0,0.0,8.0,2.0,12.0,4.0,19.0,11.0
30/11/2025,Go Ahead Eagles,Utrecht,2,2,D,4.0,3.0,2.0,2.0,6.0,8.0,9.0,12.0,11.0,17.0
30/11/2025,Telstar,Feyenoord,1,2,A,3.0,5.0,0.0,3.0,2.0,7.0,8.0,8.0,12.0,11.0
30/11/2025,Twente,AZ Alkmaar,1,0,H,2.0,3.0,2.0,4.0,2.0,1.0,13.0,9.0,7.0,7.0
02/12/2025,Ajax,Groningen,2,0,H,3.0,5.0,1.0,0.0,6.0,7.0,14.0,10.0,13.0,17.0
05/12/2025,Excelsior,Groningen,0,2,A,5.0,5.0,2.0,3.0,6.0,8.0,10.0,9.0,16.0,20.0
06/12/2025,Heerenveen,PSV Eindhoven,0,2,A,7.0,3.0,1.0,0.0,3.0,7.0,13.0,5.0,12.0,11.0
06/12/2025,For Sittard,Ajax,1,3,A,4.0,4.0,3.0,4.0,7.0,4.0,13.0,9.0,26.0,13.0
06/12/2025,Heracles,Telstar,1,1,D,6.0,6.0,3.0,2.0,6.0,2.0,15.0,12.0,15.0,11.0
06/12/2025,Feyenoord,Zwolle,6,1,H,8.0,4.0,1.0,1.0,12.0,4.0,17.0,12.0,25.0,7.0
07/12/2025,Utrecht,Twente,1,1,D,6.0,8.0,1.0,2.0,4.0,6.0,8.0,8.0,12.0,21.0
07/12/2025,AZ Alkmaar,Go Ahead Eagles,2,2,D,11.0,4.0,2.0,1.0,7.0,7.0,8.0,8.0,23.0,12.0
07/12/2025,Volendam,Nijmegen,2,3,A,4.0,8.0,2.0,5.0,5.0,7.0,7.0,17.0,13.0,16.0
07/12/2025,Sparta Rotterdam,NAC Breda,1,0,H,1.0,14.0,1.0,1.0,6.0,9.0,11.0,10.0,12.0,22.0
13/12/2025,Telstar,Nijmegen,2,2,D,5.0,7.0,0.0,2.0,4.0,8.0,8.0,11.0,10.0,16.0
13/12/2025,Groningen,Volendam,3,0,H,18.0,1.0,0.0,1.0,7.0,1.0,7.0,11.0,26.0,5.0
13/12/2025,PSV Eindhoven,Heracles,4,3,H,10.0,4.0,2.0,4.0,6.0,6.0,12.0,7.0,21.0,11.0
13/12/2025,Zwolle,For Sittard,1,0,H,2.0,12.0,3.0,3.0,3.0,3.0,17.0,13.0,8.0,11.0
14/12/2025,Sparta Rotterdam,Heerenveen,0,3,A,5.0,10.0,1.0,2.0,3.0,5.0,10.0,15.0,11.0,20.0
14/12/2025,Ajax,Feyenoord,2,0,H,3.0,12.0,2.0,1.0,7.0,1.0,12.0,12.0,15.0,18.0
14/12/2025,Twente,Go Ahead Eagles,2,0,H,3.0,6.0,0.0,3.0,7.0,2.0,7.0,9.0,23.0,6.0
14/12/2025,NAC Breda,Utrecht,1,1,D,6.0,5.0,2.0,2.0,3.0,6.0,10.0,12.0,16.0,11.0
20/12/2025,Heracles,Heerenveen,0,3,A,4.0,4.0,1.0,1.0,2.0,8.0,12.0,9.0,8.0,15.0
20/12/2025,Excelsior,Zwolle,2,1,H,3.0,1.0,1.0,1.0,4.0,3.0,13.0,7.0,13.0,9.0
20/12/2025,Nijmegen,Ajax,2,2,D,1.0,7.0,3.0,3.0,6.0,8.0,8.0,8.0,15.0,19.0
20/12/2025,NAC Breda,Telstar,0,1,A,8.0,3.0,2.0,3.0,2.0,4.0,11.0,16.0,11.0,11.0
21/12/2025,Utrecht,PSV Eindhoven,1,2,A,2.0,12.0,3.0,5.0,3.0,8.0,7.0,14.0,17.0,14.0
21/12/2025,Feyenoord,Twente,1,1,D,7.0,12.0,2.0,0.0,4.0,11.0,15.0,11.0,10.0,29.0
21/12/2025,Go Ahead Eagles,Groningen,1,1,D,1.0,8.0,2.0,1.0,3.0,3.0,10.0,13.0,8.0,14.0
21/12/2025,For Sittard,AZ Alkmaar,4,3,H,5.0,8.0,3.0,0.0,6.0,9.0,18.0,11.0,15.0,21.0
21/12/2025,Volendam,Sparta Rotterdam,0,1,A,6.0,8.0,3.0,2.0,5.0,10.0,14.0,6.0,12.0,23.0
10/01/2026,AZ Alkmaar,Volendam,1,0,H,7.0,2.0,0.0,1.0,8.0,2.0,10.0,9.0,17.0,7.0
10/01/2026,Twente,Zwolle,1,1,D,7.0,2.0,1.0,3.0,7.0,1.0,6.0,11.0,26.0,3.0
10/01/2026,PSV Eindhoven,Excelsior,5,1,H,6.0,4.0,1.0,1.0,8.0,3.0,10.0,7.0,16.0,8.0
10/01/2026,Groningen,NAC Breda,0,0,D,3.0,4.0,1.0,2.0,5.0,2.0,7.0,6.0,16.0,10.0
11/01/2026,Heerenveen,Feyenoord,2,2,D,5.0,3.0,1.0,0.0,7.0,3.0,11.0,6.0,16.0,7.0
11/01/2026,Go Ahead Eagles,For Sittard,2,2,D,9.0,1.0,0.0,1.0,8.0,5.0,10.0,9.0,23.0,12.0
11/01/2026,Telstar,Ajax,2,3,A,8.0,3.0,1.0,1.0,3.0,10.0,6.0,6.0,7.0,16.0
11/01/2026,Sparta Rotterdam,Heracles,2,0,H,9.0,5.0,1.0,3.0,9.0,2.0,6.0,16.0,22.0,6.0
17/01/2026,Ajax,Go Ahead Eagles,2,2,D,1.0,5.0,2.0,4.0,6.0,6.0,11.0,16.0,18.0,10.0
17/01/2026,Zwolle,AZ Alkmaar,3,1,H,3.0,7.0,1.0,2.0,5.0,4.0,12.0,14.0,12.0,12.0
17/01/2026,Excelsior,Telstar,2,2,D,3.0,7.0,3.0,0.0,3.0,3.0,11.0,8.0,13.0,17.0
17/01/2026,For Sittard,PSV Eindhoven,1,2,A,4.0,14.0,1.0,1.0,1.0,8.0,10.0,11.0,6.0,18.0
17/01/2026,NAC Breda,Nijmegen,3,4,A,2.0,3.0,2.0,1.0,5.0,8.0,13.0,15.0,14.0,11.0
18/01/2026,Heerenveen,Groningen,0,2,A,3.0,6.0,1.0,2.0,4.0,6.0,11.0,13.0,16.0,12.0
18/01/2026,Heracles,Twente,0,2,A,4.0,2.0,2.0,4.0,2.0,6.0,12.0,14.0,11.0,18.0
18/01/2026,Volendam,Utrecht,2,1,H,1.0,6.0,3.0,3.0,3.0,5.0,14.0,14.0,7.0,16.0
18/01/2026,Feyenoord,Sparta Rotterdam,3,4,A,9.0,0.0,1.0,3.0,12.0,5.0,6.0,11.0,22.0,13.0
21/01/2026,AZ Alkmaar,Excelsior,1,1,D,4.0,5.0,3.0,1.0,4.0,2.0,8.0,10.0,13.0,8.0
24/01/2026,Ajax,Volendam,2,0,H,10.0,0.0,1.0,3.0,14.0,2.0,10.0,13.0,31.0,5.0
24/01/2026,Nijmegen,Zwolle,2,1,H,10.0,6.0,1.0,2.0,2.0,6.0,7.0,12.0,13.0,11.0
24/01/2026,PSV Eindhoven,NAC Breda,2,2,D,10.0,4.0,4.0,3.0,4.0,2.0,13.0,13.0,16.0,6.0
24/01/2026,Twente,Excelsior,0,0,D,11.0,5.0,1.0,1.0,3.0,1.0,10.0,8.0,14.0,8.0
25/01/2026,Telstar,AZ Alkmaar,0,1,A,5.0,1.0,1.0,2.0,3.0,4.0,13.0,16.0,10.0,12.0
25/01/2026,Groningen,For Sittard,1,2,A,16.0,3.0,3.0,2.0,5.0,6.0,12.0,15.0,25.0,10.0
25/01/2026,Feyenoord,Heracles,4,2,H,8.0,1.0,2.0,2.0,8.0,3.0,12.0,17.0,16.0,7.0
25/01/2026,Utrecht,Sparta Rotterdam,0,1,A,10.0,0.0,0.0,3.0,5.0,3.0,11.0,14.0,22.0,5.0
30/01/2026,NAC Breda,Twente,2,2,D,7.0,4.0,1.0,1.0,10.0,9.0,7.0,10.0,20.0,18.0
31/01/2026,AZ Alkmaar,Nijmegen,1,3,A,3.0,3.0,1.0,2.0,2.0,8.0,15.0,16.0,11.0,19.0
31/01/2026,Zwolle,Telstar,4,1,H,6.0,9.0,0.0,0.0,9.0,8.0,11.0,16.0,16.0,14.0
31/01/2026,Sparta Rotterdam,Groningen,2,0,H,3.0,6.0,1.0,5.0,5.0,2.0,8.0,16.0,9.0,8.0
01/02/2026,Excelsior,Ajax,2,2,D,4.0,1.0,1.0,0.0,5.0,3.0,12.0,5.0,11.0,9.0
01/02/2026,Heracles,For Sittard,2,1,H,4.0,5.0,2.0,3.0,7.0,6.0,17.0,14.0,11.0,12.0
01/02/2026,PSV Eindhoven,Feyenoord,3,0,H,8.0,3.0,1.0,3.0,7.0,2.0,8.0,8.0,14.0,8.0
01/02/2026,Heerenveen,Utrecht,1,1,D,5.0,6.0,1.0,2.0,3.0,4.0,11.0,10.0,19.0,11.0
01/02/2026,Volendam,Go Ahead Eagles,1,1,D,6.0,5.0,4.0,6.0,4.0,5.0,7.0,16.0,20.0,13.0
06/02/2026,NAC Breda,Excelsior,0,2,A,8.0,3.0,2.0,2.0,6.0,6.0,6.0,15.0,15.0,9.0
07/02/2026,Nijmegen,Heracles,4,1,H,3.0,6.0,0.0,2.0,6.0,2.0,10.0,18.0,15.0,10.0
07/02/2026,Zwolle,Volendam,1,2,A,6.0,5.0,3.0,0.0,4.0,7.0,18.0,10.0,14.0,15.0
07/02/2026,Twente,Heerenveen,5,0,H,7.0,0.0,1.0,3.0,14.0,0.0,8.0,10.0,29.0,7.0
07/02/2026,For Sittard,Sparta Rotterdam,2,2,D,3.0,13.0,3.0,1.0,3.0,5.0,13.0,10.0,11.0,16.0
08/02/2026,Utrecht,Feyenoord,0,1,A,2.0,7.0,3.0,4.0,5.0,4.0,12.0,14.0,6.0,10.0
08/02/2026,AZ Alkmaar,Ajax,1,1,D,2.0,4.0,3.0,0.0,6.0,2.0,11.0,12.0,13.0,11.0
08/02/2026,Go Ahead Eagles,Telstar,1,1,D,13.0,2.0,1.0,0.0,11.0,2.0,6.0,14.0,23.0,12.0
08/02/2026,Groningen,PSV Eindhoven,1,2,A,6.0,11.0,1.0,1.0,4.0,5.0,8.0,9.0,8.0,15.0
11/02/2026,Go Ahead Eagles,Heerenveen,1,3,A,8.0,4.0,1.0,0.0,6.0,10.0,8.0,14.0,13.0,19.0
11/02/2026,Nijmegen,Utrecht,1,3,A,5.0,0.0,3.0,2.0,7.0,5.0,6.0,16.0,24.0,11.0
13/02/2026,Volendam,PSV Eindhoven,2,1,H,4.0,8.0,1.0,1.0,4.0,5.0,9.0,12.0,12.0,19.0
14/02/2026,Heracles,NAC Breda,0,1,A,4.0,3.0,0.0,1.0,3.0,5.0,12.0,12.0,14.0,13.0
14/02/2026,Excelsior,AZ Alkmaar,1,2,A,7.0,5.0,1.0,2.0,2.0,7.0,7.0,6.0,11.0,16.0
14/02/2026,Ajax,For Sittard,4,1,H,4.0,0.0,0.0,0.0,8.0,1.0,11.0,10.0,20.0,8.0
14/02/2026,Groningen,Utrecht,1,2,A,2.0,8.0,0.0,1.0,2.0,7.0,12.0,6.0,11.0,15.0
15/02/2026,Feyenoord,Go Ahead Eagles,1,0,H,19.0,2.0,1.0,3.0,8.0,0.0,13.0,13.0,33.0,4.0
15/02/2026,Heerenveen,Zwolle,4,2,H,2.0,5.0,1.0,0.0,5.0,6.0,8.0,6.0,11.0,12.0
15/02/2026,Telstar,Twente,1,1,D,3.0,6.0,1.0,1.0,4.0,7.0,11.0,8.0,14.0,20.0
17/02/2026,Sparta Rotterdam,Nijmegen,1,1,D,6.0,5.0,3.0,4.0,5.0,5.0,18.0,12.0,13.0,12.0
20/02/2026,For Sittard,Excelsior,2,1,H,5.0,3.0,1.0,1.0,6.0,4.0,7.0,15.0,16.0,10.0
21/02/2026,PSV Eindhoven,Heerenveen,3,1,H,9.0,3.0,2.0,1.0,7.0,4.0,12.0,5.0,29.0,14.0
21/02/2026,NAC Breda,Volendam,1,0,H,6.0,3.0,1.0,3.0,3.0,1.0,13.0,13.0,17.0,8.0
21/02/2026,Ajax,Nijmegen,1,1,D,6.0,7.0,1.0,1.0,4.0,9.0,7.0,16.0,9.0,18.0
22/02/2026,Twente,Groningen,2,1,H,4.0,4.0,0.0,2.0,4.0,3.0,8.0,6.0,6.0,11.0
22/02/2026,Go Ahead Eagles,Heracles,4,0,H,4.0,5.0,1.0,3.0,6.0,2.0,7.0,13.0,12.0,9.0
22/02/2026,Utrecht,Zwolle,1,1,D,6.0,4.0,1.0,0.0,3.0,4.0,11.0,17.0,24.0,9.0
22/02/2026,AZ Alkmaar,Sparta Rotterdam,3,1,H,2.0,7.0,2.0,2.0,5.0,4.0,9.0,12.0,11.0,12.0
22/02/2026,Feyenoord,Telstar,2,1,H,5.0,1.0,1.0,1.0,10.0,6.0,7.0,16.0,19.0,8.0
27/02/2026,Telstar,NAC Breda,3,0,H,10.0,4.0,1.0,4.0,7.0,1.0,11.0,13.0,14.0,11.0
28/02/2026,Heerenveen,Sparta Rotterdam,2,1,H,5.0,6.0,3.0,2.0,4.0,3.0,11.0,5.0,16.0,13.0
28/02/2026,Heracles,PSV Eindhoven,1,3,A,3.0,5.0,2.0,1.0,3.0,15.0,15.0,14.0,15.0,24.0
28/02/2026,Nijmegen,For Sittard,2,3,A,10.0,5.0,1.0,2.0,4.0,9.0,10.0,13.0,15.0,13.0
01/03/2026,Zwolle,Ajax,0,0,D,12.0,3.0,3.0,2.0,2.0,2.0,12.0,8.0,9.0,6.0
01/03/2026,Twente,Feyenoord,2,0,H,4.0,2.0,0.0,0.0,8.0,2.0,13.0,8.0,19.0,8.0
01/03/2026,Volendam,Groningen,3,2,H,2.0,10.0,2.0,2.0,4.0,9.0,8.0,13.0,12.0,28.0
01/03/2026,Utrecht,AZ Alkmaar,2,0,H,5.0,4.0,1.0,3.0,3.0,6.0,13.0,13.0,11.0,10.0
01/03/2026,Excelsior,Go Ahead Eagles,0,1,A,6.0,3.0,1.0,1.0,7.0,1.0,11.0,6.0,19.0,7.0
06/03/2026,Heracles,Utrecht,0,0,D,4.0,12.0,1.0,1.0,3.0,3.0,13.0,17.0,10.0,16.0
07/03/2026,Groningen,Ajax,3,1,H,6.0,8.0,1.0,1.0,6.0,5.0,5.0,7.0,13.0,13.0
07/03/2026,PSV Eindhoven,AZ Alkmaar,2,1,H,5.0,6.0,2.0,1.0,8.0,5.0,7.0,4.0,19.0,13.0
07/03/2026,Excelsior,Heerenveen,1,2,A,6.0,8.0,1.0,1.0,5.0,5.0,4.0,7.0,21.0,10.0
08/03/2026,Sparta Rotterdam,Zwolle,1,1,D,6.0,3.0,3.0,1.0,7.0,6.0,7.0,10.0,20.0,15.0
08/03/2026,For Sittard,Telstar,1,4,A,3.0,5.0,1.0,1.0,4.0,10.0,8.0,18.0,21.0,15.0
08/03/2026,Go Ahead Eagles,Twente,1,4,A,6.0,5.0,1.0,0.0,7.0,5.0,8.0,8.0,15.0,11.0
08/03/2026,NAC Breda,Feyenoord,3,3,D,4.0,9.0,1.0,4.0,4.0,5.0,12.0,8.0,12.0,14.0
08/03/2026,Nijmegen,Volendam,3,0,H,12.0,1.0,1.0,0.0,11.0,3.0,10.0,7.0,27.0,7.0
13/03/2026,Zwolle,Groningen,1,1,D,7.0,6.0,0.0,3.0,6.0,6.0,12.0,10.0,14.0,17.0
14/03/2026,Volendam,For Sittard,1,2,A,4.0,4.0,1.0,2.0,5.0,4.0,11.0,13.0,16.0,13.0
14/03/2026,PSV Eindhoven,Nijmegen,2,3,A,7.0,7.0,0.0,3.0,6.0,6.0,8.0,12.0,12.0,17.0
14/03/2026,Heerenveen,Telstar,3,0,H,5.0,4.0,4.0,1.0,9.0,6.0,12.0,9.0,12.0,20.0
14/03/2026,Ajax,Sparta Rotterdam,4,0,H,5.0,3.0,0.0,2.0,10.0,1.0,8.0,17.0,22.0,8.0
15/03/2026,Twente,Utrecht,0,2,A,4.0,5.0,1.0,3.0,4.0,8.0,7.0,10.0,16.0,10.0
15/03/2026,AZ Alkmaar,Heracles,4,0,H,7.0,3.0,0.0,4.0,7.0,2.0,10.0,19.0,14.0,6.0
15/03/2026,Feyenoord,Excelsior,2,1,H,9.0,5.0,3.0,1.0,9.0,3.0,10.0,12.0,15.0,12.0
15/03/2026,Go Ahead Eagles,NAC Breda,6,0,H,3.0,9.0,0.0,0.0,6.0,3.0,8.0,3.0,11.0,20.0
20/03/2026,Heracles,Excelsior,1,1,D,6.0,1.0,2.0,1.0,4.0,4.0,17.0,15.0,13.0,15.0
21/03/2026,For Sittard,Twente,1,2,A,7.0,6.0,2.0,0.0,5.0,2.0,6.0,15.0,11.0,9.0
21/03/2026,Sparta Rotterdam,Volendam,2,0,H,3.0,7.0,2.0,1.0,9.0,3.0,15.0,9.0,16.0,8.0
21/03/2026,Zwolle,NAC Breda,2,1,H,2.0,5.0,2.0,1.0,2.0,6.0,20.0,14.0,8.0,20.0
22/03/2026,Nijmegen,Heerenveen,2,2,D,6.0,2.0,0.0,0.0,10.0,5.0,6.0,11.0,22.0,11.0
22/03/2026,Feyenoord,Ajax,1,1,D,5.0,1.0,1.0,3.0,5.0,2.0,12.0,16.0,14.0,5.0
22/03/2026,Utrecht,Go Ahead Eagles,2,0,H,2.0,5.0,2.0,1.0,10.0,6.0,9.0,7.0,22.0,11.0
22/03/2026,Groningen,AZ Alkmaar,3,0,H,2.0,7.0,1.0,1.0,5.0,7.0,16.0,8.0,15.0,16.0
22/03/2026,Telstar,PSV Eindhoven,3,1,H,1.0,12.0,1.0,1.0,8.0,8.0,5.0,4.0,13.0,18.0
04/04/2026,PSV Eindhoven,Utrecht,4,3,H,8.0,3.0,0.0,1.0,8.0,7.0,6.0,10.0,19.0,12.0
04/04/2026,AZ Alkmaar,For Sittard,2,0,H,10.0,6.0,0.0,3.0,6.0,4.0,11.0,14.0,15.0,9.0
04/04/2026,Telstar,Groningen,0,2,A,5.0,12.0,1.0,2.0,3.0,11.0,12.0,10.0,14.0,24.0
04/04/2026,Ajax,Twente,1,2,A,2.0,2.0,4.0,2.0,2.0,7.0,14.0,10.0,10.0,16.0
04/04/2026,Excelsior,Nijmegen,0,2,A,2.0,5.0,0.0,0.0,4.0,5.0,8.0,9.0,8.0,12.0
05/04/2026,Go Ahead Eagles,Zwolle,5,0,H,5.0,8.0,0.0,1.0,12.0,1.0,9.0,16.0,15.0,16.0
05/04/2026,Heerenveen,Heracles,4,1,H,8.0,1.0,0.0,1.0,14.0,4.0,12.0,10.0,24.0,7.0
05/04/2026,Volendam,Feyenoord,0,0,D,5.0,5.0,3.0,0.0,4.0,4.0,10.0,5.0,13.0,17.0
05/04/2026,NAC Breda,Sparta Rotterdam,0,0,D,11.0,3.0,1.0,3.0,4.0,3.0,12.0,19.0,12.0,6.0
10/04/2026,Twente,Volendam,2,1,H,7.0,1.0,1.0,1.0,9.0,4.0,8.0,6.0,23.0,8.0
11/04/2026,Utrecht,Telstar,4,1,H,7.0,5.0,2.0,1.0,9.0,7.0,9.0,5.0,18.0,13.0
11/04/2026,Sparta Rotterdam,PSV Eindhoven,0,2,A,2.0,5.0,1.0,6.0,4.0,5.0,6.0,12.0,9.0,18.0
11/04/2026,Groningen,Go Ahead Eagles,0,0,D,8.0,5.0,0.0,0.0,5.0,2.0,5.0,5.0,24.0,10.0
11/04/2026,Heracles,Ajax,0,3,A,7.0,5.0,2.0,0.0,3.0,6.0,10.0,4.0,15.0,18.0
12/04/2026,For Sittard,NAC Breda,1,1,D,5.0,8.0,2.0,1.0,2.0,7.0,11.0,12.0,10.0,14.0
12/04/2026,Nijmegen,Feyenoord,1,1,D,4.0,1.0,3.0,4.0,4.0,5.0,17.0,14.0,15.0,13.0
12/04/2026,Zwolle,Excelsior,2,2,D,5.0,2.0,0.0,1.0,5.0,3.0,10.0,13.0,15.0,16.0
12/04/2026,AZ Alkmaar,Heerenveen,3,0,H,6.0,6.0,1.0,1.0,10.0,1.0,5.0,10.0,23.0,7.0
22/04/2026,Telstar,Sparta Rotterdam,4,1,H,6.0,5.0,2.0,0.0,4.0,2.0,14.0,9.0,11.0,10.0
23/04/2026,Go Ahead Eagles,AZ Alkmaar,0,0,D,5.0,10.0,2.0,1.0,4.0,4.0,9.0,13.0,15.0,23.0
23/04/2026,PSV Eindhoven,Zwolle,6,1,H,4.0,4.0,1.0,1.0,11.0,4.0,10.0,4.0,17.0,6.0
25/04/2026,Feyenoord,Groningen,3,1,H,3.0,3.0,0.0,2.0,4.0,2.0,10.0,15.0,10.0,10.0
25/04/2026,Heerenveen,For Sittard,2,1,H,7.0,0.0,2.0,1.0,5.0,7.0,10.0,6.0,15.0,16.0
25/04/2026,NAC Breda,Ajax,0,2,A,11.0,2.0,0.0,2.0,3.0,6.0,6.0,11.0,21.0,8.0
25/04/2026,Twente,Nijmegen,1,1,D,3.0,9.0,1.0,2.0,8.0,6.0,6.0,16.0,13.0,20.0
26/04/2026,Excelsior,Utrecht,5,0,H,3.0,2.0,0.0,3.0,9.0,3.0,12.0,8.0,18.0,10.0
26/04/2026,Heracles,Volendam,0,2,A,5.0,9.0,1.0,0.0,4.0,8.0,17.0,11.0,14.0,18.0
02/05/2026,Utrecht,NAC Breda,2,0,H,8.0,4.0,0.0,2.0,11.0,1.0,12.0,13.0,28.0,9.0
02/05/2026,Groningen,Excelsior,2,3,A,5.0,8.0,0.0,0.0,5.0,9.0,5.0,10.0,12.0,18.0
02/05/2026,Ajax,PSV Eindhoven,2,2,D,6.0,4.0,1.0,2.0,4.0,2.0,7.0,14.0,13.0,7.0
02/05/2026,Nijmegen,Telstar,1,1,D,9.0,0.0,3.0,2.0,7.0,4.0,10.0,11.0,21.0,10.0
03/05/2026,Volendam,Heerenveen,0,2,A,7.0,5.0,3.0,3.0,5.0,4.0,8.0,14.0,15.0,11.0
03/05/2026,For Sittard,Feyenoord,1,2,A,1.0,8.0,2.0,3.0,3.0,7.0,16.0,13.0,7.0,19.0
03/05/2026,Zwolle,Heracles,1,0,H,3.0,3.0,2.0,4.0,5.0,3.0,18.0,18.0,9.0,14.0
03/05/2026,AZ Alkmaar,Twente,2,2,D,4.0,3.0,0.0,0.0,4.0,2.0,9.0,14.0,18.0,9.0
03/05/2026,Sparta Rotterdam,Go Ahead Eagles,2,2,D,6.0,8.0,1.0,5.0,3.0,5.0,11.0,10.0,24.0,16.0
10/05/2026,Ajax,Utrecht,1,2,A,4.0,7.0,2.0,2.0,6.0,6.0,9.0,9.0,15.0,14.0
10/05/2026,Excelsior,Volendam,1,1,D,5.0,0.0,1.0,3.0,2.0,2.0,10.0,7.0,8.0,8.0
10/05/2026,Feyenoord,AZ Alkmaar,1,1,D,7.0,3.0,1.0,0.0,5.0,3.0,10.0,9.0,10.0,13.0
10/05/2026,For Sittard,Zwolle,3,2,H,6.0,5.0,0.0,1.0,4.0,3.0,7.0,11.0,12.0,8.0
10/05/2026,Go Ahead Eagles,PSV Eindhoven,1,4,A,8.0,4.0,0.0,0.0,4.0,10.0,9.0,7.0,11.0,24.0
10/05/2026,Groningen,Nijmegen,2,1,H,5.0,6.0,2.0,1.0,7.0,3.0,16.0,12.0,11.0,12.0
10/05/2026,NAC Breda,Heerenveen,2,0,H,7.0,3.0,1.0,1.0,4.0,2.0,10.0,13.0,19.0,13.0
10/05/2026,Telstar,Heracles,3,0,H,6.0,7.0,1.0,3.0,7.0,1.0,12.0,12.0,12.0,7.0
10/05/2026,Twente,Sparta Rotterdam,4,0,H,9.0,2.0,0.0,2.0,13.0,1.0,7.0,8.0,26.0,9.0
17/05/2026,AZ Alkmaar,NAC Breda,3,3,D,7.0,6.0,1.0,1.0,10.0,11.0,11.0,6.0,16.0,17.0
17/05/2026,Heerenveen,Ajax,0,0,D,10.0,6.0,0.0,3.0,6.0,6.0,9.0,8.0,16.0,23.0
17/05/2026,Heracles,Groningen,1,2,A,9.0,5.0,1.0,1.0,2.0,5.0,8.0,5.0,11.0,16.0
17/05/2026,Nijmegen,Go Ahead Eagles,2,1,H,13.0,4.0,1.0,2.0,12.0,1.0,12.0,8.0,37.0,3.0
17/05/2026,PSV Eindhoven,Twente,5,1,H,11.0,9.0,1.0,1.0,7.0,6.0,7.0,5.0,13.0,18.0
17/05/2026,Sparta Rotterdam,Excelsior,2,3,A,5.0,2.0,4.0,0.0,5.0,4.0,11.0,15.0,17.0,16.0
17/05/2026,Utrecht,For Sittard,2,0,H,2.0,5.0,0.0,1.0,5.0,2.0,8.0,8.0,18.0,13.0
17/05/2026,Volendam,Telstar,1,2,A,7.0,0.0,2.0,2.0,8.0,2.0,13.0,18.0,17.0,7.0
17/05/2026,Zwolle,Feyenoord,0,2,A,2.0,12.0,0.0,0.0,1.0,8.0,11.0,11.0,7.0,22.0
