Date,HomeTeam,AwayTeam,FTHG,FTAG,FTR,HC,AC,HY,AY,HST,AST,HF,AF,HS,AS
09/08/2013,Montpellier,Paris SG,1.0,1.0,D,1.0,8.0,2.0,2.0,1.0,4.0,22.0,18.0,6.0,12.0
10/08/2013,Bordeaux,Monaco,0.0,2.0,A,3.0,7.0,1.0,0.0,2.0,6.0,16.0,11.0,11.0,13.0
10/08/2013,Evian Thonon Gaillard,Sochaux,1.0,1.0,D,5.0,5.0,1.0,2.0,8.0,6.0,13.0,18.0,15.0,9.0
10/08/2013,Lille,Lorient,1.0,0.0,H,4.0,3.0,1.0,1.0,3.0,3.0,18.0,18.0,6.0,6.0
10/08/2013,Lyon,Nice,4.0,0.0,H,2.0,5.0,1.0,0.0,6.0,5.0,20.0,9.0,12.0,11.0
10/08/2013,Nantes,Bastia,2.0,0.0,H,2.0,2.0,1.0,3.0,3.0,0.0,14.0,14.0,7.0,9.0
10/08/2013,Rennes,Reims,2.0,1.0,H,4.0,8.0,1.0,2.0,6.0,5.0,7.0,15.0,13.0,15.0
10/08/2013,Valenciennes,Toulouse,3.0,0.0,H,6.0,0.0,2.0,0.0,7.0,1.0,22.0,12.0,19.0,2.0
11/08/2013,Ajaccio,St Etienne,0.0,1.0,A,1.0,3.0,0.0,1.0,1.0,2.0,16.0,20.0,7.0,8.0
11/08/2013,Guingamp,Marseille,1.0,3.0,A,9.0,3.0,2.0,4.0,5.0,7.0,16.0,19.0,13.0,16.0
16/08/2013,Sochaux,Lyon,1.0,3.0,A,8.0,5.0,3.0,0.0,8.0,8.0,14.0,19.0,11.0,15.0
17/08/2013,Bastia,Valenciennes,2.0,0.0,H,6.0,4.0,2.0,2.0,2.0,3.0,13.0,15.0,9.0,7.0
17/08/2013,Marseille,Evian Thonon Gaillard,2.0,0.0,H,3.0,8.0,3.0,1.0,3.0,4.0,11.0,12.0,8.0,16.0
17/08/2013,Nice,Rennes,2.0,1.0,H,5.0,0.0,0.0,1.0,5.0,3.0,12.0,19.0,15.0,4.0
17/08/2013,Reims,Lille,2.0,1.0,H,3.0,7.0,1.0,0.0,3.0,3.0,12.0,14.0,10.0,15.0
17/08/2013,St Etienne,Guingamp,1.0,0.0,H,6.0,4.0,4.0,3.0,1.0,2.0,13.0,11.0,9.0,5.0
17/08/2013,Toulouse,Bordeaux,1.0,1.0,D,6.0,2.0,3.0,1.0,6.0,4.0,16.0,17.0,12.0,8.0
18/08/2013,Lorient,Nantes,2.0,1.0,H,10.0,3.0,1.0,1.0,8.0,3.0,8.0,19.0,14.0,8.0
18/08/2013,Monaco,Montpellier,4.0,1.0,H,9.0,1.0,2.0,3.0,7.0,3.0,21.0,15.0,13.0,5.0
18/08/2013,Paris SG,Ajaccio,1.0,1.0,D,12.0,1.0,2.0,3.0,15.0,1.0,17.0,11.0,37.0,1.0
23/08/2013,Monaco,Toulouse,0.0,0.0,D,4.0,1.0,1.0,3.0,5.0,0.0,17.0,24.0,21.0,3.0
24/08/2013,Bordeaux,Bastia,1.0,0.0,H,2.0,4.0,2.0,2.0,5.0,2.0,13.0,17.0,12.0,4.0
24/08/2013,Evian Thonon Gaillard,Rennes,1.0,2.0,A,3.0,5.0,2.0,3.0,5.0,4.0,10.0,14.0,17.0,11.0
24/08/2013,Guingamp,Lorient,2.0,0.0,H,6.0,5.0,2.0,2.0,3.0,5.0,17.0,17.0,10.0,11.0
24/08/2013,Lyon,Reims,0.0,1.0,A,7.0,1.0,1.0,2.0,5.0,2.0,17.0,13.0,19.0,6.0
24/08/2013,Montpellier,Sochaux,2.0,1.0,H,1.0,3.0,2.0,3.0,4.0,1.0,24.0,17.0,12.0,9.0
24/08/2013,Valenciennes,Marseille,0.0,1.0,A,6.0,11.0,1.0,3.0,2.0,6.0,22.0,15.0,7.0,18.0
25/08/2013,Ajaccio,Nice,0.0,0.0,D,5.0,3.0,0.0,0.0,2.0,2.0,20.0,13.0,5.0,10.0
25/08/2013,Lille,St Etienne,1.0,0.0,H,4.0,2.0,2.0,1.0,5.0,2.0,11.0,20.0,12.0,6.0
25/08/2013,Nantes,Paris SG,1.0,2.0,A,8.0,6.0,1.0,1.0,3.0,6.0,10.0,14.0,13.0,13.0
31/08/2013,Bastia,Toulouse,2.0,1.0,H,4.0,3.0,2.0,4.0,4.0,3.0,15.0,18.0,7.0,9.0
31/08/2013,Evian Thonon Gaillard,Lyon,2.0,1.0,H,3.0,10.0,1.0,1.0,5.0,2.0,10.0,13.0,15.0,6.0
31/08/2013,Lorient,Valenciennes,1.0,0.0,H,6.0,5.0,1.0,1.0,3.0,1.0,9.0,19.0,15.0,8.0
31/08/2013,Paris SG,Guingamp,2.0,0.0,H,13.0,1.0,1.0,2.0,7.0,1.0,13.0,15.0,25.0,7.0
31/08/2013,Reims,Nantes,0.0,0.0,D,4.0,0.0,1.0,0.0,2.0,2.0,11.0,3.0,7.0,9.0
31/08/2013,Rennes,Lille,0.0,0.0,D,2.0,2.0,1.0,2.0,2.0,1.0,10.0,15.0,11.0,10.0
31/08/2013,Sochaux,Ajaccio,0.0,0.0,D,5.0,2.0,1.0,1.0,5.0,2.0,8.0,11.0,17.0,9.0
01/09/2013,Marseille,Monaco,1.0,2.0,A,6.0,10.0,2.0,3.0,2.0,4.0,16.0,13.0,10.0,12.0
01/09/2013,Nice,Montpellier,2.0,2.0,D,4.0,2.0,3.0,4.0,4.0,3.0,18.0,19.0,12.0,5.0
01/09/2013,St Etienne,Bordeaux,2.0,1.0,H,4.0,4.0,2.0,1.0,5.0,5.0,17.0,10.0,12.0,13.0
13/09/2013,Bordeaux,Paris SG,0.0,2.0,A,1.0,5.0,2.0,2.0,1.0,7.0,14.0,13.0,6.0,14.0
14/09/2013,Ajaccio,Evian Thonon Gaillard,2.0,3.0,A,7.0,5.0,2.0,3.0,8.0,5.0,10.0,20.0,18.0,12.0
14/09/2013,Guingamp,Bastia,1.0,1.0,D,1.0,1.0,2.0,3.0,5.0,1.0,19.0,18.0,7.0,11.0
14/09/2013,Montpellier,Reims,0.0,0.0,D,4.0,3.0,2.0,2.0,3.0,3.0,8.0,8.0,16.0,9.0
14/09/2013,Nantes,Sochaux,1.0,0.0,H,3.0,2.0,0.0,1.0,5.0,0.0,12.0,8.0,11.0,1.0
14/09/2013,Toulouse,Marseille,1.0,1.0,D,6.0,5.0,2.0,2.0,4.0,8.0,17.0,13.0,20.0,15.0
14/09/2013,Valenciennes,St Etienne,1.0,3.0,A,5.0,0.0,2.0,1.0,3.0,4.0,11.0,9.0,10.0,10.0
15/09/2013,Lille,Nice,0.0,2.0,A,10.0,2.0,3.0,3.0,9.0,4.0,16.0,16.0,22.0,5.0
15/09/2013,Lyon,Rennes,0.0,0.0,D,8.0,2.0,0.0,1.0,6.0,3.0,16.0,14.0,18.0,5.0
15/09/2013,Monaco,Lorient,1.0,0.0,H,2.0,1.0,3.0,3.0,3.0,0.0,13.0,16.0,11.0,6.0
20/09/2013,St Etienne,Toulouse,1.0,2.0,A,4.0,5.0,2.0,2.0,3.0,6.0,19.0,17.0,18.0,11.0
21/09/2013,Bastia,Marseille,0.0,0.0,D,4.0,4.0,2.0,0.0,5.0,1.0,19.0,10.0,12.0,11.0
21/09/2013,Evian Thonon Gaillard,Montpellier,2.0,2.0,D,3.0,1.0,2.0,3.0,5.0,3.0,12.0,11.0,12.0,8.0
21/09/2013,Reims,Guingamp,1.0,1.0,D,7.0,6.0,3.0,1.0,3.0,4.0,15.0,12.0,15.0,15.0
21/09/2013,Rennes,Ajaccio,2.0,0.0,H,6.0,6.0,2.0,2.0,7.0,2.0,20.0,13.0,14.0,17.0
21/09/2013,Sochaux,Lille,0.0,2.0,A,4.0,4.0,2.0,1.0,6.0,8.0,18.0,14.0,14.0,15.0
22/09/2013,Lorient,Bordeaux,3.0,3.0,D,3.0,4.0,1.0,2.0,10.0,3.0,13.0,14.0,16.0,11.0
22/09/2013,Lyon,Nantes,3.0,1.0,H,6.0,4.0,0.0,0.0,5.0,2.0,18.0,12.0,11.0,9.0
22/09/2013,Nice,Valenciennes,4.0,0.0,H,4.0,3.0,1.0,2.0,5.0,1.0,13.0,14.0,10.0,8.0
22/09/2013,Paris SG,Monaco,1.0,1.0,D,6.0,2.0,1.0,3.0,2.0,4.0,5.0,18.0,18.0,15.0
24/09/2013,Lille,Evian Thonon Gaillard,3.0,0.0,H,4.0,2.0,1.0,2.0,5.0,1.0,16.0,12.0,12.0,6.0
24/09/2013,Marseille,St Etienne,2.0,1.0,H,8.0,11.0,1.0,1.0,5.0,2.0,10.0,17.0,12.0,11.0
25/09/2013,Ajaccio,Lyon,2.0,1.0,H,1.0,6.0,5.0,2.0,3.0,8.0,18.0,18.0,7.0,15.0
25/09/2013,Bordeaux,Reims,0.0,0.0,D,15.0,4.0,1.0,2.0,7.0,3.0,15.0,23.0,20.0,9.0
25/09/2013,Guingamp,Sochaux,5.0,1.0,H,3.0,2.0,2.0,4.0,7.0,6.0,14.0,18.0,14.0,15.0
25/09/2013,Monaco,Bastia,3.0,0.0,H,10.0,5.0,1.0,1.0,9.0,5.0,9.0,14.0,19.0,12.0
25/09/2013,Nantes,Nice,2.0,0.0,H,8.0,0.0,1.0,1.0,6.0,0.0,10.0,12.0,16.0,4.0
25/09/2013,Toulouse,Lorient,1.0,0.0,H,6.0,3.0,1.0,2.0,4.0,4.0,13.0,17.0,14.0,11.0
25/09/2013,Valenciennes,Paris SG,0.0,1.0,A,8.0,4.0,1.0,4.0,3.0,2.0,13.0,10.0,14.0,6.0
26/09/2013,Montpellier,Rennes,0.0,0.0,D,7.0,2.0,3.0,1.0,4.0,3.0,18.0,14.0,20.0,8.0
28/09/2013,Evian Thonon Gaillard,Bordeaux,1.0,1.0,D,6.0,8.0,3.0,3.0,2.0,7.0,23.0,17.0,11.0,17.0
28/09/2013,Lorient,Marseille,0.0,2.0,A,6.0,2.0,1.0,1.0,6.0,4.0,6.0,11.0,15.0,12.0
28/09/2013,Lyon,Lille,0.0,0.0,D,1.0,7.0,3.0,2.0,1.0,5.0,15.0,12.0,6.0,14.0
28/09/2013,Nice,Guingamp,1.0,0.0,H,10.0,3.0,1.0,2.0,7.0,4.0,17.0,16.0,16.0,10.0
28/09/2013,Paris SG,Toulouse,2.0,0.0,H,6.0,2.0,0.0,3.0,4.0,3.0,12.0,15.0,14.0,7.0
28/09/2013,Sochaux,Valenciennes,2.0,0.0,H,4.0,12.0,4.0,3.0,5.0,2.0,14.0,16.0,8.0,15.0
28/09/2013,St Etienne,Bastia,2.0,2.0,D,5.0,1.0,2.0,4.0,7.0,2.0,5.0,15.0,20.0,4.0
29/09/2013,Ajaccio,Montpellier,1.0,1.0,D,6.0,6.0,3.0,1.0,2.0,7.0,16.0,15.0,10.0,12.0
29/09/2013,Reims,Monaco,1.0,1.0,D,6.0,7.0,1.0,1.0,3.0,7.0,15.0,12.0,13.0,16.0
29/09/2013,Rennes,Nantes,1.0,3.0,A,2.0,4.0,1.0,2.0,4.0,5.0,9.0,16.0,6.0,14.0
04/10/2013,Bastia,Lorient,4.0,1.0,H,4.0,6.0,2.0,4.0,10.0,2.0,15.0,20.0,15.0,9.0
05/10/2013,Guingamp,Rennes,2.0,0.0,H,9.0,3.0,0.0,1.0,8.0,2.0,17.0,15.0,22.0,6.0
05/10/2013,Lille,Ajaccio,3.0,0.0,H,8.0,4.0,1.0,1.0,6.0,1.0,14.0,11.0,18.0,6.0
05/10/2013,Monaco,St Etienne,2.0,1.0,H,7.0,0.0,1.0,6.0,6.0,5.0,14.0,17.0,11.0,8.0
05/10/2013,Nantes,Evian Thonon Gaillard,3.0,0.0,H,6.0,4.0,1.0,2.0,4.0,2.0,11.0,13.0,7.0,11.0
05/10/2013,Toulouse,Nice,1.0,0.0,H,1.0,4.0,1.0,1.0,2.0,3.0,18.0,13.0,8.0,10.0
05/10/2013,Valenciennes,Reims,1.0,1.0,D,22.0,4.0,0.0,2.0,11.0,4.0,15.0,16.0,18.0,9.0
06/10/2013,Bordeaux,Sochaux,4.0,1.0,H,4.0,4.0,3.0,2.0,7.0,1.0,11.0,17.0,18.0,10.0
06/10/2013,Marseille,Paris SG,1.0,2.0,A,6.0,1.0,3.0,4.0,6.0,4.0,23.0,12.0,11.0,4.0
06/10/2013,Montpellier,Lyon,5.0,1.0,H,3.0,5.0,2.0,2.0,10.0,4.0,16.0,19.0,15.0,18.0
18/10/2013,Nice,Marseille,1.0,0.0,H,2.0,14.0,2.0,2.0,3.0,6.0,16.0,14.0,7.0,19.0
18/10/2013,Reims,Toulouse,1.0,2.0,A,4.0,4.0,2.0,2.0,5.0,7.0,18.0,12.0,11.0,13.0
19/10/2013,Ajaccio,Nantes,0.0,1.0,A,7.0,6.0,2.0,3.0,3.0,5.0,18.0,16.0,7.0,16.0
19/10/2013,Evian Thonon Gaillard,Guingamp,1.0,2.0,A,4.0,6.0,2.0,0.0,2.0,5.0,17.0,12.0,10.0,9.0
19/10/2013,Montpellier,Lille,0.0,1.0,A,5.0,4.0,0.0,3.0,4.0,2.0,7.0,17.0,11.0,9.0
19/10/2013,Paris SG,Bastia,4.0,0.0,H,6.0,3.0,0.0,2.0,8.0,2.0,9.0,15.0,20.0,11.0
19/10/2013,Rennes,Valenciennes,2.0,2.0,D,1.0,8.0,1.0,0.0,5.0,6.0,7.0,12.0,13.0,13.0
20/10/2013,Lyon,Bordeaux,1.0,1.0,D,5.0,5.0,1.0,2.0,6.0,1.0,16.0,15.0,18.0,9.0
20/10/2013,Sochaux,Monaco,2.0,2.0,D,9.0,3.0,2.0,2.0,7.0,5.0,16.0,18.0,16.0,12.0
20/10/2013,St Etienne,Lorient,3.0,2.0,H,4.0,4.0,3.0,2.0,7.0,5.0,19.0,11.0,19.0,11.0
25/10/2013,Nantes,Lille,0.0,1.0,A,5.0,1.0,0.0,4.0,2.0,4.0,11.0,19.0,7.0,12.0
26/10/2013,Bastia,Nice,1.0,0.0,H,4.0,3.0,2.0,3.0,3.0,4.0,13.0,17.0,9.0,13.0
26/10/2013,Guingamp,Ajaccio,2.0,1.0,H,8.0,2.0,2.0,4.0,6.0,4.0,19.0,19.0,17.0,13.0
26/10/2013,Lorient,Sochaux,2.0,1.0,H,4.0,3.0,1.0,1.0,6.0,2.0,18.0,9.0,10.0,7.0
26/10/2013,Marseille,Reims,2.0,3.0,A,8.0,5.0,2.0,0.0,5.0,4.0,13.0,16.0,16.0,8.0
26/10/2013,Toulouse,Rennes,0.0,5.0,A,4.0,2.0,1.0,1.0,2.0,10.0,11.0,15.0,16.0,14.0
26/10/2013,Valenciennes,Evian Thonon Gaillard,0.0,1.0,A,7.0,4.0,1.0,3.0,2.0,3.0,10.0,11.0,10.0,5.0
27/10/2013,Bordeaux,Montpellier,2.0,0.0,H,6.0,3.0,3.0,0.0,7.0,1.0,21.0,9.0,16.0,5.0
27/10/2013,Monaco,Lyon,2.0,1.0,H,2.0,6.0,1.0,3.0,4.0,2.0,12.0,17.0,10.0,7.0
27/10/2013,St Etienne,Paris SG,2.0,2.0,D,5.0,7.0,2.0,3.0,3.0,4.0,11.0,12.0,9.0,21.0
01/11/2013,Paris SG,Lorient,4.0,0.0,H,6.0,6.0,0.0,0.0,10.0,2.0,8.0,11.0,17.0,9.0
02/11/2013,Ajaccio,Valenciennes,1.0,3.0,A,2.0,6.0,2.0,2.0,5.0,5.0,26.0,20.0,13.0,14.0
02/11/2013,Evian Thonon Gaillard,Toulouse,2.0,1.0,H,4.0,4.0,2.0,3.0,3.0,4.0,18.0,12.0,14.0,9.0
02/11/2013,Lyon,Guingamp,2.0,0.0,H,13.0,5.0,1.0,2.0,7.0,1.0,13.0,9.0,14.0,8.0
02/11/2013,Reims,Bastia,4.0,2.0,H,5.0,4.0,1.0,1.0,9.0,8.0,14.0,11.0,15.0,12.0
02/11/2013,Rennes,Marseille,1.0,1.0,D,6.0,5.0,2.0,1.0,4.0,3.0,8.0,17.0,11.0,11.0
02/11/2013,Sochaux,St Etienne,0.0,0.0,D,9.0,2.0,2.0,1.0,5.0,2.0,17.0,10.0,19.0,7.0
03/11/2013,Lille,Monaco,2.0,0.0,H,5.0,8.0,2.0,2.0,3.0,7.0,19.0,20.0,7.0,15.0
03/11/2013,Montpellier,Nantes,1.0,1.0,D,6.0,4.0,0.0,1.0,5.0,2.0,4.0,20.0,18.0,5.0
03/11/2013,Nice,Bordeaux,1.0,2.0,A,7.0,2.0,3.0,2.0,1.0,4.0,15.0,14.0,8.0,11.0
08/11/2013,Monaco,Evian Thonon Gaillard,1.0,1.0,D,12.0,2.0,1.0,2.0,2.0,5.0,8.0,21.0,15.0,9.0
09/11/2013,Bastia,Rennes,1.0,0.0,H,9.0,4.0,1.0,2.0,5.0,3.0,16.0,10.0,15.0,10.0
09/11/2013,Guingamp,Lille,0.0,0.0,D,4.0,5.0,1.0,3.0,1.0,3.0,20.0,18.0,9.0,13.0
09/11/2013,Lorient,Reims,0.0,0.0,D,10.0,4.0,0.0,1.0,3.0,1.0,12.0,9.0,18.0,9.0
09/11/2013,Paris SG,Nice,3.0,1.0,H,6.0,10.0,0.0,1.0,6.0,2.0,11.0,14.0,16.0,14.0
09/11/2013,Toulouse,Ajaccio,1.0,1.0,D,11.0,0.0,2.0,2.0,7.0,2.0,11.0,19.0,25.0,4.0
09/11/2013,Valenciennes,Montpellier,1.0,1.0,D,8.0,7.0,3.0,4.0,3.0,2.0,20.0,17.0,11.0,11.0
10/11/2013,Bordeaux,Nantes,0.0,3.0,A,8.0,4.0,1.0,2.0,7.0,4.0,7.0,13.0,16.0,11.0
10/11/2013,Marseille,Sochaux,2.0,1.0,H,5.0,4.0,0.0,1.0,4.0,2.0,12.0,15.0,13.0,8.0
10/11/2013,St Etienne,Lyon,1.0,2.0,A,6.0,3.0,2.0,3.0,3.0,5.0,10.0,18.0,13.0,9.0
22/11/2013,Ajaccio,Marseille,1.0,3.0,A,5.0,2.0,4.0,1.0,3.0,7.0,17.0,19.0,9.0,18.0
23/11/2013,Evian Thonon Gaillard,Lorient,0.0,4.0,A,5.0,2.0,3.0,2.0,1.0,5.0,12.0,10.0,6.0,11.0
23/11/2013,Lyon,Valenciennes,1.0,1.0,D,4.0,2.0,1.0,2.0,5.0,5.0,6.0,12.0,17.0,13.0
23/11/2013,Montpellier,Guingamp,1.0,1.0,D,10.0,4.0,2.0,2.0,3.0,2.0,15.0,22.0,11.0,8.0
23/11/2013,Reims,Paris SG,0.0,3.0,A,7.0,1.0,3.0,2.0,5.0,9.0,12.0,15.0,15.0,15.0
23/11/2013,Rennes,Bordeaux,1.0,1.0,D,7.0,3.0,0.0,1.0,5.0,6.0,8.0,12.0,16.0,11.0
23/11/2013,Sochaux,Bastia,1.0,1.0,D,5.0,5.0,0.0,2.0,4.0,3.0,11.0,7.0,16.0,10.0
24/11/2013,Lille,Toulouse,1.0,0.0,H,9.0,5.0,1.0,3.0,1.0,3.0,14.0,17.0,16.0,5.0
24/11/2013,Nantes,Monaco,0.0,1.0,A,4.0,5.0,3.0,1.0,3.0,5.0,16.0,9.0,10.0,12.0
24/11/2013,Nice,St Etienne,0.0,1.0,A,5.0,3.0,1.0,1.0,2.0,4.0,6.0,17.0,11.0,9.0
29/11/2013,Marseille,Montpellier,2.0,0.0,H,9.0,3.0,2.0,0.0,7.0,2.0,18.0,11.0,14.0,7.0
30/11/2013,Guingamp,Nantes,1.0,0.0,H,8.0,7.0,1.0,4.0,3.0,3.0,9.0,24.0,11.0,12.0
30/11/2013,Lorient,Nice,3.0,0.0,H,2.0,6.0,0.0,0.0,5.0,3.0,12.0,13.0,9.0,16.0
30/11/2013,Monaco,Rennes,2.0,0.0,H,8.0,4.0,1.0,0.0,7.0,0.0,15.0,11.0,21.0,9.0
30/11/2013,St Etienne,Reims,4.0,0.0,H,8.0,4.0,1.0,2.0,7.0,2.0,8.0,17.0,19.0,9.0
30/11/2013,Toulouse,Sochaux,5.0,1.0,H,6.0,4.0,2.0,2.0,6.0,3.0,15.0,19.0,11.0,12.0
30/11/2013,Valenciennes,Lille,0.0,1.0,A,10.0,1.0,2.0,0.0,2.0,1.0,13.0,10.0,9.0,9.0
01/12/2013,Bastia,Evian Thonon Gaillard,2.0,0.0,H,4.0,5.0,1.0,2.0,6.0,3.0,10.0,12.0,14.0,6.0
01/12/2013,Bordeaux,Ajaccio,4.0,0.0,H,3.0,5.0,2.0,4.0,5.0,1.0,16.0,17.0,10.0,6.0
01/12/2013,Paris SG,Lyon,4.0,0.0,H,5.0,3.0,2.0,4.0,6.0,1.0,10.0,18.0,13.0,6.0
03/12/2013,Lille,Marseille,1.0,0.0,H,9.0,4.0,0.0,0.0,4.0,4.0,18.0,16.0,12.0,11.0
03/12/2013,Nantes,Valenciennes,2.0,1.0,H,6.0,4.0,1.0,0.0,6.0,3.0,9.0,11.0,12.0,11.0
03/12/2013,Nice,Monaco,0.0,3.0,A,5.0,3.0,1.0,0.0,4.0,5.0,19.0,15.0,6.0,13.0
04/12/2013,Ajaccio,Bastia,1.0,1.0,D,1.0,2.0,2.0,1.0,2.0,5.0,16.0,16.0,4.0,15.0
04/12/2013,Evian Thonon Gaillard,Paris SG,2.0,0.0,H,6.0,10.0,1.0,0.0,3.0,3.0,13.0,8.0,13.0,17.0
04/12/2013,Guingamp,Bordeaux,0.0,1.0,A,7.0,0.0,1.0,1.0,2.0,6.0,13.0,13.0,7.0,9.0
04/12/2013,Montpellier,Lorient,0.0,2.0,A,9.0,6.0,2.0,1.0,3.0,4.0,13.0,11.0,13.0,13.0
04/12/2013,Rennes,St Etienne,3.0,1.0,H,4.0,10.0,1.0,2.0,5.0,11.0,8.0,12.0,11.0,27.0
04/12/2013,Sochaux,Reims,0.0,2.0,A,9.0,3.0,0.0,1.0,2.0,5.0,9.0,14.0,9.0,11.0
05/12/2013,Lyon,Toulouse,1.0,1.0,D,7.0,2.0,2.0,2.0,5.0,3.0,15.0,14.0,15.0,7.0
06/12/2013,Marseille,Nantes,0.0,1.0,A,10.0,5.0,2.0,1.0,6.0,3.0,6.0,14.0,19.0,10.0
07/12/2013,Lorient,Rennes,2.0,0.0,H,6.0,4.0,2.0,0.0,7.0,2.0,15.0,11.0,17.0,5.0
07/12/2013,Paris SG,Sochaux,5.0,0.0,H,5.0,5.0,3.0,3.0,8.0,2.0,17.0,13.0,18.0,5.0
07/12/2013,Reims,Nice,1.0,0.0,H,4.0,4.0,1.0,2.0,3.0,2.0,12.0,15.0,15.0,13.0
07/12/2013,Valenciennes,Guingamp,1.0,1.0,D,8.0,1.0,1.0,2.0,3.0,2.0,22.0,16.0,11.0,12.0
08/12/2013,Bastia,Lyon,1.0,3.0,A,0.0,1.0,3.0,1.0,2.0,3.0,13.0,13.0,5.0,8.0
08/12/2013,Bordeaux,Lille,1.0,0.0,H,3.0,2.0,0.0,1.0,4.0,1.0,14.0,14.0,10.0,5.0
08/12/2013,Monaco,Ajaccio,1.0,0.0,H,10.0,2.0,1.0,0.0,5.0,3.0,11.0,15.0,22.0,5.0
08/12/2013,Toulouse,Montpellier,1.0,1.0,D,10.0,3.0,3.0,1.0,4.0,3.0,14.0,20.0,15.0,12.0
13/12/2013,Montpellier,St Etienne,0.0,1.0,A,7.0,1.0,2.0,3.0,0.0,3.0,11.0,15.0,5.0,14.0
14/12/2013,Ajaccio,Lorient,1.0,2.0,A,5.0,6.0,1.0,2.0,6.0,2.0,13.0,10.0,12.0,10.0
14/12/2013,Evian Thonon Gaillard,Reims,1.0,1.0,D,2.0,3.0,0.0,1.0,5.0,5.0,12.0,18.0,16.0,11.0
14/12/2013,Guingamp,Monaco,0.0,2.0,A,4.0,7.0,1.0,2.0,3.0,3.0,11.0,13.0,10.0,17.0
14/12/2013,Nantes,Toulouse,1.0,2.0,A,8.0,5.0,2.0,2.0,2.0,4.0,18.0,5.0,13.0,11.0
14/12/2013,Nice,Sochaux,1.0,0.0,H,8.0,5.0,1.0,3.0,6.0,0.0,13.0,22.0,11.0,8.0
14/12/2013,Rennes,Paris SG,1.0,3.0,A,9.0,4.0,1.0,1.0,2.0,5.0,11.0,19.0,6.0,7.0
15/12/2013,Bordeaux,Valenciennes,2.0,1.0,H,5.0,2.0,1.0,2.0,4.0,3.0,12.0,12.0,11.0,5.0
15/12/2013,Lille,Bastia,2.0,1.0,H,10.0,5.0,3.0,1.0,7.0,4.0,12.0,11.0,17.0,9.0
15/12/2013,Lyon,Marseille,2.0,2.0,D,5.0,1.0,2.0,3.0,8.0,5.0,10.0,16.0,15.0,11.0
20/12/2013,Monaco,Valenciennes,1.0,2.0,A,13.0,2.0,1.0,5.0,10.0,4.0,10.0,23.0,20.0,5.0
21/12/2013,Bastia,Montpellier,0.0,0.0,D,3.0,2.0,2.0,1.0,5.0,2.0,13.0,14.0,13.0,7.0
21/12/2013,Nice,Evian Thonon Gaillard,3.0,1.0,H,9.0,3.0,3.0,2.0,7.0,5.0,11.0,15.0,20.0,10.0
21/12/2013,Reims,Ajaccio,4.0,1.0,H,7.0,7.0,1.0,2.0,8.0,4.0,16.0,14.0,18.0,15.0
21/12/2013,Sochaux,Rennes,2.0,1.0,H,1.0,3.0,1.0,2.0,4.0,5.0,17.0,11.0,7.0,14.0
21/12/2013,St Etienne,Nantes,2.0,0.0,H,5.0,7.0,1.0,2.0,6.0,2.0,15.0,11.0,16.0,12.0
21/12/2013,Toulouse,Guingamp,0.0,0.0,D,3.0,6.0,1.0,2.0,3.0,1.0,11.0,15.0,13.0,6.0
22/12/2013,Lorient,Lyon,2.0,2.0,D,5.0,5.0,0.0,0.0,4.0,3.0,11.0,10.0,7.0,7.0
22/12/2013,Marseille,Bordeaux,2.0,2.0,D,5.0,6.0,2.0,1.0,12.0,2.0,14.0,7.0,17.0,10.0
22/12/2013,Paris SG,Lille,2.0,2.0,D,11.0,3.0,4.0,4.0,6.0,5.0,17.0,11.0,17.0,6.0
08/01/2014,St Etienne,Evian Thonon Gaillard,1.0,0.0,H,5.0,6.0,0.0,3.0,7.0,1.0,5.0,15.0,16.0,11.0
10/01/2014,Montpellier,Monaco,1.0,1.0,D,4.0,3.0,1.0,4.0,5.0,4.0,14.0,18.0,8.0,9.0
11/01/2014,Ajaccio,Paris SG,1.0,2.0,A,1.0,6.0,2.0,2.0,2.0,8.0,17.0,12.0,6.0,19.0
11/01/2014,Bordeaux,Toulouse,0.0,1.0,A,5.0,1.0,2.0,1.0,3.0,2.0,19.0,8.0,11.0,11.0
11/01/2014,Guingamp,St Etienne,0.0,0.0,D,5.0,4.0,0.0,1.0,3.0,4.0,14.0,21.0,12.0,9.0
11/01/2014,Lyon,Sochaux,2.0,0.0,H,1.0,7.0,1.0,1.0,5.0,2.0,19.0,19.0,18.0,10.0
11/01/2014,Rennes,Nice,0.0,0.0,D,5.0,1.0,2.0,1.0,4.0,0.0,12.0,7.0,19.0,6.0
11/01/2014,Valenciennes,Bastia,3.0,2.0,H,4.0,4.0,0.0,0.0,3.0,3.0,8.0,10.0,8.0,16.0
12/01/2014,Evian Thonon Gaillard,Marseille,1.0,2.0,A,10.0,2.0,0.0,0.0,6.0,4.0,11.0,12.0,14.0,9.0
12/01/2014,Lille,Reims,1.0,2.0,A,5.0,2.0,1.0,1.0,5.0,4.0,10.0,16.0,18.0,8.0
12/01/2014,Nantes,Lorient,1.0,0.0,H,8.0,8.0,0.0,0.0,4.0,3.0,10.0,12.0,10.0,11.0
17/01/2014,St Etienne,Lille,2.0,0.0,H,2.0,7.0,1.0,1.0,5.0,3.0,16.0,15.0,11.0,12.0
18/01/2014,Bastia,Bordeaux,1.0,0.0,H,4.0,5.0,2.0,1.0,5.0,4.0,14.0,11.0,11.0,14.0
18/01/2014,Lorient,Guingamp,2.0,0.0,H,2.0,5.0,3.0,0.0,3.0,3.0,15.0,13.0,10.0,15.0
18/01/2014,Nice,Ajaccio,2.0,0.0,H,5.0,2.0,3.0,3.0,7.0,3.0,20.0,16.0,12.0,14.0
18/01/2014,Rennes,Evian Thonon Gaillard,0.0,0.0,D,9.0,4.0,1.0,2.0,5.0,1.0,7.0,14.0,13.0,11.0
18/01/2014,Sochaux,Montpellier,0.0,2.0,A,1.0,4.0,1.0,0.0,0.0,4.0,13.0,7.0,6.0,12.0
19/01/2014,Paris SG,Nantes,5.0,0.0,H,4.0,3.0,1.0,0.0,10.0,0.0,4.0,8.0,16.0,5.0
19/01/2014,Reims,Lyon,0.0,2.0,A,3.0,5.0,2.0,1.0,3.0,7.0,11.0,15.0,11.0,14.0
19/01/2014,Toulouse,Monaco,0.0,2.0,A,6.0,6.0,1.0,2.0,4.0,6.0,12.0,25.0,12.0,14.0
24/01/2014,Lille,Rennes,1.0,1.0,D,11.0,0.0,1.0,0.0,10.0,3.0,7.0,18.0,21.0,9.0
25/01/2014,Ajaccio,Sochaux,1.0,1.0,D,2.0,5.0,0.0,1.0,4.0,3.0,21.0,19.0,6.0,10.0
25/01/2014,Guingamp,Paris SG,1.0,1.0,D,6.0,7.0,1.0,1.0,3.0,5.0,13.0,13.0,10.0,14.0
25/01/2014,Montpellier,Nice,3.0,1.0,H,6.0,2.0,1.0,1.0,10.0,1.0,11.0,10.0,23.0,4.0
25/01/2014,Nantes,Reims,0.0,0.0,D,4.0,2.0,2.0,2.0,4.0,1.0,14.0,11.0,14.0,11.0
25/01/2014,Valenciennes,Lorient,1.0,1.0,D,4.0,11.0,1.0,1.0,4.0,4.0,8.0,13.0,13.0,15.0
26/01/2014,Bordeaux,St Etienne,2.0,0.0,H,7.0,6.0,0.0,4.0,3.0,2.0,13.0,18.0,6.0,5.0
26/01/2014,Lyon,Evian Thonon Gaillard,3.0,0.0,H,3.0,2.0,0.0,0.0,5.0,2.0,14.0,8.0,12.0,9.0
26/01/2014,Monaco,Marseille,2.0,0.0,H,3.0,5.0,1.0,2.0,7.0,8.0,15.0,12.0,16.0,12.0
29/01/2014,Marseille,Valenciennes,2.0,1.0,H,3.0,9.0,0.0,2.0,3.0,3.0,13.0,15.0,12.0,8.0
31/01/2014,Paris SG,Bordeaux,2.0,0.0,H,8.0,2.0,0.0,0.0,4.0,3.0,11.0,11.0,21.0,4.0
01/02/2014,Bastia,Guingamp,3.0,2.0,H,7.0,6.0,2.0,2.0,7.0,5.0,12.0,19.0,14.0,9.0
01/02/2014,Evian Thonon Gaillard,Ajaccio,1.0,1.0,D,6.0,2.0,1.0,1.0,3.0,2.0,23.0,20.0,15.0,7.0
01/02/2014,Lorient,Monaco,2.0,2.0,D,2.0,4.0,2.0,1.0,5.0,6.0,13.0,12.0,15.0,14.0
01/02/2014,Reims,Montpellier,2.0,4.0,A,6.0,5.0,3.0,2.0,3.0,8.0,11.0,12.0,11.0,18.0
01/02/2014,Sochaux,Nantes,1.0,0.0,H,2.0,10.0,0.0,1.0,3.0,4.0,8.0,16.0,7.0,14.0
01/02/2014,St Etienne,Valenciennes,3.0,0.0,H,5.0,4.0,1.0,3.0,6.0,2.0,18.0,15.0,17.0,7.0
02/02/2014,Marseille,Toulouse,2.0,2.0,D,2.0,7.0,1.0,3.0,3.0,3.0,12.0,16.0,15.0,7.0
02/02/2014,Nice,Lille,1.0,0.0,H,4.0,3.0,1.0,1.0,4.0,3.0,13.0,14.0,6.0,13.0
02/02/2014,Rennes,Lyon,2.0,0.0,H,6.0,6.0,0.0,1.0,3.0,2.0,6.0,15.0,8.0,22.0
07/02/2014,Toulouse,St Etienne,0.0,0.0,D,4.0,3.0,4.0,2.0,2.0,3.0,14.0,19.0,6.0,9.0
08/02/2014,Ajaccio,Rennes,3.0,1.0,H,5.0,6.0,1.0,1.0,7.0,5.0,16.0,15.0,12.0,7.0
08/02/2014,Guingamp,Reims,1.0,2.0,A,3.0,3.0,1.0,2.0,5.0,4.0,10.0,16.0,20.0,10.0
08/02/2014,Lille,Sochaux,2.0,0.0,H,8.0,3.0,0.0,2.0,12.0,1.0,14.0,22.0,21.0,5.0
08/02/2014,Marseille,Bastia,3.0,0.0,H,3.0,1.0,1.0,2.0,5.0,1.0,16.0,16.0,14.0,5.0
08/02/2014,Montpellier,Evian Thonon Gaillard,1.0,1.0,D,6.0,3.0,0.0,2.0,4.0,4.0,7.0,15.0,12.0,11.0
08/02/2014,Valenciennes,Nice,2.0,1.0,H,10.0,4.0,2.0,3.0,9.0,3.0,8.0,14.0,16.0,7.0
09/02/2014,Monaco,Paris SG,1.0,1.0,D,9.0,8.0,2.0,1.0,3.0,6.0,16.0,14.0,16.0,12.0
09/02/2014,Nantes,Lyon,1.0,2.0,A,6.0,4.0,3.0,1.0,3.0,6.0,14.0,12.0,8.0,12.0
11/02/2014,Toulouse,Bastia,1.0,3.0,A,3.0,3.0,2.0,2.0,2.0,4.0,15.0,13.0,9.0,9.0
14/02/2014,Paris SG,Valenciennes,3.0,0.0,H,3.0,6.0,1.0,0.0,7.0,2.0,16.0,10.0,19.0,10.0
15/02/2014,Bastia,Monaco,0.0,2.0,A,6.0,3.0,3.0,1.0,2.0,4.0,20.0,21.0,9.0,12.0
15/02/2014,Lorient,Toulouse,1.0,3.0,A,9.0,3.0,2.0,2.0,4.0,6.0,10.0,14.0,8.0,14.0
15/02/2014,Nice,Nantes,0.0,0.0,D,4.0,3.0,1.0,4.0,2.0,0.0,15.0,18.0,10.0,11.0
15/02/2014,Reims,Bordeaux,1.0,0.0,H,4.0,9.0,0.0,1.0,6.0,6.0,14.0,10.0,9.0,18.0
15/02/2014,Rennes,Montpellier,2.0,2.0,D,4.0,12.0,2.0,1.0,4.0,5.0,13.0,10.0,12.0,16.0
15/02/2014,Sochaux,Guingamp,1.0,0.0,H,12.0,3.0,3.0,2.0,5.0,1.0,17.0,16.0,21.0,15.0
16/02/2014,Evian Thonon Gaillard,Lille,2.0,2.0,D,1.0,3.0,3.0,1.0,4.0,5.0,18.0,9.0,7.0,10.0
16/02/2014,Lyon,Ajaccio,3.0,1.0,H,7.0,1.0,1.0,2.0,9.0,2.0,13.0,15.0,16.0,10.0
16/02/2014,St Etienne,Marseille,1.0,1.0,D,6.0,4.0,1.0,3.0,4.0,2.0,13.0,14.0,16.0,9.0
21/02/2014,Monaco,Reims,3.0,2.0,H,6.0,2.0,3.0,1.0,7.0,3.0,9.0,15.0,18.0,6.0
22/02/2014,Bastia,St Etienne,0.0,2.0,A,3.0,5.0,2.0,1.0,3.0,5.0,10.0,17.0,8.0,10.0
22/02/2014,Bordeaux,Evian Thonon Gaillard,2.0,1.0,H,5.0,5.0,1.0,2.0,5.0,5.0,9.0,7.0,14.0,6.0
22/02/2014,Guingamp,Nice,1.0,0.0,H,7.0,4.0,3.0,5.0,6.0,0.0,14.0,17.0,20.0,1.0
22/02/2014,Marseille,Lorient,1.0,0.0,H,2.0,6.0,2.0,1.0,5.0,3.0,10.0,11.0,12.0,10.0
22/02/2014,Montpellier,Ajaccio,2.0,0.0,H,3.0,1.0,1.0,1.0,7.0,1.0,13.0,13.0,17.0,6.0
22/02/2014,Valenciennes,Sochaux,2.0,2.0,D,6.0,2.0,2.0,3.0,5.0,4.0,18.0,17.0,11.0,9.0
23/02/2014,Lille,Lyon,0.0,0.0,D,6.0,7.0,3.0,1.0,4.0,5.0,13.0,15.0,16.0,9.0
23/02/2014,Nantes,Rennes,0.0,3.0,A,5.0,4.0,1.0,1.0,0.0,6.0,13.0,13.0,5.0,15.0
23/02/2014,Toulouse,Paris SG,2.0,4.0,A,2.0,6.0,3.0,1.0,7.0,8.0,15.0,15.0,9.0,13.0
25/02/2014,Bordeaux,Lorient,3.0,2.0,H,8.0,4.0,0.0,0.0,7.0,4.0,9.0,12.0,12.0,9.0
28/02/2014,Evian Thonon Gaillard,Nantes,2.0,0.0,H,5.0,2.0,0.0,0.0,3.0,2.0,10.0,12.0,6.0,7.0
01/03/2014,Lorient,Bastia,1.0,1.0,D,5.0,4.0,0.0,0.0,3.0,4.0,3.0,7.0,17.0,13.0
01/03/2014,Nice,Toulouse,0.0,2.0,A,1.0,3.0,1.0,2.0,1.0,6.0,12.0,20.0,6.0,13.0
01/03/2014,Reims,Valenciennes,3.0,1.0,H,3.0,5.0,1.0,1.0,6.0,4.0,13.0,7.0,12.0,13.0
01/03/2014,Rennes,Guingamp,0.0,2.0,A,11.0,5.0,3.0,1.0,3.0,7.0,11.0,18.0,11.0,14.0
01/03/2014,Sochaux,Bordeaux,2.0,0.0,H,3.0,6.0,1.0,2.0,5.0,3.0,13.0,8.0,9.0,17.0
01/03/2014,St Etienne,Monaco,2.0,0.0,H,3.0,3.0,2.0,1.0,4.0,4.0,11.0,17.0,12.0,10.0
02/03/2014,Ajaccio,Lille,2.0,3.0,A,3.0,2.0,3.0,2.0,3.0,6.0,14.0,17.0,11.0,11.0
02/03/2014,Lyon,Montpellier,0.0,0.0,D,8.0,3.0,1.0,3.0,6.0,2.0,16.0,16.0,20.0,6.0
02/03/2014,Paris SG,Marseille,2.0,0.0,H,4.0,5.0,3.0,3.0,4.0,3.0,13.0,14.0,11.0,12.0
07/03/2014,Marseille,Nice,0.0,1.0,A,3.0,4.0,2.0,1.0,7.0,1.0,19.0,11.0,16.0,5.0
08/03/2014,Bastia,Paris SG,0.0,3.0,A,5.0,4.0,2.0,3.0,3.0,8.0,23.0,10.0,12.0,12.0
08/03/2014,Guingamp,Evian Thonon Gaillard,0.0,1.0,A,8.0,1.0,3.0,4.0,5.0,2.0,17.0,13.0,15.0,3.0
08/03/2014,Monaco,Sochaux,2.0,1.0,H,3.0,6.0,1.0,2.0,4.0,7.0,15.0,14.0,15.0,11.0
08/03/2014,Nantes,Ajaccio,2.0,2.0,D,3.0,2.0,0.0,2.0,6.0,3.0,20.0,22.0,20.0,10.0
08/03/2014,Toulouse,Reims,3.0,2.0,H,5.0,1.0,2.0,1.0,8.0,2.0,10.0,14.0,17.0,14.0
08/03/2014,Valenciennes,Rennes,2.0,1.0,H,1.0,1.0,2.0,3.0,3.0,5.0,13.0,17.0,13.0,13.0
09/03/2014,Bordeaux,Lyon,1.0,2.0,A,5.0,5.0,1.0,1.0,3.0,4.0,13.0,13.0,8.0,12.0
09/03/2014,Lille,Montpellier,2.0,0.0,H,10.0,3.0,2.0,1.0,7.0,2.0,14.0,14.0,19.0,6.0
09/03/2014,Lorient,St Etienne,1.0,0.0,H,10.0,5.0,2.0,3.0,8.0,1.0,5.0,18.0,15.0,9.0
14/03/2014,Reims,Marseille,1.0,1.0,D,5.0,5.0,1.0,1.0,4.0,4.0,16.0,14.0,11.0,14.0
15/03/2014,Ajaccio,Guingamp,1.0,2.0,A,4.0,7.0,2.0,2.0,3.0,3.0,10.0,14.0,16.0,14.0
15/03/2014,Evian Thonon Gaillard,Valenciennes,0.0,1.0,A,2.0,4.0,1.0,0.0,2.0,3.0,16.0,11.0,8.0,11.0
15/03/2014,Lille,Nantes,0.0,0.0,D,8.0,4.0,0.0,3.0,2.0,2.0,10.0,19.0,9.0,11.0
15/03/2014,Nice,Bastia,2.0,0.0,H,6.0,6.0,1.0,2.0,4.0,0.0,12.0,10.0,11.0,7.0
15/03/2014,Rennes,Toulouse,2.0,3.0,A,8.0,6.0,1.0,1.0,6.0,5.0,12.0,12.0,17.0,12.0
15/03/2014,Sochaux,Lorient,2.0,0.0,H,4.0,1.0,2.0,1.0,7.0,3.0,19.0,11.0,17.0,15.0
16/03/2014,Lyon,Monaco,2.0,3.0,A,7.0,4.0,1.0,4.0,3.0,4.0,10.0,20.0,16.0,11.0
16/03/2014,Montpellier,Bordeaux,1.0,1.0,D,2.0,3.0,2.0,3.0,3.0,4.0,11.0,22.0,12.0,10.0
16/03/2014,Paris SG,St Etienne,2.0,0.0,H,4.0,6.0,1.0,3.0,4.0,6.0,14.0,18.0,15.0,14.0
21/03/2014,Lorient,Paris SG,0.0,1.0,A,5.0,4.0,0.0,1.0,1.0,6.0,12.0,8.0,6.0,11.0
22/03/2014,Bastia,Reims,2.0,0.0,H,3.0,6.0,1.0,2.0,3.0,0.0,10.0,12.0,7.0,13.0
22/03/2014,Bordeaux,Nice,1.0,1.0,D,5.0,2.0,2.0,0.0,7.0,3.0,14.0,11.0,16.0,8.0
22/03/2014,Marseille,Rennes,0.0,1.0,A,6.0,5.0,1.0,0.0,4.0,4.0,15.0,14.0,17.0,9.0
22/03/2014,Nantes,Montpellier,2.0,1.0,H,4.0,9.0,3.0,2.0,7.0,2.0,20.0,13.0,11.0,10.0
22/03/2014,Toulouse,Evian Thonon Gaillard,1.0,1.0,D,2.0,3.0,1.0,0.0,4.0,2.0,7.0,14.0,13.0,10.0
22/03/2014,Valenciennes,Ajaccio,2.0,3.0,A,9.0,4.0,0.0,3.0,3.0,3.0,13.0,21.0,13.0,6.0
23/03/2014,Guingamp,Lyon,0.0,1.0,A,10.0,11.0,2.0,2.0,4.0,4.0,9.0,16.0,12.0,10.0
23/03/2014,Monaco,Lille,1.0,1.0,D,4.0,4.0,1.0,2.0,2.0,4.0,16.0,18.0,6.0,8.0
23/03/2014,St Etienne,Sochaux,3.0,1.0,H,8.0,3.0,1.0,0.0,11.0,2.0,12.0,15.0,22.0,11.0
28/03/2014,Nice,Paris SG,0.0,1.0,A,3.0,4.0,1.0,2.0,4.0,5.0,13.0,15.0,9.0,16.0
29/03/2014,Ajaccio,Toulouse,2.0,2.0,D,2.0,3.0,2.0,3.0,4.0,11.0,10.0,17.0,14.0,18.0
29/03/2014,Evian Thonon Gaillard,Monaco,1.0,0.0,H,1.0,6.0,1.0,4.0,5.0,1.0,12.0,13.0,14.0,11.0
29/03/2014,Montpellier,Valenciennes,0.0,0.0,D,9.0,0.0,1.0,3.0,5.0,0.0,8.0,13.0,18.0,3.0
29/03/2014,Nantes,Bordeaux,0.0,0.0,D,4.0,8.0,1.0,1.0,3.0,0.0,18.0,10.0,9.0,10.0
29/03/2014,Reims,Lorient,1.0,1.0,D,0.0,4.0,2.0,0.0,3.0,4.0,11.0,6.0,13.0,9.0
29/03/2014,Sochaux,Marseille,1.0,1.0,D,5.0,6.0,2.0,3.0,2.0,7.0,19.0,15.0,7.0,15.0
30/03/2014,Lille,Guingamp,1.0,0.0,H,7.0,2.0,1.0,4.0,6.0,4.0,15.0,21.0,17.0,11.0
30/03/2014,Lyon,St Etienne,1.0,2.0,A,10.0,2.0,1.0,3.0,2.0,6.0,6.0,17.0,12.0,6.0
30/03/2014,Rennes,Bastia,3.0,0.0,H,4.0,4.0,0.0,1.0,7.0,2.0,7.0,15.0,16.0,13.0
04/04/2014,Marseille,Ajaccio,3.0,1.0,H,7.0,5.0,1.0,0.0,6.0,2.0,15.0,24.0,15.0,5.0
05/04/2014,Bastia,Sochaux,2.0,2.0,D,5.0,6.0,1.0,3.0,3.0,7.0,15.0,18.0,14.0,15.0
05/04/2014,Bordeaux,Rennes,2.0,2.0,D,9.0,1.0,1.0,2.0,5.0,2.0,12.0,12.0,14.0,5.0
05/04/2014,Guingamp,Montpellier,1.0,2.0,A,10.0,3.0,2.0,1.0,9.0,5.0,11.0,14.0,24.0,11.0
05/04/2014,Lorient,Evian Thonon Gaillard,1.0,1.0,D,4.0,8.0,1.0,2.0,4.0,6.0,13.0,10.0,12.0,17.0
05/04/2014,Paris SG,Reims,3.0,0.0,H,2.0,4.0,0.0,2.0,3.0,1.0,6.0,11.0,13.0,13.0
05/04/2014,Toulouse,Lille,1.0,2.0,A,7.0,5.0,2.0,1.0,6.0,5.0,13.0,18.0,10.0,13.0
06/04/2014,Monaco,Nantes,3.0,1.0,H,7.0,8.0,2.0,3.0,5.0,4.0,11.0,15.0,12.0,12.0
06/04/2014,St Etienne,Nice,1.0,1.0,D,3.0,3.0,4.0,3.0,6.0,3.0,16.0,14.0,16.0,5.0
06/04/2014,Valenciennes,Lyon,1.0,2.0,A,3.0,3.0,4.0,3.0,3.0,2.0,16.0,14.0,8.0,9.0
11/04/2014,Montpellier,Marseille,2.0,3.0,A,5.0,6.0,1.0,1.0,5.0,8.0,15.0,10.0,10.0,20.0
12/04/2014,Ajaccio,Bordeaux,1.0,1.0,D,6.0,5.0,1.0,1.0,6.0,5.0,12.0,7.0,15.0,14.0
12/04/2014,Evian Thonon Gaillard,Bastia,2.0,1.0,H,3.0,5.0,3.0,0.0,7.0,3.0,14.0,10.0,17.0,11.0
12/04/2014,Lille,Valenciennes,1.0,0.0,H,6.0,8.0,0.0,3.0,5.0,3.0,18.0,18.0,13.0,9.0
12/04/2014,Nice,Lorient,1.0,2.0,A,6.0,3.0,2.0,3.0,3.0,5.0,13.0,9.0,9.0,10.0
12/04/2014,Rennes,Monaco,0.0,1.0,A,5.0,5.0,1.0,0.0,1.0,5.0,10.0,11.0,7.0,12.0
12/04/2014,Sochaux,Toulouse,2.0,0.0,H,4.0,2.0,2.0,2.0,4.0,3.0,18.0,11.0,18.0,5.0
13/04/2014,Lyon,Paris SG,1.0,0.0,H,3.0,5.0,0.0,2.0,4.0,6.0,14.0,9.0,8.0,11.0
13/04/2014,Nantes,Guingamp,1.0,0.0,H,1.0,3.0,2.0,0.0,5.0,3.0,14.0,6.0,14.0,6.0
13/04/2014,Reims,St Etienne,2.0,2.0,D,0.0,4.0,1.0,1.0,2.0,8.0,20.0,12.0,5.0,24.0
18/04/2014,St Etienne,Rennes,0.0,0.0,D,11.0,1.0,0.0,3.0,2.0,0.0,9.0,12.0,16.0,4.0
20/04/2014,Bastia,Ajaccio,2.0,1.0,H,7.0,0.0,1.0,2.0,6.0,2.0,21.0,26.0,13.0,9.0
20/04/2014,Bordeaux,Guingamp,5.0,1.0,H,5.0,5.0,0.0,3.0,9.0,3.0,16.0,20.0,10.0,8.0
20/04/2014,Lorient,Montpellier,4.0,4.0,D,6.0,1.0,2.0,2.0,6.0,5.0,12.0,11.0,12.0,12.0
20/04/2014,Marseille,Lille,0.0,0.0,D,10.0,1.0,1.0,0.0,2.0,2.0,20.0,17.0,9.0,5.0
20/04/2014,Monaco,Nice,1.0,0.0,H,2.0,10.0,1.0,2.0,4.0,4.0,12.0,15.0,12.0,11.0
20/04/2014,Reims,Sochaux,0.0,1.0,A,7.0,6.0,1.0,1.0,5.0,3.0,13.0,15.0,18.0,7.0
20/04/2014,Valenciennes,Nantes,2.0,6.0,A,11.0,3.0,1.0,0.0,10.0,7.0,12.0,14.0,19.0,9.0
23/04/2014,Paris SG,Evian Thonon Gaillard,1.0,0.0,H,5.0,1.0,3.0,1.0,3.0,3.0,13.0,12.0,19.0,5.0
23/04/2014,Toulouse,Lyon,0.0,0.0,D,5.0,4.0,1.0,0.0,2.0,3.0,11.0,11.0,12.0,8.0
25/04/2014,Nantes,Marseille,1.0,1.0,D,3.0,10.0,1.0,1.0,2.0,5.0,12.0,11.0,12.0,16.0
26/04/2014,Ajaccio,Monaco,1.0,4.0,A,4.0,6.0,3.0,1.0,4.0,6.0,18.0,11.0,11.0,14.0
26/04/2014,Evian Thonon Gaillard,St Etienne,1.0,2.0,A,3.0,4.0,3.0,0.0,2.0,6.0,11.0,5.0,9.0,17.0
26/04/2014,Guingamp,Valenciennes,1.0,0.0,H,6.0,3.0,1.0,0.0,5.0,3.0,13.0,12.0,14.0,11.0
26/04/2014,Montpellier,Toulouse,2.0,1.0,H,8.0,3.0,1.0,2.0,5.0,4.0,13.0,16.0,15.0,13.0
26/04/2014,Nice,Reims,1.0,0.0,H,4.0,4.0,1.0,1.0,5.0,3.0,9.0,17.0,15.0,11.0
26/04/2014,Rennes,Lorient,1.0,1.0,D,4.0,5.0,2.0,1.0,3.0,3.0,14.0,12.0,11.0,15.0
27/04/2014,Lille,Bordeaux,2.0,1.0,H,8.0,4.0,2.0,1.0,9.0,2.0,13.0,20.0,16.0,8.0
27/04/2014,Lyon,Bastia,4.0,1.0,H,5.0,7.0,2.0,1.0,7.0,2.0,12.0,8.0,17.0,8.0
27/04/2014,Sochaux,Paris SG,1.0,1.0,D,4.0,5.0,1.0,1.0,2.0,7.0,9.0,6.0,14.0,15.0
02/05/2014,Bastia,Lille,1.0,1.0,D,6.0,1.0,1.0,1.0,2.0,4.0,11.0,11.0,11.0,11.0
04/05/2014,Lorient,Ajaccio,1.0,0.0,H,6.0,1.0,0.0,2.0,1.0,2.0,11.0,16.0,10.0,7.0
04/05/2014,Marseille,Lyon,4.0,2.0,H,4.0,6.0,1.0,2.0,9.0,2.0,14.0,15.0,19.0,11.0
04/05/2014,Reims,Evian Thonon Gaillard,1.0,0.0,H,4.0,3.0,4.0,1.0,4.0,4.0,19.0,18.0,15.0,11.0
04/05/2014,Sochaux,Nice,2.0,0.0,H,4.0,2.0,3.0,2.0,7.0,1.0,17.0,15.0,17.0,11.0
04/05/2014,St Etienne,Montpellier,2.0,0.0,H,7.0,1.0,1.0,3.0,3.0,0.0,22.0,9.0,7.0,7.0
04/05/2014,Toulouse,Nantes,1.0,1.0,D,10.0,1.0,2.0,2.0,7.0,3.0,7.0,17.0,21.0,5.0
04/05/2014,Valenciennes,Bordeaux,0.0,1.0,A,3.0,2.0,2.0,1.0,5.0,5.0,19.0,16.0,12.0,13.0
07/05/2014,Monaco,Guingamp,1.0,1.0,D,9.0,1.0,2.0,3.0,3.0,2.0,15.0,18.0,16.0,4.0
07/05/2014,Paris SG,Rennes,1.0,2.0,A,13.0,0.0,2.0,0.0,7.0,4.0,4.0,7.0,25.0,6.0
10/05/2014,Ajaccio,Reims,2.0,1.0,H,4.0,5.0,0.0,0.0,5.0,8.0,10.0,9.0,11.0,13.0
10/05/2014,Bordeaux,Marseille,1.0,1.0,D,3.0,0.0,2.0,1.0,3.0,2.0,19.0,13.0,12.0,5.0
10/05/2014,Evian Thonon Gaillard,Nice,2.0,0.0,H,5.0,4.0,0.0,0.0,3.0,1.0,12.0,11.0,9.0,4.0
10/05/2014,Guingamp,Toulouse,2.0,0.0,H,0.0,9.0,0.0,1.0,3.0,9.0,16.0,17.0,7.0,16.0
10/05/2014,Lille,Paris SG,1.0,3.0,A,11.0,2.0,1.0,4.0,6.0,5.0,11.0,15.0,20.0,9.0
10/05/2014,Lyon,Lorient,0.0,1.0,A,8.0,3.0,2.0,1.0,5.0,3.0,12.0,10.0,16.0,11.0
10/05/2014,Montpellier,Bastia,0.0,2.0,A,2.0,4.0,1.0,1.0,3.0,7.0,8.0,14.0,12.0,15.0
10/05/2014,Nantes,St Etienne,1.0,3.0,A,11.0,1.0,3.0,2.0,8.0,3.0,11.0,13.0,19.0,5.0
10/05/2014,Rennes,Sochaux,1.0,2.0,A,4.0,7.0,2.0,3.0,4.0,7.0,14.0,8.0,10.0,14.0
10/05/2014,Valenciennes,Monaco,1.0,2.0,A,10.0,3.0,1.0,2.0,2.0,6.0,14.0,11.0,9.0,9.0
17/05/2014,Bastia,Nantes,0.0,0.0,D,11.0,3.0,0.0,0.0,4.0,3.0,10.0,12.0,6.0,9.0
17/05/2014,Lorient,Lille,1.0,4.0,A,3.0,2.0,2.0,1.0,4.0,6.0,13.0,5.0,11.0,14.0
17/05/2014,Marseille,Guingamp,1.0,0.0,H,13.0,5.0,0.0,1.0,4.0,0.0,8.0,9.0,21.0,9.0
17/05/2014,Monaco,Bordeaux,1.0,1.0,D,8.0,10.0,1.0,0.0,3.0,5.0,11.0,5.0,15.0,12.0
17/05/2014,Nice,Lyon,0.0,1.0,A,5.0,2.0,2.0,3.0,2.0,7.0,11.0,22.0,12.0,12.0
17/05/2014,Paris SG,Montpellier,4.0,0.0,H,2.0,8.0,0.0,1.0,12.0,1.0,12.0,6.0,18.0,15.0
17/05/2014,Reims,Rennes,1.0,3.0,A,7.0,6.0,0.0,1.0,4.0,3.0,9.0,6.0,16.0,14.0
17/05/2014,Sochaux,Evian Thonon Gaillard,0.0,3.0,A,7.0,2.0,2.0,1.0,5.0,6.0,7.0,21.0,20.0,9.0
17/05/2014,St Etienne,Ajaccio,3.0,1.0,H,2.0,3.0,0.0,0.0,8.0,3.0,12.0,19.0,14.0,8.0
17/05/2014,Toulouse,Valenciennes,3.0,1.0,H,6.0,4.0,1.0,2.0,4.0,5.0,11.0,11.0,9.0,15.0
08/08/2014,Reims,Paris SG,2.0,2.0,D,1.0,5.0,0.0,2.0,3.0,6.0,15.0,16.0,9.0,16.0
09/08/2014,Bastia,Marseille,3.0,3.0,D,1.0,4.0,3.0,1.0,4.0,4.0,25.0,21.0,13.0,9.0
09/08/2014,Evian Thonon Gaillard,Caen,0.0,3.0,A,5.0,6.0,1.0,1.0,2.0,7.0,12.0,9.0,10.0,12.0
09/08/2014,Guingamp,St Etienne,0.0,2.0,A,4.0,5.0,3.0,4.0,3.0,2.0,9.0,19.0,6.0,7.0
09/08/2014,Lille,Metz,0.0,0.0,D,8.0,3.0,0.0,1.0,3.0,1.0,9.0,23.0,14.0,2.0
09/08/2014,Montpellier,Bordeaux,0.0,1.0,A,5.0,1.0,2.0,2.0,3.0,3.0,15.0,21.0,15.0,7.0
09/08/2014,Nantes,Lens,1.0,0.0,H,3.0,2.0,0.0,1.0,4.0,2.0,8.0,7.0,14.0,5.0
09/08/2014,Nice,Toulouse,3.0,2.0,H,12.0,7.0,0.0,1.0,8.0,3.0,10.0,9.0,22.0,11.0
10/08/2014,Lyon,Rennes,2.0,0.0,H,5.0,1.0,2.0,1.0,6.0,1.0,19.0,13.0,19.0,7.0
10/08/2014,Monaco,Lorient,1.0,2.0,A,10.0,4.0,3.0,2.0,7.0,3.0,11.0,19.0,12.0,9.0
15/08/2014,Caen,Lille,0.0,1.0,A,3.0,9.0,2.0,2.0,3.0,1.0,10.0,4.0,11.0,8.0
16/08/2014,Lens,Guingamp,0.0,1.0,A,7.0,2.0,4.0,1.0,4.0,4.0,14.0,5.0,14.0,10.0
16/08/2014,Lorient,Nice,0.0,0.0,D,8.0,2.0,1.0,1.0,6.0,2.0,14.0,10.0,13.0,9.0
16/08/2014,Metz,Nantes,1.0,1.0,D,4.0,7.0,2.0,1.0,5.0,2.0,12.0,17.0,12.0,6.0
16/08/2014,Paris SG,Bastia,2.0,0.0,H,4.0,4.0,1.0,3.0,5.0,1.0,9.0,15.0,15.0,5.0
16/08/2014,Rennes,Evian Thonon Gaillard,6.0,2.0,H,6.0,1.0,0.0,1.0,7.0,3.0,4.0,12.0,9.0,9.0
16/08/2014,Toulouse,Lyon,2.0,1.0,H,6.0,4.0,3.0,1.0,6.0,3.0,11.0,12.0,10.0,18.0
17/08/2014,Bordeaux,Monaco,4.0,1.0,H,3.0,4.0,1.0,3.0,5.0,3.0,12.0,21.0,9.0,9.0
17/08/2014,Marseille,Montpellier,0.0,2.0,A,6.0,1.0,1.0,0.0,5.0,3.0,18.0,17.0,22.0,10.0
17/08/2014,St Etienne,Reims,3.0,1.0,H,6.0,3.0,2.0,2.0,9.0,2.0,8.0,11.0,19.0,7.0
22/08/2014,Evian Thonon Gaillard,Paris SG,0.0,0.0,D,5.0,0.0,3.0,2.0,2.0,3.0,18.0,7.0,9.0,7.0
23/08/2014,Bastia,Toulouse,1.0,0.0,H,3.0,0.0,3.0,1.0,3.0,3.0,13.0,19.0,8.0,14.0
23/08/2014,Guingamp,Marseille,0.0,1.0,A,4.0,6.0,1.0,3.0,2.0,3.0,16.0,14.0,4.0,16.0
23/08/2014,Lille,Lorient,2.0,0.0,H,2.0,3.0,0.0,1.0,6.0,1.0,12.0,8.0,13.0,7.0
23/08/2014,Montpellier,Metz,2.0,0.0,H,5.0,5.0,0.0,2.0,5.0,3.0,13.0,19.0,12.0,12.0
23/08/2014,Nice,Bordeaux,1.0,3.0,A,7.0,1.0,2.0,4.0,2.0,7.0,12.0,21.0,11.0,12.0
23/08/2014,Reims,Caen,0.0,2.0,A,5.0,3.0,1.0,0.0,4.0,6.0,4.0,12.0,12.0,16.0
24/08/2014,Lyon,Lens,0.0,1.0,A,5.0,1.0,1.0,3.0,4.0,2.0,19.0,17.0,16.0,7.0
24/08/2014,Nantes,Monaco,0.0,1.0,A,5.0,9.0,0.0,2.0,5.0,2.0,12.0,10.0,15.0,6.0
24/08/2014,St Etienne,Rennes,0.0,0.0,D,8.0,3.0,2.0,3.0,2.0,0.0,14.0,21.0,11.0,5.0
29/08/2014,Marseille,Nice,4.0,0.0,H,11.0,4.0,1.0,2.0,8.0,3.0,12.0,16.0,20.0,8.0
30/08/2014,Caen,Rennes,0.0,1.0,A,6.0,1.0,0.0,2.0,4.0,1.0,8.0,19.0,13.0,10.0
30/08/2014,Lens,Reims,4.0,2.0,H,4.0,7.0,2.0,2.0,6.0,2.0,14.0,14.0,17.0,10.0
30/08/2014,Lorient,Guingamp,4.0,0.0,H,7.0,8.0,2.0,1.0,6.0,2.0,7.0,9.0,11.0,8.0
30/08/2014,Monaco,Lille,1.0,1.0,D,7.0,2.0,1.0,3.0,2.0,2.0,11.0,18.0,13.0,4.0
30/08/2014,Nantes,Montpellier,1.0,0.0,H,7.0,4.0,2.0,0.0,5.0,0.0,19.0,10.0,14.0,7.0
30/08/2014,Toulouse,Evian Thonon Gaillard,1.0,0.0,H,2.0,7.0,1.0,2.0,5.0,2.0,12.0,19.0,10.0,7.0
31/08/2014,Bordeaux,Bastia,1.0,1.0,D,4.0,0.0,0.0,3.0,4.0,4.0,17.0,17.0,23.0,8.0
31/08/2014,Metz,Lyon,2.0,1.0,H,7.0,4.0,1.0,0.0,3.0,5.0,19.0,12.0,7.0,17.0
31/08/2014,Paris SG,St Etienne,5.0,0.0,H,4.0,7.0,0.0,1.0,8.0,2.0,7.0,14.0,13.0,8.0
12/09/2014,Lyon,Monaco,2.0,1.0,H,6.0,7.0,1.0,1.0,3.0,9.0,13.0,10.0,11.0,16.0
13/09/2014,Bastia,Lens,1.0,1.0,D,8.0,2.0,1.0,2.0,4.0,2.0,12.0,9.0,9.0,6.0
13/09/2014,Montpellier,Lorient,1.0,0.0,H,3.0,3.0,1.0,2.0,1.0,4.0,11.0,16.0,11.0,11.0
13/09/2014,Nice,Metz,1.0,0.0,H,8.0,3.0,1.0,2.0,2.0,1.0,11.0,20.0,9.0,12.0
13/09/2014,Reims,Toulouse,2.0,0.0,H,3.0,5.0,0.0,0.0,3.0,1.0,14.0,14.0,6.0,14.0
13/09/2014,Rennes,Paris SG,1.0,1.0,D,1.0,2.0,1.0,1.0,2.0,5.0,11.0,5.0,5.0,8.0
13/09/2014,St Etienne,Caen,1.0,0.0,H,6.0,2.0,0.0,2.0,3.0,1.0,8.0,13.0,12.0,5.0
14/09/2014,Evian Thonon Gaillard,Marseille,1.0,3.0,A,5.0,3.0,1.0,0.0,1.0,4.0,13.0,11.0,10.0,6.0
14/09/2014,Guingamp,Bordeaux,2.0,1.0,H,2.0,4.0,0.0,2.0,6.0,2.0,14.0,10.0,11.0,7.0
14/09/2014,Lille,Nantes,2.0,0.0,H,5.0,5.0,2.0,1.0,5.0,3.0,18.0,21.0,13.0,10.0
19/09/2014,Bordeaux,Evian Thonon Gaillard,2.0,1.0,H,4.0,7.0,0.0,2.0,2.0,2.0,12.0,16.0,7.0,8.0
20/09/2014,Lorient,Reims,0.0,1.0,A,3.0,1.0,1.0,2.0,0.0,3.0,9.0,15.0,6.0,7.0
20/09/2014,Marseille,Rennes,3.0,0.0,H,7.0,5.0,1.0,1.0,7.0,5.0,16.0,22.0,16.0,13.0
20/09/2014,Metz,Bastia,3.0,1.0,H,4.0,4.0,1.0,2.0,9.0,1.0,12.0,12.0,19.0,10.0
20/09/2014,Nantes,Nice,2.0,1.0,H,10.0,4.0,0.0,1.0,4.0,2.0,14.0,11.0,19.0,4.0
20/09/2014,Toulouse,Caen,3.0,3.0,D,4.0,6.0,2.0,3.0,7.0,5.0,10.0,15.0,23.0,12.0
21/09/2014,Lens,St Etienne,0.0,1.0,A,5.0,7.0,2.0,2.0,4.0,3.0,15.0,13.0,9.0,15.0
21/09/2014,Lille,Montpellier,0.0,0.0,D,7.0,4.0,0.0,0.0,2.0,0.0,15.0,10.0,13.0,5.0
21/09/2014,Monaco,Guingamp,1.0,0.0,H,6.0,2.0,3.0,2.0,7.0,2.0,15.0,17.0,19.0,3.0
21/09/2014,Paris SG,Lyon,1.0,1.0,D,4.0,2.0,3.0,1.0,3.0,5.0,13.0,17.0,12.0,9.0
23/09/2014,Reims,Marseille,0.0,5.0,A,3.0,6.0,1.0,1.0,3.0,11.0,17.0,14.0,10.0,21.0
23/09/2014,Rennes,Toulouse,0.0,3.0,A,6.0,7.0,3.0,3.0,4.0,5.0,14.0,10.0,16.0,9.0
24/09/2014,Bastia,Nantes,0.0,0.0,D,4.0,6.0,2.0,2.0,0.0,2.0,11.0,17.0,4.0,14.0
24/09/2014,Caen,Paris SG,0.0,2.0,A,2.0,3.0,0.0,0.0,3.0,8.0,7.0,8.0,14.0,16.0
24/09/2014,Evian Thonon Gaillard,Lens,2.0,1.0,H,4.0,2.0,0.0,0.0,3.0,4.0,7.0,16.0,14.0,9.0
24/09/2014,Guingamp,Metz,0.0,1.0,A,7.0,8.0,1.0,2.0,1.0,4.0,10.0,29.0,12.0,9.0
24/09/2014,Lyon,Lorient,4.0,0.0,H,5.0,7.0,0.0,1.0,9.0,2.0,7.0,12.0,14.0,13.0
24/09/2014,Montpellier,Monaco,0.0,1.0,A,4.0,4.0,1.0,1.0,3.0,7.0,9.0,15.0,9.0,13.0
24/09/2014,Nice,Lille,1.0,0.0,H,11.0,2.0,1.0,1.0,3.0,3.0,15.0,16.0,9.0,6.0
25/09/2014,St Etienne,Bordeaux,1.0,1.0,D,11.0,1.0,1.0,3.0,7.0,2.0,18.0,19.0,22.0,3.0
27/09/2014,Lille,Bastia,1.0,0.0,H,5.0,1.0,3.0,3.0,7.0,2.0,10.0,20.0,19.0,8.0
27/09/2014,Lorient,Evian Thonon Gaillard,0.0,2.0,A,9.0,3.0,1.0,2.0,4.0,3.0,12.0,13.0,16.0,5.0
27/09/2014,Metz,Reims,3.0,0.0,H,4.0,3.0,0.0,1.0,9.0,1.0,14.0,10.0,17.0,4.0
27/09/2014,Monaco,Nice,0.0,1.0,A,5.0,2.0,2.0,4.0,1.0,2.0,13.0,23.0,8.0,8.0
27/09/2014,Montpellier,Guingamp,2.0,1.0,H,5.0,4.0,0.0,3.0,5.0,6.0,14.0,21.0,9.0,11.0
27/09/2014,Toulouse,Paris SG,1.0,1.0,D,4.0,5.0,0.0,3.0,5.0,2.0,23.0,16.0,11.0,8.0
28/09/2014,Bordeaux,Rennes,2.0,1.0,H,3.0,3.0,1.0,1.0,4.0,6.0,8.0,8.0,14.0,12.0
28/09/2014,Lens,Caen,0.0,0.0,D,1.0,0.0,1.0,0.0,2.0,2.0,8.0,8.0,9.0,13.0
28/09/2014,Marseille,St Etienne,2.0,1.0,H,6.0,1.0,1.0,2.0,8.0,5.0,8.0,12.0,14.0,11.0
28/09/2014,Nantes,Lyon,1.0,1.0,D,5.0,3.0,2.0,1.0,4.0,5.0,13.0,9.0,14.0,10.0
03/10/2014,Reims,Bordeaux,1.0,0.0,H,6.0,4.0,2.0,2.0,0.0,3.0,16.0,10.0,7.0,12.0
04/10/2014,Bastia,Lorient,0.0,2.0,A,3.0,3.0,1.0,2.0,3.0,6.0,17.0,15.0,6.0,14.0
04/10/2014,Caen,Marseille,1.0,2.0,A,4.0,9.0,0.0,1.0,4.0,9.0,10.0,11.0,11.0,22.0
04/10/2014,Evian Thonon Gaillard,Metz,3.0,0.0,H,2.0,3.0,1.0,5.0,2.0,3.0,22.0,24.0,8.0,8.0
04/10/2014,Nice,Montpellier,1.0,1.0,D,4.0,3.0,1.0,3.0,2.0,2.0,13.0,16.0,10.0,7.0
04/10/2014,Rennes,Lens,2.0,0.0,H,6.0,7.0,1.0,1.0,7.0,1.0,9.0,7.0,16.0,8.0
05/10/2014,Guingamp,Nantes,0.0,1.0,A,6.0,5.0,1.0,3.0,4.0,3.0,9.0,16.0,16.0,12.0
05/10/2014,Lyon,Lille,3.0,0.0,H,3.0,1.0,1.0,4.0,6.0,2.0,21.0,20.0,14.0,12.0
05/10/2014,Paris SG,Monaco,1.0,1.0,D,2.0,7.0,3.0,2.0,2.0,5.0,11.0,17.0,7.0,15.0
05/10/2014,St Etienne,Toulouse,0.0,1.0,A,10.0,2.0,1.0,1.0,1.0,1.0,14.0,16.0,21.0,7.0
17/10/2014,Lens,Paris SG,1.0,3.0,A,3.0,0.0,0.0,0.0,4.0,8.0,16.0,8.0,12.0,15.0
18/10/2014,Lille,Guingamp,1.0,2.0,A,9.0,1.0,3.0,2.0,10.0,4.0,8.0,17.0,29.0,6.0
18/10/2014,Lorient,St Etienne,0.0,1.0,A,3.0,7.0,2.0,2.0,1.0,6.0,13.0,15.0,3.0,15.0
18/10/2014,Metz,Rennes,0.0,0.0,D,6.0,7.0,2.0,0.0,3.0,3.0,8.0,11.0,13.0,14.0
18/10/2014,Monaco,Evian Thonon Gaillard,2.0,0.0,H,0.0,4.0,3.0,3.0,4.0,3.0,15.0,12.0,9.0,11.0
18/10/2014,Nantes,Reims,1.0,1.0,D,3.0,2.0,2.0,4.0,4.0,6.0,12.0,14.0,10.0,12.0
18/10/2014,Nice,Bastia,0.0,1.0,A,7.0,1.0,3.0,3.0,4.0,1.0,15.0,13.0,19.0,3.0
19/10/2014,Bordeaux,Caen,1.0,1.0,D,5.0,6.0,2.0,3.0,1.0,4.0,12.0,20.0,12.0,11.0
19/10/2014,Lyon,Montpellier,5.0,1.0,H,7.0,6.0,6.0,3.0,11.0,2.0,18.0,11.0,20.0,10.0
19/10/2014,Marseille,Toulouse,2.0,0.0,H,9.0,3.0,2.0,3.0,5.0,1.0,17.0,22.0,15.0,7.0
24/10/2014,Toulouse,Lens,0.0,2.0,A,15.0,2.0,1.0,2.0,4.0,2.0,8.0,10.0,16.0,7.0
25/10/2014,Bastia,Monaco,1.0,3.0,A,4.0,5.0,3.0,2.0,5.0,8.0,12.0,19.0,9.0,17.0
25/10/2014,Caen,Lorient,2.0,1.0,H,3.0,4.0,1.0,3.0,5.0,2.0,10.0,15.0,14.0,8.0
25/10/2014,Evian Thonon Gaillard,Nantes,0.0,2.0,A,2.0,4.0,2.0,2.0,0.0,7.0,9.0,16.0,9.0,14.0
25/10/2014,Paris SG,Bordeaux,3.0,0.0,H,5.0,4.0,2.0,0.0,5.0,1.0,16.0,11.0,11.0,8.0
25/10/2014,Reims,Montpellier,1.0,0.0,H,5.0,6.0,3.0,0.0,1.0,5.0,15.0,12.0,12.0,13.0
26/10/2014,Guingamp,Nice,2.0,7.0,A,5.0,7.0,0.0,1.0,5.0,10.0,12.0,15.0,14.0,13.0
26/10/2014,Lyon,Marseille,1.0,0.0,H,3.0,3.0,1.0,3.0,5.0,4.0,25.0,19.0,10.0,11.0
26/10/2014,Rennes,Lille,2.0,0.0,H,5.0,4.0,1.0,2.0,6.0,3.0,12.0,6.0,12.0,7.0
26/10/2014,St Etienne,Metz,1.0,0.0,H,12.0,1.0,1.0,2.0,5.0,1.0,6.0,16.0,12.0,10.0
31/10/2014,Monaco,Reims,1.0,1.0,D,6.0,5.0,1.0,2.0,5.0,1.0,9.0,15.0,12.0,7.0
01/11/2014,Guingamp,Bastia,1.0,0.0,H,4.0,5.0,2.0,1.0,2.0,3.0,13.0,9.0,9.0,7.0
01/11/2014,Lille,St Etienne,1.0,1.0,D,6.0,7.0,2.0,2.0,8.0,3.0,10.0,13.0,17.0,7.0
01/11/2014,Lorient,Paris SG,1.0,2.0,A,2.0,4.0,2.0,0.0,5.0,8.0,15.0,17.0,17.0,12.0
01/11/2014,Metz,Caen,3.0,2.0,H,0.0,5.0,2.0,0.0,4.0,3.0,15.0,6.0,11.0,12.0
01/11/2014,Montpellier,Evian Thonon Gaillard,2.0,0.0,H,4.0,5.0,2.0,1.0,6.0,1.0,13.0,19.0,14.0,7.0
01/11/2014,Nice,Lyon,1.0,3.0,A,5.0,5.0,3.0,2.0,3.0,8.0,15.0,19.0,9.0,16.0
02/11/2014,Bordeaux,Toulouse,2.0,1.0,H,4.0,9.0,0.0,4.0,3.0,2.0,11.0,24.0,13.0,10.0
02/11/2014,Marseille,Lens,2.0,1.0,H,9.0,2.0,2.0,1.0,5.0,4.0,12.0,16.0,14.0,15.0
02/11/2014,Nantes,Rennes,1.0,1.0,D,6.0,2.0,3.0,3.0,3.0,1.0,12.0,18.0,12.0,2.0
07/11/2014,Rennes,Lorient,1.0,0.0,H,1.0,3.0,3.0,3.0,3.0,2.0,16.0,12.0,8.0,6.0
08/11/2014,Bastia,Montpellier,2.0,0.0,H,2.0,5.0,2.0,3.0,5.0,1.0,21.0,17.0,10.0,7.0
08/11/2014,Caen,Nantes,1.0,2.0,A,10.0,1.0,0.0,3.0,5.0,3.0,9.0,12.0,13.0,7.0
08/11/2014,Evian Thonon Gaillard,Nice,1.0,0.0,H,3.0,5.0,1.0,3.0,2.0,4.0,14.0,17.0,10.0,8.0
08/11/2014,Lens,Bordeaux,1.0,2.0,A,6.0,2.0,2.0,3.0,2.0,3.0,10.0,10.0,8.0,12.0
08/11/2014,Toulouse,Metz,3.0,0.0,H,6.0,2.0,1.0,1.0,4.0,2.0,18.0,18.0,11.0,12.0
09/11/2014,Lyon,Guingamp,3.0,1.0,H,8.0,3.0,1.0,1.0,6.0,5.0,21.0,9.0,13.0,11.0
09/11/2014,Paris SG,Marseille,2.0,0.0,H,6.0,8.0,1.0,0.0,10.0,2.0,15.0,12.0,21.0,17.0
09/11/2014,Reims,Lille,2.0,0.0,H,9.0,3.0,2.0,3.0,11.0,2.0,15.0,16.0,18.0,9.0
09/11/2014,St Etienne,Monaco,1.0,1.0,D,5.0,1.0,2.0,2.0,3.0,2.0,11.0,19.0,11.0,6.0
21/11/2014,Metz,Paris SG,2.0,3.0,A,3.0,3.0,4.0,1.0,4.0,9.0,16.0,13.0,14.0,14.0
22/11/2014,Bastia,Lyon,0.0,0.0,D,4.0,6.0,4.0,1.0,2.0,1.0,19.0,17.0,9.0,7.0
22/11/2014,Guingamp,Rennes,0.0,1.0,A,7.0,4.0,2.0,3.0,2.0,5.0,11.0,17.0,16.0,13.0
22/11/2014,Lorient,Lens,1.0,0.0,H,8.0,1.0,1.0,0.0,13.0,1.0,14.0,14.0,24.0,5.0
22/11/2014,Monaco,Caen,2.0,2.0,D,7.0,4.0,0.0,2.0,9.0,3.0,9.0,17.0,25.0,13.0
22/11/2014,Nice,Reims,0.0,0.0,D,6.0,5.0,2.0,2.0,3.0,2.0,13.0,15.0,13.0,10.0
23/11/2014,Marseille,Bordeaux,3.0,1.0,H,4.0,7.0,0.0,1.0,12.0,4.0,11.0,15.0,26.0,12.0
23/11/2014,Montpellier,Toulouse,2.0,0.0,H,2.0,5.0,1.0,2.0,7.0,1.0,15.0,18.0,19.0,7.0
23/11/2014,Nantes,St Etienne,0.0,0.0,D,7.0,3.0,2.0,3.0,7.0,5.0,17.0,11.0,11.0,13.0
28/11/2014,Marseille,Nantes,2.0,0.0,H,5.0,8.0,1.0,2.0,4.0,4.0,9.0,11.0,15.0,13.0
29/11/2014,Caen,Montpellier,1.0,1.0,D,7.0,6.0,2.0,0.0,8.0,4.0,11.0,11.0,21.0,8.0
29/11/2014,Lens,Metz,2.0,0.0,H,5.0,1.0,1.0,3.0,4.0,1.0,8.0,17.0,15.0,6.0
29/11/2014,Paris SG,Nice,1.0,0.0,H,4.0,5.0,1.0,2.0,2.0,4.0,7.0,12.0,10.0,9.0
29/11/2014,Reims,Bastia,2.0,1.0,H,6.0,3.0,0.0,1.0,4.0,3.0,14.0,10.0,11.0,7.0
29/11/2014,Rennes,Monaco,2.0,0.0,H,5.0,7.0,1.0,2.0,3.0,3.0,10.0,9.0,6.0,9.0
29/11/2014,Toulouse,Lorient,2.0,3.0,A,1.0,4.0,1.0,0.0,4.0,9.0,15.0,7.0,14.0,15.0
30/11/2014,Bordeaux,Lille,1.0,0.0,H,5.0,2.0,0.0,1.0,2.0,1.0,8.0,11.0,13.0,7.0
30/11/2014,Evian Thonon Gaillard,Guingamp,2.0,0.0,H,4.0,5.0,1.0,1.0,3.0,5.0,13.0,8.0,9.0,12.0
30/11/2014,St Etienne,Lyon,3.0,0.0,H,4.0,6.0,1.0,0.0,5.0,3.0,22.0,13.0,11.0,12.0
02/12/2014,Lorient,Marseille,1.0,1.0,D,4.0,5.0,0.0,1.0,3.0,8.0,9.0,14.0,11.0,16.0
02/12/2014,Monaco,Lens,2.0,0.0,H,5.0,2.0,0.0,2.0,5.0,3.0,12.0,19.0,8.0,14.0
02/12/2014,Nantes,Toulouse,1.0,2.0,A,3.0,4.0,1.0,3.0,4.0,2.0,10.0,15.0,17.0,8.0
03/12/2014,Bastia,Evian Thonon Gaillard,1.0,2.0,A,10.0,2.0,4.0,3.0,3.0,4.0,18.0,13.0,10.0,8.0
03/12/2014,Guingamp,Caen,5.0,1.0,H,6.0,4.0,2.0,1.0,9.0,2.0,9.0,13.0,17.0,5.0
03/12/2014,Lille,Paris SG,1.0,1.0,D,2.0,7.0,0.0,1.0,5.0,8.0,14.0,16.0,18.0,15.0
03/12/2014,Metz,Bordeaux,0.0,0.0,D,4.0,3.0,3.0,2.0,4.0,1.0,21.0,15.0,10.0,13.0
03/12/2014,Montpellier,St Etienne,0.0,2.0,A,6.0,3.0,2.0,0.0,3.0,6.0,10.0,22.0,9.0,9.0
03/12/2014,Nice,Rennes,1.0,2.0,A,7.0,0.0,2.0,1.0,3.0,2.0,13.0,16.0,10.0,4.0
04/12/2014,Lyon,Reims,2.0,1.0,H,4.0,3.0,1.0,1.0,5.0,5.0,20.0,14.0,17.0,12.0
05/12/2014,Toulouse,Monaco,0.0,2.0,A,6.0,7.0,1.0,2.0,1.0,5.0,15.0,13.0,11.0,10.0
06/12/2014,Bordeaux,Lorient,3.0,2.0,H,13.0,5.0,0.0,1.0,11.0,4.0,8.0,6.0,23.0,15.0
06/12/2014,Caen,Nice,2.0,3.0,A,7.0,5.0,2.0,1.0,5.0,10.0,18.0,14.0,15.0,18.0
06/12/2014,Paris SG,Nantes,2.0,1.0,H,5.0,2.0,1.0,2.0,4.0,2.0,10.0,16.0,12.0,3.0
06/12/2014,Rennes,Montpellier,0.0,4.0,A,7.0,2.0,2.0,1.0,3.0,10.0,9.0,14.0,15.0,11.0
06/12/2014,St Etienne,Bastia,1.0,0.0,H,5.0,3.0,1.0,1.0,2.0,3.0,10.0,10.0,14.0,12.0
07/12/2014,Evian Thonon Gaillard,Lyon,2.0,3.0,A,1.0,6.0,2.0,3.0,2.0,8.0,16.0,22.0,6.0,20.0
07/12/2014,Lens,Lille,1.0,1.0,D,10.0,2.0,4.0,1.0,3.0,2.0,18.0,6.0,14.0,5.0
07/12/2014,Marseille,Metz,3.0,1.0,H,4.0,5.0,0.0,1.0,7.0,5.0,9.0,9.0,16.0,14.0
07/12/2014,Reims,Guingamp,2.0,3.0,A,7.0,3.0,2.0,3.0,5.0,5.0,15.0,21.0,14.0,7.0
12/12/2014,Lyon,Caen,3.0,0.0,H,7.0,2.0,1.0,2.0,12.0,2.0,9.0,17.0,23.0,9.0
13/12/2014,Bastia,Rennes,2.0,0.0,H,6.0,2.0,3.0,2.0,6.0,1.0,17.0,6.0,16.0,5.0
13/12/2014,Lorient,Metz,3.0,1.0,H,3.0,7.0,1.0,1.0,8.0,2.0,7.0,17.0,21.0,11.0
13/12/2014,Montpellier,Lens,3.0,3.0,D,5.0,3.0,2.0,2.0,5.0,7.0,15.0,30.0,12.0,16.0
13/12/2014,Nantes,Bordeaux,2.0,1.0,H,3.0,4.0,1.0,1.0,1.0,5.0,17.0,15.0,6.0,11.0
13/12/2014,Reims,Evian Thonon Gaillard,3.0,2.0,H,5.0,3.0,3.0,3.0,5.0,5.0,10.0,16.0,14.0,9.0
14/12/2014,Guingamp,Paris SG,1.0,0.0,H,4.0,5.0,0.0,3.0,2.0,3.0,12.0,12.0,7.0,15.0
14/12/2014,Lille,Toulouse,3.0,0.0,H,4.0,1.0,3.0,2.0,7.0,1.0,16.0,18.0,15.0,3.0
14/12/2014,Monaco,Marseille,1.0,0.0,H,6.0,8.0,3.0,2.0,3.0,3.0,16.0,16.0,12.0,10.0
14/12/2014,Nice,St Etienne,0.0,0.0,D,7.0,6.0,1.0,1.0,3.0,2.0,12.0,23.0,5.0,11.0
19/12/2014,Lens,Nice,2.0,0.0,H,5.0,4.0,3.0,2.0,5.0,1.0,18.0,13.0,10.0,5.0
20/12/2014,Caen,Bastia,1.0,1.0,D,2.0,1.0,1.0,3.0,1.0,3.0,14.0,15.0,13.0,9.0
20/12/2014,Lorient,Nantes,1.0,2.0,A,7.0,4.0,0.0,0.0,10.0,7.0,8.0,11.0,20.0,14.0
20/12/2014,Metz,Monaco,0.0,1.0,A,7.0,4.0,3.0,1.0,7.0,3.0,17.0,16.0,18.0,10.0
20/12/2014,Paris SG,Montpellier,0.0,0.0,D,8.0,5.0,1.0,4.0,4.0,0.0,14.0,19.0,12.0,1.0
20/12/2014,Rennes,Reims,1.0,3.0,A,2.0,4.0,2.0,3.0,2.0,5.0,13.0,9.0,7.0,12.0
20/12/2014,Toulouse,Guingamp,1.0,1.0,D,7.0,5.0,2.0,0.0,5.0,3.0,15.0,12.0,11.0,10.0
21/12/2014,Bordeaux,Lyon,0.0,5.0,A,3.0,2.0,1.0,1.0,4.0,9.0,11.0,12.0,11.0,18.0
21/12/2014,Marseille,Lille,2.0,1.0,H,10.0,1.0,1.0,1.0,1.0,2.0,16.0,9.0,13.0,10.0
21/12/2014,St Etienne,Evian Thonon Gaillard,3.0,0.0,H,7.0,2.0,1.0,0.0,4.0,1.0,8.0,12.0,7.0,6.0
07/01/2015,Lille,Evian Thonon Gaillard,1.0,0.0,H,3.0,6.0,0.0,1.0,3.0,2.0,10.0,15.0,11.0,6.0
09/01/2015,Montpellier,Marseille,2.0,1.0,H,3.0,2.0,0.0,3.0,4.0,4.0,17.0,23.0,12.0,12.0
10/01/2015,Bastia,Paris SG,4.0,2.0,H,2.0,0.0,3.0,1.0,4.0,4.0,21.0,11.0,6.0,10.0
10/01/2015,Evian Thonon Gaillard,Rennes,1.0,1.0,D,6.0,5.0,3.0,0.0,3.0,7.0,11.0,9.0,9.0,11.0
10/01/2015,Guingamp,Lens,2.0,0.0,H,8.0,8.0,1.0,3.0,3.0,2.0,10.0,21.0,14.0,10.0
10/01/2015,Lille,Caen,1.0,0.0,H,7.0,6.0,1.0,1.0,4.0,2.0,9.0,13.0,14.0,5.0
10/01/2015,Nice,Lorient,3.0,1.0,H,8.0,1.0,1.0,0.0,9.0,1.0,14.0,11.0,20.0,5.0
10/01/2015,Reims,St Etienne,1.0,2.0,A,9.0,5.0,3.0,1.0,7.0,6.0,14.0,15.0,25.0,14.0
11/01/2015,Lyon,Toulouse,3.0,0.0,H,2.0,5.0,1.0,3.0,5.0,2.0,14.0,17.0,8.0,9.0
11/01/2015,Monaco,Bordeaux,0.0,0.0,D,13.0,2.0,1.0,1.0,4.0,5.0,16.0,15.0,14.0,9.0
11/01/2015,Nantes,Metz,0.0,0.0,D,4.0,4.0,1.0,3.0,1.0,3.0,13.0,18.0,11.0,9.0
16/01/2015,Bordeaux,Nice,1.0,2.0,A,1.0,6.0,2.0,5.0,3.0,2.0,19.0,19.0,8.0,9.0
17/01/2015,Caen,Reims,4.0,1.0,H,6.0,8.0,1.0,3.0,7.0,2.0,16.0,18.0,15.0,12.0
17/01/2015,Lens,Lyon,0.0,2.0,A,7.0,1.0,0.0,0.0,4.0,4.0,16.0,12.0,12.0,8.0
17/01/2015,Lorient,Lille,1.0,0.0,H,6.0,7.0,2.0,1.0,6.0,4.0,22.0,13.0,15.0,13.0
17/01/2015,Metz,Montpellier,2.0,3.0,A,5.0,6.0,0.0,1.0,3.0,5.0,13.0,14.0,7.0,14.0
17/01/2015,Monaco,Nantes,1.0,0.0,H,3.0,5.0,1.0,1.0,4.0,2.0,6.0,18.0,11.0,13.0
17/01/2015,Toulouse,Bastia,1.0,1.0,D,7.0,2.0,1.0,1.0,4.0,1.0,16.0,18.0,13.0,3.0
18/01/2015,Marseille,Guingamp,2.0,1.0,H,5.0,4.0,2.0,1.0,7.0,4.0,16.0,13.0,16.0,11.0
18/01/2015,Paris SG,Evian Thonon Gaillard,4.0,2.0,H,7.0,4.0,3.0,1.0,8.0,1.0,11.0,14.0,10.0,5.0
18/01/2015,Rennes,St Etienne,0.0,0.0,D,3.0,8.0,1.0,1.0,1.0,1.0,14.0,19.0,6.0,5.0
23/01/2015,Nice,Marseille,2.0,1.0,H,4.0,5.0,3.0,3.0,3.0,3.0,13.0,23.0,10.0,18.0
24/01/2015,Bastia,Bordeaux,0.0,0.0,D,5.0,5.0,1.0,2.0,4.0,4.0,13.0,14.0,11.0,13.0
24/01/2015,Guingamp,Lorient,3.0,2.0,H,5.0,2.0,2.0,1.0,6.0,5.0,12.0,8.0,11.0,17.0
24/01/2015,Lille,Monaco,0.0,1.0,A,5.0,4.0,2.0,2.0,1.0,2.0,13.0,24.0,11.0,9.0
24/01/2015,Montpellier,Nantes,4.0,0.0,H,2.0,2.0,0.0,2.0,6.0,6.0,12.0,17.0,9.0,14.0
25/01/2015,Evian Thonon Gaillard,Toulouse,1.0,0.0,H,5.0,4.0,0.0,2.0,3.0,4.0,13.0,17.0,7.0,9.0
25/01/2015,Lyon,Metz,2.0,0.0,H,6.0,2.0,2.0,2.0,6.0,2.0,9.0,17.0,21.0,5.0
25/01/2015,Reims,Lens,0.0,0.0,D,4.0,6.0,2.0,1.0,3.0,7.0,17.0,21.0,12.0,20.0
25/01/2015,Rennes,Caen,1.0,4.0,A,4.0,3.0,0.0,0.0,5.0,5.0,13.0,14.0,14.0,11.0
25/01/2015,St Etienne,Paris SG,0.0,1.0,A,8.0,3.0,2.0,3.0,1.0,3.0,11.0,8.0,10.0,11.0
30/01/2015,Paris SG,Rennes,1.0,0.0,H,5.0,6.0,2.0,1.0,2.0,2.0,7.0,15.0,8.0,7.0
31/01/2015,Lens,Bastia,1.0,1.0,D,5.0,2.0,1.0,2.0,5.0,1.0,14.0,12.0,20.0,4.0
31/01/2015,Lorient,Montpellier,0.0,0.0,D,9.0,3.0,2.0,1.0,5.0,1.0,19.0,10.0,13.0,7.0
31/01/2015,Marseille,Evian Thonon Gaillard,1.0,0.0,H,3.0,0.0,0.0,2.0,1.0,1.0,11.0,17.0,18.0,3.0
31/01/2015,Metz,Nice,0.0,0.0,D,4.0,1.0,2.0,1.0,3.0,0.0,13.0,13.0,10.0,4.0
31/01/2015,Nantes,Lille,1.0,1.0,D,13.0,1.0,1.0,1.0,7.0,3.0,13.0,7.0,14.0,14.0
31/01/2015,Toulouse,Reims,1.0,0.0,H,8.0,0.0,3.0,2.0,3.0,2.0,10.0,20.0,16.0,5.0
01/02/2015,Bordeaux,Guingamp,1.0,1.0,D,7.0,4.0,2.0,4.0,3.0,5.0,8.0,11.0,14.0,9.0
01/02/2015,Caen,St Etienne,1.0,0.0,H,4.0,12.0,2.0,2.0,5.0,1.0,13.0,12.0,14.0,11.0
01/02/2015,Monaco,Lyon,0.0,0.0,D,5.0,2.0,1.0,1.0,1.0,3.0,15.0,14.0,9.0,6.0
06/02/2015,St Etienne,Lens,3.0,3.0,D,3.0,4.0,3.0,2.0,6.0,8.0,15.0,10.0,14.0,13.0
07/02/2015,Bastia,Metz,2.0,0.0,H,2.0,2.0,1.0,3.0,8.0,5.0,12.0,17.0,14.0,8.0
07/02/2015,Caen,Toulouse,2.0,0.0,H,3.0,8.0,0.0,2.0,4.0,1.0,15.0,15.0,12.0,13.0
07/02/2015,Evian Thonon Gaillard,Bordeaux,0.0,1.0,A,5.0,1.0,1.0,3.0,4.0,1.0,18.0,19.0,8.0,4.0
07/02/2015,Montpellier,Lille,1.0,2.0,A,9.0,1.0,0.0,1.0,8.0,5.0,19.0,20.0,13.0,9.0
07/02/2015,Reims,Lorient,1.0,3.0,A,7.0,6.0,1.0,1.0,4.0,4.0,12.0,14.0,10.0,12.0
07/02/2015,Rennes,Marseille,1.0,1.0,D,4.0,4.0,2.0,3.0,2.0,2.0,11.0,12.0,11.0,10.0
08/02/2015,Guingamp,Monaco,1.0,0.0,H,2.0,7.0,2.0,2.0,2.0,5.0,9.0,14.0,7.0,19.0
08/02/2015,Lyon,Paris SG,1.0,1.0,D,3.0,3.0,3.0,2.0,2.0,6.0,15.0,11.0,7.0,14.0
08/02/2015,Nice,Nantes,0.0,0.0,D,5.0,1.0,2.0,2.0,7.0,2.0,11.0,17.0,19.0,8.0
13/02/2015,Marseille,Reims,2.0,2.0,D,14.0,4.0,1.0,2.0,5.0,5.0,7.0,15.0,21.0,14.0
14/02/2015,Lens,Evian Thonon Gaillard,0.0,2.0,A,5.0,2.0,1.0,2.0,3.0,3.0,8.0,18.0,13.0,8.0
14/02/2015,Lille,Nice,0.0,0.0,D,5.0,3.0,3.0,3.0,1.0,1.0,9.0,21.0,8.0,5.0
14/02/2015,Nantes,Bastia,0.0,2.0,A,0.0,3.0,3.0,2.0,3.0,2.0,13.0,14.0,11.0,6.0
14/02/2015,Paris SG,Caen,2.0,2.0,D,5.0,5.0,1.0,2.0,6.0,7.0,11.0,17.0,13.0,14.0
14/02/2015,Toulouse,Rennes,2.0,1.0,H,5.0,5.0,1.0,1.0,6.0,3.0,16.0,21.0,18.0,11.0
15/02/2015,Bordeaux,St Etienne,1.0,0.0,H,5.0,3.0,0.0,2.0,4.0,4.0,13.0,14.0,13.0,11.0
15/02/2015,Lorient,Lyon,1.0,1.0,D,3.0,5.0,1.0,3.0,3.0,6.0,14.0,15.0,13.0,9.0
15/02/2015,Metz,Guingamp,0.0,2.0,A,7.0,3.0,3.0,1.0,2.0,5.0,19.0,9.0,14.0,13.0
20/02/2015,Nice,Monaco,0.0,1.0,A,7.0,3.0,5.0,0.0,3.0,2.0,16.0,13.0,10.0,10.0
21/02/2015,Bastia,Lille,2.0,1.0,H,4.0,8.0,0.0,1.0,5.0,3.0,11.0,14.0,7.0,10.0
21/02/2015,Caen,Lens,4.0,1.0,H,3.0,7.0,1.0,2.0,4.0,3.0,13.0,14.0,8.0,14.0
21/02/2015,Paris SG,Toulouse,3.0,1.0,H,7.0,3.0,2.0,1.0,4.0,3.0,12.0,12.0,8.0,8.0
21/02/2015,Rennes,Bordeaux,1.0,1.0,D,4.0,9.0,3.0,3.0,3.0,6.0,11.0,11.0,8.0,20.0
22/02/2015,Guingamp,Montpellier,0.0,2.0,A,1.0,4.0,0.0,1.0,2.0,9.0,13.0,19.0,4.0,16.0
22/02/2015,Lyon,Nantes,1.0,0.0,H,5.0,4.0,2.0,5.0,3.0,0.0,14.0,22.0,15.0,5.0
22/02/2015,Reims,Metz,0.0,0.0,D,7.0,6.0,1.0,2.0,3.0,6.0,14.0,15.0,13.0,12.0
22/02/2015,St Etienne,Marseille,2.0,2.0,D,3.0,5.0,1.0,4.0,6.0,4.0,22.0,19.0,16.0,13.0
27/02/2015,Marseille,Caen,2.0,3.0,A,4.0,6.0,1.0,1.0,9.0,10.0,12.0,7.0,21.0,15.0
28/02/2015,Bordeaux,Reims,1.0,1.0,D,6.0,3.0,1.0,1.0,6.0,3.0,9.0,15.0,14.0,7.0
28/02/2015,Lens,Rennes,0.0,1.0,A,1.0,2.0,3.0,1.0,2.0,2.0,16.0,13.0,13.0,8.0
28/02/2015,Lille,Lyon,2.0,1.0,H,0.0,5.0,2.0,2.0,3.0,4.0,27.0,23.0,13.0,10.0
28/02/2015,Lorient,Bastia,2.0,0.0,H,7.0,8.0,1.0,1.0,6.0,4.0,9.0,12.0,18.0,8.0
28/02/2015,Metz,Evian Thonon Gaillard,1.0,2.0,A,3.0,8.0,3.0,1.0,5.0,2.0,13.0,9.0,13.0,5.0
28/02/2015,Toulouse,St Etienne,1.0,1.0,D,6.0,1.0,2.0,1.0,4.0,4.0,11.0,17.0,11.0,7.0
01/03/2015,Monaco,Paris SG,0.0,0.0,D,1.0,7.0,1.0,2.0,1.0,2.0,18.0,14.0,6.0,12.0
01/03/2015,Montpellier,Nice,2.0,1.0,H,1.0,1.0,3.0,4.0,5.0,7.0,19.0,17.0,12.0,15.0
01/03/2015,Nantes,Guingamp,1.0,0.0,H,1.0,2.0,4.0,4.0,3.0,2.0,25.0,11.0,9.0,3.0
04/03/2015,Evian Thonon Gaillard,Lorient,1.0,0.0,H,4.0,5.0,3.0,3.0,2.0,7.0,13.0,8.0,7.0,17.0
06/03/2015,Toulouse,Marseille,1.0,6.0,A,4.0,4.0,1.0,2.0,2.0,8.0,19.0,23.0,16.0,11.0
07/03/2015,Bastia,Nice,2.0,1.0,H,10.0,2.0,3.0,3.0,7.0,1.0,17.0,15.0,14.0,5.0
07/03/2015,Caen,Bordeaux,1.0,2.0,A,3.0,4.0,1.0,3.0,1.0,5.0,11.0,15.0,8.0,15.0
07/03/2015,Evian Thonon Gaillard,Monaco,1.0,3.0,A,6.0,3.0,0.0,1.0,6.0,5.0,11.0,8.0,11.0,11.0
07/03/2015,Paris SG,Lens,4.0,1.0,H,7.0,3.0,1.0,3.0,14.0,3.0,8.0,17.0,27.0,8.0
07/03/2015,Reims,Nantes,3.0,1.0,H,8.0,4.0,4.0,2.0,9.0,4.0,10.0,15.0,22.0,7.0
07/03/2015,Rennes,Metz,1.0,0.0,H,3.0,3.0,1.0,1.0,4.0,4.0,9.0,8.0,7.0,16.0
08/03/2015,Guingamp,Lille,0.0,1.0,A,3.0,8.0,2.0,3.0,2.0,4.0,21.0,14.0,4.0,15.0
08/03/2015,Montpellier,Lyon,1.0,5.0,A,1.0,1.0,4.0,5.0,4.0,8.0,16.0,22.0,10.0,15.0
08/03/2015,St Etienne,Lorient,2.0,0.0,H,3.0,4.0,3.0,0.0,4.0,2.0,15.0,16.0,15.0,5.0
13/03/2015,Monaco,Bastia,3.0,0.0,H,8.0,1.0,0.0,0.0,9.0,0.0,10.0,13.0,15.0,6.0
13/03/2015,Nice,Guingamp,1.0,2.0,A,4.0,4.0,2.0,2.0,2.0,5.0,14.0,16.0,12.0,10.0
14/03/2015,Lens,Toulouse,1.0,0.0,H,6.0,6.0,2.0,1.0,4.0,2.0,15.0,13.0,11.0,12.0
14/03/2015,Lorient,Caen,2.0,1.0,H,9.0,3.0,0.0,1.0,8.0,3.0,15.0,9.0,27.0,9.0
14/03/2015,Metz,St Etienne,2.0,3.0,A,8.0,4.0,2.0,0.0,4.0,4.0,14.0,12.0,13.0,7.0
14/03/2015,Montpellier,Reims,3.0,1.0,H,2.0,5.0,1.0,1.0,7.0,5.0,14.0,15.0,14.0,14.0
14/03/2015,Nantes,Evian Thonon Gaillard,2.0,1.0,H,2.0,3.0,2.0,4.0,4.0,4.0,9.0,14.0,10.0,12.0
15/03/2015,Bordeaux,Paris SG,3.0,2.0,H,6.0,3.0,2.0,3.0,6.0,5.0,18.0,17.0,22.0,7.0
15/03/2015,Lille,Rennes,3.0,0.0,H,5.0,7.0,1.0,1.0,4.0,2.0,9.0,18.0,16.0,9.0
15/03/2015,Marseille,Lyon,0.0,0.0,D,5.0,7.0,4.0,3.0,5.0,7.0,15.0,19.0,17.0,11.0
20/03/2015,Paris SG,Lorient,3.0,1.0,H,10.0,5.0,2.0,3.0,10.0,4.0,9.0,12.0,17.0,10.0
21/03/2015,Bastia,Guingamp,0.0,0.0,D,3.0,7.0,1.0,1.0,5.0,4.0,19.0,20.0,15.0,12.0
21/03/2015,Caen,Metz,0.0,0.0,D,8.0,2.0,0.0,0.0,4.0,2.0,11.0,11.0,15.0,9.0
21/03/2015,Evian Thonon Gaillard,Montpellier,1.0,0.0,H,1.0,5.0,2.0,0.0,1.0,3.0,15.0,11.0,10.0,7.0
21/03/2015,Lyon,Nice,1.0,2.0,A,4.0,4.0,4.0,2.0,8.0,4.0,14.0,16.0,21.0,10.0
21/03/2015,Rennes,Nantes,0.0,0.0,D,5.0,2.0,0.0,2.0,2.0,0.0,10.0,12.0,8.0,9.0
21/03/2015,Toulouse,Bordeaux,2.0,1.0,H,8.0,9.0,2.0,2.0,5.0,7.0,16.0,9.0,10.0,14.0
22/03/2015,Lens,Marseille,0.0,4.0,A,9.0,3.0,3.0,2.0,3.0,6.0,18.0,17.0,16.0,15.0
22/03/2015,Reims,Monaco,1.0,3.0,A,5.0,3.0,3.0,2.0,3.0,5.0,12.0,10.0,16.0,12.0
22/03/2015,St Etienne,Lille,2.0,0.0,H,6.0,3.0,3.0,1.0,6.0,1.0,17.0,8.0,12.0,6.0
03/04/2015,Monaco,St Etienne,1.0,1.0,D,6.0,1.0,3.0,1.0,1.0,3.0,19.0,20.0,7.0,11.0
04/04/2015,Guingamp,Lyon,1.0,3.0,A,0.0,3.0,1.0,2.0,1.0,6.0,14.0,21.0,4.0,10.0
04/04/2015,Lille,Reims,3.0,1.0,H,0.0,2.0,1.0,3.0,8.0,3.0,16.0,19.0,14.0,10.0
04/04/2015,Lorient,Rennes,0.0,3.0,A,5.0,2.0,1.0,1.0,8.0,5.0,11.0,5.0,24.0,10.0
04/04/2015,Metz,Toulouse,3.0,2.0,H,7.0,3.0,2.0,3.0,8.0,3.0,15.0,9.0,21.0,5.0
04/04/2015,Montpellier,Bastia,3.0,1.0,H,8.0,1.0,1.0,2.0,5.0,1.0,10.0,23.0,11.0,6.0
04/04/2015,Nice,Evian Thonon Gaillard,2.0,2.0,D,6.0,2.0,5.0,4.0,3.0,3.0,22.0,19.0,10.0,8.0
05/04/2015,Bordeaux,Lens,2.0,1.0,H,3.0,8.0,1.0,2.0,8.0,2.0,10.0,17.0,17.0,9.0
05/04/2015,Marseille,Paris SG,2.0,3.0,A,3.0,2.0,3.0,2.0,5.0,7.0,16.0,16.0,17.0,13.0
05/04/2015,Nantes,Caen,1.0,2.0,A,3.0,12.0,1.0,2.0,4.0,3.0,15.0,8.0,8.0,11.0
07/04/2015,Monaco,Montpellier,0.0,0.0,D,9.0,5.0,1.0,2.0,2.0,1.0,15.0,17.0,10.0,4.0
10/04/2015,Caen,Monaco,0.0,3.0,A,5.0,3.0,2.0,0.0,2.0,4.0,11.0,5.0,7.0,11.0
12/04/2015,Bordeaux,Marseille,1.0,0.0,H,5.0,6.0,2.0,1.0,1.0,3.0,17.0,9.0,11.0,15.0
12/04/2015,Evian Thonon Gaillard,Lille,0.0,1.0,A,8.0,1.0,2.0,2.0,3.0,1.0,15.0,12.0,9.0,9.0
12/04/2015,Lens,Lorient,0.0,0.0,D,3.0,5.0,3.0,1.0,2.0,3.0,14.0,12.0,9.0,7.0
12/04/2015,Reims,Nice,0.0,1.0,A,7.0,4.0,3.0,3.0,3.0,5.0,17.0,15.0,17.0,11.0
12/04/2015,Rennes,Guingamp,1.0,0.0,H,7.0,4.0,3.0,3.0,5.0,1.0,14.0,13.0,11.0,6.0
12/04/2015,St Etienne,Nantes,1.0,0.0,H,7.0,7.0,4.0,2.0,2.0,2.0,11.0,16.0,6.0,9.0
12/04/2015,Toulouse,Montpellier,1.0,0.0,H,4.0,6.0,2.0,2.0,3.0,2.0,24.0,18.0,10.0,9.0
15/04/2015,Lyon,Bastia,2.0,0.0,H,9.0,4.0,2.0,0.0,7.0,3.0,14.0,12.0,15.0,6.0
17/04/2015,Nantes,Marseille,1.0,0.0,H,4.0,7.0,1.0,3.0,2.0,2.0,17.0,12.0,8.0,6.0
18/04/2015,Bastia,Reims,1.0,2.0,A,4.0,5.0,3.0,5.0,1.0,5.0,19.0,16.0,5.0,6.0
18/04/2015,Guingamp,Evian Thonon Gaillard,1.0,1.0,D,5.0,0.0,1.0,2.0,6.0,3.0,8.0,15.0,11.0,7.0
18/04/2015,Lorient,Toulouse,0.0,1.0,A,9.0,3.0,3.0,0.0,1.0,3.0,11.0,20.0,13.0,9.0
18/04/2015,Metz,Lens,3.0,1.0,H,5.0,4.0,1.0,2.0,7.0,2.0,16.0,15.0,18.0,6.0
18/04/2015,Monaco,Rennes,1.0,1.0,D,6.0,1.0,1.0,2.0,1.0,3.0,12.0,13.0,9.0,9.0
18/04/2015,Nice,Paris SG,1.0,3.0,A,3.0,8.0,1.0,2.0,4.0,8.0,9.0,13.0,17.0,14.0
19/04/2015,Lille,Bordeaux,2.0,0.0,H,3.0,10.0,3.0,3.0,4.0,4.0,14.0,21.0,6.0,8.0
19/04/2015,Lyon,St Etienne,2.0,2.0,D,7.0,4.0,2.0,5.0,6.0,6.0,11.0,22.0,21.0,11.0
19/04/2015,Montpellier,Caen,1.0,0.0,H,7.0,3.0,1.0,1.0,6.0,2.0,10.0,17.0,12.0,6.0
24/04/2015,Marseille,Lorient,3.0,5.0,A,5.0,1.0,1.0,5.0,5.0,6.0,11.0,17.0,12.0,11.0
25/04/2015,Bordeaux,Metz,1.0,1.0,D,13.0,2.0,1.0,3.0,4.0,3.0,9.0,14.0,18.0,7.0
25/04/2015,Caen,Guingamp,0.0,2.0,A,13.0,2.0,3.0,2.0,0.0,3.0,12.0,7.0,12.0,7.0
25/04/2015,Evian Thonon Gaillard,Bastia,1.0,2.0,A,6.0,3.0,0.0,2.0,2.0,4.0,12.0,12.0,12.0,13.0
25/04/2015,Paris SG,Lille,6.0,1.0,H,1.0,7.0,1.0,3.0,7.0,1.0,22.0,9.0,11.0,9.0
25/04/2015,Rennes,Nice,2.0,1.0,H,2.0,1.0,1.0,2.0,5.0,3.0,12.0,15.0,11.0,9.0
25/04/2015,Toulouse,Nantes,1.0,1.0,D,6.0,6.0,1.0,2.0,3.0,3.0,7.0,16.0,11.0,12.0
26/04/2015,Lens,Monaco,0.0,3.0,A,3.0,4.0,3.0,1.0,1.0,6.0,12.0,7.0,8.0,13.0
26/04/2015,Reims,Lyon,2.0,4.0,A,4.0,4.0,1.0,3.0,5.0,10.0,16.0,14.0,17.0,14.0
26/04/2015,St Etienne,Montpellier,1.0,0.0,H,3.0,8.0,1.0,2.0,3.0,3.0,12.0,11.0,8.0,10.0
28/04/2015,Paris SG,Metz,3.0,1.0,H,11.0,3.0,1.0,1.0,5.0,2.0,7.0,14.0,11.0,8.0
01/05/2015,Metz,Marseille,0.0,2.0,A,5.0,7.0,1.0,3.0,6.0,8.0,11.0,19.0,17.0,11.0
02/05/2015,Bastia,St Etienne,1.0,0.0,H,2.0,5.0,4.0,2.0,4.0,1.0,15.0,14.0,11.0,7.0
02/05/2015,Guingamp,Reims,2.0,0.0,H,3.0,5.0,1.0,1.0,3.0,1.0,19.0,14.0,9.0,6.0
02/05/2015,Lorient,Bordeaux,0.0,0.0,D,6.0,11.0,0.0,1.0,2.0,4.0,12.0,12.0,6.0,14.0
02/05/2015,Lyon,Evian Thonon Gaillard,2.0,0.0,H,6.0,3.0,1.0,1.0,6.0,3.0,10.0,9.0,16.0,8.0
02/05/2015,Montpellier,Rennes,0.0,0.0,D,9.0,4.0,1.0,0.0,1.0,1.0,9.0,13.0,11.0,4.0
02/05/2015,Nice,Caen,1.0,1.0,D,5.0,10.0,2.0,1.0,1.0,5.0,10.0,9.0,16.0,16.0
03/05/2015,Lille,Lens,3.0,1.0,H,7.0,3.0,3.0,3.0,8.0,1.0,11.0,23.0,14.0,3.0
03/05/2015,Monaco,Toulouse,4.0,1.0,H,2.0,5.0,2.0,0.0,6.0,4.0,15.0,20.0,6.0,11.0
03/05/2015,Nantes,Paris SG,0.0,2.0,A,5.0,4.0,4.0,3.0,3.0,7.0,18.0,6.0,12.0,14.0
08/05/2015,Paris SG,Guingamp,6.0,0.0,H,3.0,2.0,1.0,2.0,10.0,2.0,10.0,13.0,14.0,6.0
09/05/2015,Bordeaux,Nantes,2.0,1.0,H,6.0,1.0,3.0,2.0,7.0,4.0,7.0,14.0,14.0,7.0
09/05/2015,Caen,Lyon,3.0,0.0,H,4.0,6.0,1.0,1.0,9.0,8.0,9.0,13.0,18.0,13.0
09/05/2015,Evian Thonon Gaillard,Reims,2.0,3.0,A,2.0,6.0,2.0,3.0,4.0,3.0,14.0,17.0,9.0,14.0
09/05/2015,Metz,Lorient,0.0,4.0,A,3.0,11.0,2.0,1.0,7.0,11.0,12.0,7.0,18.0,18.0
09/05/2015,Rennes,Bastia,0.0,1.0,A,7.0,1.0,4.0,2.0,6.0,5.0,12.0,8.0,16.0,6.0
09/05/2015,Toulouse,Lille,3.0,2.0,H,2.0,8.0,1.0,1.0,4.0,7.0,12.0,8.0,16.0,17.0
10/05/2015,Lens,Montpellier,0.0,1.0,A,2.0,8.0,0.0,2.0,4.0,4.0,10.0,11.0,6.0,18.0
10/05/2015,Marseille,Monaco,2.0,1.0,H,2.0,5.0,3.0,2.0,6.0,4.0,16.0,14.0,14.0,13.0
10/05/2015,St Etienne,Nice,5.0,0.0,H,3.0,7.0,2.0,2.0,9.0,2.0,12.0,12.0,15.0,7.0
16/05/2015,Bastia,Caen,1.0,1.0,D,8.0,4.0,1.0,1.0,3.0,4.0,10.0,6.0,8.0,9.0
16/05/2015,Evian Thonon Gaillard,St Etienne,1.0,2.0,A,8.0,3.0,5.0,1.0,3.0,4.0,15.0,14.0,14.0,19.0
16/05/2015,Guingamp,Toulouse,2.0,1.0,H,4.0,9.0,1.0,1.0,4.0,6.0,14.0,15.0,12.0,15.0
16/05/2015,Lille,Marseille,0.0,4.0,A,5.0,2.0,2.0,3.0,2.0,5.0,17.0,25.0,13.0,16.0
16/05/2015,Lyon,Bordeaux,1.0,1.0,D,5.0,5.0,2.0,4.0,4.0,5.0,15.0,18.0,10.0,14.0
16/05/2015,Monaco,Metz,2.0,0.0,H,10.0,2.0,0.0,2.0,5.0,2.0,12.0,19.0,19.0,9.0
16/05/2015,Montpellier,Paris SG,1.0,2.0,A,4.0,4.0,3.0,5.0,2.0,4.0,18.0,17.0,9.0,13.0
16/05/2015,Nantes,Lorient,1.0,1.0,D,8.0,3.0,2.0,1.0,6.0,1.0,11.0,7.0,11.0,3.0
16/05/2015,Nice,Lens,2.0,1.0,H,7.0,1.0,1.0,1.0,7.0,4.0,15.0,11.0,18.0,9.0
16/05/2015,Reims,Rennes,1.0,0.0,H,0.0,5.0,2.0,2.0,1.0,3.0,16.0,15.0,12.0,10.0
23/05/2015,Bordeaux,Montpellier,2.0,1.0,H,7.0,2.0,0.0,1.0,9.0,1.0,13.0,11.0,22.0,7.0
23/05/2015,Caen,Evian Thonon Gaillard,3.0,2.0,H,13.0,8.0,0.0,1.0,6.0,8.0,9.0,10.0,21.0,15.0
23/05/2015,Lens,Nantes,1.0,0.0,H,1.0,3.0,2.0,2.0,4.0,5.0,14.0,15.0,7.0,16.0
23/05/2015,Lorient,Monaco,0.0,1.0,A,4.0,10.0,2.0,3.0,1.0,8.0,13.0,13.0,7.0,18.0
23/05/2015,Marseille,Bastia,3.0,0.0,H,5.0,0.0,1.0,1.0,5.0,1.0,6.0,20.0,16.0,7.0
23/05/2015,Metz,Lille,1.0,4.0,A,4.0,7.0,0.0,0.0,4.0,10.0,10.0,4.0,16.0,20.0
23/05/2015,Paris SG,Reims,3.0,2.0,H,5.0,8.0,0.0,2.0,6.0,4.0,10.0,15.0,14.0,10.0
23/05/2015,Rennes,Lyon,0.0,1.0,A,5.0,1.0,0.0,0.0,2.0,2.0,5.0,7.0,10.0,9.0
23/05/2015,St Etienne,Guingamp,2.0,1.0,H,5.0,4.0,2.0,1.0,6.0,3.0,22.0,9.0,10.0,11.0
23/05/2015,Toulouse,Nice,2.0,3.0,A,3.0,3.0,2.0,4.0,4.0,4.0,17.0,19.0,9.0,8.0
07/08/2015,Lille,Paris SG,0.0,1.0,A,3.0,2.0,3.0,2.0,2.0,2.0,20.0,17.0,12.0,7.0
08/08/2015,Bastia,Rennes,2.0,1.0,H,6.0,2.0,0.0,1.0,3.0,3.0,15.0,19.0,11.0,6.0
08/08/2015,Marseille,Caen,0.0,1.0,A,14.0,2.0,1.0,0.0,4.0,4.0,10.0,10.0,17.0,8.0
08/08/2015,Montpellier,Angers,0.0,2.0,A,5.0,9.0,3.0,2.0,4.0,6.0,12.0,15.0,11.0,16.0
08/08/2015,Nantes,Guingamp,1.0,0.0,H,6.0,2.0,2.0,2.0,4.0,4.0,13.0,16.0,9.0,10.0
08/08/2015,Nice,Monaco,1.0,2.0,A,2.0,10.0,2.0,2.0,2.0,6.0,18.0,18.0,5.0,19.0
08/08/2015,Troyes,Ajaccio GFCO,0.0,0.0,D,9.0,3.0,0.0,4.0,4.0,1.0,11.0,8.0,12.0,6.0
09/08/2015,Bordeaux,Reims,1.0,2.0,A,4.0,3.0,2.0,2.0,4.0,6.0,14.0,12.0,14.0,14.0
09/08/2015,Lyon,Lorient,0.0,0.0,D,7.0,2.0,1.0,2.0,6.0,5.0,11.0,12.0,21.0,10.0
09/08/2015,Toulouse,St Etienne,2.0,1.0,H,3.0,4.0,0.0,1.0,3.0,2.0,10.0,10.0,9.0,11.0
14/08/2015,Monaco,Lille,0.0,0.0,D,4.0,6.0,1.0,5.0,3.0,2.0,12.0,19.0,9.0,9.0
15/08/2015,Angers,Nantes,0.0,0.0,D,4.0,2.0,3.0,4.0,3.0,1.0,12.0,17.0,10.0,2.0
15/08/2015,Caen,Toulouse,1.0,0.0,H,3.0,3.0,1.0,3.0,3.0,4.0,14.0,14.0,9.0,13.0
15/08/2015,Guingamp,Lyon,0.0,1.0,A,9.0,2.0,2.0,2.0,3.0,3.0,16.0,18.0,11.0,11.0
15/08/2015,Rennes,Montpellier,1.0,0.0,H,3.0,4.0,3.0,1.0,2.0,0.0,11.0,9.0,10.0,4.0
15/08/2015,St Etienne,Bordeaux,1.0,1.0,D,1.0,8.0,2.0,1.0,2.0,3.0,17.0,11.0,7.0,17.0
15/08/2015,Troyes,Nice,3.0,3.0,D,11.0,3.0,3.0,3.0,7.0,6.0,11.0,13.0,11.0,18.0
16/08/2015,Lorient,Bastia,1.0,1.0,D,4.0,2.0,3.0,2.0,4.0,2.0,13.0,15.0,12.0,7.0
16/08/2015,Paris SG,Ajaccio GFCO,2.0,0.0,H,4.0,1.0,1.0,3.0,6.0,2.0,8.0,14.0,18.0,8.0
16/08/2015,Reims,Marseille,1.0,0.0,H,8.0,7.0,2.0,2.0,5.0,4.0,13.0,14.0,15.0,13.0
21/08/2015,Montpellier,Paris SG,0.0,1.0,A,2.0,1.0,2.0,1.0,3.0,5.0,13.0,8.0,10.0,9.0
22/08/2015,Ajaccio GFCO,Angers,0.0,2.0,A,9.0,3.0,2.0,2.0,3.0,5.0,12.0,10.0,8.0,9.0
22/08/2015,Bastia,Guingamp,3.0,0.0,H,3.0,5.0,2.0,3.0,5.0,4.0,14.0,13.0,10.0,15.0
22/08/2015,Lyon,Rennes,1.0,2.0,A,6.0,1.0,1.0,3.0,4.0,3.0,12.0,13.0,15.0,6.0
22/08/2015,Nantes,Reims,1.0,0.0,H,1.0,2.0,1.0,3.0,6.0,1.0,12.0,10.0,13.0,2.0
22/08/2015,Nice,Caen,2.0,1.0,H,2.0,3.0,1.0,3.0,4.0,6.0,7.0,16.0,7.0,12.0
22/08/2015,Toulouse,Monaco,1.0,1.0,D,4.0,5.0,0.0,4.0,4.0,3.0,13.0,20.0,13.0,14.0
23/08/2015,Lille,Bordeaux,0.0,0.0,D,12.0,10.0,1.0,5.0,5.0,4.0,11.0,23.0,15.0,12.0
23/08/2015,Lorient,St Etienne,0.0,1.0,A,3.0,4.0,0.0,3.0,2.0,5.0,12.0,24.0,10.0,12.0
23/08/2015,Marseille,Troyes,6.0,0.0,H,6.0,5.0,1.0,1.0,7.0,1.0,8.0,9.0,16.0,6.0
28/08/2015,Guingamp,Marseille,2.0,0.0,H,4.0,8.0,1.0,5.0,5.0,6.0,10.0,13.0,12.0,14.0
29/08/2015,Angers,Nice,1.0,1.0,D,3.0,6.0,2.0,2.0,2.0,5.0,14.0,8.0,5.0,11.0
29/08/2015,Caen,Lyon,0.0,4.0,A,8.0,3.0,1.0,0.0,6.0,5.0,13.0,17.0,14.0,13.0
29/08/2015,Lille,Ajaccio GFCO,1.0,0.0,H,7.0,4.0,1.0,3.0,5.0,6.0,13.0,17.0,13.0,12.0
29/08/2015,Reims,Lorient,4.0,1.0,H,5.0,5.0,3.0,1.0,10.0,4.0,12.0,8.0,14.0,13.0
29/08/2015,Rennes,Toulouse,3.0,1.0,H,7.0,3.0,2.0,3.0,5.0,3.0,12.0,9.0,13.0,8.0
29/08/2015,Troyes,Montpellier,0.0,0.0,D,4.0,5.0,2.0,1.0,1.0,4.0,16.0,10.0,8.0,13.0
30/08/2015,Bordeaux,Nantes,2.0,0.0,H,7.0,5.0,3.0,3.0,4.0,1.0,9.0,17.0,19.0,11.0
30/08/2015,Monaco,Paris SG,0.0,3.0,A,3.0,2.0,0.0,1.0,2.0,8.0,7.0,12.0,3.0,19.0
30/08/2015,St Etienne,Bastia,2.0,1.0,H,12.0,0.0,1.0,1.0,6.0,1.0,11.0,6.0,23.0,6.0
11/09/2015,Paris SG,Bordeaux,2.0,2.0,D,11.0,6.0,2.0,2.0,5.0,3.0,11.0,14.0,19.0,10.0
12/09/2015,Lorient,Angers,3.0,1.0,H,6.0,2.0,1.0,1.0,6.0,1.0,10.0,18.0,14.0,7.0
12/09/2015,Lyon,Lille,0.0,0.0,D,7.0,1.0,1.0,4.0,6.0,3.0,14.0,20.0,13.0,9.0
12/09/2015,Montpellier,St Etienne,1.0,2.0,A,9.0,5.0,3.0,2.0,8.0,3.0,16.0,20.0,16.0,12.0
12/09/2015,Nice,Guingamp,0.0,1.0,A,1.0,1.0,1.0,3.0,1.0,3.0,10.0,23.0,16.0,8.0
12/09/2015,Toulouse,Reims,2.0,2.0,D,2.0,4.0,2.0,2.0,6.0,4.0,10.0,15.0,15.0,9.0
12/09/2015,Troyes,Caen,1.0,3.0,A,6.0,5.0,4.0,0.0,6.0,8.0,7.0,9.0,14.0,15.0
13/09/2015,Ajaccio GFCO,Monaco,0.0,1.0,A,14.0,4.0,3.0,3.0,4.0,8.0,16.0,15.0,24.0,13.0
13/09/2015,Marseille,Bastia,4.0,1.0,H,5.0,0.0,2.0,1.0,7.0,2.0,11.0,9.0,12.0,6.0
13/09/2015,Nantes,Rennes,0.0,2.0,A,1.0,6.0,2.0,3.0,3.0,6.0,14.0,11.0,10.0,16.0
18/09/2015,Rennes,Lille,1.0,1.0,D,8.0,2.0,3.0,4.0,3.0,5.0,17.0,18.0,9.0,15.0
19/09/2015,Angers,Troyes,1.0,0.0,H,6.0,5.0,2.0,3.0,4.0,0.0,15.0,15.0,16.0,14.0
19/09/2015,Bastia,Nice,1.0,3.0,A,7.0,3.0,1.0,2.0,2.0,6.0,11.0,14.0,8.0,9.0
19/09/2015,Caen,Montpellier,2.0,1.0,H,3.0,5.0,2.0,4.0,6.0,2.0,15.0,24.0,16.0,3.0
19/09/2015,Guingamp,Ajaccio GFCO,2.0,1.0,H,10.0,1.0,2.0,4.0,4.0,3.0,6.0,16.0,14.0,7.0
19/09/2015,Reims,Paris SG,1.0,1.0,D,3.0,9.0,2.0,2.0,3.0,6.0,9.0,9.0,7.0,17.0
20/09/2015,Bordeaux,Toulouse,1.0,1.0,D,6.0,3.0,2.0,2.0,5.0,5.0,18.0,11.0,17.0,9.0
20/09/2015,Marseille,Lyon,1.0,1.0,D,1.0,5.0,4.0,1.0,4.0,5.0,15.0,12.0,14.0,12.0
20/09/2015,Monaco,Lorient,2.0,3.0,A,3.0,3.0,4.0,4.0,6.0,7.0,11.0,15.0,13.0,16.0
20/09/2015,St Etienne,Nantes,2.0,0.0,H,3.0,9.0,2.0,1.0,3.0,2.0,11.0,9.0,12.0,11.0
22/09/2015,Angers,Reims,0.0,0.0,D,1.0,3.0,1.0,3.0,3.0,1.0,8.0,19.0,8.0,3.0
22/09/2015,Paris SG,Guingamp,3.0,0.0,H,9.0,4.0,1.0,1.0,10.0,4.0,10.0,10.0,18.0,10.0
23/09/2015,Ajaccio GFCO,Rennes,1.0,1.0,D,3.0,3.0,0.0,1.0,2.0,8.0,6.0,14.0,13.0,16.0
23/09/2015,Lorient,Caen,2.0,0.0,H,4.0,11.0,2.0,2.0,4.0,2.0,13.0,10.0,8.0,14.0
23/09/2015,Lyon,Bastia,2.0,0.0,H,3.0,2.0,2.0,1.0,7.0,2.0,9.0,7.0,14.0,4.0
23/09/2015,Nice,Bordeaux,6.0,1.0,H,4.0,4.0,0.0,1.0,10.0,3.0,14.0,8.0,17.0,6.0
23/09/2015,Toulouse,Marseille,1.0,1.0,D,3.0,5.0,2.0,0.0,3.0,1.0,12.0,14.0,11.0,8.0
23/09/2015,Troyes,St Etienne,0.0,1.0,A,7.0,6.0,3.0,0.0,4.0,6.0,10.0,14.0,14.0,13.0
24/09/2015,Montpellier,Monaco,2.0,3.0,A,2.0,7.0,2.0,1.0,5.0,5.0,13.0,18.0,16.0,13.0
25/09/2015,Reims,Lille,1.0,0.0,H,4.0,6.0,3.0,3.0,5.0,3.0,16.0,23.0,10.0,10.0
26/09/2015,Bastia,Toulouse,3.0,0.0,H,1.0,18.0,3.0,3.0,6.0,5.0,10.0,10.0,9.0,16.0
26/09/2015,Bordeaux,Lyon,3.0,1.0,H,3.0,5.0,2.0,0.0,4.0,4.0,10.0,9.0,10.0,10.0
26/09/2015,Caen,Ajaccio GFCO,2.0,0.0,H,8.0,7.0,1.0,4.0,9.0,2.0,12.0,15.0,16.0,8.0
26/09/2015,Nantes,Paris SG,1.0,4.0,A,4.0,7.0,2.0,1.0,2.0,7.0,20.0,9.0,7.0,14.0
26/09/2015,Rennes,Troyes,1.0,1.0,D,8.0,3.0,1.0,3.0,5.0,6.0,11.0,9.0,19.0,12.0
27/09/2015,Guingamp,Monaco,3.0,3.0,D,4.0,1.0,5.0,3.0,7.0,4.0,19.0,16.0,16.0,9.0
27/09/2015,Marseille,Angers,1.0,2.0,A,6.0,4.0,3.0,3.0,4.0,3.0,12.0,13.0,18.0,6.0
27/09/2015,Montpellier,Lorient,2.0,1.0,H,9.0,3.0,2.0,5.0,4.0,3.0,11.0,21.0,11.0,10.0
27/09/2015,St Etienne,Nice,1.0,4.0,A,8.0,2.0,4.0,1.0,5.0,6.0,12.0,7.0,13.0,8.0
29/09/2015,Lille,Nantes,0.0,1.0,A,11.0,2.0,0.0,3.0,4.0,2.0,8.0,21.0,20.0,9.0
02/10/2015,Lille,Montpellier,2.0,0.0,H,9.0,2.0,3.0,1.0,5.0,3.0,17.0,15.0,22.0,9.0
03/10/2015,Ajaccio GFCO,Toulouse,2.0,2.0,D,6.0,7.0,3.0,0.0,3.0,5.0,16.0,11.0,7.0,12.0
03/10/2015,Angers,Bastia,1.0,0.0,H,7.0,5.0,1.0,2.0,6.0,2.0,16.0,16.0,17.0,8.0
03/10/2015,Lyon,Reims,1.0,0.0,H,5.0,1.0,2.0,2.0,6.0,3.0,11.0,9.0,17.0,8.0
03/10/2015,Troyes,Guingamp,0.0,1.0,A,5.0,4.0,1.0,2.0,2.0,7.0,22.0,16.0,12.0,18.0
04/10/2015,Caen,St Etienne,1.0,0.0,H,5.0,7.0,0.0,3.0,7.0,3.0,11.0,13.0,14.0,10.0
04/10/2015,Lorient,Bordeaux,3.0,2.0,H,3.0,5.0,0.0,2.0,4.0,5.0,8.0,17.0,7.0,9.0
04/10/2015,Monaco,Rennes,1.0,1.0,D,8.0,3.0,3.0,2.0,6.0,3.0,14.0,16.0,14.0,8.0
04/10/2015,Paris SG,Marseille,2.0,1.0,H,4.0,6.0,2.0,3.0,8.0,8.0,13.0,12.0,16.0,13.0
16/10/2015,Monaco,Lyon,1.0,1.0,D,3.0,4.0,2.0,2.0,4.0,6.0,19.0,16.0,12.0,18.0
17/10/2015,Bastia,Paris SG,0.0,2.0,A,2.0,3.0,3.0,1.0,2.0,5.0,14.0,15.0,6.0,13.0
17/10/2015,Guingamp,Lille,1.0,1.0,D,3.0,3.0,1.0,3.0,2.0,2.0,11.0,25.0,10.0,10.0
17/10/2015,Nantes,Troyes,3.0,0.0,H,5.0,4.0,0.0,1.0,4.0,2.0,4.0,8.0,17.0,14.0
17/10/2015,Reims,Caen,0.0,1.0,A,4.0,6.0,2.0,3.0,2.0,4.0,13.0,16.0,12.0,11.0
17/10/2015,St Etienne,Ajaccio GFCO,2.0,0.0,H,5.0,3.0,0.0,0.0,6.0,0.0,11.0,13.0,13.0,4.0
17/10/2015,Toulouse,Angers,1.0,2.0,A,9.0,1.0,1.0,1.0,6.0,5.0,12.0,17.0,21.0,7.0
18/10/2015,Bordeaux,Montpellier,0.0,0.0,D,7.0,2.0,4.0,2.0,3.0,0.0,16.0,10.0,16.0,6.0
18/10/2015,Marseille,Lorient,1.0,1.0,D,11.0,4.0,1.0,3.0,8.0,2.0,19.0,14.0,21.0,6.0
18/10/2015,Rennes,Nice,1.0,4.0,A,4.0,3.0,2.0,2.0,3.0,7.0,15.0,7.0,15.0,12.0
23/10/2015,Caen,Nantes,0.0,2.0,A,7.0,6.0,1.0,2.0,4.0,3.0,8.0,19.0,16.0,10.0
23/10/2015,Lyon,Toulouse,3.0,0.0,H,4.0,5.0,1.0,4.0,8.0,3.0,16.0,18.0,20.0,7.0
24/10/2015,Ajaccio GFCO,Nice,3.0,1.0,H,5.0,3.0,3.0,3.0,6.0,2.0,16.0,11.0,13.0,9.0
24/10/2015,Angers,Guingamp,0.0,0.0,D,7.0,7.0,2.0,2.0,2.0,2.0,20.0,12.0,10.0,11.0
24/10/2015,Lorient,Rennes,1.0,1.0,D,3.0,8.0,0.0,0.0,5.0,3.0,12.0,15.0,10.0,11.0
24/10/2015,Montpellier,Bastia,2.0,0.0,H,5.0,4.0,1.0,3.0,3.0,1.0,8.0,12.0,10.0,13.0
25/10/2015,Bordeaux,Troyes,1.0,0.0,H,5.0,4.0,1.0,4.0,4.0,2.0,9.0,16.0,16.0,11.0
25/10/2015,Lille,Marseille,1.0,2.0,A,3.0,5.0,3.0,4.0,4.0,6.0,14.0,24.0,10.0,12.0
25/10/2015,Paris SG,St Etienne,4.0,1.0,H,5.0,0.0,0.0,0.0,10.0,6.0,9.0,15.0,21.0,14.0
25/10/2015,Reims,Monaco,0.0,1.0,A,3.0,5.0,1.0,2.0,6.0,4.0,13.0,12.0,13.0,16.0
30/10/2015,Rennes,Paris SG,0.0,1.0,A,1.0,3.0,0.0,0.0,2.0,5.0,14.0,11.0,5.0,13.0
31/10/2015,Ajaccio GFCO,Bordeaux,2.0,0.0,H,2.0,5.0,3.0,4.0,4.0,0.0,20.0,10.0,7.0,7.0
31/10/2015,Bastia,Caen,1.0,0.0,H,8.0,2.0,1.0,2.0,6.0,3.0,12.0,17.0,11.0,5.0
31/10/2015,Guingamp,Lorient,2.0,2.0,D,4.0,3.0,3.0,1.0,4.0,4.0,10.0,19.0,13.0,12.0
31/10/2015,St Etienne,Reims,3.0,0.0,H,7.0,12.0,1.0,1.0,8.0,5.0,11.0,10.0,20.0,8.0
31/10/2015,Toulouse,Montpellier,1.0,1.0,D,3.0,7.0,4.0,2.0,5.0,1.0,22.0,15.0,10.0,7.0
31/10/2015,Troyes,Lyon,0.0,1.0,A,3.0,10.0,2.0,0.0,2.0,6.0,12.0,14.0,8.0,31.0
01/11/2015,Monaco,Angers,1.0,0.0,H,2.0,4.0,3.0,4.0,2.0,5.0,7.0,21.0,13.0,15.0
01/11/2015,Nantes,Marseille,0.0,1.0,A,5.0,2.0,2.0,1.0,4.0,3.0,20.0,18.0,12.0,12.0
01/11/2015,Nice,Lille,0.0,0.0,D,7.0,5.0,3.0,3.0,4.0,1.0,24.0,26.0,9.0,9.0
04/11/2015,Nice,Nantes,1.0,2.0,A,3.0,6.0,1.0,3.0,3.0,6.0,7.0,16.0,9.0,12.0
06/11/2015,Angers,Rennes,0.0,2.0,A,5.0,2.0,1.0,2.0,3.0,2.0,8.0,15.0,18.0,10.0
07/11/2015,Caen,Guingamp,2.0,1.0,H,11.0,6.0,1.0,1.0,5.0,6.0,11.0,14.0,16.0,13.0
07/11/2015,Lille,Bastia,1.0,1.0,D,5.0,5.0,1.0,3.0,1.0,2.0,14.0,12.0,10.0,9.0
07/11/2015,Lorient,Troyes,4.0,1.0,H,10.0,5.0,0.0,0.0,10.0,6.0,9.0,11.0,29.0,13.0
07/11/2015,Montpellier,Nantes,2.0,1.0,H,2.0,6.0,0.0,4.0,4.0,2.0,6.0,14.0,10.0,10.0
07/11/2015,Paris SG,Toulouse,5.0,0.0,H,5.0,0.0,2.0,1.0,9.0,0.0,13.0,13.0,15.0,7.0
07/11/2015,Reims,Ajaccio GFCO,1.0,2.0,A,7.0,1.0,3.0,2.0,2.0,4.0,10.0,12.0,13.0,11.0
08/11/2015,Bordeaux,Monaco,3.0,1.0,H,5.0,10.0,2.0,2.0,4.0,6.0,17.0,14.0,9.0,13.0
08/11/2015,Lyon,St Etienne,3.0,0.0,H,5.0,3.0,4.0,4.0,8.0,1.0,19.0,20.0,17.0,6.0
08/11/2015,Marseille,Nice,0.0,1.0,A,7.0,5.0,2.0,2.0,3.0,4.0,14.0,11.0,14.0,9.0
20/11/2015,Nice,Lyon,3.0,0.0,H,3.0,2.0,1.0,2.0,8.0,1.0,13.0,3.0,13.0,13.0
21/11/2015,Guingamp,Toulouse,2.0,0.0,H,3.0,7.0,3.0,3.0,5.0,3.0,17.0,24.0,7.0,13.0
21/11/2015,Lorient,Paris SG,1.0,2.0,A,3.0,2.0,2.0,1.0,6.0,3.0,13.0,14.0,13.0,8.0
21/11/2015,Monaco,Nantes,1.0,0.0,H,6.0,3.0,2.0,1.0,4.0,2.0,13.0,16.0,8.0,12.0
21/11/2015,Montpellier,Reims,3.0,1.0,H,3.0,4.0,3.0,2.0,4.0,4.0,12.0,18.0,11.0,11.0
21/11/2015,Troyes,Lille,1.0,1.0,D,6.0,12.0,2.0,1.0,5.0,6.0,17.0,20.0,10.0,16.0
22/11/2015,Bastia,Ajaccio GFCO,1.0,2.0,A,2.0,4.0,2.0,1.0,5.0,4.0,11.0,14.0,9.0,15.0
22/11/2015,Caen,Angers,0.0,0.0,D,4.0,8.0,1.0,1.0,2.0,4.0,8.0,13.0,13.0,11.0
22/11/2015,Rennes,Bordeaux,2.0,2.0,D,5.0,2.0,2.0,2.0,4.0,5.0,17.0,10.0,8.0,8.0
22/11/2015,St Etienne,Marseille,0.0,2.0,A,5.0,7.0,1.0,1.0,4.0,6.0,10.0,9.0,12.0,14.0
27/11/2015,Lyon,Montpellier,2.0,4.0,A,5.0,2.0,3.0,4.0,5.0,9.0,13.0,17.0,12.0,15.0
28/11/2015,Ajaccio GFCO,Lorient,1.0,1.0,D,4.0,3.0,2.0,1.0,3.0,2.0,12.0,8.0,17.0,5.0
28/11/2015,Angers,Lille,2.0,0.0,H,1.0,4.0,2.0,3.0,5.0,0.0,22.0,13.0,9.0,8.0
28/11/2015,Nantes,Bastia,0.0,0.0,D,7.0,1.0,2.0,2.0,3.0,1.0,24.0,11.0,14.0,6.0
28/11/2015,Paris SG,Troyes,4.0,1.0,H,7.0,2.0,0.0,1.0,9.0,3.0,5.0,8.0,22.0,11.0
28/11/2015,Reims,Rennes,2.0,2.0,D,3.0,2.0,3.0,4.0,4.0,6.0,14.0,17.0,12.0,11.0
28/11/2015,Toulouse,Nice,2.0,0.0,H,3.0,3.0,2.0,2.0,6.0,3.0,13.0,9.0,10.0,8.0
29/11/2015,Bordeaux,Caen,1.0,4.0,A,4.0,6.0,3.0,2.0,3.0,10.0,15.0,15.0,10.0,13.0
29/11/2015,Marseille,Monaco,3.0,3.0,D,3.0,4.0,1.0,3.0,6.0,5.0,15.0,23.0,12.0,10.0
29/11/2015,St Etienne,Guingamp,3.0,0.0,H,4.0,3.0,2.0,3.0,7.0,4.0,23.0,18.0,10.0,14.0
01/12/2015,Angers,Paris SG,0.0,0.0,D,3.0,12.0,0.0,1.0,1.0,3.0,8.0,8.0,8.0,12.0
01/12/2015,Lorient,Nice,0.0,0.0,D,7.0,2.0,2.0,5.0,3.0,7.0,13.0,16.0,10.0,12.0
01/12/2015,Nantes,Lyon,0.0,0.0,D,3.0,1.0,1.0,2.0,3.0,5.0,23.0,10.0,9.0,10.0
02/12/2015,Bastia,Bordeaux,1.0,0.0,H,7.0,6.0,1.0,1.0,4.0,2.0,18.0,13.0,8.0,6.0
02/12/2015,Guingamp,Reims,1.0,2.0,A,4.0,0.0,2.0,4.0,2.0,4.0,21.0,26.0,8.0,6.0
02/12/2015,Lille,St Etienne,1.0,0.0,H,6.0,4.0,2.0,2.0,5.0,0.0,12.0,26.0,13.0,9.0
02/12/2015,Monaco,Caen,1.0,1.0,D,4.0,4.0,0.0,2.0,4.0,3.0,9.0,14.0,10.0,8.0
02/12/2015,Montpellier,Ajaccio GFCO,0.0,2.0,A,9.0,0.0,1.0,4.0,6.0,3.0,7.0,13.0,16.0,6.0
02/12/2015,Troyes,Toulouse,0.0,3.0,A,10.0,6.0,0.0,1.0,7.0,8.0,11.0,15.0,18.0,11.0
03/12/2015,Rennes,Marseille,0.0,1.0,A,5.0,3.0,4.0,2.0,1.0,5.0,17.0,11.0,10.0,11.0
04/12/2015,Nice,Paris SG,0.0,3.0,A,3.0,2.0,0.0,2.0,2.0,6.0,9.0,12.0,7.0,15.0
05/12/2015,Ajaccio GFCO,Nantes,1.0,1.0,D,5.0,2.0,2.0,2.0,6.0,3.0,11.0,19.0,25.0,12.0
05/12/2015,Bastia,Monaco,1.0,2.0,A,2.0,3.0,3.0,1.0,2.0,2.0,13.0,13.0,5.0,7.0
05/12/2015,Caen,Lille,1.0,2.0,A,14.0,2.0,2.0,3.0,5.0,5.0,16.0,14.0,15.0,12.0
05/12/2015,Lyon,Angers,0.0,2.0,A,7.0,1.0,3.0,1.0,1.0,6.0,15.0,7.0,13.0,9.0
05/12/2015,Reims,Troyes,1.0,1.0,D,7.0,2.0,1.0,1.0,3.0,4.0,8.0,12.0,11.0,14.0
05/12/2015,Toulouse,Lorient,2.0,3.0,A,10.0,2.0,1.0,2.0,3.0,4.0,15.0,17.0,20.0,5.0
06/12/2015,Bordeaux,Guingamp,1.0,0.0,H,4.0,2.0,1.0,2.0,4.0,2.0,10.0,17.0,13.0,8.0
06/12/2015,Marseille,Montpellier,2.0,2.0,D,6.0,3.0,2.0,1.0,8.0,2.0,10.0,12.0,14.0,6.0
06/12/2015,St Etienne,Rennes,1.0,1.0,D,12.0,3.0,2.0,3.0,4.0,3.0,15.0,10.0,14.0,5.0
11/12/2015,Rennes,Caen,1.0,1.0,D,12.0,7.0,1.0,0.0,8.0,3.0,7.0,9.0,22.0,12.0
12/12/2015,Lille,Lorient,3.0,0.0,H,3.0,6.0,2.0,2.0,7.0,3.0,13.0,10.0,16.0,11.0
12/12/2015,Montpellier,Guingamp,2.0,1.0,H,1.0,5.0,3.0,2.0,6.0,4.0,13.0,20.0,10.0,9.0
12/12/2015,Nantes,Toulouse,1.0,1.0,D,4.0,1.0,4.0,4.0,2.0,3.0,18.0,15.0,15.0,5.0
12/12/2015,Reims,Nice,1.0,1.0,D,3.0,2.0,2.0,2.0,7.0,3.0,12.0,13.0,17.0,7.0
12/12/2015,Troyes,Bastia,1.0,1.0,D,10.0,5.0,2.0,4.0,4.0,3.0,11.0,21.0,17.0,11.0
13/12/2015,Angers,Bordeaux,1.0,1.0,D,5.0,4.0,1.0,2.0,3.0,2.0,13.0,9.0,7.0,3.0
13/12/2015,Marseille,Ajaccio GFCO,1.0,1.0,D,2.0,3.0,2.0,4.0,3.0,2.0,12.0,24.0,9.0,9.0
13/12/2015,Monaco,St Etienne,1.0,0.0,H,10.0,5.0,3.0,2.0,4.0,0.0,20.0,17.0,10.0,5.0
13/12/2015,Paris SG,Lyon,5.0,1.0,H,6.0,1.0,2.0,1.0,8.0,3.0,16.0,9.0,11.0,9.0
18/12/2015,Nice,Montpellier,1.0,0.0,H,9.0,8.0,2.0,2.0,4.0,6.0,18.0,15.0,9.0,10.0
19/12/2015,Bastia,Reims,2.0,0.0,H,4.0,5.0,3.0,1.0,2.0,2.0,18.0,7.0,7.0,11.0
19/12/2015,Caen,Paris SG,0.0,3.0,A,7.0,7.0,3.0,2.0,1.0,10.0,9.0,11.0,8.0,18.0
19/12/2015,Guingamp,Rennes,0.0,2.0,A,10.0,3.0,1.0,2.0,4.0,5.0,11.0,11.0,13.0,9.0
19/12/2015,Lorient,Nantes,0.0,0.0,D,9.0,7.0,0.0,3.0,2.0,6.0,6.0,17.0,18.0,13.0
19/12/2015,Toulouse,Lille,1.0,1.0,D,2.0,8.0,2.0,1.0,4.0,6.0,18.0,11.0,7.0,24.0
19/12/2015,Troyes,Monaco,0.0,0.0,D,6.0,15.0,2.0,3.0,2.0,5.0,6.0,17.0,11.0,16.0
20/12/2015,Ajaccio GFCO,Lyon,2.0,1.0,H,5.0,2.0,3.0,1.0,8.0,2.0,21.0,12.0,12.0,9.0
20/12/2015,Bordeaux,Marseille,1.0,1.0,D,3.0,6.0,3.0,3.0,3.0,4.0,13.0,14.0,11.0,7.0
20/12/2015,St Etienne,Angers,1.0,0.0,H,9.0,5.0,3.0,3.0,1.0,2.0,9.0,16.0,15.0,11.0
08/01/2016,Paris SG,Bastia,2.0,0.0,H,8.0,0.0,1.0,3.0,3.0,0.0,10.0,18.0,14.0,5.0
09/01/2016,Angers,Caen,2.0,0.0,H,7.0,8.0,0.0,2.0,5.0,3.0,6.0,8.0,13.0,15.0
09/01/2016,Lyon,Troyes,4.0,1.0,H,4.0,1.0,1.0,1.0,8.0,3.0,16.0,20.0,22.0,9.0
09/01/2016,Monaco,Ajaccio GFCO,2.0,2.0,D,6.0,1.0,2.0,3.0,4.0,2.0,16.0,21.0,11.0,10.0
09/01/2016,Montpellier,Bordeaux,0.0,1.0,A,8.0,5.0,2.0,1.0,4.0,3.0,13.0,11.0,12.0,13.0
09/01/2016,Reims,Toulouse,1.0,3.0,A,2.0,1.0,2.0,4.0,3.0,3.0,18.0,15.0,8.0,8.0
09/01/2016,Rennes,Lorient,2.0,2.0,D,5.0,3.0,0.0,1.0,4.0,2.0,8.0,11.0,12.0,6.0
10/01/2016,Lille,Nice,1.0,1.0,D,2.0,6.0,3.0,3.0,3.0,3.0,20.0,21.0,10.0,9.0
10/01/2016,Marseille,Guingamp,0.0,0.0,D,8.0,0.0,2.0,1.0,3.0,1.0,18.0,15.0,15.0,7.0
10/01/2016,Nantes,St Etienne,2.0,1.0,H,6.0,6.0,1.0,3.0,6.0,2.0,18.0,14.0,18.0,10.0
15/01/2016,Nice,Angers,2.0,1.0,H,6.0,3.0,2.0,3.0,5.0,4.0,9.0,17.0,11.0,9.0
16/01/2016,Ajaccio GFCO,Reims,2.0,2.0,D,4.0,2.0,2.0,0.0,4.0,6.0,13.0,8.0,18.0,10.0
16/01/2016,Bastia,Montpellier,1.0,0.0,H,1.0,5.0,3.0,1.0,1.0,1.0,21.0,11.0,2.0,7.0
16/01/2016,Bordeaux,Lille,1.0,0.0,H,8.0,1.0,2.0,1.0,3.0,7.0,17.0,17.0,14.0,10.0
16/01/2016,Guingamp,Nantes,2.0,2.0,D,7.0,7.0,4.0,1.0,4.0,1.0,10.0,14.0,8.0,8.0
16/01/2016,Toulouse,Paris SG,0.0,1.0,A,2.0,7.0,1.0,0.0,3.0,4.0,9.0,9.0,9.0,12.0
16/01/2016,Troyes,Rennes,2.0,4.0,A,8.0,7.0,3.0,1.0,5.0,13.0,7.0,7.0,12.0,19.0
17/01/2016,Caen,Marseille,1.0,3.0,A,0.0,4.0,2.0,1.0,3.0,9.0,16.0,12.0,7.0,15.0
17/01/2016,Lorient,Monaco,0.0,2.0,A,3.0,5.0,2.0,1.0,2.0,4.0,14.0,12.0,8.0,6.0
17/01/2016,St Etienne,Lyon,1.0,0.0,H,2.0,8.0,3.0,1.0,2.0,5.0,25.0,13.0,9.0,18.0
22/01/2016,Rennes,Ajaccio GFCO,1.0,0.0,H,8.0,2.0,3.0,3.0,3.0,2.0,9.0,15.0,10.0,8.0
23/01/2016,Guingamp,Bastia,1.0,0.0,H,5.0,0.0,1.0,1.0,3.0,1.0,6.0,17.0,16.0,4.0
23/01/2016,Lille,Troyes,1.0,3.0,A,9.0,3.0,2.0,1.0,5.0,4.0,11.0,5.0,20.0,7.0
23/01/2016,Montpellier,Caen,1.0,2.0,A,5.0,4.0,2.0,1.0,2.0,4.0,7.0,12.0,15.0,10.0
23/01/2016,Nantes,Bordeaux,2.0,2.0,D,4.0,3.0,2.0,4.0,2.0,5.0,17.0,12.0,8.0,8.0
23/01/2016,Nice,Lorient,2.0,1.0,H,4.0,3.0,1.0,2.0,2.0,4.0,17.0,15.0,8.0,12.0
23/01/2016,Paris SG,Angers,5.0,1.0,H,3.0,1.0,0.0,1.0,10.0,4.0,8.0,11.0,16.0,11.0
24/01/2016,Lyon,Marseille,1.0,1.0,D,8.0,2.0,2.0,2.0,9.0,4.0,17.0,20.0,22.0,7.0
24/01/2016,Monaco,Toulouse,4.0,0.0,H,6.0,3.0,4.0,1.0,5.0,3.0,21.0,16.0,14.0,9.0
24/01/2016,Reims,St Etienne,1.0,1.0,D,5.0,1.0,2.0,2.0,3.0,1.0,16.0,18.0,12.0,5.0
29/01/2016,Marseille,Lille,1.0,1.0,D,7.0,1.0,1.0,1.0,3.0,4.0,12.0,21.0,16.0,12.0
30/01/2016,Ajaccio GFCO,Montpellier,0.0,4.0,A,5.0,4.0,3.0,3.0,3.0,4.0,14.0,10.0,16.0,8.0
30/01/2016,Angers,Monaco,3.0,0.0,H,5.0,5.0,2.0,3.0,10.0,4.0,16.0,10.0,19.0,9.0
30/01/2016,Bastia,Lyon,1.0,0.0,H,1.0,6.0,3.0,2.0,3.0,2.0,13.0,18.0,7.0,9.0
30/01/2016,Lorient,Reims,2.0,0.0,H,6.0,6.0,3.0,2.0,4.0,3.0,15.0,14.0,8.0,12.0
30/01/2016,Toulouse,Guingamp,1.0,2.0,A,6.0,5.0,1.0,4.0,6.0,3.0,17.0,18.0,14.0,7.0
30/01/2016,Troyes,Nantes,0.0,1.0,A,6.0,4.0,1.0,3.0,5.0,3.0,12.0,16.0,13.0,10.0
31/01/2016,Bordeaux,Rennes,4.0,0.0,H,3.0,5.0,2.0,1.0,7.0,3.0,8.0,11.0,21.0,8.0
31/01/2016,Caen,Nice,2.0,0.0,H,3.0,15.0,1.0,2.0,5.0,6.0,12.0,14.0,9.0,15.0
31/01/2016,St Etienne,Paris SG,0.0,2.0,A,7.0,6.0,4.0,2.0,3.0,5.0,23.0,11.0,12.0,12.0
02/02/2016,Monaco,Bastia,2.0,0.0,H,4.0,1.0,2.0,1.0,4.0,3.0,12.0,10.0,8.0,11.0
02/02/2016,Montpellier,Marseille,0.0,1.0,A,6.0,5.0,2.0,3.0,3.0,1.0,18.0,13.0,11.0,4.0
03/02/2016,Guingamp,Troyes,4.0,0.0,H,3.0,8.0,1.0,3.0,5.0,4.0,11.0,12.0,12.0,15.0
03/02/2016,Lille,Caen,1.0,0.0,H,9.0,4.0,0.0,1.0,6.0,2.0,18.0,15.0,12.0,10.0
03/02/2016,Lyon,Bordeaux,3.0,0.0,H,3.0,8.0,2.0,4.0,5.0,4.0,9.0,12.0,17.0,12.0
03/02/2016,Nantes,Ajaccio GFCO,3.0,1.0,H,4.0,1.0,1.0,1.0,8.0,2.0,16.0,18.0,16.0,4.0
03/02/2016,Nice,Toulouse,1.0,0.0,H,7.0,4.0,1.0,1.0,2.0,1.0,10.0,9.0,10.0,7.0
03/02/2016,Paris SG,Lorient,3.0,1.0,H,4.0,8.0,1.0,1.0,7.0,4.0,9.0,11.0,16.0,11.0
03/02/2016,Reims,Angers,2.0,1.0,H,8.0,5.0,0.0,3.0,4.0,5.0,10.0,15.0,13.0,11.0
04/02/2016,Rennes,St Etienne,0.0,1.0,A,4.0,8.0,2.0,2.0,0.0,4.0,9.0,16.0,5.0,13.0
06/02/2016,Ajaccio GFCO,Guingamp,0.0,0.0,D,4.0,2.0,1.0,0.0,2.0,0.0,14.0,8.0,17.0,3.0
06/02/2016,Angers,Lyon,0.0,3.0,A,2.0,6.0,1.0,2.0,0.0,3.0,9.0,16.0,5.0,8.0
06/02/2016,Bastia,Troyes,2.0,0.0,H,8.0,6.0,0.0,2.0,5.0,1.0,8.0,12.0,11.0,11.0
06/02/2016,Caen,Reims,0.0,2.0,A,6.0,2.0,3.0,2.0,4.0,5.0,13.0,13.0,12.0,12.0
06/02/2016,Lorient,Montpellier,1.0,1.0,D,7.0,1.0,1.0,1.0,4.0,5.0,10.0,8.0,6.0,11.0
06/02/2016,Monaco,Nice,1.0,0.0,H,5.0,7.0,4.0,6.0,4.0,3.0,14.0,14.0,8.0,12.0
06/02/2016,Toulouse,Nantes,0.0,0.0,D,5.0,7.0,2.0,4.0,2.0,7.0,15.0,21.0,9.0,15.0
07/02/2016,Bordeaux,St Etienne,1.0,4.0,A,3.0,4.0,4.0,1.0,3.0,8.0,19.0,19.0,10.0,14.0
07/02/2016,Lille,Rennes,1.0,1.0,D,4.0,4.0,1.0,4.0,6.0,3.0,12.0,12.0,17.0,10.0
07/02/2016,Marseille,Paris SG,1.0,2.0,A,6.0,2.0,0.0,1.0,7.0,3.0,7.0,10.0,18.0,11.0
12/02/2016,Rennes,Angers,1.0,0.0,H,7.0,3.0,0.0,1.0,2.0,0.0,10.0,18.0,10.0,9.0
13/02/2016,Ajaccio GFCO,Troyes,2.0,3.0,A,11.0,1.0,2.0,3.0,6.0,3.0,17.0,10.0,18.0,6.0
13/02/2016,Guingamp,Bordeaux,2.0,4.0,A,5.0,4.0,1.0,0.0,2.0,7.0,18.0,9.0,10.0,13.0
13/02/2016,Montpellier,Toulouse,2.0,0.0,H,4.0,4.0,0.0,2.0,2.0,3.0,14.0,13.0,7.0,9.0
13/02/2016,Nantes,Lorient,2.0,1.0,H,5.0,5.0,1.0,3.0,2.0,1.0,18.0,14.0,9.0,4.0
13/02/2016,Paris SG,Lille,0.0,0.0,D,3.0,2.0,2.0,3.0,4.0,0.0,13.0,10.0,12.0,5.0
13/02/2016,Reims,Bastia,0.0,1.0,A,3.0,5.0,5.0,3.0,5.0,3.0,25.0,17.0,13.0,13.0
14/02/2016,Lyon,Caen,4.0,1.0,H,5.0,7.0,3.0,5.0,8.0,6.0,14.0,12.0,20.0,15.0
14/02/2016,Nice,Marseille,1.0,1.0,D,0.0,6.0,1.0,2.0,3.0,6.0,14.0,14.0,9.0,11.0
14/02/2016,St Etienne,Monaco,1.0,1.0,D,12.0,6.0,0.0,1.0,6.0,2.0,8.0,11.0,19.0,8.0
19/02/2016,Bordeaux,Nice,0.0,0.0,D,7.0,5.0,0.0,2.0,2.0,2.0,6.0,8.0,15.0,10.0
20/02/2016,Angers,Montpellier,2.0,3.0,A,1.0,6.0,0.0,1.0,4.0,5.0,14.0,17.0,13.0,12.0
20/02/2016,Lorient,Guingamp,4.0,3.0,H,6.0,5.0,4.0,1.0,9.0,7.0,15.0,6.0,26.0,14.0
20/02/2016,Monaco,Troyes,3.0,1.0,H,5.0,7.0,2.0,0.0,8.0,7.0,10.0,12.0,16.0,14.0
20/02/2016,Paris SG,Reims,4.0,1.0,H,9.0,5.0,2.0,0.0,6.0,3.0,8.0,11.0,15.0,10.0
20/02/2016,Toulouse,Ajaccio GFCO,1.0,1.0,D,5.0,3.0,1.0,2.0,3.0,2.0,13.0,18.0,13.0,9.0
21/02/2016,Caen,Rennes,1.0,0.0,H,8.0,2.0,1.0,1.0,5.0,1.0,13.0,15.0,10.0,7.0
21/02/2016,Lille,Lyon,1.0,0.0,H,8.0,7.0,5.0,3.0,2.0,3.0,17.0,20.0,9.0,11.0
21/02/2016,Marseille,St Etienne,1.0,1.0,D,9.0,6.0,0.0,1.0,2.0,1.0,15.0,21.0,8.0,15.0
26/02/2016,Nice,Bastia,0.0,2.0,A,5.0,1.0,3.0,5.0,5.0,4.0,15.0,19.0,10.0,10.0
27/02/2016,Guingamp,Angers,2.0,2.0,D,8.0,0.0,3.0,3.0,3.0,2.0,11.0,16.0,15.0,8.0
27/02/2016,Montpellier,Lille,3.0,0.0,H,3.0,3.0,1.0,3.0,5.0,2.0,14.0,19.0,10.0,6.0
27/02/2016,Reims,Bordeaux,4.0,1.0,H,7.0,1.0,2.0,2.0,7.0,1.0,16.0,16.0,15.0,6.0
27/02/2016,Toulouse,Rennes,1.0,2.0,A,4.0,5.0,2.0,0.0,1.0,5.0,19.0,9.0,6.0,18.0
27/02/2016,Troyes,Lorient,0.0,1.0,A,5.0,7.0,2.0,1.0,6.0,7.0,6.0,9.0,12.0,19.0
28/02/2016,Lyon,Paris SG,2.0,1.0,H,6.0,2.0,3.0,5.0,7.0,3.0,21.0,14.0,14.0,6.0
28/02/2016,Nantes,Monaco,0.0,0.0,D,8.0,3.0,1.0,1.0,4.0,1.0,13.0,15.0,14.0,4.0
28/02/2016,St Etienne,Caen,1.0,2.0,A,4.0,3.0,2.0,1.0,4.0,6.0,9.0,11.0,16.0,16.0
04/03/2016,Caen,Monaco,2.0,2.0,D,4.0,2.0,1.0,4.0,6.0,3.0,11.0,13.0,14.0,9.0
05/03/2016,Angers,St Etienne,0.0,0.0,D,4.0,5.0,4.0,3.0,1.0,1.0,8.0,15.0,7.0,7.0
05/03/2016,Bastia,Lorient,0.0,0.0,D,8.0,2.0,3.0,4.0,7.0,1.0,15.0,12.0,24.0,2.0
05/03/2016,Bordeaux,Ajaccio GFCO,1.0,1.0,D,3.0,2.0,2.0,2.0,3.0,2.0,13.0,13.0,12.0,4.0
05/03/2016,Lille,Reims,2.0,0.0,H,2.0,6.0,2.0,2.0,5.0,5.0,15.0,22.0,8.0,9.0
05/03/2016,Nice,Troyes,2.0,1.0,H,7.0,4.0,1.0,1.0,7.0,4.0,6.0,11.0,18.0,10.0
05/03/2016,Paris SG,Montpellier,0.0,0.0,D,5.0,4.0,0.0,1.0,5.0,0.0,11.0,8.0,7.0,6.0
06/03/2016,Lyon,Guingamp,5.0,1.0,H,6.0,3.0,2.0,3.0,9.0,5.0,13.0,10.0,16.0,11.0
06/03/2016,Marseille,Toulouse,1.0,1.0,D,9.0,3.0,2.0,1.0,8.0,7.0,12.0,13.0,20.0,18.0
06/03/2016,Rennes,Nantes,4.0,1.0,H,2.0,3.0,1.0,2.0,7.0,6.0,10.0,16.0,11.0,11.0
09/03/2016,Ajaccio GFCO,Marseille,1.0,1.0,D,7.0,3.0,2.0,2.0,6.0,5.0,24.0,17.0,17.0,6.0
09/03/2016,Bastia,Nantes,0.0,0.0,D,6.0,1.0,1.0,4.0,1.0,2.0,13.0,18.0,5.0,8.0
11/03/2016,Monaco,Reims,2.0,2.0,D,10.0,7.0,2.0,2.0,7.0,4.0,15.0,11.0,12.0,9.0
12/03/2016,Ajaccio GFCO,Caen,1.0,0.0,H,4.0,4.0,0.0,0.0,4.0,4.0,10.0,6.0,19.0,9.0
12/03/2016,Bastia,Lille,1.0,2.0,A,5.0,4.0,2.0,3.0,1.0,4.0,18.0,11.0,10.0,9.0
12/03/2016,Guingamp,St Etienne,2.0,0.0,H,4.0,9.0,0.0,2.0,3.0,2.0,10.0,14.0,8.0,13.0
12/03/2016,Lorient,Marseille,1.0,1.0,D,7.0,5.0,1.0,2.0,10.0,2.0,14.0,12.0,15.0,10.0
12/03/2016,Montpellier,Nice,0.0,2.0,A,4.0,4.0,2.0,1.0,6.0,3.0,17.0,11.0,11.0,10.0
12/03/2016,Toulouse,Bordeaux,4.0,0.0,H,3.0,3.0,3.0,3.0,11.0,2.0,20.0,19.0,20.0,13.0
13/03/2016,Nantes,Angers,2.0,0.0,H,6.0,0.0,2.0,3.0,7.0,0.0,15.0,11.0,11.0,6.0
13/03/2016,Rennes,Lyon,2.0,2.0,D,2.0,8.0,5.0,4.0,4.0,7.0,16.0,11.0,13.0,17.0
13/03/2016,Troyes,Paris SG,0.0,9.0,A,5.0,8.0,1.0,0.0,3.0,15.0,9.0,7.0,16.0,22.0
18/03/2016,Marseille,Rennes,2.0,5.0,A,11.0,3.0,2.0,1.0,5.0,8.0,8.0,17.0,14.0,12.0
19/03/2016,Angers,Lorient,5.0,1.0,H,6.0,2.0,1.0,4.0,10.0,2.0,12.0,17.0,23.0,6.0
19/03/2016,Caen,Troyes,2.0,1.0,H,7.0,2.0,1.0,2.0,6.0,2.0,15.0,8.0,23.0,4.0
19/03/2016,Lille,Toulouse,1.0,0.0,H,3.0,3.0,3.0,3.0,2.0,3.0,8.0,13.0,6.0,10.0
19/03/2016,Lyon,Nantes,2.0,0.0,H,3.0,2.0,1.0,2.0,4.0,1.0,12.0,14.0,8.0,7.0
19/03/2016,Reims,Guingamp,0.0,1.0,A,7.0,1.0,4.0,2.0,3.0,2.0,16.0,10.0,19.0,2.0
19/03/2016,St Etienne,Montpellier,3.0,0.0,H,5.0,7.0,1.0,3.0,4.0,1.0,14.0,13.0,9.0,7.0
20/03/2016,Bordeaux,Bastia,1.0,1.0,D,6.0,3.0,2.0,2.0,4.0,4.0,10.0,13.0,12.0,8.0
20/03/2016,Nice,Ajaccio GFCO,3.0,0.0,H,3.0,5.0,1.0,2.0,5.0,2.0,3.0,10.0,10.0,12.0
20/03/2016,Paris SG,Monaco,0.0,2.0,A,10.0,2.0,1.0,1.0,4.0,5.0,7.0,6.0,23.0,12.0
01/04/2016,Monaco,Bordeaux,1.0,2.0,A,8.0,3.0,1.0,1.0,5.0,4.0,18.0,17.0,15.0,10.0
02/04/2016,Ajaccio GFCO,St Etienne,0.0,2.0,A,7.0,6.0,1.0,0.0,5.0,4.0,13.0,11.0,17.0,7.0
02/04/2016,Guingamp,Montpellier,2.0,2.0,D,6.0,5.0,2.0,2.0,3.0,4.0,15.0,16.0,10.0,12.0
02/04/2016,Paris SG,Nice,4.0,1.0,H,7.0,6.0,1.0,0.0,7.0,4.0,12.0,9.0,13.0,6.0
02/04/2016,Rennes,Reims,3.0,1.0,H,2.0,6.0,1.0,0.0,5.0,4.0,15.0,16.0,10.0,10.0
02/04/2016,Toulouse,Caen,2.0,0.0,H,4.0,5.0,1.0,1.0,1.0,1.0,13.0,20.0,7.0,6.0
02/04/2016,Troyes,Angers,0.0,1.0,A,5.0,4.0,1.0,1.0,7.0,3.0,12.0,14.0,12.0,17.0
03/04/2016,Bastia,Marseille,2.0,1.0,H,6.0,2.0,3.0,2.0,1.0,2.0,19.0,20.0,6.0,7.0
03/04/2016,Lorient,Lyon,1.0,3.0,A,6.0,3.0,0.0,0.0,2.0,7.0,7.0,14.0,8.0,17.0
03/04/2016,Nantes,Lille,0.0,3.0,A,8.0,4.0,2.0,1.0,6.0,7.0,12.0,11.0,13.0,11.0
08/04/2016,Montpellier,Lyon,0.0,2.0,A,4.0,1.0,1.0,2.0,2.0,8.0,15.0,9.0,7.0,14.0
09/04/2016,Angers,Ajaccio GFCO,0.0,0.0,D,2.0,6.0,1.0,5.0,1.0,1.0,9.0,26.0,7.0,2.0
09/04/2016,Caen,Lorient,1.0,2.0,A,6.0,5.0,1.0,0.0,4.0,7.0,10.0,10.0,18.0,17.0
09/04/2016,Guingamp,Paris SG,0.0,2.0,A,9.0,4.0,1.0,0.0,2.0,6.0,17.0,10.0,8.0,13.0
09/04/2016,Reims,Nantes,2.0,1.0,H,5.0,4.0,2.0,3.0,4.0,5.0,10.0,14.0,10.0,14.0
09/04/2016,St Etienne,Troyes,1.0,0.0,H,10.0,5.0,2.0,2.0,7.0,1.0,13.0,12.0,16.0,9.0
09/04/2016,Toulouse,Bastia,4.0,0.0,H,2.0,2.0,1.0,0.0,7.0,1.0,14.0,16.0,11.0,4.0
10/04/2016,Lille,Monaco,4.0,1.0,H,3.0,4.0,1.0,2.0,4.0,4.0,12.0,14.0,8.0,7.0
10/04/2016,Marseille,Bordeaux,0.0,0.0,D,9.0,5.0,2.0,2.0,4.0,3.0,13.0,11.0,7.0,9.0
10/04/2016,Nice,Rennes,3.0,0.0,H,2.0,7.0,0.0,0.0,8.0,3.0,7.0,11.0,12.0,8.0
15/04/2016,Lyon,Nice,1.0,1.0,D,5.0,3.0,2.0,2.0,3.0,2.0,16.0,20.0,14.0,6.0
16/04/2016,Ajaccio GFCO,Lille,2.0,4.0,A,1.0,6.0,2.0,2.0,4.0,5.0,14.0,9.0,13.0,13.0
16/04/2016,Bastia,St Etienne,0.0,1.0,A,3.0,4.0,3.0,2.0,2.0,4.0,11.0,16.0,16.0,9.0
16/04/2016,Bordeaux,Angers,1.0,3.0,A,9.0,0.0,2.0,2.0,4.0,4.0,14.0,15.0,16.0,4.0
16/04/2016,Lorient,Toulouse,1.0,1.0,D,2.0,2.0,1.0,2.0,4.0,2.0,16.0,15.0,11.0,11.0
16/04/2016,Paris SG,Caen,6.0,0.0,H,4.0,3.0,0.0,0.0,10.0,8.0,11.0,8.0,22.0,15.0
16/04/2016,Troyes,Reims,2.0,1.0,H,10.0,7.0,2.0,3.0,12.0,4.0,18.0,10.0,21.0,15.0
17/04/2016,Monaco,Marseille,2.0,1.0,H,7.0,1.0,1.0,0.0,4.0,2.0,16.0,14.0,14.0,7.0
17/04/2016,Nantes,Montpellier,0.0,2.0,A,6.0,7.0,1.0,2.0,0.0,5.0,14.0,14.0,9.0,11.0
17/04/2016,Rennes,Guingamp,0.0,3.0,A,6.0,3.0,3.0,2.0,3.0,7.0,12.0,6.0,9.0,12.0
22/04/2016,Nice,Reims,2.0,0.0,H,10.0,4.0,1.0,3.0,5.0,4.0,11.0,14.0,10.0,10.0
23/04/2016,Toulouse,Lyon,2.0,3.0,A,5.0,2.0,2.0,3.0,5.0,3.0,13.0,18.0,9.0,11.0
24/04/2016,Ajaccio GFCO,Bastia,3.0,2.0,H,2.0,4.0,4.0,2.0,5.0,7.0,21.0,13.0,8.0,17.0
24/04/2016,Guingamp,Caen,1.0,1.0,D,9.0,0.0,1.0,0.0,2.0,5.0,11.0,14.0,11.0,12.0
24/04/2016,Marseille,Nantes,1.0,1.0,D,4.0,2.0,1.0,3.0,3.0,3.0,14.0,23.0,7.0,7.0
24/04/2016,Montpellier,Troyes,4.0,1.0,H,4.0,7.0,0.0,2.0,7.0,7.0,7.0,6.0,15.0,17.0
24/04/2016,Rennes,Monaco,1.0,1.0,D,9.0,6.0,1.0,3.0,3.0,6.0,12.0,19.0,11.0,10.0
24/04/2016,St Etienne,Lorient,2.0,0.0,H,4.0,5.0,2.0,1.0,5.0,1.0,14.0,9.0,12.0,9.0
27/04/2016,Lille,Angers,0.0,0.0,D,9.0,3.0,1.0,4.0,3.0,4.0,12.0,18.0,12.0,7.0
29/04/2016,Paris SG,Rennes,4.0,0.0,H,5.0,2.0,1.0,1.0,12.0,2.0,6.0,8.0,27.0,9.0
30/04/2016,Caen,Bastia,0.0,0.0,D,4.0,3.0,1.0,3.0,5.0,2.0,9.0,13.0,14.0,7.0
30/04/2016,Lorient,Lille,0.0,1.0,A,5.0,6.0,1.0,2.0,3.0,5.0,13.0,14.0,13.0,14.0
30/04/2016,Lyon,Ajaccio GFCO,2.0,1.0,H,5.0,0.0,1.0,2.0,2.0,2.0,11.0,20.0,6.0,5.0
30/04/2016,Monaco,Guingamp,3.0,2.0,H,5.0,4.0,2.0,1.0,8.0,4.0,14.0,15.0,16.0,8.0
30/04/2016,Nantes,Nice,1.0,0.0,H,7.0,6.0,1.0,1.0,4.0,2.0,9.0,12.0,18.0,5.0
30/04/2016,Reims,Montpellier,2.0,3.0,A,9.0,9.0,2.0,1.0,7.0,5.0,12.0,12.0,15.0,10.0
30/04/2016,St Etienne,Toulouse,0.0,0.0,D,2.0,6.0,2.0,2.0,0.0,7.0,21.0,17.0,9.0,9.0
30/04/2016,Troyes,Bordeaux,2.0,4.0,A,9.0,3.0,4.0,1.0,7.0,9.0,11.0,9.0,18.0,13.0
01/05/2016,Angers,Marseille,0.0,1.0,A,2.0,3.0,2.0,4.0,1.0,4.0,14.0,13.0,12.0,12.0
07/05/2016,Ajaccio GFCO,Paris SG,0.0,4.0,A,3.0,3.0,1.0,1.0,1.0,6.0,9.0,11.0,7.0,9.0
07/05/2016,Bastia,Angers,1.0,0.0,H,6.0,5.0,1.0,1.0,6.0,2.0,16.0,15.0,9.0,11.0
07/05/2016,Bordeaux,Lorient,3.0,0.0,H,7.0,4.0,0.0,1.0,7.0,2.0,16.0,9.0,11.0,10.0
07/05/2016,Lille,Guingamp,0.0,0.0,D,11.0,3.0,1.0,4.0,7.0,0.0,15.0,22.0,28.0,2.0
07/05/2016,Lyon,Monaco,6.0,1.0,H,7.0,4.0,0.0,3.0,15.0,1.0,9.0,15.0,23.0,11.0
07/05/2016,Marseille,Reims,1.0,0.0,H,7.0,4.0,2.0,1.0,8.0,2.0,15.0,9.0,21.0,14.0
07/05/2016,Montpellier,Rennes,2.0,0.0,H,8.0,3.0,0.0,0.0,5.0,2.0,9.0,5.0,17.0,10.0
07/05/2016,Nantes,Caen,1.0,2.0,A,6.0,1.0,2.0,2.0,5.0,3.0,9.0,10.0,15.0,9.0
07/05/2016,Nice,St Etienne,2.0,0.0,H,5.0,3.0,2.0,3.0,4.0,1.0,11.0,14.0,11.0,2.0
07/05/2016,Toulouse,Troyes,1.0,0.0,H,9.0,2.0,2.0,3.0,4.0,1.0,10.0,21.0,14.0,3.0
11/05/2016,Bordeaux,Paris SG,1.0,1.0,D,5.0,3.0,1.0,2.0,3.0,2.0,11.0,7.0,8.0,9.0
14/05/2016,Angers,Toulouse,2.0,3.0,A,2.0,8.0,4.0,1.0,2.0,7.0,17.0,14.0,6.0,14.0
14/05/2016,Caen,Bordeaux,1.0,0.0,H,4.0,6.0,1.0,4.0,4.0,5.0,15.0,15.0,10.0,11.0
14/05/2016,Guingamp,Nice,2.0,3.0,A,4.0,2.0,2.0,1.0,3.0,3.0,9.0,10.0,15.0,10.0
14/05/2016,Lorient,Ajaccio GFCO,1.0,0.0,H,1.0,5.0,1.0,1.0,4.0,3.0,9.0,11.0,8.0,18.0
14/05/2016,Monaco,Montpellier,2.0,0.0,H,5.0,7.0,3.0,1.0,7.0,4.0,16.0,15.0,15.0,10.0
14/05/2016,Paris SG,Nantes,4.0,0.0,H,10.0,4.0,1.0,1.0,13.0,3.0,10.0,8.0,20.0,13.0
14/05/2016,Reims,Lyon,4.0,1.0,H,0.0,4.0,4.0,2.0,6.0,3.0,21.0,14.0,14.0,9.0
14/05/2016,Rennes,Bastia,1.0,2.0,A,8.0,2.0,3.0,5.0,8.0,5.0,5.0,15.0,17.0,9.0
14/05/2016,St Etienne,Lille,0.0,1.0,A,7.0,3.0,1.0,2.0,3.0,6.0,14.0,12.0,12.0,12.0
14/05/2016,Troyes,Marseille,1.0,1.0,D,5.0,13.0,2.0,1.0,4.0,6.0,8.0,7.0,9.0,19.0
12/08/2016,Bastia,Paris SG,0.0,1.0,A,2.0,6.0,3.0,3.0,0.0,6.0,15.0,16.0,10.0,9.0
12/08/2016,Monaco,Guingamp,2.0,2.0,D,8.0,2.0,3.0,4.0,4.0,5.0,14.0,15.0,18.0,9.0
13/08/2016,Bordeaux,St Etienne,3.0,2.0,H,3.0,6.0,1.0,2.0,6.0,5.0,9.0,20.0,10.0,14.0
13/08/2016,Caen,Lorient,3.0,2.0,H,10.0,2.0,1.0,2.0,6.0,2.0,13.0,9.0,15.0,8.0
13/08/2016,Dijon,Nantes,0.0,1.0,A,3.0,4.0,0.0,2.0,2.0,3.0,6.0,11.0,6.0,10.0
13/08/2016,Metz,Lille,3.0,2.0,H,4.0,5.0,2.0,2.0,3.0,4.0,13.0,9.0,7.0,13.0
13/08/2016,Montpellier,Angers,1.0,0.0,H,7.0,2.0,1.0,2.0,3.0,2.0,9.0,12.0,14.0,12.0
14/08/2016,Marseille,Toulouse,0.0,0.0,D,9.0,6.0,3.0,1.0,2.0,2.0,14.0,12.0,10.0,6.0
14/08/2016,Nancy,Lyon,0.0,3.0,A,4.0,4.0,4.0,2.0,1.0,7.0,18.0,14.0,11.0,9.0
14/08/2016,Nice,Rennes,1.0,0.0,H,4.0,8.0,0.0,1.0,1.0,4.0,12.0,9.0,7.0,19.0
19/08/2016,Lyon,Caen,2.0,0.0,H,13.0,3.0,3.0,4.0,7.0,1.0,17.0,14.0,21.0,7.0
20/08/2016,Angers,Nice,0.0,1.0,A,10.0,3.0,1.0,2.0,6.0,8.0,11.0,10.0,21.0,14.0
20/08/2016,Lille,Dijon,1.0,0.0,H,6.0,5.0,1.0,2.0,3.0,2.0,12.0,15.0,10.0,7.0
20/08/2016,Lorient,Bastia,0.0,3.0,A,2.0,5.0,2.0,4.0,3.0,7.0,15.0,11.0,10.0,16.0
20/08/2016,Nantes,Monaco,0.0,1.0,A,10.0,3.0,2.0,4.0,2.0,3.0,15.0,18.0,8.0,8.0
20/08/2016,Rennes,Nancy,2.0,0.0,H,3.0,7.0,4.0,2.0,3.0,1.0,11.0,8.0,9.0,8.0
20/08/2016,Toulouse,Bordeaux,4.0,1.0,H,3.0,6.0,1.0,3.0,5.0,2.0,19.0,14.0,11.0,9.0
21/08/2016,Guingamp,Marseille,2.0,1.0,H,4.0,6.0,0.0,1.0,4.0,3.0,9.0,15.0,14.0,8.0
21/08/2016,Paris SG,Metz,3.0,0.0,H,15.0,2.0,1.0,1.0,8.0,6.0,10.0,6.0,29.0,11.0
21/08/2016,St Etienne,Montpellier,3.0,1.0,H,4.0,6.0,1.0,1.0,5.0,3.0,9.0,12.0,14.0,13.0
26/08/2016,Marseille,Lorient,2.0,0.0,H,3.0,4.0,1.0,1.0,8.0,5.0,15.0,11.0,13.0,10.0
27/08/2016,Caen,Bastia,2.0,0.0,H,5.0,2.0,1.0,5.0,4.0,1.0,15.0,20.0,17.0,5.0
27/08/2016,Dijon,Lyon,4.0,2.0,H,2.0,10.0,2.0,2.0,5.0,9.0,11.0,9.0,8.0,25.0
27/08/2016,Metz,Angers,2.0,0.0,H,5.0,9.0,2.0,2.0,2.0,7.0,9.0,11.0,7.0,23.0
27/08/2016,Montpellier,Rennes,1.0,1.0,D,4.0,4.0,1.0,2.0,5.0,2.0,13.0,16.0,11.0,12.0
27/08/2016,Nancy,Guingamp,0.0,2.0,A,5.0,3.0,2.0,1.0,3.0,6.0,9.0,10.0,19.0,14.0
27/08/2016,Nice,Lille,1.0,1.0,D,4.0,6.0,2.0,2.0,6.0,3.0,13.0,13.0,13.0,8.0
28/08/2016,Bordeaux,Nantes,1.0,0.0,H,4.0,8.0,2.0,1.0,7.0,6.0,16.0,16.0,9.0,16.0
28/08/2016,Monaco,Paris SG,3.0,1.0,H,2.0,7.0,1.0,2.0,2.0,2.0,9.0,10.0,9.0,6.0
28/08/2016,St Etienne,Toulouse,0.0,0.0,D,7.0,4.0,2.0,1.0,3.0,2.0,9.0,16.0,16.0,9.0
09/09/2016,Paris SG,St Etienne,1.0,1.0,D,4.0,1.0,2.0,4.0,4.0,2.0,11.0,13.0,15.0,5.0
10/09/2016,Angers,Dijon,3.0,1.0,H,6.0,1.0,1.0,2.0,7.0,2.0,13.0,9.0,13.0,7.0
10/09/2016,Bastia,Toulouse,2.0,1.0,H,5.0,1.0,4.0,4.0,4.0,3.0,15.0,21.0,5.0,8.0
10/09/2016,Guingamp,Montpellier,1.0,1.0,D,7.0,3.0,1.0,1.0,4.0,2.0,14.0,14.0,12.0,5.0
10/09/2016,Lille,Monaco,1.0,4.0,A,8.0,1.0,3.0,1.0,3.0,6.0,19.0,13.0,6.0,9.0
10/09/2016,Lorient,Nancy,0.0,2.0,A,8.0,3.0,0.0,5.0,2.0,3.0,11.0,20.0,9.0,7.0
10/09/2016,Lyon,Bordeaux,1.0,3.0,A,4.0,4.0,2.0,1.0,4.0,6.0,14.0,7.0,11.0,10.0
11/09/2016,Nantes,Metz,0.0,3.0,A,8.0,3.0,1.0,4.0,3.0,4.0,8.0,19.0,13.0,10.0
11/09/2016,Nice,Marseille,3.0,2.0,H,6.0,3.0,2.0,3.0,7.0,5.0,10.0,15.0,18.0,14.0
11/09/2016,Rennes,Caen,2.0,0.0,H,2.0,8.0,2.0,1.0,4.0,4.0,12.0,7.0,5.0,8.0
16/09/2016,Caen,Paris SG,0.0,6.0,A,4.0,3.0,1.0,1.0,1.0,7.0,9.0,10.0,13.0,21.0
17/09/2016,Bordeaux,Angers,0.0,1.0,A,3.0,5.0,0.0,4.0,4.0,5.0,9.0,17.0,10.0,5.0
17/09/2016,Dijon,Metz,0.0,0.0,D,8.0,3.0,4.0,3.0,6.0,3.0,15.0,18.0,16.0,7.0
17/09/2016,Lorient,Lille,1.0,0.0,H,4.0,2.0,2.0,2.0,4.0,0.0,12.0,10.0,9.0,10.0
17/09/2016,Monaco,Rennes,3.0,0.0,H,3.0,4.0,1.0,1.0,7.0,3.0,13.0,10.0,17.0,5.0
17/09/2016,Nancy,Nantes,1.0,1.0,D,2.0,2.0,0.0,0.0,2.0,5.0,10.0,18.0,9.0,14.0
17/09/2016,Toulouse,Guingamp,2.0,1.0,H,8.0,1.0,4.0,3.0,5.0,3.0,18.0,11.0,13.0,5.0
18/09/2016,Marseille,Lyon,0.0,0.0,D,6.0,1.0,3.0,2.0,2.0,1.0,16.0,12.0,13.0,14.0
18/09/2016,Montpellier,Nice,1.0,1.0,D,6.0,3.0,1.0,1.0,5.0,4.0,18.0,12.0,15.0,9.0
18/09/2016,St Etienne,Bastia,1.0,0.0,H,4.0,4.0,2.0,4.0,3.0,3.0,19.0,11.0,13.0,9.0
20/09/2016,Lille,Toulouse,1.0,2.0,A,5.0,3.0,2.0,5.0,5.0,2.0,13.0,21.0,19.0,7.0
20/09/2016,Paris SG,Dijon,3.0,0.0,H,5.0,4.0,1.0,0.0,4.0,4.0,8.0,7.0,8.0,8.0
21/09/2016,Angers,Caen,2.0,1.0,H,1.0,4.0,0.0,1.0,5.0,1.0,12.0,11.0,13.0,6.0
21/09/2016,Bastia,Nancy,0.0,0.0,D,5.0,3.0,0.0,0.0,5.0,2.0,12.0,19.0,10.0,4.0
21/09/2016,Guingamp,Lorient,1.0,0.0,H,4.0,7.0,1.0,2.0,4.0,3.0,10.0,14.0,8.0,13.0
21/09/2016,Lyon,Montpellier,5.0,1.0,H,11.0,1.0,0.0,1.0,8.0,2.0,10.0,15.0,16.0,8.0
21/09/2016,Metz,Bordeaux,0.0,3.0,A,1.0,6.0,2.0,0.0,4.0,7.0,16.0,4.0,12.0,20.0
21/09/2016,Nantes,St Etienne,0.0,0.0,D,6.0,2.0,4.0,0.0,6.0,0.0,16.0,14.0,17.0,6.0
21/09/2016,Nice,Monaco,4.0,0.0,H,2.0,6.0,1.0,1.0,7.0,7.0,12.0,16.0,9.0,17.0
21/09/2016,Rennes,Marseille,3.0,2.0,H,4.0,4.0,1.0,1.0,5.0,4.0,11.0,24.0,13.0,8.0
23/09/2016,Toulouse,Paris SG,2.0,0.0,H,3.0,7.0,3.0,1.0,3.0,3.0,12.0,11.0,11.0,12.0
24/09/2016,Bastia,Guingamp,1.0,0.0,H,5.0,1.0,1.0,1.0,6.0,3.0,17.0,17.0,11.0,3.0
24/09/2016,Bordeaux,Caen,0.0,0.0,D,4.0,5.0,0.0,2.0,2.0,4.0,7.0,16.0,12.0,13.0
24/09/2016,Dijon,Rennes,3.0,0.0,H,7.0,3.0,1.0,1.0,5.0,4.0,7.0,12.0,15.0,19.0
24/09/2016,Lorient,Lyon,1.0,0.0,H,3.0,8.0,2.0,1.0,2.0,8.0,13.0,8.0,11.0,18.0
24/09/2016,Monaco,Angers,2.0,1.0,H,12.0,7.0,1.0,1.0,4.0,4.0,10.0,9.0,13.0,11.0
24/09/2016,Montpellier,Metz,0.0,1.0,A,7.0,5.0,2.0,3.0,2.0,3.0,14.0,20.0,16.0,4.0
25/09/2016,Marseille,Nantes,2.0,1.0,H,5.0,5.0,1.0,3.0,5.0,4.0,13.0,17.0,14.0,13.0
25/09/2016,Nancy,Nice,0.0,1.0,A,6.0,2.0,3.0,1.0,0.0,4.0,17.0,16.0,15.0,13.0
25/09/2016,St Etienne,Lille,3.0,1.0,H,4.0,5.0,3.0,1.0,3.0,3.0,17.0,15.0,9.0,12.0
30/09/2016,Rennes,Guingamp,1.0,0.0,H,6.0,2.0,2.0,1.0,3.0,1.0,10.0,12.0,13.0,6.0
01/10/2016,Caen,Toulouse,1.0,0.0,H,4.0,2.0,1.0,6.0,3.0,1.0,11.0,17.0,12.0,9.0
01/10/2016,Dijon,Montpellier,3.0,3.0,D,5.0,4.0,2.0,2.0,6.0,6.0,12.0,12.0,8.0,15.0
01/10/2016,Lille,Nancy,1.0,0.0,H,8.0,4.0,2.0,3.0,4.0,3.0,14.0,12.0,14.0,5.0
01/10/2016,Metz,Monaco,0.0,7.0,A,7.0,4.0,2.0,1.0,2.0,9.0,14.0,12.0,14.0,14.0
01/10/2016,Nantes,Bastia,1.0,0.0,H,3.0,2.0,4.0,3.0,8.0,6.0,19.0,9.0,20.0,12.0
01/10/2016,Paris SG,Bordeaux,2.0,0.0,H,11.0,2.0,1.0,1.0,7.0,2.0,8.0,9.0,14.0,6.0
02/10/2016,Angers,Marseille,1.0,1.0,D,3.0,7.0,1.0,0.0,5.0,2.0,6.0,12.0,17.0,9.0
02/10/2016,Lyon,St Etienne,2.0,0.0,H,7.0,7.0,3.0,1.0,7.0,3.0,18.0,15.0,14.0,11.0
02/10/2016,Nice,Lorient,2.0,1.0,H,3.0,5.0,2.0,3.0,2.0,4.0,9.0,14.0,8.0,17.0
14/10/2016,Nice,Lyon,2.0,0.0,H,1.0,4.0,3.0,3.0,6.0,3.0,13.0,22.0,16.0,4.0
14/10/2016,Toulouse,Monaco,3.0,1.0,H,6.0,1.0,2.0,1.0,6.0,1.0,14.0,17.0,17.0,4.0
15/10/2016,Bastia,Angers,1.0,2.0,A,6.0,4.0,2.0,0.0,3.0,3.0,8.0,11.0,12.0,7.0
15/10/2016,Guingamp,Lille,1.0,0.0,H,7.0,0.0,1.0,0.0,4.0,3.0,13.0,21.0,13.0,12.0
15/10/2016,Lorient,Nantes,1.0,2.0,A,6.0,1.0,4.0,4.0,5.0,3.0,12.0,9.0,15.0,5.0
15/10/2016,Montpellier,Caen,3.0,2.0,H,5.0,2.0,0.0,0.0,7.0,5.0,13.0,6.0,11.0,12.0
15/10/2016,Nancy,Paris SG,1.0,2.0,A,4.0,1.0,1.0,1.0,3.0,3.0,16.0,10.0,6.0,7.0
16/10/2016,Marseille,Metz,1.0,0.0,H,2.0,6.0,1.0,2.0,6.0,1.0,14.0,10.0,16.0,11.0
16/10/2016,Rennes,Bordeaux,1.0,1.0,D,8.0,3.0,1.0,2.0,4.0,1.0,15.0,11.0,15.0,7.0
16/10/2016,St Etienne,Dijon,1.0,1.0,D,10.0,4.0,1.0,3.0,3.0,3.0,11.0,8.0,17.0,11.0
21/10/2016,Monaco,Montpellier,6.0,2.0,H,6.0,2.0,2.0,0.0,9.0,3.0,14.0,10.0,14.0,9.0
22/10/2016,Angers,Toulouse,0.0,0.0,D,4.0,2.0,2.0,4.0,3.0,2.0,14.0,12.0,11.0,6.0
22/10/2016,Bordeaux,Nancy,1.0,1.0,D,5.0,4.0,1.0,3.0,2.0,3.0,12.0,16.0,12.0,11.0
22/10/2016,Dijon,Lorient,1.0,0.0,H,5.0,5.0,1.0,2.0,3.0,5.0,7.0,14.0,13.0,15.0
22/10/2016,Lille,Bastia,2.0,1.0,H,8.0,4.0,3.0,1.0,8.0,1.0,17.0,20.0,17.0,5.0
22/10/2016,Lyon,Guingamp,1.0,3.0,A,9.0,5.0,1.0,3.0,6.0,5.0,13.0,20.0,18.0,6.0
22/10/2016,Nantes,Rennes,1.0,2.0,A,3.0,0.0,1.0,3.0,4.0,3.0,12.0,8.0,9.0,7.0
23/10/2016,Caen,St Etienne,0.0,2.0,A,4.0,5.0,1.0,1.0,1.0,6.0,7.0,13.0,9.0,13.0
23/10/2016,Metz,Nice,2.0,4.0,A,4.0,3.0,4.0,0.0,5.0,8.0,17.0,1.0,9.0,17.0
23/10/2016,Paris SG,Marseille,0.0,0.0,D,9.0,0.0,0.0,2.0,3.0,0.0,4.0,10.0,17.0,0.0
28/10/2016,Lille,Paris SG,0.0,1.0,A,2.0,4.0,2.0,1.0,1.0,7.0,21.0,17.0,10.0,17.0
29/10/2016,Bastia,Dijon,0.0,0.0,D,13.0,5.0,1.0,1.0,11.0,2.0,11.0,25.0,19.0,8.0
29/10/2016,Guingamp,Angers,1.0,0.0,H,7.0,5.0,1.0,3.0,5.0,3.0,9.0,12.0,13.0,15.0
29/10/2016,Lorient,Montpellier,2.0,2.0,D,5.0,5.0,2.0,1.0,3.0,4.0,13.0,9.0,17.0,8.0
29/10/2016,Nancy,Caen,2.0,0.0,H,4.0,3.0,3.0,3.0,3.0,5.0,17.0,10.0,11.0,14.0
29/10/2016,St Etienne,Monaco,1.0,1.0,D,4.0,9.0,0.0,4.0,2.0,6.0,11.0,15.0,8.0,13.0
29/10/2016,Toulouse,Lyon,1.0,2.0,A,3.0,2.0,2.0,2.0,1.0,3.0,16.0,16.0,12.0,7.0
30/10/2016,Marseille,Bordeaux,0.0,0.0,D,3.0,0.0,1.0,1.0,3.0,1.0,13.0,8.0,10.0,5.0
30/10/2016,Nice,Nantes,4.0,1.0,H,2.0,4.0,1.0,3.0,7.0,4.0,12.0,19.0,12.0,16.0
30/10/2016,Rennes,Metz,1.0,0.0,H,3.0,4.0,0.0,3.0,4.0,2.0,9.0,17.0,10.0,8.0
04/11/2016,Montpellier,Marseille,3.0,1.0,H,1.0,5.0,1.0,1.0,4.0,2.0,10.0,9.0,13.0,10.0
05/11/2016,Angers,Lille,1.0,0.0,H,2.0,3.0,0.0,0.0,1.0,1.0,14.0,12.0,9.0,6.0
05/11/2016,Bordeaux,Lorient,2.0,1.0,H,4.0,7.0,3.0,2.0,6.0,1.0,2.0,10.0,12.0,9.0
05/11/2016,Dijon,Guingamp,3.0,3.0,D,6.0,3.0,0.0,1.0,7.0,6.0,12.0,17.0,13.0,14.0
05/11/2016,Lyon,Bastia,2.0,1.0,H,9.0,3.0,1.0,2.0,7.0,4.0,7.0,14.0,23.0,10.0
05/11/2016,Monaco,Nancy,6.0,0.0,H,4.0,6.0,0.0,1.0,8.0,1.0,10.0,18.0,16.0,8.0
05/11/2016,Nantes,Toulouse,1.0,1.0,D,6.0,2.0,4.0,2.0,2.0,4.0,17.0,8.0,13.0,4.0
06/11/2016,Caen,Nice,1.0,0.0,H,4.0,4.0,2.0,3.0,7.0,1.0,11.0,18.0,12.0,4.0
06/11/2016,Metz,St Etienne,0.0,0.0,D,2.0,1.0,2.0,0.0,2.0,2.0,17.0,15.0,14.0,8.0
06/11/2016,Paris SG,Rennes,4.0,0.0,H,9.0,2.0,1.0,2.0,6.0,1.0,7.0,10.0,18.0,4.0
18/11/2016,Lille,Lyon,0.0,1.0,A,5.0,5.0,2.0,3.0,3.0,3.0,15.0,15.0,14.0,17.0
18/11/2016,Lorient,Monaco,0.0,3.0,A,2.0,4.0,0.0,1.0,3.0,6.0,15.0,12.0,15.0,11.0
19/11/2016,Bastia,Montpellier,1.0,1.0,D,5.0,6.0,2.0,0.0,3.0,4.0,15.0,14.0,16.0,11.0
19/11/2016,Nancy,Dijon,1.0,0.0,H,7.0,8.0,1.0,3.0,4.0,5.0,17.0,22.0,13.0,12.0
19/11/2016,Paris SG,Nantes,2.0,0.0,H,4.0,5.0,0.0,1.0,5.0,1.0,9.0,9.0,10.0,12.0
19/11/2016,Rennes,Angers,1.0,1.0,D,6.0,2.0,2.0,2.0,2.0,4.0,10.0,13.0,11.0,7.0
19/11/2016,Toulouse,Metz,1.0,2.0,A,3.0,0.0,0.0,1.0,4.0,2.0,13.0,14.0,15.0,4.0
20/11/2016,Guingamp,Bordeaux,1.0,1.0,D,7.0,2.0,2.0,1.0,4.0,3.0,13.0,16.0,15.0,8.0
20/11/2016,Marseille,Caen,1.0,0.0,H,8.0,2.0,2.0,1.0,1.0,0.0,18.0,16.0,14.0,3.0
20/11/2016,St Etienne,Nice,0.0,1.0,A,1.0,4.0,2.0,1.0,1.0,5.0,12.0,9.0,8.0,15.0
25/11/2016,Rennes,Toulouse,1.0,0.0,H,4.0,4.0,2.0,2.0,3.0,3.0,14.0,19.0,11.0,12.0
26/11/2016,Bordeaux,Dijon,3.0,2.0,H,6.0,4.0,0.0,2.0,6.0,6.0,14.0,14.0,14.0,9.0
26/11/2016,Caen,Guingamp,1.0,1.0,D,5.0,2.0,0.0,2.0,4.0,4.0,11.0,18.0,18.0,11.0
26/11/2016,Metz,Lorient,3.0,3.0,D,6.0,3.0,2.0,2.0,6.0,6.0,10.0,18.0,11.0,10.0
26/11/2016,Monaco,Marseille,4.0,0.0,H,3.0,4.0,1.0,2.0,9.0,3.0,5.0,9.0,15.0,9.0
26/11/2016,Montpellier,Nancy,0.0,0.0,D,5.0,0.0,2.0,3.0,4.0,2.0,5.0,16.0,12.0,5.0
26/11/2016,Nantes,Lille,0.0,0.0,D,4.0,3.0,1.0,2.0,1.0,3.0,22.0,11.0,8.0,9.0
27/11/2016,Angers,St Etienne,1.0,2.0,A,6.0,5.0,3.0,3.0,6.0,5.0,21.0,11.0,14.0,8.0
27/11/2016,Lyon,Paris SG,1.0,2.0,A,6.0,8.0,1.0,6.0,3.0,5.0,8.0,17.0,14.0,11.0
27/11/2016,Nice,Bastia,1.0,1.0,D,5.0,4.0,0.0,3.0,7.0,2.0,10.0,16.0,12.0,11.0
29/11/2016,Dijon,Monaco,1.0,1.0,D,6.0,4.0,2.0,0.0,2.0,4.0,7.0,12.0,12.0,9.0
29/11/2016,Lille,Caen,4.0,2.0,H,3.0,2.0,0.0,1.0,8.0,2.0,8.0,12.0,19.0,13.0
29/11/2016,Lorient,Rennes,2.0,1.0,H,2.0,3.0,1.0,1.0,3.0,8.0,15.0,11.0,10.0,15.0
30/11/2016,Bastia,Bordeaux,1.0,1.0,D,6.0,4.0,2.0,4.0,6.0,3.0,7.0,14.0,13.0,8.0
30/11/2016,Guingamp,Nice,0.0,1.0,A,9.0,3.0,2.0,1.0,5.0,4.0,18.0,16.0,11.0,12.0
30/11/2016,Nancy,Metz,4.0,0.0,H,6.0,3.0,5.0,2.0,7.0,4.0,16.0,14.0,17.0,8.0
30/11/2016,Nantes,Lyon,0.0,6.0,A,5.0,10.0,1.0,1.0,1.0,9.0,11.0,11.0,12.0,20.0
30/11/2016,Paris SG,Angers,2.0,0.0,H,10.0,4.0,2.0,1.0,4.0,3.0,12.0,8.0,15.0,14.0
30/11/2016,St Etienne,Marseille,0.0,0.0,D,2.0,2.0,0.0,1.0,3.0,7.0,5.0,12.0,7.0,13.0
30/11/2016,Toulouse,Montpellier,1.0,0.0,H,1.0,6.0,2.0,3.0,3.0,2.0,14.0,12.0,5.0,12.0
02/12/2016,Caen,Dijon,3.0,3.0,D,6.0,1.0,4.0,2.0,9.0,4.0,15.0,16.0,16.0,13.0
03/12/2016,Angers,Lorient,2.0,2.0,D,6.0,11.0,0.0,1.0,5.0,5.0,5.0,9.0,19.0,13.0
03/12/2016,Bordeaux,Lille,0.0,1.0,A,5.0,5.0,2.0,4.0,1.0,9.0,15.0,17.0,8.0,16.0
03/12/2016,Guingamp,Nantes,2.0,0.0,H,9.0,1.0,0.0,2.0,6.0,2.0,11.0,18.0,15.0,8.0
03/12/2016,Monaco,Bastia,5.0,0.0,H,6.0,5.0,3.0,3.0,7.0,0.0,16.0,11.0,12.0,7.0
03/12/2016,Montpellier,Paris SG,3.0,0.0,H,3.0,2.0,0.0,2.0,3.0,3.0,8.0,15.0,6.0,10.0
04/12/2016,Marseille,Nancy,3.0,0.0,H,6.0,1.0,1.0,1.0,9.0,2.0,14.0,8.0,19.0,7.0
04/12/2016,Nice,Toulouse,3.0,0.0,H,2.0,2.0,0.0,2.0,6.0,0.0,6.0,15.0,11.0,12.0
04/12/2016,Rennes,St Etienne,2.0,0.0,H,7.0,4.0,3.0,2.0,5.0,0.0,18.0,6.0,14.0,4.0
10/12/2016,Bastia,Metz,2.0,0.0,H,5.0,5.0,2.0,2.0,6.0,1.0,13.0,19.0,16.0,8.0
10/12/2016,Bordeaux,Monaco,0.0,4.0,A,9.0,9.0,3.0,1.0,2.0,6.0,11.0,15.0,9.0,16.0
10/12/2016,Dijon,Marseille,1.0,2.0,A,7.0,4.0,1.0,2.0,5.0,7.0,12.0,18.0,14.0,12.0
10/12/2016,Lille,Montpellier,2.0,1.0,H,1.0,3.0,1.0,1.0,4.0,6.0,17.0,13.0,12.0,17.0
10/12/2016,Nancy,Angers,2.0,0.0,H,2.0,12.0,1.0,1.0,6.0,2.0,7.0,8.0,12.0,10.0
10/12/2016,Toulouse,Lorient,3.0,2.0,H,3.0,8.0,2.0,0.0,5.0,8.0,8.0,5.0,10.0,17.0
11/12/2016,Lyon,Rennes,1.0,0.0,H,4.0,6.0,3.0,0.0,4.0,5.0,16.0,15.0,5.0,13.0
11/12/2016,Paris SG,Nice,2.0,2.0,D,9.0,0.0,2.0,3.0,10.0,3.0,17.0,10.0,22.0,5.0
11/12/2016,St Etienne,Guingamp,1.0,0.0,H,4.0,4.0,0.0,2.0,2.0,8.0,13.0,14.0,7.0,18.0
16/12/2016,Angers,Nantes,0.0,2.0,A,6.0,1.0,1.0,3.0,2.0,4.0,12.0,9.0,15.0,11.0
17/12/2016,Guingamp,Paris SG,2.0,1.0,H,4.0,7.0,0.0,0.0,2.0,7.0,18.0,16.0,11.0,15.0
17/12/2016,Lorient,St Etienne,2.0,1.0,H,6.0,3.0,4.0,2.0,9.0,3.0,12.0,13.0,21.0,9.0
17/12/2016,Montpellier,Bordeaux,4.0,0.0,H,5.0,1.0,2.0,2.0,8.0,3.0,11.0,12.0,22.0,12.0
17/12/2016,Rennes,Bastia,1.0,2.0,A,6.0,6.0,1.0,0.0,4.0,4.0,15.0,11.0,12.0,14.0
17/12/2016,Toulouse,Nancy,1.0,1.0,D,3.0,3.0,1.0,3.0,2.0,3.0,17.0,12.0,5.0,10.0
18/12/2016,Caen,Metz,3.0,0.0,H,4.0,6.0,2.0,3.0,8.0,3.0,8.0,13.0,17.0,16.0
18/12/2016,Marseille,Lille,2.0,0.0,H,6.0,2.0,0.0,0.0,5.0,4.0,13.0,15.0,13.0,13.0
18/12/2016,Monaco,Lyon,1.0,3.0,A,6.0,9.0,4.0,2.0,4.0,10.0,20.0,20.0,13.0,17.0
18/12/2016,Nice,Dijon,2.0,1.0,H,3.0,3.0,1.0,3.0,3.0,4.0,13.0,21.0,8.0,11.0
21/12/2016,Bastia,Marseille,1.0,2.0,A,6.0,4.0,1.0,3.0,4.0,3.0,7.0,13.0,17.0,7.0
21/12/2016,Bordeaux,Nice,0.0,0.0,D,8.0,0.0,2.0,2.0,3.0,4.0,16.0,8.0,15.0,15.0
21/12/2016,Dijon,Toulouse,2.0,0.0,H,3.0,5.0,2.0,4.0,6.0,3.0,12.0,19.0,11.0,6.0
21/12/2016,Lille,Rennes,1.0,1.0,D,2.0,1.0,1.0,1.0,6.0,4.0,11.0,20.0,18.0,10.0
21/12/2016,Lyon,Angers,2.0,0.0,H,7.0,3.0,0.0,2.0,3.0,3.0,12.0,15.0,14.0,11.0
21/12/2016,Metz,Guingamp,2.0,2.0,D,5.0,2.0,2.0,1.0,4.0,4.0,16.0,11.0,9.0,9.0
21/12/2016,Monaco,Caen,2.0,1.0,H,5.0,2.0,3.0,0.0,6.0,5.0,15.0,12.0,21.0,16.0
21/12/2016,Nantes,Montpellier,1.0,0.0,H,2.0,8.0,2.0,0.0,2.0,4.0,15.0,12.0,5.0,18.0
21/12/2016,Paris SG,Lorient,5.0,0.0,H,13.0,3.0,0.0,1.0,7.0,1.0,8.0,10.0,19.0,4.0
21/12/2016,St Etienne,Nancy,0.0,0.0,D,12.0,2.0,1.0,1.0,3.0,3.0,15.0,11.0,18.0,5.0
13/01/2017,Lille,St Etienne,1.0,1.0,D,6.0,4.0,0.0,3.0,8.0,3.0,14.0,14.0,22.0,8.0
14/01/2017,Angers,Bordeaux,1.0,1.0,D,2.0,3.0,4.0,3.0,3.0,0.0,15.0,16.0,7.0,9.0
14/01/2017,Lorient,Guingamp,3.0,1.0,H,3.0,6.0,2.0,3.0,5.0,7.0,12.0,14.0,16.0,12.0
14/01/2017,Montpellier,Dijon,1.0,1.0,D,14.0,5.0,0.0,0.0,3.0,2.0,8.0,12.0,24.0,6.0
14/01/2017,Nancy,Bastia,1.0,0.0,H,6.0,5.0,2.0,0.0,4.0,2.0,10.0,13.0,15.0,11.0
14/01/2017,Rennes,Paris SG,0.0,1.0,A,5.0,2.0,0.0,2.0,1.0,4.0,15.0,7.0,12.0,9.0
14/01/2017,Toulouse,Nantes,0.0,1.0,A,7.0,3.0,1.0,3.0,4.0,1.0,11.0,17.0,15.0,8.0
15/01/2017,Caen,Lyon,3.0,2.0,H,7.0,5.0,3.0,3.0,5.0,5.0,26.0,21.0,12.0,16.0
15/01/2017,Marseille,Monaco,1.0,4.0,A,11.0,6.0,1.0,1.0,3.0,9.0,7.0,7.0,8.0,14.0
15/01/2017,Nice,Metz,0.0,0.0,D,3.0,4.0,2.0,1.0,2.0,3.0,16.0,13.0,12.0,15.0
18/01/2017,Nantes,Caen,1.0,0.0,H,5.0,4.0,2.0,2.0,6.0,3.0,12.0,9.0,16.0,9.0
20/01/2017,Bastia,Nice,1.0,1.0,D,0.0,4.0,1.0,0.0,2.0,5.0,16.0,9.0,11.0,17.0
21/01/2017,Bordeaux,Toulouse,1.0,0.0,H,6.0,4.0,2.0,1.0,10.0,6.0,18.0,16.0,22.0,8.0
21/01/2017,Dijon,Lille,0.0,0.0,D,10.0,7.0,2.0,2.0,4.0,3.0,17.0,19.0,19.0,11.0
21/01/2017,Guingamp,Rennes,1.0,1.0,D,4.0,1.0,2.0,2.0,4.0,3.0,11.0,16.0,15.0,7.0
21/01/2017,Metz,Montpellier,2.0,0.0,H,4.0,8.0,1.0,2.0,4.0,4.0,18.0,10.0,6.0,15.0
21/01/2017,Nantes,Paris SG,0.0,2.0,A,6.0,5.0,2.0,1.0,0.0,5.0,15.0,11.0,7.0,15.0
22/01/2017,Lyon,Marseille,3.0,1.0,H,6.0,8.0,1.0,2.0,8.0,4.0,14.0,18.0,19.0,11.0
22/01/2017,Monaco,Lorient,4.0,0.0,H,3.0,6.0,1.0,1.0,7.0,3.0,7.0,12.0,16.0,6.0
22/01/2017,St Etienne,Angers,2.0,1.0,H,6.0,3.0,2.0,3.0,4.0,5.0,8.0,8.0,12.0,16.0
27/01/2017,Marseille,Montpellier,5.0,1.0,H,7.0,5.0,1.0,1.0,9.0,9.0,12.0,7.0,17.0,19.0
28/01/2017,Angers,Metz,2.0,1.0,H,10.0,1.0,0.0,0.0,10.0,0.0,9.0,8.0,19.0,3.0
28/01/2017,Bastia,Caen,1.0,1.0,D,4.0,9.0,2.0,2.0,3.0,5.0,11.0,14.0,11.0,18.0
28/01/2017,Lorient,Dijon,2.0,3.0,A,2.0,2.0,4.0,3.0,6.0,4.0,13.0,11.0,15.0,5.0
28/01/2017,Lyon,Lille,1.0,2.0,A,4.0,1.0,1.0,3.0,6.0,4.0,18.0,15.0,13.0,9.0
28/01/2017,Nancy,Bordeaux,0.0,2.0,A,6.0,8.0,0.0,2.0,1.0,3.0,11.0,9.0,11.0,9.0
28/01/2017,Rennes,Nantes,1.0,1.0,D,3.0,2.0,3.0,1.0,1.0,3.0,10.0,15.0,7.0,10.0
29/01/2017,Nice,Guingamp,3.0,1.0,H,3.0,7.0,3.0,3.0,4.0,4.0,14.0,21.0,9.0,13.0
29/01/2017,Paris SG,Monaco,1.0,1.0,D,4.0,13.0,0.0,1.0,4.0,7.0,13.0,11.0,11.0,14.0
29/01/2017,Toulouse,St Etienne,0.0,3.0,A,3.0,3.0,2.0,4.0,3.0,6.0,17.0,21.0,13.0,20.0
03/02/2017,Metz,Marseille,1.0,0.0,H,0.0,7.0,1.0,3.0,3.0,2.0,12.0,15.0,9.0,11.0
04/02/2017,Bordeaux,Rennes,1.0,1.0,D,1.0,7.0,1.0,1.0,2.0,5.0,11.0,8.0,9.0,17.0
04/02/2017,Dijon,Paris SG,1.0,3.0,A,2.0,9.0,1.0,2.0,1.0,8.0,12.0,5.0,7.0,21.0
04/02/2017,Guingamp,Caen,0.0,1.0,A,9.0,1.0,1.0,2.0,4.0,2.0,11.0,13.0,13.0,10.0
04/02/2017,Lille,Lorient,0.0,1.0,A,5.0,3.0,1.0,1.0,3.0,5.0,16.0,17.0,15.0,12.0
04/02/2017,Monaco,Nice,3.0,0.0,H,4.0,4.0,1.0,1.0,7.0,1.0,21.0,11.0,14.0,11.0
04/02/2017,Montpellier,Bastia,2.0,1.0,H,2.0,4.0,3.0,1.0,5.0,2.0,10.0,17.0,13.0,15.0
05/02/2017,Nantes,Nancy,0.0,2.0,A,9.0,5.0,2.0,1.0,3.0,3.0,14.0,12.0,14.0,8.0
05/02/2017,St Etienne,Lyon,2.0,0.0,H,8.0,3.0,2.0,2.0,6.0,4.0,17.0,19.0,13.0,12.0
05/02/2017,Toulouse,Angers,4.0,0.0,H,4.0,5.0,2.0,4.0,8.0,3.0,16.0,12.0,15.0,12.0
07/02/2017,Caen,Bordeaux,0.0,4.0,A,3.0,2.0,1.0,1.0,1.0,4.0,18.0,8.0,4.0,13.0
07/02/2017,Montpellier,Monaco,1.0,2.0,A,6.0,3.0,1.0,1.0,2.0,5.0,15.0,13.0,11.0,11.0
07/02/2017,Paris SG,Lille,2.0,1.0,H,9.0,1.0,1.0,3.0,7.0,3.0,9.0,11.0,20.0,4.0
08/02/2017,Angers,Rennes,0.0,0.0,D,6.0,9.0,2.0,1.0,2.0,3.0,20.0,12.0,12.0,9.0
08/02/2017,Lorient,Toulouse,1.0,1.0,D,9.0,4.0,2.0,2.0,5.0,4.0,7.0,9.0,10.0,12.0
08/02/2017,Lyon,Nancy,4.0,0.0,H,8.0,3.0,1.0,1.0,6.0,2.0,15.0,6.0,18.0,7.0
08/02/2017,Marseille,Guingamp,2.0,0.0,H,4.0,4.0,2.0,1.0,5.0,1.0,18.0,6.0,20.0,6.0
08/02/2017,Metz,Dijon,2.0,1.0,H,3.0,1.0,1.0,2.0,3.0,5.0,14.0,11.0,13.0,12.0
08/02/2017,Nice,St Etienne,1.0,0.0,H,2.0,6.0,1.0,3.0,5.0,2.0,7.0,16.0,14.0,10.0
10/02/2017,Bordeaux,Paris SG,0.0,3.0,A,3.0,2.0,0.0,1.0,4.0,5.0,8.0,7.0,14.0,8.0
11/02/2017,Dijon,Caen,2.0,0.0,H,2.0,5.0,1.0,0.0,3.0,5.0,17.0,13.0,8.0,11.0
11/02/2017,Guingamp,Lyon,2.0,1.0,H,1.0,11.0,2.0,2.0,2.0,5.0,19.0,13.0,7.0,14.0
11/02/2017,Lille,Angers,1.0,2.0,A,4.0,3.0,1.0,2.0,3.0,5.0,14.0,14.0,16.0,14.0
11/02/2017,Monaco,Metz,5.0,0.0,H,8.0,3.0,1.0,3.0,13.0,1.0,7.0,11.0,26.0,5.0
11/02/2017,Nancy,Montpellier,0.0,3.0,A,5.0,2.0,3.0,2.0,3.0,5.0,11.0,13.0,14.0,10.0
11/02/2017,Toulouse,Bastia,4.0,1.0,H,7.0,3.0,3.0,1.0,7.0,4.0,13.0,12.0,18.0,12.0
12/02/2017,Nantes,Marseille,3.0,2.0,H,8.0,7.0,1.0,1.0,7.0,3.0,14.0,9.0,15.0,11.0
12/02/2017,Rennes,Nice,2.0,2.0,D,6.0,0.0,1.0,2.0,6.0,3.0,14.0,14.0,14.0,6.0
12/02/2017,St Etienne,Lorient,4.0,0.0,H,4.0,2.0,0.0,0.0,5.0,2.0,13.0,10.0,11.0,5.0
17/02/2017,Bastia,Monaco,1.0,1.0,D,3.0,8.0,2.0,0.0,3.0,4.0,14.0,10.0,9.0,16.0
18/02/2017,Angers,Nancy,1.0,0.0,H,7.0,3.0,0.0,1.0,5.0,1.0,9.0,8.0,14.0,8.0
18/02/2017,Caen,Lille,0.0,1.0,A,3.0,3.0,1.0,1.0,3.0,3.0,12.0,8.0,15.0,7.0
18/02/2017,Lorient,Nice,0.0,1.0,A,5.0,1.0,3.0,2.0,5.0,4.0,14.0,15.0,16.0,5.0
18/02/2017,Marseille,Rennes,2.0,0.0,H,3.0,5.0,1.0,0.0,5.0,1.0,11.0,1.0,11.0,8.0
18/02/2017,Metz,Nantes,1.0,1.0,D,4.0,8.0,1.0,4.0,1.0,4.0,9.0,20.0,10.0,9.0
19/02/2017,Bordeaux,Guingamp,3.0,0.0,H,5.0,6.0,2.0,2.0,7.0,4.0,14.0,17.0,21.0,14.0
19/02/2017,Lyon,Dijon,4.0,2.0,H,9.0,2.0,1.0,4.0,13.0,3.0,10.0,14.0,33.0,8.0
19/02/2017,Montpellier,St Etienne,2.0,1.0,H,4.0,5.0,1.0,0.0,4.0,4.0,6.0,13.0,17.0,7.0
19/02/2017,Paris SG,Toulouse,0.0,0.0,D,7.0,2.0,1.0,3.0,3.0,1.0,11.0,16.0,14.0,3.0
21/02/2017,Caen,Nancy,1.0,0.0,H,5.0,6.0,3.0,2.0,6.0,2.0,16.0,13.0,15.0,6.0
24/02/2017,Nantes,Dijon,3.0,1.0,H,3.0,1.0,3.0,2.0,6.0,3.0,19.0,13.0,20.0,9.0
24/02/2017,Nice,Montpellier,2.0,1.0,H,1.0,3.0,2.0,0.0,4.0,1.0,10.0,10.0,12.0,11.0
25/02/2017,Angers,Bastia,3.0,0.0,H,5.0,7.0,2.0,0.0,15.0,3.0,12.0,6.0,24.0,12.0
25/02/2017,Guingamp,Monaco,1.0,2.0,A,4.0,4.0,3.0,2.0,2.0,5.0,16.0,14.0,5.0,14.0
25/02/2017,Lille,Bordeaux,2.0,3.0,A,3.0,3.0,4.0,2.0,2.0,9.0,14.0,12.0,7.0,14.0
25/02/2017,Nancy,Toulouse,0.0,0.0,D,5.0,6.0,2.0,3.0,2.0,4.0,12.0,20.0,9.0,10.0
25/02/2017,Rennes,Lorient,1.0,0.0,H,2.0,3.0,0.0,3.0,9.0,2.0,10.0,19.0,14.0,6.0
26/02/2017,Lyon,Metz,5.0,0.0,H,10.0,1.0,1.0,3.0,7.0,2.0,10.0,7.0,27.0,9.0
26/02/2017,Marseille,Paris SG,1.0,5.0,A,4.0,7.0,1.0,1.0,0.0,11.0,9.0,6.0,9.0,17.0
26/02/2017,St Etienne,Caen,0.0,1.0,A,5.0,2.0,0.0,2.0,1.0,3.0,10.0,12.0,11.0,10.0
01/03/2017,Bastia,Nantes,2.0,2.0,D,3.0,7.0,3.0,1.0,2.0,3.0,7.0,9.0,6.0,13.0
03/03/2017,Bordeaux,Lyon,1.0,1.0,D,5.0,4.0,5.0,4.0,4.0,2.0,21.0,17.0,16.0,13.0
04/03/2017,Bastia,St Etienne,0.0,0.0,D,4.0,4.0,1.0,1.0,1.0,2.0,8.0,15.0,5.0,11.0
04/03/2017,Caen,Angers,2.0,3.0,A,4.0,3.0,1.0,2.0,3.0,4.0,11.0,9.0,16.0,9.0
04/03/2017,Dijon,Nice,0.0,1.0,A,6.0,4.0,2.0,1.0,2.0,5.0,13.0,7.0,13.0,11.0
04/03/2017,Metz,Rennes,1.0,1.0,D,3.0,4.0,3.0,3.0,4.0,8.0,11.0,17.0,10.0,17.0
04/03/2017,Montpellier,Guingamp,1.0,1.0,D,9.0,7.0,1.0,0.0,2.0,3.0,9.0,9.0,11.0,6.0
04/03/2017,Paris SG,Nancy,1.0,0.0,H,13.0,2.0,2.0,3.0,7.0,3.0,13.0,18.0,23.0,10.0
05/03/2017,Lorient,Marseille,1.0,4.0,A,5.0,8.0,2.0,1.0,4.0,7.0,12.0,13.0,11.0,15.0
05/03/2017,Monaco,Nantes,4.0,0.0,H,5.0,7.0,2.0,2.0,7.0,3.0,10.0,16.0,13.0,10.0
05/03/2017,Toulouse,Lille,1.0,1.0,D,3.0,3.0,2.0,2.0,5.0,5.0,16.0,21.0,10.0,14.0
10/03/2017,Marseille,Angers,3.0,0.0,H,2.0,4.0,1.0,0.0,4.0,7.0,11.0,10.0,11.0,14.0
10/03/2017,Nice,Caen,2.0,2.0,D,6.0,0.0,2.0,1.0,4.0,2.0,13.0,12.0,14.0,6.0
11/03/2017,Guingamp,Bastia,5.0,0.0,H,5.0,8.0,0.0,2.0,8.0,1.0,10.0,13.0,21.0,2.0
11/03/2017,Monaco,Bordeaux,2.0,1.0,H,10.0,3.0,1.0,3.0,6.0,2.0,9.0,11.0,11.0,9.0
11/03/2017,Montpellier,Nantes,2.0,3.0,A,3.0,5.0,0.0,3.0,8.0,7.0,6.0,17.0,14.0,14.0
11/03/2017,Nancy,Lille,1.0,2.0,A,5.0,4.0,4.0,2.0,3.0,6.0,11.0,13.0,16.0,10.0
11/03/2017,Rennes,Dijon,1.0,1.0,D,1.0,4.0,2.0,1.0,4.0,8.0,10.0,11.0,14.0,11.0
12/03/2017,Lorient,Paris SG,1.0,2.0,A,3.0,9.0,2.0,1.0,2.0,6.0,9.0,7.0,6.0,12.0
12/03/2017,Lyon,Toulouse,4.0,0.0,H,4.0,3.0,1.0,2.0,7.0,4.0,10.0,12.0,12.0,10.0
12/03/2017,St Etienne,Metz,2.0,2.0,D,4.0,3.0,0.0,1.0,7.0,6.0,14.0,20.0,14.0,12.0
17/03/2017,Lille,Marseille,0.0,0.0,D,7.0,8.0,1.0,4.0,2.0,4.0,18.0,7.0,9.0,7.0
17/03/2017,Metz,Bastia,1.0,0.0,H,4.0,4.0,2.0,2.0,2.0,0.0,12.0,12.0,9.0,6.0
18/03/2017,Angers,Guingamp,3.0,0.0,H,8.0,3.0,2.0,1.0,5.0,1.0,11.0,6.0,15.0,10.0
18/03/2017,Bordeaux,Montpellier,5.0,1.0,H,5.0,8.0,0.0,0.0,7.0,4.0,7.0,9.0,13.0,13.0
18/03/2017,Nancy,Lorient,2.0,3.0,A,8.0,3.0,1.0,2.0,7.0,5.0,16.0,7.0,14.0,7.0
18/03/2017,Nantes,Nice,1.0,1.0,D,5.0,4.0,3.0,1.0,5.0,2.0,7.0,12.0,18.0,5.0
18/03/2017,Toulouse,Rennes,0.0,0.0,D,5.0,9.0,1.0,2.0,0.0,3.0,14.0,14.0,6.0,17.0
19/03/2017,Caen,Monaco,0.0,3.0,A,2.0,7.0,1.0,0.0,1.0,7.0,8.0,14.0,5.0,16.0
19/03/2017,Dijon,St Etienne,0.0,1.0,A,3.0,6.0,2.0,1.0,0.0,4.0,13.0,9.0,17.0,16.0
19/03/2017,Paris SG,Lyon,2.0,1.0,H,8.0,10.0,2.0,1.0,4.0,2.0,11.0,8.0,12.0,11.0
31/03/2017,Guingamp,Nancy,1.0,0.0,H,12.0,1.0,1.0,2.0,3.0,1.0,14.0,9.0,17.0,4.0
01/04/2017,Bastia,Lille,0.0,1.0,A,5.0,0.0,1.0,1.0,2.0,3.0,9.0,15.0,14.0,9.0
01/04/2017,Marseille,Dijon,1.0,1.0,D,4.0,3.0,2.0,4.0,5.0,5.0,9.0,17.0,19.0,8.0
02/04/2017,Lorient,Caen,1.0,0.0,H,8.0,3.0,1.0,1.0,2.0,3.0,8.0,9.0,13.0,16.0
02/04/2017,Montpellier,Toulouse,0.0,1.0,A,5.0,8.0,2.0,2.0,2.0,4.0,9.0,9.0,18.0,9.0
02/04/2017,Nantes,Angers,2.0,1.0,H,4.0,3.0,1.0,1.0,3.0,3.0,9.0,9.0,13.0,18.0
02/04/2017,Nice,Bordeaux,2.0,1.0,H,3.0,6.0,2.0,1.0,4.0,4.0,15.0,14.0,10.0,18.0
02/04/2017,Rennes,Lyon,1.0,1.0,D,4.0,8.0,1.0,1.0,2.0,6.0,8.0,17.0,7.0,20.0
05/04/2017,Metz,Lyon,0.0,3.0,A,7.0,6.0,3.0,1.0,3.0,6.0,11.0,15.0,15.0,18.0
07/04/2017,Lille,Nice,1.0,2.0,A,5.0,3.0,1.0,1.0,3.0,7.0,22.0,13.0,11.0,12.0
08/04/2017,Angers,Monaco,0.0,1.0,A,4.0,6.0,2.0,1.0,4.0,6.0,13.0,15.0,16.0,11.0
08/04/2017,Bordeaux,Metz,3.0,0.0,H,4.0,2.0,2.0,2.0,6.0,5.0,8.0,14.0,17.0,9.0
08/04/2017,Caen,Montpellier,0.0,2.0,A,2.0,5.0,4.0,3.0,4.0,6.0,15.0,12.0,14.0,15.0
08/04/2017,Dijon,Bastia,1.0,2.0,A,8.0,2.0,2.0,0.0,6.0,7.0,14.0,11.0,14.0,13.0
08/04/2017,Lyon,Lorient,1.0,4.0,A,5.0,4.0,3.0,1.0,5.0,6.0,13.0,10.0,16.0,14.0
08/04/2017,Nancy,Rennes,3.0,0.0,H,4.0,4.0,2.0,1.0,5.0,5.0,12.0,18.0,14.0,9.0
09/04/2017,Paris SG,Guingamp,4.0,0.0,H,7.0,4.0,1.0,2.0,7.0,4.0,12.0,12.0,17.0,12.0
09/04/2017,St Etienne,Nantes,1.0,1.0,D,8.0,2.0,3.0,2.0,4.0,3.0,12.0,11.0,11.0,10.0
09/04/2017,Toulouse,Marseille,0.0,0.0,D,7.0,7.0,2.0,2.0,4.0,3.0,16.0,12.0,11.0,15.0
14/04/2017,Angers,Paris SG,0.0,2.0,A,5.0,1.0,2.0,1.0,4.0,2.0,13.0,12.0,17.0,10.0
15/04/2017,Guingamp,Toulouse,2.0,1.0,H,11.0,2.0,3.0,2.0,8.0,2.0,11.0,19.0,20.0,9.0
15/04/2017,Metz,Caen,2.0,2.0,D,1.0,2.0,1.0,1.0,2.0,3.0,12.0,7.0,8.0,13.0
15/04/2017,Monaco,Dijon,2.0,1.0,H,15.0,4.0,1.0,3.0,7.0,4.0,11.0,14.0,20.0,8.0
15/04/2017,Montpellier,Lorient,2.0,0.0,H,3.0,8.0,1.0,2.0,5.0,3.0,5.0,7.0,10.0,11.0
15/04/2017,Nice,Nancy,3.0,1.0,H,1.0,7.0,1.0,2.0,4.0,3.0,8.0,16.0,14.0,8.0
15/04/2017,Rennes,Lille,2.0,0.0,H,1.0,10.0,1.0,2.0,3.0,5.0,11.0,10.0,10.0,22.0
16/04/2017,Bastia,Lyon,0.0,3.0,A,,,,,,,,,,
16/04/2017,Marseille,St Etienne,4.0,0.0,H,3.0,3.0,1.0,2.0,7.0,3.0,14.0,16.0,12.0,7.0
16/04/2017,Nantes,Bordeaux,0.0,1.0,A,6.0,3.0,1.0,3.0,0.0,5.0,15.0,13.0,10.0,12.0
18/04/2017,Metz,Paris SG,2.0,3.0,A,1.0,8.0,1.0,1.0,2.0,6.0,13.0,11.0,6.0,18.0
21/04/2017,Nancy,Marseille,0.0,0.0,D,3.0,7.0,0.0,2.0,2.0,3.0,9.0,10.0,9.0,18.0
22/04/2017,Bordeaux,Bastia,2.0,0.0,H,5.0,7.0,2.0,2.0,6.0,1.0,12.0,16.0,14.0,13.0
22/04/2017,Caen,Nantes,0.0,2.0,A,8.0,2.0,1.0,1.0,2.0,8.0,11.0,10.0,13.0,16.0
22/04/2017,Dijon,Angers,3.0,2.0,H,4.0,5.0,2.0,2.0,6.0,5.0,11.0,13.0,15.0,9.0
22/04/2017,Lille,Guingamp,3.0,0.0,H,4.0,8.0,0.0,2.0,9.0,7.0,14.0,11.0,25.0,10.0
22/04/2017,Lorient,Metz,5.0,1.0,H,8.0,4.0,1.0,1.0,9.0,3.0,12.0,10.0,19.0,7.0
22/04/2017,Paris SG,Montpellier,2.0,0.0,H,6.0,6.0,1.0,0.0,9.0,4.0,10.0,5.0,19.0,15.0
23/04/2017,Lyon,Monaco,1.0,2.0,A,7.0,6.0,2.0,1.0,3.0,6.0,14.0,12.0,8.0,14.0
23/04/2017,St Etienne,Rennes,1.0,1.0,D,6.0,4.0,1.0,3.0,2.0,2.0,11.0,14.0,7.0,7.0
23/04/2017,Toulouse,Nice,1.0,1.0,D,6.0,5.0,3.0,5.0,3.0,3.0,20.0,11.0,4.0,14.0
28/04/2017,Angers,Lyon,1.0,2.0,A,8.0,8.0,2.0,3.0,7.0,3.0,14.0,11.0,23.0,8.0
29/04/2017,Bastia,Rennes,1.0,0.0,H,2.0,7.0,1.0,1.0,3.0,4.0,12.0,17.0,4.0,12.0
29/04/2017,Guingamp,St Etienne,0.0,2.0,A,2.0,3.0,0.0,0.0,4.0,8.0,10.0,11.0,12.0,11.0
29/04/2017,Metz,Nancy,2.0,1.0,H,8.0,5.0,2.0,3.0,7.0,4.0,17.0,17.0,12.0,8.0
29/04/2017,Monaco,Toulouse,3.0,1.0,H,11.0,2.0,1.0,4.0,11.0,3.0,8.0,15.0,28.0,7.0
29/04/2017,Montpellier,Lille,0.0,3.0,A,8.0,3.0,1.0,2.0,7.0,5.0,7.0,14.0,18.0,11.0
29/04/2017,Nantes,Lorient,1.0,0.0,H,5.0,6.0,0.0,2.0,7.0,0.0,10.0,10.0,15.0,4.0
30/04/2017,Caen,Marseille,1.0,5.0,A,11.0,2.0,2.0,4.0,5.0,8.0,4.0,11.0,14.0,13.0
30/04/2017,Dijon,Bordeaux,0.0,0.0,D,5.0,7.0,0.0,1.0,6.0,1.0,11.0,13.0,16.0,13.0
30/04/2017,Nice,Paris SG,3.0,1.0,H,2.0,8.0,2.0,3.0,3.0,5.0,11.0,15.0,6.0,16.0
05/05/2017,St Etienne,Bordeaux,2.0,2.0,D,7.0,7.0,1.0,2.0,5.0,5.0,14.0,11.0,15.0,11.0
06/05/2017,Guingamp,Dijon,4.0,0.0,H,9.0,15.0,0.0,0.0,8.0,5.0,13.0,12.0,14.0,20.0
06/05/2017,Lille,Metz,0.0,2.0,A,11.0,2.0,1.0,0.0,0.0,3.0,14.0,9.0,12.0,7.0
06/05/2017,Lorient,Angers,1.0,1.0,D,2.0,7.0,1.0,0.0,3.0,4.0,11.0,8.0,6.0,9.0
06/05/2017,Nancy,Monaco,0.0,3.0,A,5.0,5.0,1.0,1.0,2.0,8.0,8.0,7.0,6.0,18.0
06/05/2017,Paris SG,Bastia,5.0,0.0,H,11.0,4.0,1.0,2.0,12.0,0.0,11.0,3.0,27.0,6.0
06/05/2017,Toulouse,Caen,0.0,1.0,A,5.0,5.0,3.0,2.0,5.0,4.0,10.0,9.0,9.0,11.0
07/05/2017,Lyon,Nantes,3.0,2.0,H,9.0,5.0,0.0,1.0,7.0,2.0,10.0,20.0,16.0,5.0
07/05/2017,Marseille,Nice,2.0,1.0,H,4.0,5.0,5.0,1.0,7.0,5.0,15.0,8.0,18.0,17.0
07/05/2017,Rennes,Montpellier,1.0,0.0,H,2.0,6.0,3.0,2.0,4.0,1.0,13.0,9.0,10.0,6.0
14/05/2017,Bastia,Lorient,2.0,0.0,H,5.0,9.0,3.0,2.0,6.0,1.0,14.0,11.0,11.0,9.0
14/05/2017,Bordeaux,Marseille,1.0,1.0,D,3.0,4.0,1.0,2.0,5.0,3.0,18.0,14.0,11.0,14.0
14/05/2017,Caen,Rennes,0.0,1.0,A,11.0,1.0,2.0,1.0,2.0,7.0,7.0,9.0,10.0,10.0
14/05/2017,Dijon,Nancy,2.0,0.0,H,4.0,6.0,2.0,2.0,5.0,2.0,17.0,17.0,20.0,9.0
14/05/2017,Metz,Toulouse,1.0,1.0,D,6.0,3.0,0.0,0.0,6.0,6.0,16.0,13.0,14.0,17.0
14/05/2017,Monaco,Lille,4.0,0.0,H,6.0,7.0,1.0,2.0,3.0,4.0,17.0,10.0,11.0,14.0
14/05/2017,Montpellier,Lyon,1.0,3.0,A,4.0,1.0,3.0,1.0,4.0,6.0,16.0,10.0,15.0,14.0
14/05/2017,Nantes,Guingamp,4.0,1.0,H,9.0,6.0,2.0,4.0,5.0,2.0,6.0,10.0,14.0,8.0
14/05/2017,Nice,Angers,0.0,2.0,A,7.0,4.0,1.0,1.0,5.0,6.0,11.0,6.0,12.0,14.0
14/05/2017,St Etienne,Paris SG,0.0,5.0,A,5.0,8.0,1.0,1.0,2.0,11.0,9.0,5.0,9.0,21.0
17/05/2017,Monaco,St Etienne,2.0,0.0,H,10.0,4.0,1.0,1.0,5.0,3.0,6.0,9.0,14.0,5.0
20/05/2017,Angers,Montpellier,2.0,0.0,H,6.0,4.0,0.0,2.0,5.0,5.0,6.0,10.0,18.0,12.0
20/05/2017,Guingamp,Metz,1.0,0.0,H,7.0,3.0,0.0,2.0,6.0,0.0,14.0,15.0,21.0,8.0
20/05/2017,Lille,Nantes,3.0,0.0,H,2.0,10.0,0.0,2.0,6.0,2.0,5.0,13.0,17.0,9.0
20/05/2017,Lorient,Bordeaux,1.0,1.0,D,7.0,3.0,2.0,2.0,4.0,4.0,12.0,12.0,9.0,10.0
20/05/2017,Lyon,Nice,3.0,3.0,D,8.0,2.0,0.0,1.0,4.0,7.0,14.0,11.0,15.0,14.0
20/05/2017,Marseille,Bastia,1.0,0.0,H,6.0,1.0,3.0,2.0,3.0,0.0,17.0,20.0,12.0,4.0
20/05/2017,Nancy,St Etienne,3.0,1.0,H,7.0,5.0,2.0,0.0,5.0,2.0,14.0,10.0,14.0,8.0
20/05/2017,Paris SG,Caen,1.0,1.0,D,8.0,5.0,0.0,1.0,5.0,6.0,11.0,8.0,18.0,16.0
20/05/2017,Rennes,Monaco,2.0,3.0,A,3.0,5.0,0.0,0.0,5.0,12.0,9.0,12.0,18.0,23.0
20/05/2017,Toulouse,Dijon,0.0,0.0,D,8.0,4.0,1.0,2.0,2.0,5.0,11.0,16.0,16.0,8.0
04/08/2017,Monaco,Toulouse,3.0,2.0,H,8.0,2.0,1.0,3.0,7.0,3.0,12.0,23.0,17.0,6.0
05/08/2017,Lyon,Strasbourg,4.0,0.0,H,3.0,4.0,2.0,3.0,7.0,1.0,11.0,16.0,12.0,7.0
05/08/2017,Metz,Guingamp,1.0,3.0,A,3.0,3.0,1.0,2.0,4.0,5.0,9.0,13.0,6.0,13.0
05/08/2017,Montpellier,Caen,1.0,0.0,H,9.0,3.0,2.0,1.0,2.0,1.0,9.0,11.0,10.0,8.0
05/08/2017,Paris SG,Amiens,2.0,0.0,H,8.0,3.0,0.0,1.0,5.0,1.0,9.0,12.0,16.0,7.0
05/08/2017,St Etienne,Nice,1.0,0.0,H,2.0,7.0,2.0,1.0,3.0,2.0,11.0,8.0,8.0,6.0
05/08/2017,Troyes,Rennes,1.0,1.0,D,6.0,7.0,1.0,0.0,4.0,4.0,13.0,8.0,11.0,16.0
06/08/2017,Angers,Bordeaux,2.0,2.0,D,0.0,5.0,3.0,2.0,5.0,4.0,16.0,15.0,9.0,7.0
06/08/2017,Lille,Nantes,3.0,0.0,H,15.0,3.0,2.0,3.0,5.0,4.0,11.0,17.0,14.0,9.0
06/08/2017,Marseille,Dijon,3.0,0.0,H,7.0,3.0,1.0,0.0,5.0,1.0,7.0,10.0,18.0,12.0
11/08/2017,Nice,Troyes,1.0,2.0,A,10.0,4.0,2.0,3.0,6.0,4.0,11.0,8.0,20.0,10.0
11/08/2017,Rennes,Lyon,1.0,2.0,A,14.0,2.0,1.0,3.0,5.0,8.0,9.0,16.0,17.0,17.0
12/08/2017,Amiens,Angers,0.0,2.0,A,5.0,5.0,3.0,2.0,1.0,6.0,8.0,18.0,10.0,12.0
12/08/2017,Bordeaux,Metz,2.0,0.0,H,5.0,1.0,1.0,2.0,5.0,1.0,17.0,10.0,12.0,6.0
12/08/2017,Caen,St Etienne,0.0,1.0,A,8.0,2.0,1.0,1.0,4.0,4.0,12.0,15.0,10.0,6.0
12/08/2017,Nantes,Marseille,0.0,1.0,A,6.0,9.0,1.0,3.0,3.0,10.0,13.0,12.0,14.0,13.0
12/08/2017,Toulouse,Montpellier,1.0,0.0,H,5.0,3.0,4.0,3.0,4.0,1.0,25.0,12.0,8.0,14.0
13/08/2017,Dijon,Monaco,1.0,4.0,A,6.0,10.0,0.0,2.0,3.0,6.0,10.0,12.0,15.0,16.0
13/08/2017,Guingamp,Paris SG,0.0,3.0,A,4.0,6.0,2.0,2.0,0.0,8.0,9.0,13.0,4.0,21.0
13/08/2017,Strasbourg,Lille,3.0,0.0,H,7.0,5.0,1.0,2.0,9.0,2.0,8.0,13.0,22.0,12.0
18/08/2017,Metz,Monaco,0.0,1.0,A,6.0,6.0,2.0,1.0,5.0,5.0,17.0,16.0,9.0,22.0
19/08/2017,Lyon,Bordeaux,3.0,3.0,D,0.0,8.0,2.0,2.0,5.0,6.0,20.0,16.0,8.0,16.0
19/08/2017,Montpellier,Strasbourg,1.0,1.0,D,9.0,2.0,2.0,3.0,5.0,1.0,6.0,18.0,16.0,7.0
19/08/2017,Nice,Guingamp,2.0,0.0,H,4.0,5.0,2.0,2.0,8.0,1.0,12.0,15.0,14.0,13.0
19/08/2017,Rennes,Dijon,2.0,2.0,D,7.0,0.0,2.0,4.0,7.0,4.0,9.0,13.0,14.0,12.0
19/08/2017,St Etienne,Amiens,3.0,0.0,H,3.0,11.0,2.0,2.0,5.0,1.0,11.0,12.0,13.0,16.0
19/08/2017,Troyes,Nantes,0.0,1.0,A,2.0,10.0,1.0,0.0,1.0,4.0,7.0,8.0,8.0,11.0
20/08/2017,Lille,Caen,0.0,2.0,A,5.0,3.0,2.0,2.0,4.0,3.0,9.0,12.0,15.0,11.0
20/08/2017,Marseille,Angers,1.0,1.0,D,11.0,2.0,3.0,2.0,2.0,4.0,20.0,7.0,12.0,11.0
20/08/2017,Paris SG,Toulouse,6.0,2.0,H,7.0,1.0,0.0,4.0,15.0,1.0,8.0,19.0,24.0,7.0
25/08/2017,Paris SG,St Etienne,3.0,0.0,H,8.0,3.0,2.0,3.0,4.0,2.0,20.0,12.0,14.0,12.0
26/08/2017,Amiens,Nice,3.0,0.0,H,3.0,4.0,3.0,3.0,4.0,3.0,14.0,7.0,12.0,12.0
26/08/2017,Bordeaux,Troyes,2.0,1.0,H,4.0,4.0,0.0,1.0,8.0,2.0,9.0,17.0,12.0,5.0
26/08/2017,Caen,Metz,1.0,0.0,H,9.0,3.0,2.0,2.0,4.0,2.0,11.0,16.0,16.0,9.0
26/08/2017,Dijon,Montpellier,2.0,1.0,H,2.0,4.0,2.0,2.0,2.0,2.0,18.0,14.0,7.0,11.0
26/08/2017,Nantes,Lyon,0.0,0.0,D,1.0,8.0,1.0,1.0,2.0,3.0,13.0,11.0,6.0,16.0
26/08/2017,Toulouse,Rennes,3.0,2.0,H,3.0,4.0,4.0,3.0,7.0,3.0,19.0,22.0,11.0,14.0
27/08/2017,Angers,Lille,1.0,1.0,D,7.0,1.0,2.0,5.0,2.0,3.0,10.0,10.0,11.0,13.0
27/08/2017,Guingamp,Strasbourg,2.0,0.0,H,2.0,7.0,1.0,2.0,6.0,3.0,12.0,14.0,14.0,15.0
27/08/2017,Monaco,Marseille,6.0,1.0,H,1.0,1.0,2.0,3.0,8.0,3.0,11.0,14.0,14.0,10.0
08/09/2017,Lille,Bordeaux,0.0,0.0,D,5.0,3.0,2.0,4.0,2.0,1.0,11.0,13.0,8.0,17.0
08/09/2017,Metz,Paris SG,1.0,5.0,A,6.0,7.0,0.0,1.0,1.0,12.0,10.0,8.0,8.0,23.0
09/09/2017,Caen,Dijon,2.0,1.0,H,8.0,3.0,1.0,2.0,3.0,4.0,19.0,17.0,12.0,9.0
09/09/2017,Montpellier,Nantes,0.0,1.0,A,8.0,3.0,1.0,2.0,3.0,4.0,7.0,12.0,11.0,12.0
09/09/2017,Nice,Monaco,4.0,0.0,H,2.0,11.0,2.0,2.0,5.0,1.0,19.0,14.0,9.0,11.0
09/09/2017,Strasbourg,Amiens,0.0,1.0,A,6.0,0.0,1.0,3.0,3.0,3.0,22.0,14.0,10.0,8.0
09/09/2017,Troyes,Toulouse,0.0,0.0,D,4.0,1.0,2.0,3.0,3.0,0.0,12.0,13.0,11.0,7.0
10/09/2017,Lyon,Guingamp,2.0,1.0,H,3.0,6.0,2.0,2.0,4.0,6.0,16.0,16.0,12.0,13.0
10/09/2017,Marseille,Rennes,1.0,3.0,A,5.0,2.0,6.0,1.0,4.0,4.0,18.0,14.0,10.0,17.0
10/09/2017,St Etienne,Angers,1.0,1.0,D,1.0,3.0,3.0,2.0,4.0,6.0,9.0,19.0,8.0,15.0
15/09/2017,Toulouse,Bordeaux,0.0,1.0,A,3.0,9.0,3.0,1.0,5.0,4.0,17.0,10.0,16.0,14.0
16/09/2017,Dijon,St Etienne,0.0,1.0,A,1.0,4.0,3.0,3.0,7.0,6.0,13.0,14.0,18.0,16.0
16/09/2017,Guingamp,Lille,1.0,0.0,H,8.0,8.0,1.0,1.0,4.0,5.0,8.0,17.0,20.0,10.0
16/09/2017,Monaco,Strasbourg,3.0,0.0,H,5.0,5.0,2.0,2.0,5.0,1.0,13.0,12.0,14.0,10.0
16/09/2017,Nantes,Caen,1.0,0.0,H,4.0,3.0,0.0,2.0,4.0,1.0,12.0,12.0,8.0,8.0
16/09/2017,Troyes,Montpellier,0.0,1.0,A,2.0,6.0,3.0,3.0,0.0,3.0,19.0,10.0,7.0,9.0
17/09/2017,Amiens,Marseille,0.0,2.0,A,6.0,3.0,2.0,3.0,3.0,6.0,11.0,15.0,8.0,22.0
17/09/2017,Angers,Metz,0.0,1.0,A,4.0,5.0,1.0,3.0,5.0,5.0,14.0,14.0,18.0,10.0
17/09/2017,Paris SG,Lyon,2.0,0.0,H,9.0,4.0,3.0,2.0,5.0,5.0,11.0,13.0,14.0,12.0
17/09/2017,Rennes,Nice,0.0,1.0,A,6.0,5.0,1.0,5.0,4.0,3.0,17.0,17.0,17.0,6.0
22/09/2017,Lille,Monaco,0.0,4.0,A,1.0,1.0,1.0,2.0,2.0,7.0,18.0,14.0,11.0,12.0
22/09/2017,Nice,Angers,2.0,2.0,D,8.0,1.0,4.0,2.0,3.0,6.0,13.0,18.0,17.0,15.0
23/09/2017,Bordeaux,Guingamp,3.0,1.0,H,5.0,2.0,4.0,2.0,8.0,4.0,14.0,14.0,21.0,10.0
23/09/2017,Caen,Amiens,1.0,0.0,H,7.0,3.0,1.0,2.0,4.0,0.0,14.0,19.0,17.0,2.0
23/09/2017,Lyon,Dijon,3.0,3.0,D,8.0,1.0,1.0,5.0,6.0,6.0,17.0,19.0,20.0,11.0
23/09/2017,Metz,Troyes,0.0,1.0,A,5.0,4.0,3.0,3.0,7.0,2.0,11.0,12.0,15.0,9.0
23/09/2017,Montpellier,Paris SG,0.0,0.0,D,2.0,11.0,2.0,2.0,2.0,1.0,15.0,13.0,5.0,10.0
24/09/2017,Marseille,Toulouse,2.0,0.0,H,12.0,5.0,2.0,0.0,6.0,1.0,11.0,10.0,22.0,8.0
24/09/2017,St Etienne,Rennes,2.0,2.0,D,9.0,5.0,3.0,3.0,4.0,4.0,11.0,14.0,9.0,9.0
24/09/2017,Strasbourg,Nantes,1.0,2.0,A,12.0,3.0,1.0,1.0,6.0,5.0,7.0,5.0,21.0,12.0
29/09/2017,Monaco,Montpellier,1.0,1.0,D,3.0,4.0,3.0,1.0,1.0,3.0,19.0,12.0,8.0,15.0
30/09/2017,Dijon,Strasbourg,1.0,1.0,D,7.0,4.0,0.0,2.0,6.0,1.0,10.0,17.0,13.0,7.0
30/09/2017,Guingamp,Toulouse,1.0,1.0,D,6.0,4.0,1.0,2.0,4.0,2.0,17.0,18.0,6.0,11.0
30/09/2017,Nantes,Metz,1.0,0.0,H,4.0,4.0,2.0,4.0,6.0,1.0,14.0,9.0,15.0,9.0
30/09/2017,Paris SG,Bordeaux,6.0,2.0,H,1.0,5.0,1.0,2.0,9.0,6.0,10.0,18.0,11.0,17.0
30/09/2017,Rennes,Caen,0.0,1.0,A,8.0,3.0,4.0,1.0,2.0,3.0,14.0,25.0,9.0,10.0
01/10/2017,Angers,Lyon,3.0,3.0,D,9.0,4.0,2.0,3.0,4.0,6.0,12.0,14.0,15.0,13.0
01/10/2017,Nice,Marseille,2.0,4.0,A,9.0,5.0,2.0,3.0,10.0,9.0,14.0,16.0,19.0,17.0
01/10/2017,Troyes,St Etienne,2.0,1.0,H,5.0,8.0,3.0,1.0,7.0,4.0,7.0,17.0,11.0,14.0
13/10/2017,Lyon,Monaco,3.0,2.0,H,7.0,5.0,4.0,1.0,7.0,7.0,9.0,15.0,22.0,14.0
14/10/2017,Caen,Angers,0.0,2.0,A,4.0,4.0,1.0,4.0,5.0,4.0,12.0,18.0,22.0,12.0
14/10/2017,Dijon,Paris SG,1.0,2.0,A,5.0,9.0,3.0,4.0,5.0,8.0,10.0,13.0,15.0,18.0
14/10/2017,Guingamp,Rennes,2.0,0.0,H,6.0,5.0,3.0,6.0,9.0,0.0,19.0,15.0,16.0,11.0
14/10/2017,Lille,Troyes,2.0,2.0,D,3.0,1.0,1.0,2.0,6.0,2.0,16.0,12.0,16.0,10.0
14/10/2017,St Etienne,Metz,3.0,1.0,H,12.0,5.0,2.0,1.0,5.0,2.0,10.0,16.0,20.0,10.0
14/10/2017,Toulouse,Amiens,1.0,0.0,H,3.0,0.0,1.0,5.0,6.0,2.0,14.0,21.0,16.0,7.0
15/10/2017,Bordeaux,Nantes,1.0,1.0,D,6.0,2.0,3.0,2.0,3.0,4.0,13.0,15.0,18.0,14.0
15/10/2017,Montpellier,Nice,2.0,0.0,H,4.0,7.0,3.0,1.0,4.0,8.0,14.0,15.0,14.0,15.0
15/10/2017,Strasbourg,Marseille,3.0,3.0,D,4.0,4.0,3.0,3.0,9.0,7.0,14.0,9.0,19.0,20.0
20/10/2017,St Etienne,Montpellier,0.0,1.0,A,6.0,2.0,2.0,3.0,4.0,4.0,25.0,17.0,21.0,15.0
21/10/2017,Amiens,Bordeaux,1.0,0.0,H,4.0,3.0,3.0,1.0,4.0,4.0,12.0,13.0,13.0,14.0
21/10/2017,Angers,Toulouse,0.0,1.0,A,4.0,2.0,2.0,4.0,4.0,1.0,11.0,16.0,14.0,3.0
21/10/2017,Metz,Dijon,1.0,2.0,A,2.0,5.0,1.0,2.0,5.0,6.0,11.0,15.0,15.0,8.0
21/10/2017,Monaco,Caen,2.0,0.0,H,7.0,7.0,3.0,2.0,6.0,1.0,12.0,17.0,15.0,8.0
21/10/2017,Nantes,Guingamp,2.0,1.0,H,3.0,6.0,3.0,1.0,3.0,4.0,13.0,12.0,9.0,10.0
21/10/2017,Rennes,Lille,1.0,0.0,H,2.0,6.0,1.0,2.0,6.0,1.0,13.0,17.0,9.0,7.0
22/10/2017,Marseille,Paris SG,2.0,2.0,D,3.0,4.0,4.0,3.0,3.0,3.0,18.0,14.0,11.0,7.0
22/10/2017,Nice,Strasbourg,1.0,2.0,A,9.0,1.0,0.0,1.0,9.0,6.0,5.0,5.0,14.0,15.0
22/10/2017,Troyes,Lyon,0.0,5.0,A,4.0,3.0,2.0,2.0,3.0,10.0,12.0,13.0,9.0,14.0
27/10/2017,Paris SG,Nice,3.0,0.0,H,8.0,2.0,0.0,0.0,8.0,1.0,10.0,9.0,16.0,8.0
28/10/2017,Bordeaux,Monaco,0.0,2.0,A,6.0,2.0,2.0,0.0,4.0,5.0,22.0,12.0,12.0,12.0
28/10/2017,Caen,Troyes,1.0,0.0,H,6.0,6.0,1.0,3.0,3.0,3.0,12.0,13.0,16.0,8.0
28/10/2017,Dijon,Nantes,1.0,0.0,H,1.0,5.0,3.0,2.0,1.0,0.0,15.0,19.0,6.0,10.0
28/10/2017,Guingamp,Amiens,1.0,1.0,D,5.0,5.0,1.0,5.0,4.0,2.0,16.0,20.0,12.0,7.0
28/10/2017,Montpellier,Rennes,0.0,1.0,A,4.0,1.0,4.0,2.0,4.0,2.0,15.0,17.0,9.0,7.0
28/10/2017,Strasbourg,Angers,2.0,2.0,D,4.0,2.0,3.0,2.0,6.0,2.0,10.0,12.0,14.0,5.0
29/10/2017,Lille,Marseille,0.0,1.0,A,11.0,4.0,2.0,3.0,7.0,3.0,18.0,17.0,18.0,10.0
29/10/2017,Lyon,Metz,2.0,0.0,H,3.0,2.0,0.0,3.0,4.0,4.0,13.0,17.0,12.0,7.0
29/10/2017,Toulouse,St Etienne,0.0,0.0,D,7.0,1.0,2.0,3.0,4.0,2.0,16.0,19.0,11.0,4.0
03/11/2017,Rennes,Bordeaux,1.0,0.0,H,8.0,0.0,2.0,5.0,2.0,0.0,14.0,26.0,6.0,6.0
04/11/2017,Angers,Paris SG,0.0,5.0,A,2.0,4.0,1.0,3.0,3.0,7.0,8.0,13.0,9.0,15.0
04/11/2017,Monaco,Guingamp,6.0,0.0,H,4.0,1.0,1.0,1.0,9.0,3.0,17.0,9.0,18.0,12.0
04/11/2017,Montpellier,Amiens,1.0,1.0,D,3.0,2.0,2.0,1.0,3.0,1.0,11.0,12.0,10.0,12.0
04/11/2017,Nantes,Toulouse,2.0,1.0,H,9.0,4.0,2.0,4.0,6.0,3.0,20.0,16.0,11.0,10.0
04/11/2017,Troyes,Strasbourg,3.0,0.0,H,4.0,1.0,3.0,1.0,6.0,2.0,18.0,8.0,13.0,10.0
05/11/2017,Marseille,Caen,5.0,0.0,H,13.0,6.0,0.0,0.0,11.0,3.0,5.0,9.0,28.0,11.0
05/11/2017,Metz,Lille,0.0,3.0,A,9.0,0.0,3.0,2.0,5.0,7.0,13.0,19.0,19.0,14.0
05/11/2017,Nice,Dijon,1.0,0.0,H,6.0,4.0,1.0,1.0,4.0,4.0,14.0,9.0,11.0,13.0
05/11/2017,St Etienne,Lyon,0.0,5.0,A,5.0,1.0,1.0,2.0,2.0,10.0,22.0,17.0,13.0,13.0
17/11/2017,Amiens,Monaco,1.0,1.0,D,4.0,4.0,2.0,3.0,2.0,4.0,15.0,15.0,10.0,15.0
17/11/2017,Lille,St Etienne,3.0,1.0,H,8.0,10.0,2.0,3.0,5.0,3.0,10.0,16.0,12.0,8.0
18/11/2017,Dijon,Troyes,3.0,1.0,H,4.0,4.0,1.0,1.0,8.0,4.0,13.0,12.0,15.0,11.0
18/11/2017,Guingamp,Angers,1.0,1.0,D,1.0,7.0,4.0,4.0,2.0,2.0,15.0,18.0,9.0,10.0
18/11/2017,Paris SG,Nantes,4.0,1.0,H,9.0,2.0,2.0,3.0,10.0,1.0,9.0,17.0,23.0,8.0
18/11/2017,Strasbourg,Rennes,2.0,1.0,H,6.0,7.0,1.0,0.0,5.0,4.0,18.0,8.0,11.0,13.0
18/11/2017,Toulouse,Metz,0.0,0.0,D,9.0,4.0,2.0,3.0,3.0,5.0,16.0,11.0,21.0,12.0
19/11/2017,Bordeaux,Marseille,1.0,1.0,D,3.0,6.0,4.0,2.0,3.0,3.0,16.0,14.0,9.0,14.0
19/11/2017,Caen,Nice,1.0,1.0,D,12.0,3.0,2.0,3.0,4.0,7.0,10.0,11.0,18.0,12.0
19/11/2017,Lyon,Montpellier,0.0,0.0,D,9.0,6.0,2.0,1.0,3.0,2.0,11.0,9.0,15.0,15.0
20/11/2017,Amiens,Lille,3.0,0.0,H,4.0,6.0,3.0,2.0,4.0,1.0,12.0,10.0,8.0,12.0
24/11/2017,St Etienne,Strasbourg,2.0,2.0,D,7.0,4.0,4.0,2.0,6.0,4.0,14.0,10.0,12.0,10.0
25/11/2017,Caen,Bordeaux,1.0,0.0,H,4.0,8.0,2.0,3.0,2.0,2.0,13.0,14.0,12.0,10.0
25/11/2017,Dijon,Toulouse,3.0,1.0,H,6.0,2.0,3.0,2.0,5.0,4.0,11.0,16.0,13.0,12.0
25/11/2017,Metz,Amiens,0.0,2.0,A,8.0,1.0,1.0,0.0,6.0,2.0,17.0,8.0,21.0,11.0
25/11/2017,Montpellier,Lille,3.0,0.0,H,6.0,7.0,1.0,6.0,6.0,4.0,13.0,14.0,18.0,10.0
25/11/2017,Rennes,Nantes,2.0,1.0,H,8.0,2.0,3.0,6.0,5.0,1.0,17.0,14.0,15.0,10.0
25/11/2017,Troyes,Angers,3.0,0.0,H,4.0,3.0,2.0,4.0,3.0,3.0,15.0,15.0,9.0,7.0
26/11/2017,Marseille,Guingamp,1.0,0.0,H,6.0,2.0,2.0,2.0,7.0,1.0,11.0,13.0,21.0,4.0
26/11/2017,Monaco,Paris SG,1.0,2.0,A,1.0,4.0,3.0,4.0,2.0,5.0,17.0,13.0,8.0,18.0
26/11/2017,Nice,Lyon,0.0,5.0,A,2.0,2.0,5.0,3.0,3.0,7.0,19.0,13.0,10.0,11.0
28/11/2017,Amiens,Dijon,2.0,1.0,H,3.0,6.0,0.0,3.0,5.0,6.0,5.0,14.0,8.0,16.0
28/11/2017,Bordeaux,St Etienne,3.0,0.0,H,2.0,6.0,1.0,2.0,6.0,5.0,12.0,19.0,12.0,11.0
28/11/2017,Strasbourg,Caen,0.0,0.0,D,2.0,3.0,1.0,2.0,3.0,1.0,13.0,13.0,6.0,15.0
29/11/2017,Angers,Rennes,1.0,2.0,A,7.0,4.0,0.0,1.0,4.0,3.0,9.0,11.0,10.0,8.0
29/11/2017,Guingamp,Montpellier,0.0,0.0,D,8.0,3.0,1.0,3.0,1.0,4.0,15.0,21.0,10.0,6.0
29/11/2017,Lyon,Lille,1.0,2.0,A,4.0,2.0,0.0,1.0,5.0,3.0,8.0,13.0,21.0,7.0
29/11/2017,Metz,Marseille,0.0,3.0,A,0.0,9.0,1.0,0.0,4.0,8.0,13.0,8.0,9.0,21.0
29/11/2017,Nantes,Monaco,1.0,0.0,H,11.0,5.0,0.0,0.0,5.0,1.0,9.0,12.0,16.0,9.0
29/11/2017,Paris SG,Troyes,2.0,0.0,H,11.0,1.0,0.0,1.0,6.0,3.0,14.0,16.0,19.0,6.0
29/11/2017,Toulouse,Nice,1.0,2.0,A,6.0,4.0,3.0,4.0,3.0,4.0,16.0,12.0,14.0,8.0
01/12/2017,Dijon,Bordeaux,3.0,2.0,H,6.0,4.0,2.0,2.0,5.0,6.0,15.0,14.0,17.0,14.0
02/12/2017,Lille,Toulouse,1.0,0.0,H,3.0,6.0,2.0,3.0,3.0,3.0,17.0,18.0,10.0,10.0
02/12/2017,Monaco,Angers,1.0,0.0,H,5.0,3.0,3.0,3.0,3.0,3.0,13.0,19.0,5.0,8.0
02/12/2017,Nice,Metz,3.0,1.0,H,1.0,5.0,0.0,2.0,7.0,5.0,10.0,17.0,15.0,13.0
02/12/2017,Rennes,Amiens,2.0,0.0,H,16.0,0.0,1.0,5.0,5.0,2.0,10.0,7.0,25.0,6.0
02/12/2017,Strasbourg,Paris SG,2.0,1.0,H,0.0,13.0,4.0,3.0,2.0,5.0,20.0,5.0,5.0,29.0
02/12/2017,Troyes,Guingamp,0.0,1.0,A,5.0,3.0,2.0,2.0,3.0,5.0,13.0,9.0,14.0,11.0
03/12/2017,Caen,Lyon,1.0,2.0,A,9.0,4.0,1.0,3.0,4.0,4.0,18.0,15.0,19.0,11.0
03/12/2017,Montpellier,Marseille,1.0,1.0,D,1.0,3.0,4.0,2.0,4.0,2.0,9.0,23.0,13.0,6.0
03/12/2017,St Etienne,Nantes,1.0,1.0,D,5.0,9.0,4.0,1.0,4.0,6.0,18.0,10.0,13.0,22.0
08/12/2017,Bordeaux,Strasbourg,0.0,3.0,A,10.0,5.0,3.0,1.0,2.0,4.0,14.0,10.0,12.0,10.0
09/12/2017,Angers,Montpellier,1.0,1.0,D,5.0,4.0,3.0,2.0,4.0,6.0,15.0,10.0,13.0,10.0
09/12/2017,Guingamp,Dijon,4.0,0.0,H,18.0,2.0,0.0,0.0,9.0,1.0,5.0,7.0,17.0,8.0
09/12/2017,Metz,Rennes,1.0,1.0,D,5.0,6.0,3.0,3.0,6.0,4.0,14.0,11.0,13.0,5.0
09/12/2017,Monaco,Troyes,3.0,2.0,H,16.0,1.0,4.0,5.0,6.0,3.0,14.0,22.0,19.0,5.0
09/12/2017,Paris SG,Lille,3.0,1.0,H,5.0,4.0,2.0,2.0,5.0,2.0,14.0,19.0,14.0,7.0
09/12/2017,Toulouse,Caen,2.0,0.0,H,4.0,5.0,1.0,2.0,3.0,3.0,15.0,10.0,10.0,11.0
10/12/2017,Amiens,Lyon,1.0,2.0,A,2.0,2.0,1.0,2.0,6.0,3.0,11.0,15.0,14.0,12.0
10/12/2017,Marseille,St Etienne,3.0,0.0,H,7.0,2.0,1.0,2.0,7.0,1.0,13.0,10.0,18.0,5.0
10/12/2017,Nantes,Nice,1.0,2.0,A,5.0,3.0,1.0,4.0,4.0,5.0,13.0,12.0,22.0,12.0
15/12/2017,St Etienne,Monaco,0.0,4.0,A,4.0,4.0,1.0,0.0,3.0,9.0,11.0,11.0,5.0,22.0
16/12/2017,Caen,Guingamp,0.0,0.0,D,5.0,4.0,2.0,4.0,2.0,5.0,20.0,13.0,11.0,8.0
16/12/2017,Dijon,Lille,3.0,0.0,H,3.0,4.0,1.0,1.0,8.0,5.0,14.0,9.0,13.0,9.0
16/12/2017,Montpellier,Metz,1.0,3.0,A,3.0,2.0,1.0,2.0,3.0,4.0,10.0,21.0,9.0,6.0
16/12/2017,Rennes,Paris SG,1.0,4.0,A,4.0,11.0,4.0,3.0,2.0,10.0,16.0,10.0,14.0,21.0
16/12/2017,Strasbourg,Toulouse,2.0,1.0,H,5.0,5.0,2.0,4.0,5.0,3.0,17.0,15.0,9.0,11.0
16/12/2017,Troyes,Amiens,1.0,0.0,H,9.0,0.0,4.0,2.0,7.0,3.0,18.0,14.0,19.0,11.0
17/12/2017,Lyon,Marseille,2.0,0.0,H,5.0,10.0,0.0,2.0,5.0,5.0,10.0,19.0,8.0,19.0
17/12/2017,Nantes,Angers,1.0,0.0,H,3.0,6.0,3.0,2.0,4.0,0.0,9.0,15.0,10.0,7.0
17/12/2017,Nice,Bordeaux,1.0,0.0,H,2.0,4.0,1.0,2.0,3.0,1.0,10.0,15.0,11.0,10.0
20/12/2017,Amiens,Nantes,0.0,1.0,A,5.0,2.0,3.0,2.0,5.0,5.0,17.0,13.0,12.0,14.0
20/12/2017,Angers,Dijon,2.0,1.0,H,7.0,3.0,3.0,4.0,11.0,3.0,16.0,18.0,24.0,16.0
20/12/2017,Bordeaux,Montpellier,0.0,2.0,A,4.0,2.0,3.0,3.0,1.0,6.0,14.0,13.0,8.0,14.0
20/12/2017,Guingamp,St Etienne,2.0,1.0,H,10.0,0.0,3.0,2.0,6.0,3.0,13.0,13.0,27.0,3.0
20/12/2017,Lille,Nice,1.0,1.0,D,3.0,4.0,2.0,4.0,1.0,3.0,18.0,11.0,5.0,8.0
20/12/2017,Marseille,Troyes,3.0,1.0,H,8.0,2.0,1.0,0.0,8.0,3.0,11.0,13.0,20.0,8.0
20/12/2017,Metz,Strasbourg,3.0,0.0,H,10.0,8.0,4.0,1.0,9.0,2.0,17.0,13.0,26.0,7.0
20/12/2017,Monaco,Rennes,2.0,1.0,H,8.0,1.0,3.0,2.0,4.0,2.0,21.0,19.0,14.0,8.0
20/12/2017,Paris SG,Caen,3.0,1.0,H,5.0,6.0,2.0,2.0,7.0,4.0,7.0,12.0,21.0,9.0
20/12/2017,Toulouse,Lyon,1.0,2.0,A,8.0,4.0,3.0,2.0,5.0,10.0,16.0,11.0,17.0,14.0
12/01/2018,Strasbourg,Guingamp,0.0,2.0,A,7.0,7.0,1.0,2.0,3.0,5.0,14.0,14.0,14.0,10.0
13/01/2018,Caen,Lille,0.0,1.0,A,5.0,3.0,3.0,3.0,7.0,5.0,15.0,11.0,15.0,12.0
13/01/2018,Dijon,Metz,1.0,1.0,D,6.0,7.0,2.0,2.0,7.0,6.0,10.0,15.0,12.0,12.0
13/01/2018,Montpellier,Monaco,0.0,0.0,D,10.0,6.0,5.0,1.0,4.0,6.0,15.0,10.0,16.0,13.0
13/01/2018,Nice,Amiens,1.0,0.0,H,7.0,1.0,1.0,0.0,7.0,3.0,10.0,13.0,20.0,9.0
13/01/2018,Rennes,Marseille,0.0,3.0,A,3.0,2.0,1.0,2.0,3.0,5.0,8.0,18.0,13.0,18.0
13/01/2018,Troyes,Bordeaux,0.0,1.0,A,2.0,2.0,4.0,0.0,3.0,4.0,15.0,13.0,8.0,10.0
14/01/2018,Lyon,Angers,1.0,1.0,D,12.0,1.0,2.0,4.0,7.0,2.0,11.0,18.0,19.0,9.0
14/01/2018,Nantes,Paris SG,0.0,1.0,A,2.0,5.0,3.0,2.0,3.0,3.0,17.0,11.0,13.0,20.0
14/01/2018,St Etienne,Toulouse,2.0,0.0,H,4.0,10.0,1.0,3.0,5.0,8.0,14.0,22.0,11.0,19.0
16/01/2018,Bordeaux,Caen,0.0,2.0,A,7.0,2.0,3.0,5.0,5.0,3.0,13.0,12.0,13.0,10.0
16/01/2018,Marseille,Strasbourg,2.0,0.0,H,7.0,4.0,2.0,3.0,7.0,2.0,6.0,15.0,15.0,4.0
16/01/2018,Monaco,Nice,2.0,2.0,D,6.0,3.0,4.0,4.0,3.0,5.0,10.0,12.0,6.0,9.0
17/01/2018,Amiens,Montpellier,1.0,1.0,D,2.0,3.0,2.0,1.0,3.0,5.0,10.0,6.0,13.0,16.0
17/01/2018,Angers,Troyes,3.0,1.0,H,8.0,2.0,0.0,5.0,5.0,2.0,15.0,17.0,12.0,8.0
17/01/2018,Guingamp,Lyon,0.0,2.0,A,3.0,11.0,2.0,2.0,3.0,13.0,20.0,16.0,8.0,21.0
17/01/2018,Lille,Rennes,1.0,2.0,A,2.0,9.0,1.0,0.0,3.0,12.0,15.0,4.0,11.0,22.0
17/01/2018,Metz,St Etienne,3.0,0.0,H,6.0,3.0,1.0,4.0,12.0,4.0,14.0,11.0,19.0,7.0
17/01/2018,Paris SG,Dijon,8.0,0.0,H,9.0,4.0,0.0,1.0,14.0,1.0,8.0,16.0,23.0,6.0
17/01/2018,Toulouse,Nantes,1.0,1.0,D,3.0,2.0,2.0,4.0,3.0,2.0,17.0,16.0,15.0,11.0
19/01/2018,Caen,Marseille,0.0,2.0,A,1.0,4.0,2.0,3.0,2.0,4.0,18.0,15.0,5.0,12.0
20/01/2018,Amiens,Guingamp,3.0,1.0,H,7.0,3.0,0.0,2.0,6.0,1.0,9.0,11.0,13.0,6.0
20/01/2018,Montpellier,Toulouse,2.0,1.0,H,5.0,4.0,1.0,4.0,5.0,3.0,18.0,13.0,22.0,9.0
20/01/2018,Nantes,Bordeaux,0.0,1.0,A,3.0,5.0,1.0,2.0,4.0,3.0,19.0,11.0,14.0,9.0
20/01/2018,Rennes,Angers,1.0,0.0,H,5.0,4.0,3.0,5.0,2.0,3.0,13.0,17.0,9.0,9.0
20/01/2018,Strasbourg,Dijon,3.0,2.0,H,5.0,1.0,1.0,1.0,9.0,5.0,17.0,22.0,16.0,12.0
20/01/2018,Troyes,Lille,1.0,0.0,H,5.0,6.0,0.0,2.0,2.0,1.0,13.0,10.0,7.0,9.0
21/01/2018,Lyon,Paris SG,2.0,1.0,H,3.0,7.0,2.0,3.0,6.0,3.0,16.0,11.0,11.0,11.0
21/01/2018,Monaco,Metz,3.0,1.0,H,6.0,3.0,1.0,1.0,6.0,2.0,11.0,15.0,13.0,3.0
21/01/2018,Nice,St Etienne,1.0,0.0,H,4.0,4.0,3.0,1.0,2.0,2.0,15.0,23.0,7.0,9.0
26/01/2018,Dijon,Rennes,2.0,1.0,H,3.0,5.0,3.0,2.0,4.0,4.0,10.0,17.0,14.0,13.0
27/01/2018,Angers,Amiens,1.0,0.0,H,5.0,4.0,1.0,3.0,7.0,0.0,14.0,19.0,16.0,3.0
27/01/2018,Guingamp,Nantes,0.0,3.0,A,3.0,9.0,2.0,3.0,0.0,5.0,9.0,17.0,6.0,13.0
27/01/2018,Metz,Nice,2.0,1.0,H,4.0,2.0,4.0,5.0,5.0,5.0,26.0,19.0,15.0,13.0
27/01/2018,Paris SG,Montpellier,4.0,0.0,H,2.0,10.0,1.0,2.0,7.0,3.0,16.0,11.0,11.0,16.0
27/01/2018,St Etienne,Caen,2.0,1.0,H,3.0,8.0,2.0,1.0,4.0,3.0,12.0,17.0,12.0,14.0
27/01/2018,Toulouse,Troyes,1.0,0.0,H,6.0,2.0,1.0,4.0,7.0,0.0,11.0,15.0,20.0,1.0
28/01/2018,Bordeaux,Lyon,3.0,1.0,H,2.0,1.0,3.0,3.0,4.0,4.0,17.0,12.0,9.0,9.0
28/01/2018,Lille,Strasbourg,2.0,1.0,H,6.0,2.0,1.0,1.0,5.0,2.0,5.0,11.0,8.0,11.0
28/01/2018,Marseille,Monaco,2.0,2.0,D,5.0,7.0,3.0,2.0,6.0,3.0,20.0,15.0,17.0,9.0
02/02/2018,Marseille,Metz,6.0,3.0,H,3.0,5.0,1.0,0.0,10.0,8.0,9.0,17.0,18.0,18.0
03/02/2018,Amiens,St Etienne,0.0,2.0,A,3.0,4.0,2.0,1.0,0.0,8.0,10.0,16.0,8.0,16.0
03/02/2018,Lille,Paris SG,0.0,3.0,A,3.0,9.0,1.0,1.0,3.0,9.0,11.0,4.0,10.0,19.0
03/02/2018,Montpellier,Angers,2.0,1.0,H,5.0,1.0,0.0,2.0,3.0,2.0,10.0,10.0,8.0,8.0
03/02/2018,Nice,Toulouse,0.0,1.0,A,11.0,1.0,2.0,2.0,2.0,1.0,14.0,13.0,14.0,6.0
03/02/2018,Strasbourg,Bordeaux,0.0,2.0,A,7.0,2.0,1.0,4.0,0.0,4.0,13.0,15.0,9.0,7.0
04/02/2018,Caen,Nantes,3.0,2.0,H,6.0,4.0,1.0,2.0,7.0,4.0,11.0,9.0,16.0,14.0
04/02/2018,Monaco,Lyon,3.0,2.0,H,3.0,7.0,3.0,3.0,7.0,4.0,18.0,15.0,12.0,13.0
04/02/2018,Rennes,Guingamp,0.0,1.0,A,4.0,4.0,2.0,4.0,5.0,4.0,20.0,12.0,13.0,11.0
09/02/2018,St Etienne,Marseille,2.0,2.0,D,2.0,7.0,0.0,0.0,3.0,4.0,12.0,12.0,7.0,12.0
10/02/2018,Angers,Monaco,0.0,4.0,A,4.0,3.0,1.0,0.0,1.0,6.0,11.0,6.0,11.0,10.0
10/02/2018,Bordeaux,Amiens,3.0,2.0,H,7.0,11.0,0.0,1.0,4.0,6.0,11.0,13.0,14.0,19.0
10/02/2018,Dijon,Nice,3.0,2.0,H,4.0,8.0,2.0,3.0,3.0,5.0,14.0,14.0,11.0,14.0
10/02/2018,Guingamp,Caen,0.0,0.0,D,1.0,7.0,1.0,2.0,1.0,2.0,12.0,17.0,6.0,12.0
10/02/2018,Metz,Montpellier,0.0,1.0,A,11.0,6.0,2.0,1.0,5.0,8.0,15.0,11.0,12.0,16.0
10/02/2018,Toulouse,Paris SG,0.0,1.0,A,0.0,10.0,4.0,2.0,1.0,6.0,20.0,13.0,3.0,21.0
11/02/2018,Lyon,Rennes,0.0,2.0,A,10.0,1.0,2.0,1.0,6.0,3.0,16.0,8.0,19.0,6.0
11/02/2018,Nantes,Lille,2.0,2.0,D,5.0,7.0,0.0,1.0,6.0,4.0,9.0,11.0,20.0,7.0
11/02/2018,Strasbourg,Troyes,2.0,1.0,H,4.0,6.0,2.0,2.0,2.0,4.0,9.0,14.0,12.0,12.0
16/02/2018,Monaco,Dijon,4.0,0.0,H,5.0,5.0,2.0,1.0,5.0,4.0,11.0,13.0,14.0,7.0
17/02/2018,Amiens,Toulouse,0.0,0.0,D,2.0,6.0,1.0,0.0,1.0,5.0,11.0,15.0,6.0,12.0
17/02/2018,Angers,St Etienne,0.0,1.0,A,10.0,5.0,1.0,2.0,4.0,3.0,14.0,14.0,19.0,10.0
17/02/2018,Caen,Rennes,2.0,2.0,D,12.0,11.0,2.0,0.0,6.0,5.0,4.0,8.0,18.0,11.0
17/02/2018,Montpellier,Guingamp,1.0,1.0,D,4.0,2.0,1.0,1.0,5.0,1.0,8.0,15.0,19.0,4.0
17/02/2018,Paris SG,Strasbourg,5.0,2.0,H,4.0,6.0,2.0,3.0,11.0,2.0,9.0,15.0,20.0,12.0
17/02/2018,Troyes,Metz,1.0,0.0,H,10.0,4.0,1.0,2.0,9.0,4.0,9.0,9.0,18.0,10.0
18/02/2018,Lille,Lyon,2.0,2.0,D,7.0,3.0,0.0,4.0,5.0,5.0,12.0,9.0,14.0,13.0
18/02/2018,Marseille,Bordeaux,1.0,0.0,H,7.0,4.0,2.0,2.0,8.0,1.0,11.0,12.0,12.0,5.0
18/02/2018,Nice,Nantes,1.0,1.0,D,14.0,4.0,2.0,0.0,4.0,3.0,13.0,9.0,12.0,9.0
20/02/2018,Troyes,Dijon,0.0,0.0,D,8.0,6.0,2.0,1.0,3.0,1.0,15.0,12.0,9.0,7.0
23/02/2018,Strasbourg,Montpellier,0.0,0.0,D,4.0,3.0,2.0,3.0,3.0,2.0,17.0,11.0,11.0,8.0
24/02/2018,Dijon,Caen,2.0,0.0,H,5.0,8.0,1.0,4.0,3.0,2.0,6.0,16.0,13.0,13.0
24/02/2018,Guingamp,Metz,2.0,2.0,D,5.0,5.0,3.0,4.0,8.0,2.0,15.0,16.0,17.0,5.0
24/02/2018,Lille,Angers,1.0,2.0,A,4.0,5.0,0.0,2.0,3.0,9.0,12.0,11.0,14.0,14.0
24/02/2018,Nantes,Amiens,0.0,1.0,A,8.0,6.0,2.0,2.0,4.0,1.0,10.0,16.0,27.0,8.0
24/02/2018,Rennes,Troyes,2.0,0.0,H,5.0,5.0,3.0,1.0,6.0,0.0,9.0,11.0,11.0,8.0
24/02/2018,Toulouse,Monaco,3.0,3.0,D,6.0,6.0,1.0,3.0,6.0,5.0,13.0,15.0,9.0,9.0
25/02/2018,Bordeaux,Nice,0.0,0.0,D,6.0,0.0,2.0,2.0,6.0,0.0,17.0,17.0,23.0,3.0
25/02/2018,Lyon,St Etienne,1.0,1.0,D,3.0,7.0,1.0,3.0,5.0,2.0,9.0,23.0,9.0,8.0
25/02/2018,Paris SG,Marseille,3.0,0.0,H,3.0,6.0,6.0,5.0,3.0,6.0,21.0,18.0,10.0,15.0
02/03/2018,Monaco,Bordeaux,2.0,1.0,H,7.0,3.0,0.0,1.0,5.0,1.0,9.0,13.0,18.0,6.0
02/03/2018,Nice,Lille,2.0,1.0,H,8.0,4.0,3.0,1.0,10.0,5.0,9.0,12.0,23.0,12.0
03/03/2018,Amiens,Rennes,0.0,2.0,A,6.0,3.0,2.0,3.0,3.0,5.0,19.0,16.0,14.0,18.0
03/03/2018,Angers,Guingamp,3.0,0.0,H,6.0,3.0,1.0,1.0,6.0,3.0,14.0,8.0,15.0,12.0
03/03/2018,Metz,Toulouse,1.0,1.0,D,4.0,9.0,0.0,4.0,1.0,4.0,7.0,14.0,12.0,18.0
03/03/2018,St Etienne,Dijon,2.0,2.0,D,8.0,6.0,0.0,4.0,7.0,5.0,10.0,15.0,13.0,9.0
03/03/2018,Troyes,Paris SG,0.0,2.0,A,2.0,4.0,3.0,1.0,2.0,13.0,7.0,6.0,10.0,20.0
04/03/2018,Caen,Strasbourg,2.0,0.0,H,5.0,3.0,4.0,2.0,4.0,2.0,14.0,12.0,7.0,11.0
04/03/2018,Marseille,Nantes,1.0,1.0,D,8.0,4.0,3.0,4.0,5.0,3.0,7.0,19.0,22.0,9.0
04/03/2018,Montpellier,Lyon,1.0,1.0,D,4.0,4.0,2.0,2.0,5.0,4.0,15.0,6.0,10.0,19.0
09/03/2018,Strasbourg,Monaco,1.0,3.0,A,5.0,3.0,0.0,1.0,5.0,4.0,13.0,14.0,29.0,10.0
10/03/2018,Bordeaux,Angers,0.0,0.0,D,3.0,2.0,0.0,0.0,2.0,0.0,10.0,6.0,12.0,9.0
10/03/2018,Dijon,Amiens,1.0,1.0,D,5.0,1.0,3.0,0.0,3.0,4.0,12.0,13.0,10.0,10.0
10/03/2018,Lille,Montpellier,1.0,1.0,D,3.0,6.0,2.0,2.0,2.0,4.0,17.0,12.0,5.0,13.0
10/03/2018,Nantes,Troyes,1.0,0.0,H,5.0,3.0,0.0,1.0,3.0,0.0,6.0,6.0,19.0,8.0
10/03/2018,Paris SG,Metz,5.0,0.0,H,9.0,2.0,0.0,1.0,10.0,3.0,10.0,10.0,18.0,6.0
10/03/2018,Rennes,St Etienne,1.0,1.0,D,8.0,4.0,0.0,4.0,7.0,3.0,16.0,14.0,18.0,9.0
11/03/2018,Guingamp,Nice,2.0,5.0,A,6.0,5.0,3.0,1.0,6.0,5.0,24.0,8.0,12.0,17.0
11/03/2018,Lyon,Caen,1.0,0.0,H,4.0,2.0,1.0,1.0,4.0,1.0,3.0,8.0,20.0,6.0
11/03/2018,Toulouse,Marseille,1.0,2.0,A,3.0,7.0,2.0,3.0,4.0,9.0,16.0,19.0,9.0,23.0
14/03/2018,Paris SG,Angers,2.0,1.0,H,7.0,8.0,1.0,2.0,7.0,8.0,7.0,11.0,14.0,20.0
16/03/2018,Monaco,Lille,2.0,1.0,H,4.0,2.0,2.0,0.0,4.0,5.0,13.0,10.0,10.0,14.0
17/03/2018,Amiens,Troyes,1.0,1.0,D,4.0,4.0,1.0,1.0,1.0,5.0,13.0,11.0,8.0,11.0
17/03/2018,Angers,Caen,3.0,0.0,H,1.0,4.0,1.0,2.0,6.0,2.0,11.0,9.0,13.0,8.0
17/03/2018,Bordeaux,Rennes,0.0,2.0,A,4.0,2.0,2.0,1.0,2.0,3.0,13.0,8.0,9.0,6.0
17/03/2018,Montpellier,Dijon,2.0,2.0,D,4.0,5.0,1.0,4.0,11.0,7.0,16.0,13.0,18.0,10.0
17/03/2018,Toulouse,Strasbourg,2.0,2.0,D,6.0,2.0,2.0,1.0,6.0,4.0,12.0,11.0,11.0,12.0
18/03/2018,Marseille,Lyon,2.0,3.0,A,2.0,4.0,2.0,3.0,5.0,6.0,12.0,14.0,10.0,11.0
18/03/2018,Metz,Nantes,1.0,1.0,D,3.0,4.0,2.0,0.0,4.0,4.0,7.0,10.0,8.0,15.0
18/03/2018,Nice,Paris SG,1.0,2.0,A,5.0,4.0,0.0,1.0,4.0,7.0,8.0,12.0,14.0,19.0
18/03/2018,St Etienne,Guingamp,2.0,0.0,H,7.0,5.0,2.0,3.0,6.0,3.0,16.0,12.0,16.0,9.0
31/03/2018,Dijon,Marseille,1.0,3.0,A,6.0,6.0,2.0,3.0,2.0,5.0,11.0,15.0,12.0,11.0
01/04/2018,Caen,Montpellier,1.0,3.0,A,4.0,4.0,2.0,2.0,5.0,6.0,22.0,11.0,8.0,9.0
01/04/2018,Guingamp,Bordeaux,2.0,1.0,H,5.0,5.0,1.0,2.0,6.0,6.0,12.0,14.0,14.0,15.0
01/04/2018,Lille,Amiens,0.0,1.0,A,3.0,3.0,0.0,2.0,3.0,2.0,9.0,15.0,15.0,10.0
01/04/2018,Lyon,Toulouse,2.0,0.0,H,8.0,3.0,1.0,1.0,5.0,6.0,14.0,9.0,20.0,10.0
01/04/2018,Nantes,St Etienne,0.0,3.0,A,6.0,4.0,3.0,0.0,4.0,8.0,16.0,12.0,20.0,15.0
01/04/2018,Strasbourg,Metz,2.0,2.0,D,5.0,1.0,5.0,4.0,5.0,5.0,16.0,23.0,18.0,11.0
01/04/2018,Troyes,Nice,0.0,2.0,A,8.0,5.0,1.0,0.0,3.0,6.0,16.0,5.0,11.0,15.0
04/04/2018,Rennes,Monaco,1.0,1.0,D,8.0,1.0,0.0,2.0,7.0,2.0,28.0,17.0,20.0,8.0
06/04/2018,St Etienne,Paris SG,1.0,1.0,D,11.0,3.0,1.0,4.0,5.0,2.0,5.0,16.0,16.0,8.0
07/04/2018,Amiens,Caen,3.0,0.0,H,7.0,4.0,3.0,1.0,4.0,7.0,14.0,14.0,11.0,14.0
07/04/2018,Angers,Strasbourg,1.0,1.0,D,2.0,9.0,1.0,1.0,2.0,5.0,10.0,17.0,3.0,11.0
07/04/2018,Bordeaux,Lille,2.0,1.0,H,7.0,2.0,1.0,3.0,6.0,1.0,14.0,12.0,15.0,7.0
07/04/2018,Guingamp,Troyes,4.0,0.0,H,9.0,10.0,1.0,1.0,10.0,4.0,11.0,12.0,15.0,8.0
07/04/2018,Monaco,Nantes,2.0,1.0,H,7.0,5.0,4.0,3.0,3.0,4.0,12.0,11.0,6.0,10.0
07/04/2018,Toulouse,Dijon,0.0,1.0,A,10.0,3.0,2.0,1.0,5.0,3.0,15.0,15.0,20.0,8.0
08/04/2018,Marseille,Montpellier,0.0,0.0,D,6.0,2.0,2.0,1.0,3.0,2.0,14.0,12.0,12.0,6.0
08/04/2018,Metz,Lyon,0.0,5.0,A,4.0,3.0,2.0,0.0,5.0,6.0,18.0,7.0,10.0,14.0
08/04/2018,Nice,Rennes,1.0,1.0,D,5.0,2.0,4.0,4.0,2.0,3.0,7.0,12.0,10.0,9.0
13/04/2018,Angers,Nice,1.0,1.0,D,4.0,8.0,1.0,3.0,3.0,7.0,14.0,5.0,12.0,15.0
14/04/2018,Lille,Guingamp,2.0,2.0,D,2.0,3.0,2.0,1.0,3.0,3.0,15.0,15.0,10.0,6.0
14/04/2018,Lyon,Amiens,3.0,0.0,H,7.0,5.0,0.0,0.0,8.0,2.0,9.0,11.0,25.0,5.0
14/04/2018,Nantes,Dijon,1.0,1.0,D,6.0,4.0,0.0,0.0,2.0,4.0,14.0,9.0,15.0,12.0
14/04/2018,Rennes,Metz,1.0,2.0,A,7.0,3.0,1.0,4.0,3.0,6.0,6.0,17.0,14.0,7.0
14/04/2018,Strasbourg,St Etienne,0.0,1.0,A,10.0,1.0,3.0,1.0,6.0,1.0,11.0,10.0,16.0,5.0
15/04/2018,Montpellier,Bordeaux,1.0,3.0,A,6.0,2.0,3.0,2.0,5.0,4.0,9.0,8.0,19.0,9.0
15/04/2018,Paris SG,Monaco,7.0,1.0,H,4.0,2.0,1.0,3.0,7.0,2.0,8.0,8.0,12.0,11.0
15/04/2018,Troyes,Marseille,2.0,3.0,A,5.0,8.0,2.0,2.0,7.0,9.0,15.0,8.0,12.0,21.0
20/04/2018,Dijon,Lyon,2.0,5.0,A,9.0,5.0,1.0,2.0,5.0,11.0,11.0,12.0,17.0,17.0
20/04/2018,Nantes,Rennes,1.0,1.0,D,5.0,8.0,6.0,2.0,7.0,9.0,17.0,12.0,13.0,18.0
21/04/2018,Amiens,Strasbourg,3.0,1.0,H,2.0,6.0,4.0,2.0,5.0,2.0,20.0,11.0,7.0,15.0
21/04/2018,Guingamp,Monaco,3.0,1.0,H,10.0,1.0,0.0,2.0,12.0,1.0,13.0,17.0,24.0,4.0
21/04/2018,Marseille,Lille,5.0,1.0,H,3.0,6.0,0.0,1.0,8.0,3.0,9.0,8.0,19.0,14.0
21/04/2018,Metz,Caen,1.0,1.0,D,7.0,2.0,2.0,1.0,3.0,4.0,9.0,11.0,15.0,5.0
21/04/2018,Toulouse,Angers,2.0,0.0,H,6.0,2.0,1.0,2.0,8.0,0.0,11.0,11.0,14.0,7.0
22/04/2018,Bordeaux,Paris SG,0.0,1.0,A,8.0,5.0,0.0,1.0,8.0,2.0,15.0,8.0,21.0,10.0
22/04/2018,Nice,Montpellier,1.0,0.0,H,3.0,3.0,0.0,0.0,4.0,2.0,10.0,13.0,16.0,5.0
22/04/2018,St Etienne,Troyes,2.0,1.0,H,7.0,2.0,0.0,2.0,6.0,3.0,5.0,21.0,18.0,6.0
25/04/2018,Caen,Toulouse,0.0,0.0,D,1.0,2.0,2.0,1.0,0.0,2.0,9.0,11.0,9.0,5.0
27/04/2018,Montpellier,St Etienne,0.0,1.0,A,9.0,1.0,0.0,2.0,5.0,5.0,9.0,7.0,25.0,7.0
28/04/2018,Bordeaux,Dijon,3.0,1.0,H,4.0,4.0,1.0,0.0,4.0,3.0,14.0,12.0,10.0,10.0
28/04/2018,Lille,Metz,3.0,1.0,H,3.0,5.0,0.0,2.0,9.0,4.0,11.0,12.0,15.0,14.0
28/04/2018,Lyon,Nantes,2.0,0.0,H,6.0,4.0,1.0,1.0,11.0,4.0,7.0,14.0,25.0,12.0
28/04/2018,Monaco,Amiens,0.0,0.0,D,6.0,6.0,1.0,2.0,1.0,1.0,9.0,13.0,16.0,7.0
28/04/2018,Strasbourg,Nice,1.0,1.0,D,3.0,8.0,2.0,4.0,2.0,7.0,18.0,13.0,9.0,11.0
28/04/2018,Troyes,Caen,3.0,1.0,H,4.0,5.0,1.0,2.0,3.0,2.0,8.0,16.0,5.0,13.0
29/04/2018,Angers,Marseille,1.0,1.0,D,4.0,9.0,1.0,3.0,6.0,5.0,9.0,9.0,14.0,13.0
29/04/2018,Paris SG,Guingamp,2.0,2.0,D,7.0,7.0,2.0,0.0,3.0,5.0,11.0,9.0,14.0,22.0
29/04/2018,Rennes,Toulouse,2.0,1.0,H,2.0,7.0,2.0,1.0,3.0,2.0,11.0,14.0,6.0,12.0
04/05/2018,Amiens,Paris SG,2.0,2.0,D,3.0,13.0,2.0,0.0,5.0,8.0,14.0,10.0,12.0,23.0
06/05/2018,Caen,Monaco,1.0,2.0,A,6.0,8.0,1.0,2.0,5.0,4.0,14.0,16.0,16.0,17.0
06/05/2018,Dijon,Guingamp,3.0,1.0,H,4.0,3.0,1.0,1.0,9.0,1.0,10.0,9.0,19.0,4.0
06/05/2018,Lyon,Troyes,3.0,0.0,H,6.0,8.0,2.0,2.0,5.0,4.0,9.0,9.0,17.0,13.0
06/05/2018,Marseille,Nice,2.0,1.0,H,9.0,4.0,1.0,1.0,8.0,2.0,18.0,12.0,18.0,11.0
06/05/2018,Metz,Angers,1.0,2.0,A,2.0,7.0,1.0,0.0,4.0,4.0,12.0,11.0,8.0,17.0
06/05/2018,Nantes,Montpellier,0.0,2.0,A,7.0,3.0,0.0,3.0,2.0,7.0,14.0,8.0,11.0,12.0
06/05/2018,Rennes,Strasbourg,2.0,1.0,H,5.0,5.0,1.0,1.0,2.0,3.0,10.0,11.0,14.0,7.0
06/05/2018,St Etienne,Bordeaux,1.0,3.0,A,5.0,2.0,2.0,3.0,3.0,5.0,12.0,12.0,16.0,11.0
06/05/2018,Toulouse,Lille,2.0,3.0,A,1.0,3.0,4.0,2.0,4.0,8.0,14.0,16.0,6.0,17.0
11/05/2018,Guingamp,Marseille,3.0,3.0,D,6.0,11.0,2.0,0.0,7.0,5.0,20.0,15.0,22.0,16.0
12/05/2018,Amiens,Metz,2.0,0.0,H,3.0,8.0,1.0,2.0,2.0,1.0,14.0,15.0,9.0,13.0
12/05/2018,Angers,Nantes,0.0,2.0,A,5.0,4.0,0.0,1.0,2.0,2.0,7.0,11.0,14.0,12.0
12/05/2018,Bordeaux,Toulouse,4.0,2.0,H,6.0,6.0,1.0,3.0,6.0,4.0,8.0,20.0,15.0,10.0
12/05/2018,Lille,Dijon,2.0,1.0,H,4.0,4.0,0.0,2.0,3.0,7.0,8.0,11.0,13.0,12.0
12/05/2018,Monaco,St Etienne,1.0,0.0,H,6.0,5.0,1.0,1.0,5.0,3.0,14.0,11.0,18.0,11.0
12/05/2018,Montpellier,Troyes,1.0,1.0,D,11.0,1.0,0.0,0.0,3.0,2.0,10.0,9.0,22.0,9.0
12/05/2018,Nice,Caen,4.0,1.0,H,4.0,7.0,0.0,1.0,8.0,5.0,10.0,18.0,21.0,12.0
12/05/2018,Paris SG,Rennes,0.0,2.0,A,7.0,7.0,1.0,0.0,5.0,2.0,12.0,12.0,14.0,10.0
12/05/2018,Strasbourg,Lyon,3.0,2.0,H,2.0,1.0,5.0,1.0,4.0,3.0,25.0,20.0,9.0,8.0
19/05/2018,Caen,Paris SG,0.0,0.0,D,2.0,3.0,3.0,1.0,6.0,2.0,15.0,18.0,11.0,7.0
19/05/2018,Dijon,Angers,2.0,1.0,H,1.0,9.0,1.0,2.0,1.0,8.0,17.0,7.0,7.0,16.0
19/05/2018,Lyon,Nice,3.0,2.0,H,8.0,7.0,3.0,3.0,8.0,4.0,15.0,13.0,23.0,11.0
19/05/2018,Marseille,Amiens,2.0,1.0,H,7.0,3.0,0.0,0.0,11.0,2.0,12.0,12.0,27.0,5.0
19/05/2018,Metz,Bordeaux,0.0,4.0,A,4.0,6.0,3.0,0.0,0.0,7.0,11.0,16.0,7.0,15.0
19/05/2018,Nantes,Strasbourg,1.0,0.0,H,2.0,7.0,0.0,0.0,2.0,2.0,6.0,12.0,9.0,10.0
19/05/2018,Rennes,Montpellier,1.0,1.0,D,8.0,4.0,0.0,1.0,1.0,6.0,10.0,12.0,9.0,9.0
19/05/2018,St Etienne,Lille,5.0,0.0,H,7.0,4.0,1.0,0.0,7.0,3.0,6.0,5.0,14.0,11.0
19/05/2018,Toulouse,Guingamp,2.0,1.0,H,9.0,5.0,3.0,2.0,7.0,6.0,9.0,14.0,17.0,13.0
19/05/2018,Troyes,Monaco,0.0,3.0,A,6.0,2.0,1.0,1.0,4.0,14.0,14.0,13.0,12.0,21.0
10/08/2018,Marseille,Toulouse,4.0,0.0,H,5.0,1.0,1.0,3.0,10.0,1.0,7.0,20.0,23.0,5.0
11/08/2018,Angers,Nimes,3.0,4.0,A,5.0,1.0,2.0,2.0,7.0,5.0,20.0,12.0,21.0,14.0
11/08/2018,Lille,Rennes,3.0,1.0,H,2.0,6.0,1.0,0.0,6.0,2.0,12.0,13.0,15.0,8.0
11/08/2018,Montpellier,Dijon,1.0,2.0,A,4.0,2.0,2.0,2.0,7.0,4.0,15.0,21.0,16.0,9.0
11/08/2018,Nantes,Monaco,1.0,3.0,A,7.0,2.0,1.0,0.0,4.0,6.0,8.0,15.0,16.0,11.0
11/08/2018,Nice,Reims,0.0,1.0,A,10.0,2.0,1.0,2.0,1.0,3.0,13.0,14.0,19.0,5.0
11/08/2018,St Etienne,Guingamp,2.0,1.0,H,6.0,9.0,3.0,1.0,6.0,5.0,14.0,11.0,11.0,11.0
12/08/2018,Bordeaux,Strasbourg,0.0,2.0,A,3.0,10.0,1.0,0.0,2.0,6.0,6.0,12.0,5.0,17.0
12/08/2018,Lyon,Amiens,2.0,0.0,H,10.0,1.0,0.0,2.0,7.0,1.0,9.0,17.0,15.0,10.0
12/08/2018,Paris SG,Caen,3.0,0.0,H,6.0,3.0,1.0,0.0,8.0,1.0,13.0,7.0,11.0,5.0
17/08/2018,Reims,Lyon,1.0,0.0,H,0.0,4.0,2.0,0.0,2.0,5.0,11.0,10.0,7.0,19.0
18/08/2018,Amiens,Montpellier,1.0,2.0,A,6.0,2.0,1.0,3.0,2.0,3.0,15.0,15.0,11.0,7.0
18/08/2018,Caen,Nice,1.0,1.0,D,5.0,10.0,2.0,2.0,4.0,5.0,22.0,11.0,13.0,16.0
18/08/2018,Dijon,Nantes,2.0,0.0,H,3.0,4.0,0.0,1.0,7.0,0.0,18.0,13.0,14.0,7.0
18/08/2018,Guingamp,Paris SG,1.0,3.0,A,4.0,7.0,0.0,1.0,3.0,7.0,15.0,16.0,11.0,17.0
18/08/2018,Monaco,Lille,0.0,0.0,D,8.0,4.0,0.0,0.0,1.0,4.0,10.0,14.0,10.0,13.0
18/08/2018,Rennes,Angers,1.0,0.0,H,3.0,0.0,1.0,2.0,2.0,0.0,8.0,11.0,5.0,7.0
19/08/2018,Nimes,Marseille,3.0,1.0,H,6.0,7.0,3.0,1.0,7.0,5.0,11.0,11.0,14.0,10.0
19/08/2018,Strasbourg,St Etienne,1.0,1.0,D,7.0,2.0,1.0,2.0,5.0,2.0,11.0,7.0,11.0,9.0
19/08/2018,Toulouse,Bordeaux,2.0,1.0,H,1.0,2.0,1.0,1.0,5.0,8.0,10.0,11.0,13.0,15.0
24/08/2018,Lyon,Strasbourg,2.0,0.0,H,5.0,4.0,1.0,2.0,10.0,1.0,13.0,13.0,22.0,9.0
25/08/2018,Amiens,Reims,4.0,1.0,H,4.0,2.0,1.0,1.0,8.0,3.0,18.0,17.0,14.0,7.0
25/08/2018,Montpellier,St Etienne,0.0,0.0,D,6.0,3.0,3.0,0.0,1.0,2.0,12.0,14.0,14.0,9.0
25/08/2018,Nantes,Caen,1.0,1.0,D,3.0,1.0,2.0,3.0,3.0,2.0,16.0,16.0,16.0,3.0
25/08/2018,Nice,Dijon,0.0,4.0,A,5.0,3.0,2.0,3.0,3.0,5.0,11.0,19.0,16.0,9.0
25/08/2018,Paris SG,Angers,3.0,1.0,H,9.0,1.0,2.0,0.0,5.0,6.0,10.0,2.0,13.0,11.0
25/08/2018,Toulouse,Nimes,1.0,0.0,H,3.0,3.0,1.0,3.0,5.0,0.0,17.0,21.0,10.0,9.0
26/08/2018,Bordeaux,Monaco,2.0,1.0,H,5.0,8.0,1.0,2.0,6.0,5.0,10.0,14.0,14.0,15.0
26/08/2018,Lille,Guingamp,3.0,0.0,H,4.0,4.0,2.0,1.0,7.0,4.0,13.0,13.0,13.0,13.0
26/08/2018,Marseille,Rennes,2.0,2.0,D,8.0,4.0,1.0,1.0,3.0,2.0,16.0,15.0,8.0,7.0
31/08/2018,Lyon,Nice,0.0,1.0,A,10.0,5.0,0.0,2.0,9.0,1.0,6.0,14.0,29.0,8.0
01/09/2018,Angers,Lille,1.0,0.0,H,4.0,5.0,0.0,1.0,3.0,4.0,14.0,8.0,6.0,17.0
01/09/2018,Dijon,Caen,0.0,2.0,A,9.0,5.0,0.0,3.0,2.0,4.0,11.0,13.0,15.0,9.0
01/09/2018,Guingamp,Toulouse,1.0,2.0,A,11.0,4.0,3.0,2.0,5.0,4.0,12.0,13.0,23.0,5.0
01/09/2018,Nimes,Paris SG,2.0,4.0,A,3.0,4.0,1.0,3.0,6.0,5.0,12.0,11.0,14.0,7.0
01/09/2018,Reims,Montpellier,0.0,1.0,A,5.0,5.0,0.0,0.0,6.0,3.0,11.0,11.0,21.0,9.0
01/09/2018,Strasbourg,Nantes,2.0,3.0,A,1.0,3.0,1.0,2.0,5.0,5.0,12.0,12.0,10.0,14.0
02/09/2018,Monaco,Marseille,2.0,3.0,A,1.0,5.0,1.0,1.0,4.0,5.0,11.0,16.0,8.0,15.0
02/09/2018,Rennes,Bordeaux,2.0,0.0,H,6.0,5.0,0.0,3.0,8.0,1.0,12.0,14.0,16.0,8.0
02/09/2018,St Etienne,Amiens,0.0,0.0,D,14.0,1.0,3.0,2.0,5.0,2.0,11.0,12.0,19.0,9.0
14/09/2018,Nice,Rennes,2.0,1.0,H,3.0,2.0,4.0,1.0,4.0,3.0,10.0,19.0,13.0,10.0
14/09/2018,Paris SG,St Etienne,4.0,0.0,H,7.0,4.0,1.0,1.0,9.0,2.0,12.0,13.0,16.0,11.0
15/09/2018,Amiens,Lille,2.0,3.0,A,3.0,3.0,1.0,2.0,4.0,9.0,12.0,21.0,8.0,18.0
15/09/2018,Caen,Lyon,2.0,2.0,D,2.0,4.0,1.0,2.0,4.0,6.0,15.0,13.0,18.0,17.0
15/09/2018,Dijon,Angers,1.0,3.0,A,4.0,6.0,2.0,2.0,3.0,6.0,11.0,13.0,11.0,13.0
15/09/2018,Montpellier,Strasbourg,1.0,1.0,D,5.0,5.0,1.0,2.0,3.0,1.0,15.0,14.0,10.0,7.0
15/09/2018,Toulouse,Monaco,1.0,1.0,D,6.0,3.0,2.0,3.0,6.0,2.0,17.0,17.0,13.0,12.0
16/09/2018,Bordeaux,Nimes,3.0,3.0,D,8.0,3.0,2.0,0.0,4.0,5.0,12.0,9.0,15.0,14.0
16/09/2018,Marseille,Guingamp,4.0,0.0,H,8.0,1.0,1.0,1.0,6.0,0.0,7.0,9.0,17.0,2.0
16/09/2018,Nantes,Reims,0.0,0.0,D,7.0,7.0,3.0,4.0,6.0,0.0,13.0,12.0,12.0,7.0
21/09/2018,Monaco,Nimes,1.0,1.0,D,5.0,5.0,1.0,2.0,4.0,2.0,15.0,15.0,15.0,9.0
22/09/2018,Angers,Toulouse,0.0,0.0,D,4.0,4.0,1.0,2.0,4.0,0.0,14.0,14.0,16.0,7.0
22/09/2018,Lille,Nantes,2.0,1.0,H,4.0,1.0,3.0,4.0,8.0,4.0,15.0,12.0,11.0,11.0
22/09/2018,Montpellier,Nice,1.0,0.0,H,6.0,5.0,3.0,2.0,5.0,2.0,14.0,11.0,12.0,9.0
22/09/2018,Reims,Dijon,0.0,0.0,D,9.0,3.0,1.0,1.0,2.0,0.0,15.0,14.0,11.0,6.0
22/09/2018,St Etienne,Caen,2.0,1.0,H,9.0,6.0,2.0,3.0,7.0,2.0,3.0,20.0,23.0,9.0
22/09/2018,Strasbourg,Amiens,3.0,1.0,H,1.0,1.0,1.0,4.0,6.0,3.0,16.0,13.0,13.0,8.0
23/09/2018,Guingamp,Bordeaux,1.0,3.0,A,6.0,4.0,1.0,4.0,5.0,6.0,14.0,17.0,18.0,11.0
23/09/2018,Lyon,Marseille,4.0,2.0,H,3.0,7.0,1.0,2.0,5.0,3.0,7.0,12.0,17.0,9.0
23/09/2018,Rennes,Paris SG,1.0,3.0,A,9.0,4.0,2.0,3.0,4.0,6.0,11.0,17.0,14.0,15.0
25/09/2018,Monaco,Angers,0.0,1.0,A,5.0,4.0,1.0,2.0,0.0,3.0,13.0,12.0,7.0,6.0
25/09/2018,Nantes,Nice,1.0,2.0,A,8.0,8.0,1.0,2.0,3.0,5.0,12.0,15.0,10.0,12.0
25/09/2018,Toulouse,St Etienne,2.0,3.0,A,4.0,2.0,1.0,2.0,6.0,8.0,13.0,14.0,20.0,14.0
26/09/2018,Amiens,Rennes,2.0,1.0,H,9.0,6.0,0.0,2.0,3.0,2.0,11.0,18.0,12.0,15.0
26/09/2018,Bordeaux,Lille,1.0,0.0,H,3.0,4.0,1.0,3.0,3.0,6.0,13.0,19.0,7.0,15.0
26/09/2018,Caen,Montpellier,2.0,2.0,D,4.0,6.0,2.0,2.0,3.0,6.0,10.0,14.0,11.0,16.0
26/09/2018,Dijon,Lyon,0.0,3.0,A,8.0,2.0,2.0,2.0,6.0,5.0,12.0,11.0,30.0,16.0
26/09/2018,Marseille,Strasbourg,3.0,2.0,H,3.0,2.0,3.0,3.0,5.0,5.0,12.0,13.0,13.0,9.0
26/09/2018,Nimes,Guingamp,0.0,0.0,D,4.0,3.0,3.0,3.0,2.0,3.0,11.0,12.0,7.0,9.0
26/09/2018,Paris SG,Reims,4.0,1.0,H,8.0,4.0,0.0,1.0,7.0,3.0,12.0,13.0,15.0,9.0
28/09/2018,St Etienne,Monaco,2.0,0.0,H,6.0,3.0,0.0,1.0,5.0,7.0,8.0,9.0,16.0,20.0
29/09/2018,Angers,Guingamp,0.0,1.0,A,1.0,4.0,3.0,3.0,4.0,5.0,15.0,13.0,11.0,11.0
29/09/2018,Caen,Amiens,1.0,0.0,H,7.0,4.0,2.0,2.0,4.0,2.0,15.0,11.0,12.0,7.0
29/09/2018,Lyon,Nantes,1.0,1.0,D,10.0,10.0,3.0,4.0,7.0,4.0,15.0,12.0,20.0,19.0
29/09/2018,Nice,Paris SG,0.0,3.0,A,3.0,7.0,3.0,2.0,1.0,8.0,13.0,12.0,9.0,21.0
29/09/2018,Reims,Bordeaux,0.0,0.0,D,7.0,1.0,2.0,3.0,0.0,3.0,16.0,23.0,9.0,7.0
29/09/2018,Strasbourg,Dijon,3.0,0.0,H,0.0,5.0,1.0,3.0,5.0,1.0,11.0,17.0,7.0,14.0
30/09/2018,Lille,Marseille,3.0,0.0,H,5.0,2.0,1.0,3.0,4.0,3.0,8.0,14.0,16.0,8.0
30/09/2018,Montpellier,Nimes,3.0,0.0,H,4.0,1.0,2.0,3.0,6.0,3.0,15.0,18.0,19.0,11.0
30/09/2018,Rennes,Toulouse,1.0,1.0,D,7.0,3.0,1.0,4.0,7.0,2.0,17.0,14.0,22.0,5.0
05/10/2018,Toulouse,Nice,1.0,1.0,D,3.0,2.0,1.0,2.0,2.0,2.0,17.0,14.0,13.0,11.0
06/10/2018,Amiens,Dijon,1.0,0.0,H,6.0,2.0,0.0,0.0,2.0,3.0,19.0,18.0,8.0,10.0
06/10/2018,Angers,Strasbourg,2.0,2.0,D,6.0,1.0,1.0,5.0,6.0,4.0,11.0,13.0,24.0,9.0
06/10/2018,Guingamp,Montpellier,1.0,1.0,D,3.0,4.0,0.0,3.0,2.0,5.0,11.0,17.0,7.0,11.0
06/10/2018,Lille,St Etienne,3.0,1.0,H,1.0,4.0,2.0,1.0,5.0,2.0,8.0,10.0,12.0,6.0
06/10/2018,Nimes,Reims,0.0,0.0,D,9.0,1.0,1.0,1.0,5.0,2.0,13.0,11.0,17.0,9.0
07/10/2018,Bordeaux,Nantes,3.0,0.0,H,4.0,6.0,1.0,1.0,7.0,2.0,19.0,15.0,16.0,12.0
07/10/2018,Marseille,Caen,2.0,0.0,H,4.0,2.0,3.0,5.0,6.0,2.0,14.0,14.0,17.0,7.0
07/10/2018,Monaco,Rennes,1.0,2.0,A,2.0,3.0,5.0,1.0,2.0,4.0,18.0,16.0,8.0,11.0
07/10/2018,Paris SG,Lyon,5.0,0.0,H,2.0,10.0,2.0,4.0,8.0,6.0,11.0,16.0,14.0,16.0
19/10/2018,Lyon,Nimes,2.0,0.0,H,7.0,7.0,1.0,2.0,5.0,6.0,10.0,11.0,13.0,23.0
20/10/2018,Caen,Guingamp,0.0,0.0,D,3.0,2.0,0.0,0.0,2.0,2.0,17.0,5.0,4.0,7.0
20/10/2018,Dijon,Lille,1.0,2.0,A,10.0,5.0,2.0,2.0,7.0,3.0,20.0,13.0,17.0,8.0
20/10/2018,Nantes,Toulouse,4.0,0.0,H,4.0,3.0,3.0,1.0,9.0,2.0,12.0,13.0,18.0,5.0
20/10/2018,Paris SG,Amiens,5.0,0.0,H,10.0,5.0,0.0,0.0,8.0,2.0,12.0,10.0,16.0,8.0
20/10/2018,Reims,Angers,1.0,1.0,D,8.0,6.0,1.0,0.0,5.0,6.0,13.0,7.0,12.0,16.0
20/10/2018,Strasbourg,Monaco,2.0,1.0,H,4.0,6.0,2.0,3.0,5.0,5.0,13.0,11.0,8.0,12.0
21/10/2018,Montpellier,Bordeaux,2.0,0.0,H,2.0,3.0,2.0,3.0,4.0,3.0,13.0,11.0,13.0,12.0
21/10/2018,Nice,Marseille,0.0,1.0,A,5.0,7.0,3.0,1.0,3.0,1.0,12.0,9.0,14.0,9.0
21/10/2018,St Etienne,Rennes,1.0,1.0,D,2.0,4.0,1.0,1.0,2.0,5.0,13.0,11.0,8.0,15.0
26/10/2018,Nimes,St Etienne,1.0,1.0,D,7.0,4.0,1.0,3.0,6.0,5.0,6.0,15.0,13.0,13.0
27/10/2018,Amiens,Nantes,1.0,2.0,A,10.0,2.0,1.0,2.0,8.0,5.0,16.0,10.0,18.0,12.0
27/10/2018,Angers,Lyon,1.0,2.0,A,7.0,0.0,2.0,5.0,4.0,5.0,9.0,10.0,14.0,9.0
27/10/2018,Guingamp,Strasbourg,1.0,1.0,D,6.0,5.0,1.0,1.0,4.0,5.0,10.0,14.0,10.0,12.0
27/10/2018,Lille,Caen,1.0,0.0,H,9.0,4.0,0.0,2.0,4.0,1.0,13.0,20.0,11.0,5.0
27/10/2018,Monaco,Dijon,2.0,2.0,D,6.0,4.0,2.0,3.0,5.0,3.0,15.0,14.0,12.0,11.0
27/10/2018,Toulouse,Montpellier,0.0,3.0,A,5.0,7.0,2.0,1.0,4.0,8.0,13.0,13.0,15.0,22.0
28/10/2018,Bordeaux,Nice,0.0,1.0,A,5.0,2.0,2.0,3.0,7.0,2.0,13.0,13.0,23.0,13.0
28/10/2018,Marseille,Paris SG,0.0,2.0,A,5.0,7.0,4.0,2.0,2.0,5.0,8.0,11.0,12.0,11.0
28/10/2018,Rennes,Reims,0.0,2.0,A,11.0,2.0,3.0,2.0,5.0,3.0,16.0,17.0,11.0,6.0
02/11/2018,Paris SG,Lille,2.0,1.0,H,8.0,0.0,2.0,3.0,5.0,2.0,16.0,12.0,19.0,6.0
03/11/2018,Caen,Rennes,1.0,2.0,A,2.0,4.0,1.0,2.0,3.0,10.0,13.0,11.0,12.0,22.0
03/11/2018,Dijon,Nimes,0.0,4.0,A,7.0,3.0,1.0,0.0,7.0,6.0,12.0,13.0,23.0,11.0
03/11/2018,Lyon,Bordeaux,1.0,1.0,D,5.0,5.0,1.0,1.0,2.0,3.0,18.0,16.0,6.0,17.0
03/11/2018,Nice,Amiens,1.0,0.0,H,1.0,4.0,1.0,0.0,4.0,7.0,8.0,9.0,7.0,13.0
03/11/2018,Reims,Monaco,1.0,0.0,H,2.0,4.0,0.0,3.0,4.0,1.0,12.0,16.0,8.0,5.0
03/11/2018,Strasbourg,Toulouse,1.0,1.0,D,10.0,3.0,2.0,1.0,2.0,2.0,8.0,4.0,18.0,5.0
04/11/2018,Montpellier,Marseille,3.0,0.0,H,2.0,6.0,0.0,3.0,6.0,2.0,12.0,14.0,14.0,11.0
04/11/2018,Nantes,Guingamp,5.0,0.0,H,8.0,5.0,0.0,2.0,10.0,0.0,10.0,13.0,19.0,4.0
04/11/2018,St Etienne,Angers,4.0,3.0,H,9.0,5.0,1.0,1.0,9.0,6.0,8.0,10.0,18.0,10.0
09/11/2018,Lille,Strasbourg,0.0,0.0,D,7.0,0.0,0.0,2.0,8.0,1.0,9.0,14.0,22.0,4.0
10/11/2018,Angers,Montpellier,1.0,0.0,H,5.0,3.0,1.0,2.0,3.0,3.0,16.0,13.0,10.0,10.0
10/11/2018,Guingamp,Lyon,2.0,4.0,A,6.0,0.0,1.0,2.0,2.0,6.0,13.0,18.0,9.0,19.0
10/11/2018,Nimes,Nice,0.0,1.0,A,4.0,6.0,4.0,5.0,3.0,8.0,11.0,16.0,8.0,13.0
10/11/2018,St Etienne,Reims,2.0,0.0,H,5.0,6.0,3.0,1.0,5.0,3.0,10.0,21.0,14.0,14.0
10/11/2018,Toulouse,Amiens,0.0,1.0,A,7.0,3.0,3.0,1.0,6.0,2.0,11.0,15.0,23.0,7.0
11/11/2018,Bordeaux,Caen,0.0,0.0,D,3.0,6.0,4.0,3.0,6.0,1.0,12.0,14.0,16.0,9.0
11/11/2018,Marseille,Dijon,2.0,0.0,H,10.0,4.0,0.0,2.0,3.0,3.0,9.0,17.0,16.0,9.0
11/11/2018,Monaco,Paris SG,0.0,4.0,A,6.0,9.0,0.0,0.0,2.0,9.0,15.0,10.0,15.0,14.0
11/11/2018,Rennes,Nantes,1.0,1.0,D,8.0,4.0,4.0,3.0,4.0,3.0,15.0,17.0,14.0,7.0
23/11/2018,Lyon,St Etienne,1.0,0.0,H,6.0,8.0,1.0,2.0,1.0,3.0,10.0,16.0,13.0,16.0
24/11/2018,Caen,Monaco,0.0,1.0,A,7.0,4.0,2.0,3.0,1.0,4.0,16.0,20.0,9.0,10.0
24/11/2018,Dijon,Bordeaux,0.0,0.0,D,6.0,6.0,2.0,1.0,4.0,0.0,18.0,12.0,14.0,11.0
24/11/2018,Nantes,Angers,1.0,1.0,D,8.0,2.0,2.0,3.0,8.0,1.0,13.0,12.0,24.0,7.0
24/11/2018,Paris SG,Toulouse,1.0,0.0,H,7.0,6.0,0.0,0.0,2.0,3.0,12.0,9.0,9.0,11.0
24/11/2018,Reims,Guingamp,2.0,1.0,H,5.0,2.0,1.0,4.0,3.0,4.0,12.0,10.0,10.0,6.0
24/11/2018,Strasbourg,Nimes,0.0,1.0,A,7.0,8.0,3.0,1.0,4.0,3.0,12.0,8.0,12.0,14.0
25/11/2018,Amiens,Marseille,1.0,3.0,A,5.0,8.0,2.0,2.0,3.0,9.0,14.0,11.0,9.0,21.0
25/11/2018,Montpellier,Rennes,2.0,2.0,D,2.0,5.0,3.0,1.0,4.0,7.0,13.0,16.0,15.0,16.0
25/11/2018,Nice,Lille,2.0,0.0,H,4.0,12.0,1.0,4.0,4.0,2.0,10.0,18.0,11.0,9.0
30/11/2018,St Etienne,Nantes,3.0,0.0,H,8.0,1.0,1.0,2.0,4.0,1.0,16.0,17.0,16.0,7.0
01/12/2018,Angers,Caen,1.0,1.0,D,6.0,2.0,1.0,2.0,4.0,3.0,15.0,8.0,11.0,8.0
01/12/2018,Guingamp,Nice,0.0,0.0,D,4.0,1.0,1.0,1.0,2.0,1.0,6.0,11.0,12.0,10.0
01/12/2018,Lille,Lyon,2.0,2.0,D,4.0,6.0,2.0,1.0,6.0,5.0,14.0,8.0,13.0,18.0
01/12/2018,Monaco,Montpellier,1.0,2.0,A,4.0,3.0,0.0,0.0,2.0,3.0,6.0,20.0,13.0,15.0
01/12/2018,Nimes,Amiens,3.0,0.0,H,5.0,2.0,1.0,4.0,7.0,2.0,10.0,12.0,13.0,9.0
02/12/2018,Bordeaux,Paris SG,2.0,2.0,D,4.0,4.0,1.0,2.0,4.0,2.0,12.0,12.0,18.0,9.0
02/12/2018,Marseille,Reims,0.0,0.0,D,13.0,1.0,2.0,1.0,5.0,4.0,16.0,12.0,16.0,12.0
02/12/2018,Rennes,Strasbourg,1.0,4.0,A,10.0,3.0,3.0,1.0,2.0,8.0,8.0,10.0,12.0,14.0
02/12/2018,Toulouse,Dijon,2.0,2.0,D,2.0,5.0,1.0,3.0,3.0,5.0,12.0,17.0,12.0,14.0
04/12/2018,Amiens,Monaco,0.0,2.0,A,5.0,2.0,2.0,3.0,2.0,4.0,21.0,17.0,15.0,6.0
04/12/2018,Montpellier,Lille,0.0,1.0,A,8.0,8.0,2.0,2.0,4.0,6.0,15.0,10.0,16.0,13.0
04/12/2018,Nice,Angers,0.0,0.0,D,7.0,2.0,3.0,1.0,5.0,2.0,10.0,17.0,16.0,8.0
05/12/2018,Bordeaux,St Etienne,3.0,2.0,H,3.0,7.0,2.0,3.0,5.0,4.0,13.0,12.0,13.0,14.0
05/12/2018,Caen,Nimes,1.0,2.0,A,0.0,6.0,1.0,3.0,3.0,7.0,19.0,14.0,11.0,23.0
05/12/2018,Dijon,Guingamp,2.0,1.0,H,2.0,9.0,6.0,1.0,3.0,9.0,19.0,17.0,9.0,21.0
05/12/2018,Lyon,Rennes,0.0,2.0,A,5.0,2.0,1.0,0.0,8.0,2.0,14.0,12.0,15.0,10.0
05/12/2018,Nantes,Marseille,3.0,2.0,H,8.0,7.0,0.0,1.0,4.0,3.0,16.0,11.0,11.0,8.0
05/12/2018,Reims,Toulouse,0.0,1.0,A,10.0,3.0,3.0,6.0,7.0,3.0,15.0,22.0,22.0,7.0
05/12/2018,Strasbourg,Paris SG,1.0,1.0,D,3.0,11.0,2.0,3.0,2.0,5.0,12.0,14.0,4.0,20.0
08/12/2018,Guingamp,Amiens,1.0,2.0,A,12.0,0.0,1.0,4.0,2.0,3.0,16.0,15.0,16.0,11.0
08/12/2018,Rennes,Dijon,2.0,0.0,H,8.0,4.0,1.0,2.0,10.0,3.0,10.0,16.0,21.0,7.0
09/12/2018,Lille,Reims,1.0,1.0,D,5.0,4.0,1.0,3.0,3.0,3.0,14.0,24.0,12.0,8.0
09/12/2018,Strasbourg,Caen,2.0,2.0,D,8.0,4.0,1.0,1.0,4.0,3.0,11.0,13.0,10.0,5.0
15/12/2018,Reims,Strasbourg,2.0,1.0,H,6.0,3.0,1.0,1.0,5.0,3.0,19.0,16.0,12.0,5.0
16/12/2018,Lyon,Monaco,3.0,0.0,H,7.0,1.0,1.0,2.0,11.0,1.0,14.0,9.0,21.0,4.0
16/12/2018,Nice,St Etienne,1.0,1.0,D,7.0,6.0,2.0,3.0,7.0,4.0,6.0,20.0,23.0,11.0
16/12/2018,Nimes,Lille,2.0,3.0,A,6.0,2.0,3.0,3.0,6.0,6.0,21.0,12.0,17.0,7.0
18/12/2018,Caen,Toulouse,2.0,1.0,H,2.0,3.0,2.0,2.0,7.0,2.0,15.0,27.0,13.0,7.0
22/12/2018,Angers,Marseille,1.0,1.0,D,6.0,4.0,1.0,3.0,4.0,2.0,9.0,14.0,15.0,14.0
22/12/2018,Lille,Toulouse,1.0,2.0,A,6.0,7.0,3.0,4.0,5.0,3.0,11.0,18.0,17.0,6.0
22/12/2018,Monaco,Guingamp,0.0,2.0,A,8.0,6.0,2.0,4.0,2.0,3.0,19.0,15.0,5.0,9.0
22/12/2018,Montpellier,Lyon,1.0,1.0,D,6.0,2.0,2.0,1.0,4.0,3.0,20.0,11.0,13.0,10.0
22/12/2018,Paris SG,Nantes,1.0,0.0,H,9.0,1.0,2.0,0.0,3.0,2.0,7.0,11.0,23.0,11.0
22/12/2018,Reims,Caen,2.0,2.0,D,10.0,2.0,3.0,3.0,11.0,2.0,9.0,16.0,19.0,7.0
22/12/2018,Rennes,Nimes,4.0,0.0,H,2.0,7.0,1.0,2.0,7.0,6.0,11.0,13.0,13.0,18.0
22/12/2018,St Etienne,Dijon,3.0,0.0,H,5.0,3.0,4.0,3.0,9.0,2.0,13.0,17.0,18.0,7.0
22/12/2018,Strasbourg,Nice,2.0,0.0,H,2.0,4.0,2.0,0.0,5.0,4.0,15.0,12.0,11.0,9.0
23/12/2018,Bordeaux,Amiens,1.0,1.0,D,6.0,6.0,0.0,2.0,4.0,4.0,10.0,10.0,9.0,8.0
08/01/2019,Amiens,Angers,0.0,0.0,D,4.0,7.0,0.0,1.0,5.0,2.0,13.0,7.0,21.0,7.0
08/01/2019,Nantes,Montpellier,2.0,0.0,H,4.0,3.0,1.0,2.0,5.0,2.0,17.0,9.0,16.0,9.0
11/01/2019,Caen,Lille,1.0,3.0,A,4.0,2.0,3.0,1.0,3.0,7.0,14.0,18.0,9.0,12.0
11/01/2019,Lyon,Reims,1.0,1.0,D,8.0,0.0,0.0,1.0,5.0,5.0,14.0,7.0,15.0,9.0
12/01/2019,Amiens,Paris SG,0.0,3.0,A,1.0,8.0,3.0,0.0,1.0,9.0,16.0,16.0,4.0,20.0
12/01/2019,Guingamp,St Etienne,0.0,1.0,A,9.0,4.0,0.0,1.0,2.0,2.0,10.0,12.0,11.0,4.0
12/01/2019,Nice,Bordeaux,1.0,0.0,H,5.0,5.0,2.0,3.0,3.0,4.0,17.0,17.0,9.0,18.0
13/01/2019,Dijon,Montpellier,1.0,1.0,D,3.0,7.0,2.0,0.0,7.0,6.0,21.0,14.0,13.0,13.0
13/01/2019,Marseille,Monaco,1.0,1.0,D,6.0,3.0,2.0,1.0,3.0,3.0,12.0,10.0,14.0,8.0
13/01/2019,Nantes,Rennes,0.0,1.0,A,4.0,3.0,5.0,3.0,3.0,1.0,13.0,16.0,24.0,6.0
13/01/2019,Toulouse,Strasbourg,1.0,2.0,A,7.0,4.0,1.0,1.0,4.0,5.0,9.0,8.0,17.0,12.0
15/01/2019,Angers,Bordeaux,1.0,2.0,A,9.0,7.0,1.0,0.0,8.0,4.0,10.0,9.0,19.0,9.0
16/01/2019,Guingamp,Rennes,2.0,1.0,H,7.0,4.0,2.0,3.0,2.0,3.0,10.0,14.0,7.0,17.0
16/01/2019,Monaco,Nice,1.0,1.0,D,10.0,2.0,2.0,2.0,5.0,2.0,13.0,9.0,13.0,6.0
16/01/2019,Nimes,Nantes,1.0,0.0,H,5.0,4.0,0.0,0.0,2.0,3.0,13.0,11.0,10.0,11.0
16/01/2019,St Etienne,Marseille,2.0,1.0,H,4.0,2.0,0.0,0.0,5.0,4.0,13.0,14.0,11.0,15.0
16/01/2019,Toulouse,Lyon,2.0,2.0,D,4.0,10.0,4.0,3.0,4.0,5.0,12.0,10.0,6.0,22.0
18/01/2019,Lille,Amiens,2.0,1.0,H,4.0,3.0,0.0,3.0,3.0,1.0,8.0,18.0,17.0,2.0
19/01/2019,Monaco,Strasbourg,1.0,5.0,A,3.0,7.0,4.0,2.0,5.0,6.0,13.0,9.0,9.0,16.0
19/01/2019,Nimes,Toulouse,0.0,1.0,A,8.0,2.0,3.0,1.0,6.0,4.0,17.0,13.0,18.0,11.0
19/01/2019,Paris SG,Guingamp,9.0,0.0,H,8.0,1.0,1.0,0.0,12.0,0.0,11.0,7.0,26.0,2.0
19/01/2019,Reims,Nice,1.0,1.0,D,2.0,7.0,0.0,3.0,2.0,5.0,16.0,10.0,10.0,9.0
20/01/2019,Angers,Nantes,1.0,0.0,H,3.0,6.0,2.0,3.0,3.0,4.0,9.0,20.0,4.0,13.0
20/01/2019,Bordeaux,Dijon,1.0,0.0,H,2.0,2.0,3.0,3.0,5.0,3.0,12.0,13.0,13.0,10.0
20/01/2019,Caen,Marseille,0.0,1.0,A,5.0,4.0,6.0,3.0,4.0,1.0,19.0,16.0,9.0,9.0
20/01/2019,Rennes,Montpellier,0.0,0.0,D,6.0,0.0,2.0,2.0,1.0,3.0,13.0,18.0,16.0,13.0
20/01/2019,St Etienne,Lyon,1.0,2.0,A,4.0,4.0,2.0,2.0,9.0,7.0,18.0,7.0,15.0,23.0
23/01/2019,Nimes,Angers,3.0,1.0,H,9.0,2.0,1.0,2.0,6.0,4.0,12.0,9.0,15.0,11.0
25/01/2019,Marseille,Lille,1.0,2.0,A,9.0,6.0,5.0,3.0,5.0,3.0,14.0,7.0,15.0,9.0
26/01/2019,Dijon,Monaco,2.0,0.0,H,3.0,5.0,3.0,2.0,7.0,5.0,15.0,9.0,13.0,18.0
26/01/2019,Guingamp,Reims,0.0,1.0,A,4.0,4.0,1.0,2.0,2.0,3.0,12.0,13.0,6.0,7.0
26/01/2019,Nice,Nimes,2.0,0.0,H,6.0,4.0,1.0,3.0,7.0,7.0,10.0,13.0,15.0,14.0
26/01/2019,Strasbourg,Bordeaux,1.0,0.0,H,5.0,4.0,2.0,2.0,5.0,1.0,19.0,18.0,10.0,11.0
27/01/2019,Amiens,Lyon,0.0,1.0,A,3.0,4.0,1.0,3.0,2.0,11.0,17.0,15.0,12.0,18.0
27/01/2019,Montpellier,Caen,2.0,0.0,H,4.0,3.0,1.0,1.0,6.0,1.0,15.0,17.0,11.0,9.0
27/01/2019,Paris SG,Rennes,4.0,1.0,H,2.0,1.0,1.0,2.0,7.0,3.0,8.0,7.0,16.0,10.0
27/01/2019,Toulouse,Angers,0.0,0.0,D,4.0,5.0,1.0,1.0,4.0,3.0,13.0,11.0,14.0,13.0
30/01/2019,Nantes,St Etienne,1.0,1.0,D,7.0,6.0,2.0,1.0,3.0,4.0,12.0,12.0,13.0,10.0
01/02/2019,Lille,Nice,4.0,0.0,H,4.0,1.0,2.0,0.0,7.0,2.0,16.0,7.0,15.0,5.0
02/02/2019,Angers,Dijon,1.0,0.0,H,4.0,8.0,0.0,0.0,5.0,2.0,14.0,11.0,12.0,7.0
02/02/2019,Monaco,Toulouse,2.0,1.0,H,6.0,5.0,2.0,3.0,3.0,3.0,11.0,16.0,13.0,10.0
02/02/2019,Reims,Marseille,2.0,1.0,H,6.0,5.0,3.0,0.0,4.0,5.0,11.0,15.0,9.0,13.0
02/02/2019,Rennes,Amiens,1.0,0.0,H,7.0,4.0,1.0,3.0,4.0,1.0,11.0,12.0,15.0,8.0
03/02/2019,Lyon,Paris SG,2.0,1.0,H,6.0,8.0,1.0,2.0,10.0,9.0,10.0,12.0,14.0,16.0
03/02/2019,Nimes,Montpellier,1.0,1.0,D,5.0,3.0,2.0,1.0,5.0,4.0,20.0,23.0,12.0,11.0
05/02/2019,Marseille,Bordeaux,1.0,0.0,H,4.0,2.0,3.0,2.0,7.0,1.0,18.0,13.0,24.0,6.0
08/02/2019,Dijon,Marseille,1.0,2.0,A,3.0,12.0,3.0,3.0,4.0,8.0,11.0,11.0,10.0,18.0
09/02/2019,Amiens,Caen,1.0,0.0,H,4.0,2.0,0.0,0.0,1.0,4.0,12.0,14.0,10.0,11.0
09/02/2019,Paris SG,Bordeaux,1.0,0.0,H,4.0,8.0,3.0,3.0,3.0,3.0,14.0,21.0,10.0,8.0
09/02/2019,Strasbourg,Angers,1.0,2.0,A,5.0,3.0,2.0,3.0,7.0,3.0,14.0,13.0,16.0,8.0
10/02/2019,Guingamp,Lille,0.0,2.0,A,7.0,4.0,2.0,1.0,1.0,3.0,15.0,11.0,7.0,9.0
10/02/2019,Montpellier,Monaco,2.0,2.0,D,5.0,3.0,1.0,6.0,3.0,5.0,16.0,20.0,12.0,10.0
10/02/2019,Nantes,Nimes,2.0,4.0,A,9.0,4.0,1.0,2.0,4.0,4.0,10.0,11.0,15.0,13.0
10/02/2019,Nice,Lyon,1.0,0.0,H,4.0,14.0,2.0,2.0,4.0,5.0,7.0,13.0,11.0,23.0
10/02/2019,Rennes,St Etienne,3.0,0.0,H,6.0,8.0,0.0,4.0,5.0,3.0,7.0,8.0,15.0,15.0
10/02/2019,Toulouse,Reims,1.0,1.0,D,3.0,3.0,2.0,4.0,3.0,3.0,18.0,13.0,9.0,9.0
13/02/2019,Caen,Nantes,0.0,1.0,A,4.0,8.0,4.0,3.0,1.0,4.0,17.0,11.0,14.0,13.0
13/02/2019,St Etienne,Strasbourg,2.0,1.0,H,3.0,4.0,0.0,5.0,6.0,2.0,11.0,28.0,11.0,9.0
15/02/2019,Lyon,Guingamp,2.0,1.0,H,7.0,2.0,2.0,1.0,9.0,3.0,5.0,10.0,18.0,14.0
15/02/2019,Nimes,Dijon,2.0,0.0,H,5.0,4.0,2.0,5.0,6.0,2.0,10.0,17.0,14.0,12.0
16/02/2019,Angers,Nice,3.0,0.0,H,8.0,5.0,0.0,2.0,4.0,4.0,12.0,8.0,12.0,13.0
16/02/2019,Marseille,Amiens,2.0,0.0,H,3.0,6.0,1.0,0.0,5.0,2.0,15.0,15.0,16.0,10.0
16/02/2019,Monaco,Nantes,1.0,0.0,H,2.0,3.0,4.0,2.0,6.0,2.0,13.0,22.0,11.0,6.0
17/02/2019,Bordeaux,Toulouse,2.0,1.0,H,7.0,5.0,2.0,2.0,4.0,5.0,14.0,20.0,8.0,20.0
17/02/2019,Caen,Strasbourg,0.0,0.0,D,8.0,6.0,0.0,3.0,2.0,3.0,6.0,13.0,11.0,15.0
17/02/2019,Lille,Montpellier,0.0,0.0,D,1.0,4.0,3.0,3.0,3.0,2.0,10.0,12.0,12.0,8.0
17/02/2019,Reims,Rennes,2.0,0.0,H,2.0,4.0,1.0,1.0,4.0,1.0,13.0,10.0,7.0,10.0
17/02/2019,St Etienne,Paris SG,0.0,1.0,A,4.0,5.0,1.0,5.0,2.0,3.0,8.0,18.0,11.0,11.0
20/02/2019,Bordeaux,Guingamp,0.0,0.0,D,8.0,7.0,2.0,2.0,4.0,1.0,7.0,12.0,11.0,13.0
20/02/2019,Paris SG,Montpellier,5.0,1.0,H,8.0,3.0,2.0,1.0,9.0,7.0,11.0,11.0,18.0,15.0
22/02/2019,Dijon,St Etienne,0.0,1.0,A,4.0,5.0,0.0,0.0,2.0,6.0,13.0,7.0,11.0,16.0
22/02/2019,Strasbourg,Lille,1.0,1.0,D,6.0,2.0,1.0,1.0,2.0,5.0,16.0,13.0,9.0,15.0
23/02/2019,Amiens,Nice,1.0,0.0,H,4.0,4.0,0.0,2.0,4.0,0.0,13.0,15.0,11.0,7.0
23/02/2019,Guingamp,Angers,1.0,0.0,H,6.0,2.0,2.0,2.0,3.0,1.0,11.0,12.0,8.0,8.0
23/02/2019,Paris SG,Nimes,3.0,0.0,H,9.0,7.0,3.0,0.0,7.0,3.0,15.0,10.0,21.0,8.0
24/02/2019,Monaco,Lyon,2.0,0.0,H,3.0,6.0,3.0,1.0,5.0,3.0,20.0,18.0,11.0,9.0
24/02/2019,Montpellier,Reims,2.0,4.0,A,5.0,2.0,0.0,1.0,4.0,8.0,13.0,12.0,19.0,15.0
24/02/2019,Nantes,Bordeaux,1.0,0.0,H,11.0,1.0,2.0,2.0,8.0,2.0,12.0,14.0,19.0,7.0
24/02/2019,Rennes,Marseille,1.0,1.0,D,7.0,2.0,4.0,3.0,3.0,2.0,14.0,15.0,16.0,9.0
24/02/2019,Toulouse,Caen,1.0,1.0,D,6.0,2.0,2.0,3.0,8.0,4.0,14.0,15.0,12.0,13.0
02/03/2019,Angers,Monaco,2.0,2.0,D,2.0,3.0,2.0,3.0,4.0,5.0,8.0,15.0,13.0,12.0
02/03/2019,Caen,Paris SG,1.0,2.0,A,2.0,8.0,2.0,1.0,2.0,7.0,13.0,13.0,7.0,25.0
02/03/2019,Reims,Amiens,2.0,2.0,D,6.0,3.0,1.0,1.0,4.0,2.0,11.0,11.0,10.0,8.0
03/03/2019,Guingamp,Nantes,0.0,0.0,D,3.0,1.0,1.0,2.0,1.0,3.0,19.0,13.0,7.0,9.0
03/03/2019,Lille,Dijon,1.0,0.0,H,9.0,5.0,0.0,1.0,1.0,1.0,9.0,15.0,14.0,6.0
03/03/2019,Lyon,Toulouse,5.0,1.0,H,8.0,1.0,0.0,2.0,10.0,2.0,12.0,14.0,21.0,5.0
03/03/2019,Marseille,St Etienne,2.0,0.0,H,3.0,5.0,2.0,2.0,7.0,2.0,8.0,22.0,12.0,7.0
03/03/2019,Nice,Strasbourg,1.0,0.0,H,5.0,3.0,0.0,0.0,2.0,1.0,4.0,14.0,9.0,10.0
05/03/2019,Bordeaux,Montpellier,1.0,2.0,A,12.0,2.0,1.0,1.0,4.0,5.0,14.0,15.0,15.0,8.0
09/03/2019,Amiens,Nimes,2.0,1.0,H,4.0,5.0,2.0,1.0,6.0,2.0,15.0,15.0,21.0,14.0
09/03/2019,Dijon,Reims,1.0,1.0,D,4.0,6.0,1.0,1.0,1.0,5.0,18.0,14.0,5.0,26.0
09/03/2019,Monaco,Bordeaux,1.0,1.0,D,4.0,3.0,5.0,2.0,9.0,3.0,12.0,12.0,16.0,9.0
09/03/2019,Strasbourg,Lyon,2.0,2.0,D,5.0,6.0,1.0,2.0,7.0,8.0,17.0,12.0,17.0,21.0
10/03/2019,Marseille,Nice,1.0,0.0,H,9.0,0.0,2.0,1.0,6.0,1.0,17.0,16.0,12.0,6.0
10/03/2019,Montpellier,Angers,2.0,2.0,D,5.0,8.0,3.0,0.0,4.0,6.0,12.0,10.0,8.0,12.0
10/03/2019,Rennes,Caen,3.0,1.0,H,5.0,4.0,2.0,4.0,6.0,1.0,11.0,16.0,11.0,6.0
10/03/2019,St Etienne,Lille,0.0,1.0,A,9.0,4.0,4.0,3.0,1.0,8.0,10.0,12.0,7.0,14.0
10/03/2019,Toulouse,Guingamp,1.0,0.0,H,8.0,2.0,1.0,2.0,4.0,0.0,12.0,15.0,19.0,4.0
12/03/2019,Dijon,Paris SG,0.0,4.0,A,3.0,5.0,2.0,1.0,2.0,7.0,16.0,5.0,9.0,16.0
15/03/2019,Lille,Monaco,0.0,1.0,A,5.0,3.0,3.0,2.0,3.0,8.0,14.0,18.0,12.0,12.0
15/03/2019,Nice,Toulouse,1.0,1.0,D,2.0,6.0,0.0,2.0,2.0,3.0,8.0,20.0,10.0,18.0
16/03/2019,Angers,Amiens,0.0,0.0,D,2.0,1.0,1.0,4.0,3.0,4.0,14.0,18.0,11.0,8.0
16/03/2019,Caen,St Etienne,0.0,5.0,A,0.0,8.0,0.0,0.0,1.0,7.0,18.0,12.0,2.0,13.0
16/03/2019,Guingamp,Dijon,1.0,0.0,H,6.0,4.0,0.0,2.0,2.0,4.0,8.0,9.0,14.0,12.0
16/03/2019,Nimes,Strasbourg,2.0,2.0,D,7.0,1.0,4.0,5.0,4.0,2.0,11.0,17.0,15.0,6.0
17/03/2019,Bordeaux,Rennes,1.0,1.0,D,3.0,9.0,2.0,3.0,4.0,3.0,13.0,11.0,14.0,10.0
17/03/2019,Lyon,Montpellier,3.0,2.0,H,8.0,6.0,1.0,2.0,13.0,4.0,7.0,11.0,23.0,10.0
17/03/2019,Paris SG,Marseille,3.0,1.0,H,7.0,3.0,4.0,3.0,6.0,2.0,11.0,19.0,8.0,3.0
17/03/2019,Reims,Nantes,1.0,0.0,H,7.0,3.0,4.0,3.0,2.0,1.0,8.0,16.0,10.0,7.0
29/03/2019,Rennes,Lyon,0.0,1.0,A,2.0,6.0,2.0,3.0,2.0,5.0,13.0,19.0,12.0,18.0
30/03/2019,Marseille,Angers,2.0,2.0,D,3.0,7.0,4.0,1.0,5.0,4.0,18.0,10.0,11.0,14.0
31/03/2019,Amiens,Bordeaux,0.0,0.0,D,7.0,1.0,1.0,3.0,3.0,0.0,8.0,21.0,12.0,5.0
31/03/2019,Dijon,Nice,0.0,1.0,A,8.0,5.0,3.0,1.0,1.0,6.0,17.0,11.0,14.0,12.0
31/03/2019,Monaco,Caen,0.0,1.0,A,13.0,0.0,1.0,2.0,6.0,2.0,12.0,14.0,24.0,7.0
31/03/2019,Nantes,Lille,2.0,3.0,A,3.0,6.0,2.0,3.0,2.0,3.0,15.0,21.0,8.0,10.0
31/03/2019,Toulouse,Paris SG,0.0,1.0,A,6.0,6.0,2.0,1.0,3.0,4.0,13.0,14.0,9.0,10.0
01/04/2019,St Etienne,Nimes,2.0,1.0,H,5.0,7.0,3.0,4.0,9.0,6.0,7.0,8.0,14.0,15.0
03/04/2019,Montpellier,Guingamp,2.0,0.0,H,5.0,8.0,0.0,2.0,7.0,3.0,12.0,7.0,17.0,8.0
03/04/2019,Strasbourg,Reims,4.0,0.0,H,4.0,9.0,2.0,3.0,9.0,3.0,15.0,13.0,13.0,10.0
05/04/2019,Bordeaux,Marseille,2.0,0.0,H,1.0,11.0,2.0,3.0,7.0,5.0,16.0,13.0,7.0,20.0
06/04/2019,Amiens,St Etienne,2.0,2.0,D,1.0,7.0,2.0,2.0,4.0,6.0,10.0,13.0,5.0,26.0
06/04/2019,Angers,Rennes,3.0,3.0,D,4.0,2.0,3.0,4.0,9.0,5.0,11.0,13.0,17.0,7.0
06/04/2019,Guingamp,Monaco,1.0,1.0,D,3.0,9.0,4.0,5.0,2.0,5.0,17.0,14.0,11.0,18.0
06/04/2019,Lyon,Dijon,1.0,3.0,A,8.0,3.0,1.0,2.0,6.0,4.0,14.0,17.0,27.0,8.0
06/04/2019,Nimes,Caen,2.0,0.0,H,4.0,2.0,1.0,4.0,7.0,1.0,19.0,16.0,12.0,5.0
07/04/2019,Nice,Montpellier,1.0,0.0,H,6.0,3.0,1.0,1.0,5.0,4.0,11.0,14.0,15.0,16.0
07/04/2019,Paris SG,Strasbourg,2.0,2.0,D,10.0,5.0,0.0,2.0,6.0,4.0,7.0,10.0,21.0,9.0
07/04/2019,Reims,Lille,1.0,1.0,D,6.0,4.0,2.0,2.0,3.0,4.0,15.0,12.0,10.0,11.0
07/04/2019,Toulouse,Nantes,1.0,0.0,H,4.0,5.0,3.0,1.0,5.0,1.0,19.0,11.0,14.0,19.0
09/04/2019,Nimes,Rennes,3.0,1.0,H,5.0,3.0,2.0,2.0,8.0,3.0,10.0,12.0,19.0,8.0
12/04/2019,Dijon,Amiens,0.0,0.0,D,8.0,1.0,3.0,3.0,5.0,1.0,13.0,11.0,18.0,4.0
12/04/2019,Nantes,Lyon,2.0,1.0,H,6.0,7.0,2.0,1.0,5.0,4.0,9.0,11.0,14.0,11.0
13/04/2019,Caen,Angers,0.0,1.0,A,1.0,3.0,4.0,1.0,2.0,5.0,14.0,13.0,8.0,13.0
13/04/2019,Marseille,Nimes,2.0,1.0,H,4.0,6.0,1.0,2.0,4.0,3.0,11.0,15.0,14.0,8.0
13/04/2019,Monaco,Reims,0.0,0.0,D,18.0,3.0,2.0,0.0,6.0,3.0,12.0,13.0,27.0,10.0
13/04/2019,Strasbourg,Guingamp,3.0,3.0,D,1.0,4.0,1.0,2.0,6.0,5.0,12.0,14.0,11.0,15.0
14/04/2019,Lille,Paris SG,5.0,1.0,H,2.0,2.0,1.0,3.0,6.0,5.0,10.0,11.0,15.0,10.0
14/04/2019,Montpellier,Toulouse,2.0,1.0,H,4.0,3.0,2.0,1.0,5.0,2.0,12.0,16.0,16.0,6.0
14/04/2019,Rennes,Nice,0.0,0.0,D,4.0,2.0,2.0,1.0,7.0,2.0,13.0,8.0,14.0,7.0
14/04/2019,St Etienne,Bordeaux,3.0,0.0,H,8.0,4.0,2.0,0.0,6.0,1.0,13.0,13.0,14.0,5.0
17/04/2019,Nantes,Paris SG,3.0,2.0,H,4.0,4.0,1.0,3.0,8.0,6.0,13.0,14.0,15.0,9.0
19/04/2019,Dijon,Rennes,3.0,2.0,H,6.0,6.0,2.0,3.0,10.0,4.0,17.0,19.0,12.0,10.0
19/04/2019,Lyon,Angers,2.0,1.0,H,7.0,7.0,0.0,2.0,11.0,3.0,9.0,5.0,24.0,11.0
20/04/2019,Guingamp,Marseille,1.0,3.0,A,3.0,5.0,2.0,3.0,3.0,6.0,16.0,13.0,9.0,15.0
20/04/2019,Nice,Caen,0.0,1.0,A,11.0,4.0,2.0,3.0,8.0,2.0,7.0,15.0,21.0,7.0
20/04/2019,Nimes,Bordeaux,2.0,1.0,H,3.0,6.0,0.0,4.0,2.0,2.0,14.0,22.0,8.0,11.0
20/04/2019,Strasbourg,Montpellier,1.0,3.0,A,3.0,5.0,2.0,2.0,1.0,7.0,16.0,12.0,6.0,20.0
21/04/2019,Nantes,Amiens,3.0,2.0,H,4.0,1.0,2.0,3.0,4.0,4.0,14.0,12.0,10.0,8.0
21/04/2019,Paris SG,Monaco,3.0,1.0,H,3.0,4.0,0.0,1.0,5.0,4.0,13.0,9.0,10.0,15.0
21/04/2019,Reims,St Etienne,0.0,2.0,A,1.0,6.0,3.0,0.0,1.0,3.0,16.0,7.0,8.0,14.0
21/04/2019,Toulouse,Lille,0.0,0.0,D,2.0,3.0,2.0,3.0,2.0,4.0,16.0,18.0,10.0,16.0
26/04/2019,Bordeaux,Lyon,2.0,3.0,A,2.0,3.0,3.0,3.0,2.0,5.0,15.0,11.0,10.0,18.0
28/04/2019,Amiens,Strasbourg,0.0,0.0,D,3.0,1.0,1.0,3.0,1.0,1.0,12.0,21.0,8.0,7.0
28/04/2019,Angers,Reims,1.0,1.0,D,4.0,0.0,0.0,3.0,5.0,4.0,6.0,16.0,10.0,5.0
28/04/2019,Caen,Dijon,1.0,0.0,H,5.0,3.0,1.0,4.0,2.0,3.0,17.0,19.0,14.0,12.0
28/04/2019,Lille,Nimes,5.0,0.0,H,1.0,4.0,1.0,2.0,8.0,3.0,8.0,14.0,14.0,8.0
28/04/2019,Marseille,Nantes,1.0,2.0,A,7.0,4.0,4.0,1.0,2.0,6.0,13.0,14.0,17.0,14.0
28/04/2019,Nice,Guingamp,3.0,0.0,H,2.0,4.0,4.0,3.0,5.0,3.0,12.0,19.0,15.0,14.0
28/04/2019,St Etienne,Toulouse,2.0,0.0,H,5.0,6.0,1.0,2.0,7.0,3.0,17.0,15.0,14.0,12.0
30/04/2019,Montpellier,Paris SG,3.0,2.0,H,9.0,3.0,3.0,4.0,9.0,3.0,17.0,15.0,15.0,8.0
01/05/2019,Rennes,Monaco,2.0,2.0,D,5.0,9.0,2.0,2.0,4.0,5.0,13.0,12.0,10.0,16.0
03/05/2019,Strasbourg,Marseille,1.0,1.0,D,0.0,4.0,1.0,2.0,4.0,2.0,12.0,15.0,7.0,13.0
04/05/2019,Bordeaux,Angers,0.0,1.0,A,5.0,1.0,2.0,0.0,2.0,1.0,17.0,14.0,10.0,9.0
04/05/2019,Guingamp,Caen,0.0,0.0,D,5.0,0.0,1.0,4.0,1.0,0.0,24.0,14.0,10.0,1.0
04/05/2019,Paris SG,Nice,1.0,1.0,D,9.0,1.0,2.0,3.0,5.0,2.0,15.0,14.0,17.0,8.0
04/05/2019,Reims,Nimes,0.0,3.0,A,3.0,5.0,3.0,2.0,2.0,5.0,17.0,7.0,8.0,15.0
05/05/2019,Lyon,Lille,2.0,2.0,D,5.0,4.0,0.0,2.0,8.0,6.0,13.0,18.0,20.0,13.0
05/05/2019,Monaco,St Etienne,2.0,3.0,A,2.0,8.0,3.0,5.0,5.0,3.0,12.0,16.0,13.0,8.0
05/05/2019,Montpellier,Amiens,1.0,1.0,D,5.0,0.0,1.0,2.0,4.0,1.0,14.0,22.0,13.0,4.0
05/05/2019,Nantes,Dijon,3.0,0.0,H,3.0,2.0,0.0,2.0,5.0,3.0,9.0,13.0,22.0,8.0
05/05/2019,Toulouse,Rennes,2.0,2.0,D,6.0,6.0,3.0,3.0,4.0,3.0,20.0,15.0,19.0,11.0
10/05/2019,St Etienne,Montpellier,0.0,1.0,A,11.0,1.0,3.0,4.0,5.0,4.0,11.0,18.0,16.0,11.0
11/05/2019,Amiens,Toulouse,0.0,0.0,D,3.0,3.0,2.0,4.0,3.0,2.0,13.0,21.0,19.0,7.0
11/05/2019,Angers,Paris SG,1.0,2.0,A,2.0,3.0,0.0,0.0,4.0,4.0,27.0,18.0,14.0,9.0
11/05/2019,Caen,Reims,3.0,2.0,H,4.0,9.0,1.0,2.0,10.0,4.0,7.0,19.0,14.0,15.0
11/05/2019,Dijon,Strasbourg,2.0,1.0,H,2.0,7.0,1.0,1.0,6.0,8.0,12.0,13.0,13.0,17.0
11/05/2019,Nice,Nantes,1.0,1.0,D,4.0,1.0,2.0,3.0,2.0,3.0,13.0,13.0,8.0,13.0
11/05/2019,Nimes,Monaco,1.0,0.0,H,5.0,9.0,1.0,4.0,4.0,5.0,19.0,19.0,12.0,12.0
12/05/2019,Lille,Bordeaux,1.0,0.0,H,3.0,4.0,2.0,4.0,4.0,1.0,6.0,12.0,6.0,5.0
12/05/2019,Marseille,Lyon,0.0,3.0,A,4.0,1.0,3.0,1.0,6.0,5.0,16.0,11.0,17.0,15.0
12/05/2019,Rennes,Guingamp,1.0,1.0,D,6.0,8.0,3.0,1.0,4.0,9.0,12.0,12.0,7.0,23.0
18/05/2019,Bordeaux,Reims,0.0,1.0,A,10.0,0.0,0.0,1.0,4.0,2.0,11.0,15.0,13.0,9.0
18/05/2019,Guingamp,Nimes,2.0,2.0,D,5.0,5.0,2.0,2.0,9.0,4.0,17.0,12.0,18.0,21.0
18/05/2019,Lille,Angers,5.0,0.0,H,3.0,6.0,1.0,3.0,12.0,3.0,13.0,12.0,18.0,13.0
18/05/2019,Lyon,Caen,4.0,0.0,H,4.0,4.0,3.0,1.0,8.0,2.0,10.0,11.0,16.0,7.0
18/05/2019,Monaco,Amiens,2.0,0.0,H,4.0,5.0,5.0,2.0,3.0,3.0,22.0,13.0,10.0,9.0
18/05/2019,Montpellier,Nantes,1.0,1.0,D,4.0,3.0,0.0,3.0,2.0,2.0,13.0,11.0,16.0,10.0
18/05/2019,Paris SG,Dijon,4.0,0.0,H,2.0,5.0,1.0,1.0,7.0,3.0,13.0,4.0,17.0,13.0
18/05/2019,St Etienne,Nice,3.0,0.0,H,2.0,9.0,0.0,3.0,5.0,5.0,17.0,14.0,11.0,19.0
18/05/2019,Strasbourg,Rennes,0.0,2.0,A,11.0,1.0,1.0,2.0,6.0,6.0,10.0,14.0,19.0,11.0
18/05/2019,Toulouse,Marseille,2.0,5.0,A,5.0,9.0,1.0,2.0,5.0,8.0,4.0,11.0,19.0,21.0
24/05/2019,Amiens,Guingamp,2.0,1.0,H,3.0,3.0,0.0,0.0,9.0,4.0,7.0,15.0,19.0,16.0
24/05/2019,Angers,St Etienne,1.0,1.0,D,7.0,8.0,1.0,1.0,5.0,4.0,12.0,4.0,14.0,15.0
24/05/2019,Caen,Bordeaux,0.0,1.0,A,6.0,3.0,1.0,1.0,1.0,5.0,21.0,22.0,14.0,12.0
24/05/2019,Dijon,Toulouse,2.0,1.0,H,4.0,5.0,2.0,2.0,6.0,3.0,9.0,11.0,12.0,13.0
24/05/2019,Marseille,Montpellier,1.0,0.0,H,7.0,13.0,2.0,0.0,3.0,4.0,12.0,9.0,10.0,14.0
24/05/2019,Nantes,Strasbourg,0.0,1.0,A,4.0,4.0,2.0,1.0,1.0,1.0,7.0,8.0,21.0,5.0
24/05/2019,Nice,Monaco,2.0,0.0,H,3.0,4.0,2.0,3.0,2.0,4.0,13.0,10.0,8.0,11.0
24/05/2019,Nimes,Lyon,2.0,3.0,A,11.0,9.0,1.0,1.0,8.0,8.0,8.0,8.0,17.0,19.0
24/05/2019,Reims,Paris SG,3.0,1.0,H,4.0,5.0,2.0,1.0,6.0,2.0,14.0,8.0,10.0,13.0
24/05/2019,Rennes,Lille,3.0,1.0,H,4.0,7.0,1.0,2.0,8.0,7.0,10.0,10.0,13.0,14.0
09/08/2019,Monaco,Lyon,0.0,3.0,A,2.0,5.0,2.0,2.0,1.0,3.0,10.0,17.0,7.0,13.0
10/08/2019,Angers,Bordeaux,3.0,1.0,H,4.0,3.0,2.0,1.0,4.0,3.0,11.0,15.0,14.0,8.0
10/08/2019,Brest,Toulouse,1.0,1.0,D,4.0,7.0,0.0,0.0,5.0,3.0,11.0,14.0,16.0,13.0
10/08/2019,Dijon,St Etienne,1.0,2.0,A,12.0,5.0,0.0,2.0,7.0,4.0,17.0,10.0,15.0,12.0
10/08/2019,Marseille,Reims,0.0,2.0,A,5.0,3.0,1.0,0.0,2.0,5.0,18.0,8.0,10.0,8.0
10/08/2019,Montpellier,Rennes,0.0,1.0,A,7.0,1.0,3.0,3.0,5.0,3.0,20.0,19.0,24.0,9.0
10/08/2019,Nice,Amiens,2.0,1.0,H,7.0,3.0,3.0,4.0,6.0,2.0,10.0,8.0,17.0,8.0
11/08/2019,Lille,Nantes,2.0,1.0,H,5.0,11.0,2.0,4.0,3.0,3.0,13.0,17.0,13.0,13.0
11/08/2019,Paris SG,Nimes,3.0,0.0,H,2.0,6.0,2.0,0.0,5.0,1.0,17.0,8.0,12.0,5.0
11/08/2019,Strasbourg,Metz,1.0,1.0,D,3.0,4.0,0.0,1.0,2.0,3.0,6.0,12.0,13.0,7.0
16/08/2019,Lyon,Angers,6.0,0.0,H,2.0,5.0,1.0,2.0,9.0,3.0,7.0,14.0,11.0,10.0
17/08/2019,Amiens,Lille,1.0,0.0,H,3.0,10.0,1.0,1.0,3.0,1.0,13.0,7.0,8.0,10.0
17/08/2019,Bordeaux,Montpellier,1.0,1.0,D,3.0,5.0,2.0,1.0,4.0,4.0,15.0,21.0,13.0,10.0
17/08/2019,Metz,Monaco,3.0,0.0,H,6.0,4.0,1.0,2.0,10.0,6.0,16.0,7.0,18.0,12.0
17/08/2019,Nantes,Marseille,0.0,0.0,D,7.0,3.0,0.0,3.0,6.0,2.0,16.0,18.0,13.0,9.0
17/08/2019,Nimes,Nice,1.0,2.0,A,2.0,1.0,5.0,5.0,5.0,3.0,21.0,12.0,18.0,6.0
17/08/2019,Toulouse,Dijon,1.0,0.0,H,7.0,5.0,2.0,0.0,7.0,5.0,11.0,5.0,18.0,18.0
18/08/2019,Reims,Strasbourg,0.0,0.0,D,2.0,4.0,2.0,0.0,1.0,1.0,18.0,19.0,11.0,4.0
18/08/2019,Rennes,Paris SG,2.0,1.0,H,4.0,7.0,1.0,5.0,4.0,2.0,15.0,19.0,11.0,9.0
18/08/2019,St Etienne,Brest,1.0,1.0,D,4.0,2.0,1.0,2.0,5.0,4.0,16.0,8.0,19.0,9.0
24/08/2019,Amiens,Nantes,1.0,2.0,A,2.0,5.0,1.0,1.0,1.0,6.0,9.0,13.0,3.0,25.0
24/08/2019,Angers,Metz,3.0,0.0,H,2.0,1.0,1.0,2.0,5.0,2.0,15.0,8.0,15.0,4.0
24/08/2019,Brest,Reims,1.0,0.0,H,6.0,5.0,1.0,1.0,4.0,2.0,18.0,14.0,8.0,10.0
24/08/2019,Dijon,Bordeaux,0.0,2.0,A,3.0,7.0,0.0,2.0,1.0,3.0,12.0,18.0,10.0,10.0
25/08/2019,Monaco,Nimes,2.0,2.0,D,6.0,7.0,2.0,1.0,6.0,4.0,14.0,17.0,16.0,14.0
25/08/2019,Paris SG,Toulouse,4.0,0.0,H,12.0,1.0,0.0,1.0,11.0,0.0,8.0,13.0,21.0,3.0
25/08/2019,Strasbourg,Rennes,0.0,2.0,A,6.0,0.0,4.0,2.0,3.0,4.0,13.0,13.0,19.0,7.0
27/08/2019,Montpellier,Lyon,1.0,0.0,H,8.0,2.0,2.0,4.0,5.0,4.0,14.0,11.0,19.0,14.0
28/08/2019,Lille,St Etienne,3.0,0.0,H,3.0,3.0,0.0,0.0,7.0,4.0,9.0,12.0,16.0,9.0
28/08/2019,Nice,Marseille,1.0,2.0,A,4.0,3.0,1.0,1.0,3.0,5.0,7.0,13.0,12.0,12.0
30/08/2019,Metz,Paris SG,0.0,2.0,A,4.0,7.0,1.0,0.0,2.0,4.0,11.0,13.0,7.0,10.0
31/08/2019,Angers,Dijon,2.0,0.0,H,5.0,3.0,0.0,2.0,3.0,2.0,11.0,17.0,12.0,5.0
31/08/2019,Lyon,Bordeaux,1.0,1.0,D,4.0,5.0,4.0,3.0,3.0,6.0,12.0,14.0,10.0,18.0
31/08/2019,Nantes,Montpellier,1.0,0.0,H,6.0,2.0,2.0,2.0,7.0,1.0,14.0,12.0,14.0,8.0
31/08/2019,Nimes,Brest,3.0,0.0,H,8.0,2.0,3.0,4.0,8.0,3.0,11.0,17.0,21.0,7.0
31/08/2019,Toulouse,Amiens,2.0,0.0,H,4.0,3.0,0.0,1.0,4.0,1.0,15.0,8.0,13.0,10.0
01/09/2019,Marseille,St Etienne,1.0,0.0,H,5.0,6.0,5.0,2.0,2.0,3.0,16.0,7.0,9.0,12.0
01/09/2019,Reims,Lille,2.0,0.0,H,5.0,1.0,3.0,2.0,5.0,3.0,19.0,15.0,12.0,11.0
01/09/2019,Rennes,Nice,1.0,2.0,A,8.0,6.0,2.0,3.0,3.0,7.0,13.0,13.0,11.0,11.0
01/09/2019,Strasbourg,Monaco,2.0,2.0,D,6.0,4.0,4.0,3.0,5.0,6.0,14.0,17.0,14.0,16.0
13/09/2019,Amiens,Lyon,2.0,2.0,D,4.0,1.0,3.0,2.0,2.0,6.0,12.0,14.0,11.0,12.0
13/09/2019,Lille,Angers,2.0,1.0,H,4.0,4.0,1.0,2.0,4.0,4.0,3.0,16.0,13.0,8.0
14/09/2019,Bordeaux,Metz,2.0,0.0,H,4.0,6.0,2.0,2.0,6.0,3.0,18.0,15.0,15.0,15.0
14/09/2019,Brest,Rennes,0.0,0.0,D,2.0,4.0,2.0,2.0,2.0,2.0,10.0,12.0,10.0,9.0
14/09/2019,Dijon,Nimes,0.0,0.0,D,6.0,0.0,3.0,1.0,2.0,3.0,14.0,11.0,16.0,7.0
14/09/2019,Montpellier,Nice,2.0,1.0,H,8.0,1.0,2.0,2.0,8.0,5.0,17.0,11.0,17.0,13.0
14/09/2019,Paris SG,Strasbourg,1.0,0.0,H,5.0,2.0,2.0,2.0,7.0,3.0,12.0,12.0,16.0,6.0
15/09/2019,Monaco,Marseille,3.0,4.0,A,6.0,4.0,3.0,3.0,8.0,6.0,9.0,14.0,12.0,13.0
15/09/2019,Nantes,Reims,1.0,0.0,H,7.0,5.0,1.0,3.0,4.0,1.0,18.0,15.0,8.0,9.0
15/09/2019,St Etienne,Toulouse,2.0,2.0,D,9.0,7.0,3.0,0.0,4.0,7.0,15.0,13.0,14.0,10.0
20/09/2019,Strasbourg,Nantes,2.0,1.0,H,9.0,2.0,2.0,2.0,5.0,3.0,11.0,16.0,17.0,10.0
21/09/2019,Bordeaux,Brest,2.0,2.0,D,5.0,9.0,4.0,3.0,5.0,3.0,9.0,11.0,18.0,13.0
21/09/2019,Marseille,Montpellier,1.0,1.0,D,15.0,1.0,4.0,3.0,5.0,2.0,11.0,17.0,24.0,3.0
21/09/2019,Metz,Amiens,1.0,2.0,A,4.0,6.0,1.0,1.0,4.0,5.0,13.0,12.0,13.0,9.0
21/09/2019,Nice,Dijon,2.0,1.0,H,6.0,3.0,2.0,3.0,6.0,7.0,7.0,13.0,16.0,13.0
21/09/2019,Nimes,Toulouse,1.0,0.0,H,5.0,7.0,1.0,3.0,4.0,2.0,14.0,11.0,19.0,9.0
21/09/2019,Reims,Monaco,0.0,0.0,D,6.0,3.0,0.0,2.0,4.0,4.0,16.0,10.0,16.0,12.0
22/09/2019,Angers,St Etienne,4.0,1.0,H,5.0,4.0,1.0,1.0,5.0,2.0,13.0,12.0,14.0,6.0
22/09/2019,Lyon,Paris SG,0.0,1.0,A,2.0,11.0,1.0,1.0,0.0,7.0,8.0,6.0,12.0,21.0
22/09/2019,Rennes,Lille,1.0,1.0,D,4.0,8.0,2.0,1.0,3.0,6.0,14.0,11.0,11.0,15.0
24/09/2019,Dijon,Marseille,0.0,0.0,D,8.0,3.0,3.0,3.0,6.0,2.0,9.0,14.0,18.0,9.0
24/09/2019,Monaco,Nice,3.0,1.0,H,5.0,7.0,2.0,3.0,5.0,3.0,10.0,14.0,17.0,10.0
25/09/2019,Amiens,Bordeaux,1.0,3.0,A,3.0,3.0,2.0,2.0,3.0,6.0,15.0,13.0,11.0,15.0
25/09/2019,Brest,Lyon,2.0,2.0,D,2.0,6.0,0.0,0.0,5.0,5.0,9.0,10.0,13.0,11.0
25/09/2019,Lille,Strasbourg,2.0,0.0,H,4.0,2.0,0.0,1.0,5.0,1.0,7.0,12.0,12.0,5.0
25/09/2019,Montpellier,Nimes,1.0,0.0,H,4.0,8.0,3.0,4.0,4.0,3.0,14.0,19.0,12.0,15.0
25/09/2019,Nantes,Rennes,1.0,0.0,H,2.0,4.0,2.0,4.0,2.0,2.0,16.0,17.0,8.0,6.0
25/09/2019,Paris SG,Reims,0.0,2.0,A,6.0,6.0,1.0,2.0,3.0,2.0,10.0,11.0,12.0,13.0
25/09/2019,St Etienne,Metz,0.0,1.0,A,8.0,5.0,4.0,2.0,3.0,1.0,12.0,12.0,15.0,12.0
25/09/2019,Toulouse,Angers,0.0,2.0,A,5.0,11.0,1.0,0.0,1.0,6.0,15.0,12.0,6.0,22.0
28/09/2019,Angers,Amiens,1.0,1.0,D,10.0,2.0,1.0,0.0,6.0,4.0,10.0,13.0,23.0,8.0
28/09/2019,Bordeaux,Paris SG,0.0,1.0,A,0.0,9.0,0.0,3.0,1.0,7.0,10.0,13.0,4.0,21.0
28/09/2019,Lyon,Nantes,0.0,1.0,A,7.0,8.0,2.0,2.0,7.0,2.0,10.0,10.0,14.0,11.0
28/09/2019,Metz,Toulouse,2.0,2.0,D,3.0,6.0,1.0,1.0,3.0,6.0,10.0,17.0,13.0,15.0
28/09/2019,Monaco,Brest,4.0,1.0,H,7.0,1.0,1.0,2.0,13.0,1.0,7.0,15.0,21.0,5.0
28/09/2019,Nice,Lille,1.0,1.0,D,6.0,5.0,2.0,2.0,5.0,6.0,8.0,14.0,12.0,11.0
28/09/2019,Reims,Dijon,1.0,2.0,A,5.0,4.0,1.0,2.0,2.0,4.0,8.0,21.0,18.0,11.0
29/09/2019,Marseille,Rennes,1.0,1.0,D,7.0,4.0,4.0,0.0,5.0,2.0,18.0,13.0,17.0,12.0
29/09/2019,Nimes,St Etienne,0.0,1.0,A,13.0,5.0,1.0,4.0,8.0,4.0,12.0,15.0,22.0,6.0
29/09/2019,Strasbourg,Montpellier,1.0,0.0,H,1.0,6.0,4.0,2.0,3.0,3.0,18.0,13.0,8.0,11.0
04/10/2019,Amiens,Marseille,3.0,1.0,H,3.0,7.0,1.0,3.0,5.0,4.0,16.0,15.0,11.0,13.0
05/10/2019,Brest,Metz,2.0,0.0,H,2.0,9.0,2.0,1.0,3.0,4.0,12.0,15.0,7.0,12.0
05/10/2019,Dijon,Strasbourg,1.0,0.0,H,6.0,7.0,3.0,3.0,3.0,2.0,7.0,14.0,8.0,15.0
05/10/2019,Montpellier,Monaco,3.0,1.0,H,6.0,8.0,1.0,2.0,10.0,4.0,18.0,11.0,17.0,14.0
05/10/2019,Nantes,Nice,1.0,0.0,H,6.0,1.0,1.0,2.0,5.0,2.0,14.0,7.0,14.0,6.0
05/10/2019,Paris SG,Angers,4.0,0.0,H,6.0,1.0,3.0,1.0,8.0,2.0,12.0,11.0,15.0,10.0
05/10/2019,Toulouse,Bordeaux,1.0,3.0,A,5.0,4.0,4.0,2.0,4.0,4.0,16.0,16.0,15.0,10.0
06/10/2019,Lille,Nimes,2.0,2.0,D,8.0,6.0,3.0,1.0,7.0,4.0,19.0,10.0,18.0,14.0
06/10/2019,Rennes,Reims,0.0,1.0,A,5.0,3.0,1.0,3.0,3.0,7.0,13.0,19.0,18.0,13.0
06/10/2019,St Etienne,Lyon,1.0,0.0,H,5.0,1.0,1.0,2.0,4.0,2.0,13.0,18.0,6.0,6.0
18/10/2019,Nice,Paris SG,1.0,4.0,A,1.0,13.0,3.0,2.0,2.0,10.0,12.0,15.0,10.0,24.0
19/10/2019,Angers,Brest,0.0,1.0,A,13.0,3.0,1.0,0.0,6.0,1.0,10.0,11.0,29.0,6.0
19/10/2019,Lyon,Dijon,0.0,0.0,D,8.0,1.0,0.0,0.0,10.0,1.0,12.0,11.0,24.0,6.0
19/10/2019,Metz,Nantes,1.0,0.0,H,3.0,3.0,2.0,1.0,2.0,2.0,16.0,13.0,10.0,9.0
19/10/2019,Nimes,Amiens,1.0,1.0,D,1.0,11.0,2.0,4.0,3.0,5.0,11.0,15.0,11.0,13.0
19/10/2019,Reims,Montpellier,1.0,0.0,H,4.0,8.0,2.0,0.0,5.0,0.0,19.0,11.0,12.0,9.0
19/10/2019,Toulouse,Lille,2.0,1.0,H,3.0,4.0,2.0,4.0,6.0,2.0,15.0,11.0,17.0,9.0
20/10/2019,Bordeaux,St Etienne,0.0,1.0,A,8.0,5.0,0.0,3.0,6.0,3.0,7.0,18.0,12.0,6.0
20/10/2019,Marseille,Strasbourg,2.0,0.0,H,5.0,7.0,3.0,2.0,6.0,2.0,13.0,15.0,11.0,10.0
20/10/2019,Monaco,Rennes,3.0,2.0,H,3.0,3.0,2.0,3.0,5.0,3.0,15.0,15.0,14.0,10.0
25/10/2019,Nantes,Monaco,0.0,1.0,A,5.0,3.0,2.0,2.0,4.0,2.0,9.0,13.0,15.0,7.0
26/10/2019,Brest,Dijon,2.0,0.0,H,9.0,5.0,0.0,0.0,7.0,5.0,10.0,8.0,15.0,14.0
26/10/2019,Lille,Bordeaux,3.0,0.0,H,3.0,3.0,0.0,2.0,3.0,1.0,17.0,18.0,11.0,5.0
26/10/2019,Lyon,Metz,2.0,0.0,H,7.0,2.0,1.0,2.0,7.0,3.0,12.0,9.0,18.0,16.0
26/10/2019,Montpellier,Angers,0.0,0.0,D,5.0,2.0,2.0,3.0,3.0,6.0,14.0,12.0,14.0,13.0
26/10/2019,Reims,Nimes,0.0,0.0,D,4.0,6.0,3.0,1.0,3.0,1.0,15.0,13.0,10.0,7.0
26/10/2019,Strasbourg,Nice,1.0,0.0,H,4.0,7.0,1.0,3.0,6.0,5.0,22.0,12.0,20.0,9.0
27/10/2019,Paris SG,Marseille,4.0,0.0,H,5.0,3.0,2.0,1.0,7.0,1.0,10.0,6.0,11.0,5.0
27/10/2019,Rennes,Toulouse,3.0,2.0,H,7.0,5.0,1.0,2.0,6.0,5.0,18.0,20.0,14.0,15.0
27/10/2019,St Etienne,Amiens,2.0,2.0,D,5.0,4.0,2.0,3.0,1.0,5.0,17.0,17.0,15.0,11.0
01/11/2019,Dijon,Paris SG,2.0,1.0,H,3.0,6.0,3.0,2.0,6.0,4.0,12.0,9.0,10.0,20.0
02/11/2019,Amiens,Brest,1.0,0.0,H,3.0,9.0,3.0,1.0,2.0,3.0,12.0,11.0,6.0,14.0
02/11/2019,Angers,Strasbourg,1.0,0.0,H,4.0,8.0,1.0,1.0,5.0,3.0,13.0,20.0,9.0,8.0
02/11/2019,Marseille,Lille,2.0,1.0,H,4.0,4.0,1.0,3.0,1.0,2.0,13.0,15.0,11.0,6.0
02/11/2019,Metz,Montpellier,2.0,2.0,D,5.0,3.0,1.0,2.0,4.0,4.0,12.0,19.0,11.0,12.0
02/11/2019,Toulouse,Lyon,2.0,3.0,A,5.0,5.0,3.0,0.0,5.0,8.0,10.0,4.0,12.0,21.0
03/11/2019,Bordeaux,Nantes,2.0,0.0,H,6.0,9.0,4.0,3.0,7.0,2.0,18.0,17.0,10.0,9.0
03/11/2019,Nice,Reims,2.0,0.0,H,5.0,4.0,1.0,3.0,6.0,3.0,11.0,17.0,12.0,11.0
03/11/2019,St Etienne,Monaco,1.0,0.0,H,2.0,1.0,1.0,1.0,5.0,2.0,13.0,10.0,12.0,11.0
08/11/2019,Nice,Bordeaux,1.0,1.0,D,3.0,4.0,2.0,2.0,5.0,4.0,13.0,16.0,10.0,10.0
09/11/2019,Brest,Paris SG,1.0,2.0,A,5.0,4.0,1.0,2.0,4.0,8.0,10.0,13.0,17.0,18.0
09/11/2019,Lille,Metz,0.0,0.0,D,9.0,1.0,2.0,2.0,5.0,1.0,16.0,13.0,13.0,4.0
09/11/2019,Monaco,Dijon,1.0,0.0,H,6.0,9.0,2.0,0.0,7.0,3.0,11.0,8.0,18.0,15.0
09/11/2019,Reims,Angers,0.0,0.0,D,2.0,12.0,1.0,3.0,2.0,2.0,14.0,11.0,9.0,13.0
09/11/2019,Strasbourg,Nimes,4.0,1.0,H,2.0,2.0,2.0,2.0,10.0,4.0,13.0,9.0,20.0,10.0
10/11/2019,Marseille,Lyon,2.0,1.0,H,6.0,7.0,3.0,0.0,4.0,4.0,14.0,9.0,10.0,11.0
10/11/2019,Montpellier,Toulouse,3.0,0.0,H,1.0,3.0,2.0,2.0,3.0,2.0,19.0,17.0,8.0,6.0
10/11/2019,Nantes,St Etienne,2.0,3.0,A,3.0,3.0,1.0,0.0,6.0,4.0,6.0,9.0,9.0,11.0
10/11/2019,Rennes,Amiens,3.0,1.0,H,5.0,3.0,3.0,4.0,11.0,6.0,12.0,17.0,22.0,13.0
22/11/2019,Paris SG,Lille,2.0,0.0,H,6.0,5.0,2.0,0.0,4.0,8.0,13.0,11.0,11.0,13.0
23/11/2019,Amiens,Strasbourg,0.0,4.0,A,3.0,7.0,2.0,1.0,0.0,9.0,7.0,8.0,5.0,17.0
23/11/2019,Angers,Nimes,1.0,0.0,H,3.0,2.0,2.0,1.0,7.0,2.0,12.0,6.0,21.0,10.0
23/11/2019,Brest,Nantes,1.0,1.0,D,6.0,5.0,2.0,1.0,4.0,4.0,8.0,11.0,13.0,11.0
23/11/2019,Dijon,Rennes,2.0,1.0,H,4.0,4.0,1.0,2.0,6.0,4.0,18.0,15.0,16.0,11.0
23/11/2019,Lyon,Nice,2.0,1.0,H,3.0,6.0,2.0,4.0,4.0,7.0,13.0,13.0,9.0,17.0
23/11/2019,Metz,Reims,1.0,1.0,D,6.0,5.0,2.0,2.0,2.0,6.0,14.0,13.0,9.0,18.0
24/11/2019,Bordeaux,Monaco,2.0,1.0,H,5.0,12.0,3.0,5.0,6.0,3.0,16.0,20.0,17.0,11.0
24/11/2019,St Etienne,Montpellier,0.0,0.0,D,1.0,5.0,3.0,3.0,2.0,2.0,18.0,19.0,9.0,8.0
24/11/2019,Toulouse,Marseille,0.0,2.0,A,1.0,7.0,3.0,3.0,3.0,7.0,16.0,13.0,10.0,14.0
29/11/2019,Marseille,Brest,2.0,1.0,H,8.0,0.0,0.0,2.0,10.0,1.0,11.0,14.0,34.0,4.0
30/11/2019,Lille,Dijon,1.0,0.0,H,11.0,3.0,2.0,1.0,5.0,0.0,16.0,16.0,19.0,8.0
30/11/2019,Montpellier,Amiens,4.0,2.0,H,4.0,2.0,1.0,2.0,10.0,2.0,13.0,15.0,20.0,6.0
30/11/2019,Nice,Angers,3.0,1.0,H,0.0,7.0,2.0,1.0,7.0,4.0,10.0,13.0,10.0,10.0
30/11/2019,Nimes,Metz,1.0,1.0,D,6.0,2.0,1.0,6.0,3.0,4.0,12.0,19.0,14.0,10.0
30/11/2019,Reims,Bordeaux,1.0,1.0,D,15.0,2.0,2.0,1.0,6.0,1.0,14.0,14.0,19.0,5.0
30/11/2019,Strasbourg,Lyon,1.0,2.0,A,3.0,1.0,3.0,1.0,2.0,4.0,12.0,11.0,9.0,8.0
01/12/2019,Nantes,Toulouse,2.0,1.0,H,10.0,4.0,1.0,3.0,8.0,3.0,15.0,15.0,21.0,7.0
01/12/2019,Rennes,St Etienne,2.0,1.0,H,6.0,1.0,1.0,3.0,5.0,1.0,15.0,11.0,14.0,5.0
03/12/2019,Angers,Marseille,0.0,2.0,A,3.0,1.0,1.0,1.0,2.0,4.0,11.0,11.0,9.0,10.0
03/12/2019,Bordeaux,Nimes,6.0,0.0,H,0.0,6.0,2.0,1.0,8.0,1.0,14.0,13.0,12.0,7.0
03/12/2019,Brest,Strasbourg,5.0,0.0,H,3.0,7.0,2.0,1.0,8.0,3.0,9.0,11.0,11.0,9.0
03/12/2019,Lyon,Lille,0.0,1.0,A,9.0,1.0,1.0,2.0,3.0,2.0,13.0,9.0,11.0,8.0
04/12/2019,Dijon,Montpellier,2.0,2.0,D,12.0,6.0,3.0,3.0,2.0,6.0,15.0,20.0,18.0,18.0
04/12/2019,Metz,Rennes,0.0,1.0,A,8.0,8.0,2.0,0.0,4.0,2.0,13.0,8.0,20.0,12.0
04/12/2019,Paris SG,Nantes,2.0,0.0,H,5.0,9.0,1.0,2.0,6.0,4.0,11.0,14.0,10.0,11.0
04/12/2019,St Etienne,Nice,4.0,1.0,H,8.0,5.0,2.0,3.0,7.0,4.0,15.0,11.0,15.0,16.0
04/12/2019,Toulouse,Monaco,1.0,2.0,A,2.0,6.0,0.0,1.0,3.0,7.0,18.0,10.0,14.0,18.0
06/12/2019,Lille,Brest,1.0,0.0,H,7.0,3.0,0.0,1.0,10.0,0.0,10.0,9.0,16.0,6.0
06/12/2019,Nimes,Lyon,0.0,4.0,A,1.0,5.0,2.0,2.0,2.0,8.0,10.0,15.0,6.0,22.0
07/12/2019,Monaco,Amiens,3.0,0.0,H,8.0,1.0,0.0,0.0,8.0,2.0,10.0,8.0,20.0,5.0
07/12/2019,Montpellier,Paris SG,1.0,3.0,A,4.0,4.0,5.0,3.0,1.0,5.0,17.0,18.0,6.0,14.0
07/12/2019,Nice,Metz,4.0,1.0,H,2.0,4.0,0.0,2.0,5.0,3.0,8.0,13.0,14.0,18.0
07/12/2019,Rennes,Angers,2.0,1.0,H,4.0,4.0,3.0,1.0,3.0,1.0,15.0,12.0,8.0,12.0
07/12/2019,Strasbourg,Toulouse,4.0,2.0,H,3.0,5.0,0.0,1.0,7.0,9.0,10.0,7.0,18.0,14.0
08/12/2019,Marseille,Bordeaux,3.0,1.0,H,7.0,0.0,2.0,1.0,6.0,2.0,10.0,9.0,25.0,3.0
08/12/2019,Nantes,Dijon,1.0,0.0,H,9.0,1.0,1.0,2.0,6.0,1.0,12.0,14.0,17.0,5.0
08/12/2019,Reims,St Etienne,3.0,1.0,H,1.0,2.0,2.0,2.0,3.0,4.0,10.0,14.0,10.0,11.0
13/12/2019,Lille,Montpellier,2.0,1.0,H,4.0,5.0,3.0,1.0,9.0,4.0,13.0,15.0,14.0,10.0
14/12/2019,Amiens,Dijon,1.0,1.0,D,5.0,3.0,1.0,3.0,2.0,5.0,15.0,8.0,6.0,10.0
14/12/2019,Angers,Monaco,0.0,0.0,D,7.0,6.0,4.0,3.0,5.0,2.0,16.0,15.0,10.0,7.0
14/12/2019,Brest,Nice,0.0,0.0,D,5.0,6.0,3.0,2.0,4.0,7.0,13.0,11.0,16.0,15.0
14/12/2019,Metz,Marseille,1.0,1.0,D,1.0,7.0,4.0,1.0,3.0,5.0,15.0,13.0,6.0,16.0
14/12/2019,Nimes,Nantes,0.0,1.0,A,9.0,3.0,0.0,3.0,4.0,5.0,17.0,21.0,16.0,10.0
14/12/2019,Toulouse,Reims,0.0,1.0,A,4.0,8.0,0.0,2.0,5.0,4.0,17.0,14.0,9.0,10.0
15/12/2019,Bordeaux,Strasbourg,0.0,1.0,A,5.0,7.0,3.0,2.0,3.0,4.0,12.0,13.0,13.0,7.0
15/12/2019,Lyon,Rennes,0.0,1.0,A,5.0,7.0,3.0,3.0,3.0,6.0,20.0,15.0,10.0,12.0
15/12/2019,St Etienne,Paris SG,0.0,4.0,A,5.0,2.0,1.0,1.0,2.0,13.0,4.0,9.0,11.0,21.0
21/12/2019,Dijon,Metz,2.0,2.0,D,3.0,5.0,2.0,3.0,5.0,3.0,13.0,10.0,19.0,9.0
21/12/2019,Marseille,Nimes,3.0,1.0,H,7.0,4.0,3.0,2.0,9.0,5.0,12.0,8.0,19.0,12.0
21/12/2019,Monaco,Lille,5.0,1.0,H,5.0,6.0,5.0,1.0,6.0,4.0,10.0,15.0,15.0,9.0
21/12/2019,Montpellier,Brest,4.0,0.0,H,3.0,2.0,1.0,1.0,6.0,4.0,12.0,15.0,17.0,17.0
21/12/2019,Nantes,Angers,1.0,2.0,A,5.0,4.0,1.0,0.0,1.0,7.0,15.0,6.0,9.0,13.0
21/12/2019,Nice,Toulouse,3.0,0.0,H,12.0,4.0,1.0,4.0,5.0,0.0,9.0,18.0,15.0,8.0
21/12/2019,Paris SG,Amiens,4.0,1.0,H,7.0,3.0,0.0,1.0,10.0,3.0,16.0,10.0,22.0,8.0
21/12/2019,Reims,Lyon,1.0,1.0,D,4.0,4.0,2.0,3.0,3.0,4.0,11.0,16.0,12.0,15.0
21/12/2019,Rennes,Bordeaux,1.0,0.0,H,2.0,8.0,0.0,3.0,5.0,2.0,11.0,13.0,12.0,13.0
21/12/2019,Strasbourg,St Etienne,2.0,1.0,H,2.0,7.0,3.0,2.0,3.0,1.0,16.0,13.0,5.0,6.0
10/01/2020,Rennes,Marseille,0.0,1.0,A,4.0,1.0,2.0,5.0,2.0,4.0,15.0,17.0,9.0,10.0
11/01/2020,Amiens,Montpellier,1.0,2.0,A,4.0,1.0,2.0,1.0,3.0,4.0,18.0,13.0,7.0,11.0
11/01/2020,Angers,Nice,1.0,1.0,D,7.0,2.0,1.0,3.0,9.0,2.0,11.0,12.0,16.0,8.0
11/01/2020,Bordeaux,Lyon,1.0,2.0,A,5.0,4.0,1.0,3.0,2.0,6.0,12.0,12.0,5.0,22.0
11/01/2020,Metz,Strasbourg,1.0,0.0,H,1.0,6.0,1.0,2.0,4.0,3.0,12.0,16.0,9.0,14.0
11/01/2020,Nimes,Reims,2.0,0.0,H,5.0,3.0,1.0,5.0,4.0,2.0,17.0,26.0,13.0,6.0
11/01/2020,Toulouse,Brest,2.0,5.0,A,5.0,6.0,1.0,0.0,5.0,9.0,19.0,10.0,12.0,15.0
12/01/2020,Dijon,Lille,1.0,0.0,H,2.0,7.0,2.0,4.0,7.0,6.0,11.0,20.0,15.0,12.0
12/01/2020,Paris SG,Monaco,3.0,3.0,D,7.0,7.0,0.0,3.0,6.0,6.0,6.0,9.0,13.0,16.0
12/01/2020,St Etienne,Nantes,0.0,2.0,A,2.0,1.0,2.0,1.0,1.0,4.0,14.0,10.0,10.0,11.0
15/01/2020,Amiens,Reims,1.0,1.0,D,2.0,1.0,1.0,3.0,3.0,1.0,26.0,16.0,6.0,6.0
15/01/2020,Monaco,Paris SG,1.0,4.0,A,3.0,5.0,2.0,3.0,4.0,12.0,9.0,14.0,13.0,17.0
15/01/2020,Nimes,Rennes,0.0,1.0,A,3.0,2.0,1.0,3.0,1.0,2.0,23.0,20.0,6.0,8.0
24/01/2020,Nice,Rennes,1.0,1.0,D,9.0,8.0,0.0,1.0,4.0,5.0,13.0,14.0,23.0,21.0
25/01/2020,Brest,Amiens,2.0,1.0,H,2.0,7.0,2.0,4.0,3.0,3.0,13.0,17.0,10.0,8.0
25/01/2020,Marseille,Angers,0.0,0.0,D,4.0,2.0,1.0,2.0,2.0,0.0,17.0,13.0,9.0,4.0
25/01/2020,Monaco,Strasbourg,1.0,3.0,A,5.0,5.0,1.0,0.0,3.0,7.0,8.0,9.0,12.0,11.0
25/01/2020,Montpellier,Dijon,2.0,1.0,H,3.0,1.0,2.0,2.0,5.0,2.0,16.0,15.0,16.0,6.0
25/01/2020,Reims,Metz,0.0,1.0,A,11.0,1.0,1.0,1.0,2.0,4.0,11.0,9.0,16.0,7.0
25/01/2020,St Etienne,Nimes,2.0,1.0,H,6.0,5.0,3.0,2.0,6.0,4.0,19.0,16.0,13.0,12.0
26/01/2020,Lille,Paris SG,0.0,2.0,A,6.0,3.0,3.0,1.0,2.0,5.0,20.0,10.0,9.0,12.0
26/01/2020,Lyon,Toulouse,3.0,0.0,H,8.0,2.0,0.0,1.0,5.0,4.0,8.0,5.0,13.0,10.0
26/01/2020,Nantes,Bordeaux,0.0,1.0,A,0.0,2.0,3.0,2.0,0.0,2.0,11.0,14.0,7.0,11.0
31/01/2020,Rennes,Nantes,3.0,2.0,H,5.0,5.0,5.0,4.0,9.0,5.0,13.0,17.0,13.0,8.0
01/02/2020,Amiens,Toulouse,0.0,0.0,D,8.0,4.0,3.0,2.0,4.0,1.0,14.0,15.0,9.0,12.0
01/02/2020,Angers,Reims,1.0,4.0,A,2.0,4.0,1.0,2.0,4.0,4.0,15.0,13.0,15.0,12.0
01/02/2020,Dijon,Brest,3.0,0.0,H,6.0,6.0,0.0,1.0,5.0,4.0,9.0,17.0,12.0,19.0
01/02/2020,Nimes,Monaco,3.0,1.0,H,7.0,1.0,4.0,3.0,8.0,4.0,13.0,10.0,22.0,6.0
01/02/2020,Paris SG,Montpellier,5.0,0.0,H,12.0,2.0,4.0,4.0,9.0,2.0,16.0,16.0,20.0,6.0
01/02/2020,Strasbourg,Lille,1.0,2.0,A,3.0,7.0,1.0,4.0,3.0,4.0,12.0,22.0,13.0,9.0
02/02/2020,Bordeaux,Marseille,0.0,0.0,D,3.0,10.0,2.0,2.0,3.0,4.0,10.0,14.0,12.0,16.0
02/02/2020,Metz,St Etienne,3.0,1.0,H,3.0,8.0,0.0,2.0,6.0,7.0,11.0,18.0,10.0,17.0
02/02/2020,Nice,Lyon,2.0,1.0,H,4.0,10.0,3.0,2.0,7.0,7.0,17.0,9.0,12.0,14.0
04/02/2020,Lille,Rennes,1.0,0.0,H,5.0,2.0,3.0,1.0,3.0,4.0,15.0,16.0,14.0,11.0
04/02/2020,Monaco,Angers,1.0,0.0,H,1.0,8.0,2.0,2.0,3.0,4.0,13.0,8.0,6.0,16.0
04/02/2020,Nantes,Paris SG,1.0,2.0,A,4.0,7.0,2.0,4.0,5.0,7.0,9.0,21.0,15.0,19.0
05/02/2020,Brest,Bordeaux,1.0,1.0,D,8.0,5.0,2.0,0.0,3.0,5.0,14.0,5.0,17.0,13.0
05/02/2020,Lyon,Amiens,0.0,0.0,D,5.0,3.0,1.0,2.0,3.0,2.0,8.0,14.0,10.0,7.0
05/02/2020,Montpellier,Metz,1.0,1.0,D,6.0,8.0,2.0,1.0,7.0,8.0,13.0,16.0,12.0,18.0
05/02/2020,Nimes,Dijon,2.0,0.0,H,2.0,2.0,0.0,3.0,5.0,3.0,17.0,27.0,11.0,10.0
05/02/2020,Reims,Nice,1.0,1.0,D,9.0,6.0,2.0,0.0,4.0,4.0,11.0,7.0,15.0,5.0
05/02/2020,St Etienne,Marseille,0.0,2.0,A,6.0,2.0,2.0,4.0,3.0,3.0,8.0,11.0,11.0,5.0
05/02/2020,Toulouse,Strasbourg,0.0,1.0,A,5.0,2.0,1.0,2.0,1.0,6.0,7.0,10.0,12.0,15.0
07/02/2020,Angers,Lille,0.0,2.0,A,6.0,2.0,4.0,3.0,1.0,4.0,10.0,15.0,9.0,12.0
08/02/2020,Amiens,Monaco,1.0,2.0,A,3.0,9.0,1.0,3.0,1.0,6.0,14.0,17.0,8.0,12.0
08/02/2020,Dijon,Nantes,3.0,3.0,D,9.0,4.0,2.0,2.0,4.0,2.0,8.0,11.0,17.0,8.0
08/02/2020,Marseille,Toulouse,1.0,0.0,H,5.0,5.0,1.0,2.0,3.0,3.0,6.0,8.0,12.0,10.0
08/02/2020,Metz,Bordeaux,1.0,2.0,A,5.0,13.0,2.0,2.0,4.0,5.0,5.0,11.0,11.0,15.0
08/02/2020,Nice,Nimes,1.0,3.0,A,1.0,7.0,2.0,4.0,3.0,5.0,8.0,13.0,6.0,10.0
08/02/2020,Rennes,Brest,0.0,0.0,D,6.0,0.0,2.0,4.0,2.0,3.0,7.0,14.0,17.0,8.0
09/02/2020,Montpellier,St Etienne,1.0,0.0,H,3.0,6.0,1.0,3.0,3.0,5.0,16.0,15.0,8.0,17.0
09/02/2020,Paris SG,Lyon,4.0,2.0,H,6.0,3.0,1.0,2.0,5.0,2.0,11.0,14.0,16.0,7.0
09/02/2020,Strasbourg,Reims,3.0,0.0,H,9.0,8.0,1.0,2.0,5.0,0.0,13.0,12.0,12.0,5.0
14/02/2020,Monaco,Montpellier,1.0,0.0,H,2.0,4.0,1.0,2.0,2.0,2.0,13.0,8.0,16.0,13.0
15/02/2020,Amiens,Paris SG,4.0,4.0,D,2.0,6.0,3.0,2.0,5.0,10.0,21.0,10.0,11.0,15.0
15/02/2020,Bordeaux,Dijon,2.0,2.0,D,13.0,1.0,1.0,1.0,2.0,3.0,12.0,10.0,11.0,6.0
15/02/2020,Nantes,Metz,0.0,0.0,D,11.0,6.0,0.0,1.0,7.0,2.0,14.0,11.0,18.0,7.0
15/02/2020,Nimes,Angers,1.0,0.0,H,7.0,5.0,1.0,2.0,2.0,0.0,7.0,16.0,11.0,10.0
15/02/2020,Toulouse,Nice,0.0,2.0,A,7.0,5.0,2.0,0.0,5.0,4.0,14.0,9.0,19.0,14.0
16/02/2020,Brest,St Etienne,3.0,2.0,H,0.0,5.0,2.0,3.0,3.0,4.0,11.0,11.0,10.0,11.0
16/02/2020,Lille,Marseille,1.0,2.0,A,4.0,5.0,0.0,5.0,3.0,2.0,16.0,12.0,13.0,5.0
16/02/2020,Lyon,Strasbourg,1.0,1.0,D,3.0,2.0,3.0,1.0,2.0,1.0,17.0,14.0,5.0,7.0
16/02/2020,Reims,Rennes,1.0,0.0,H,7.0,2.0,1.0,1.0,3.0,2.0,14.0,17.0,11.0,4.0
21/02/2020,Metz,Lyon,0.0,2.0,A,5.0,4.0,2.0,1.0,0.0,6.0,8.0,14.0,7.0,12.0
21/02/2020,Nice,Brest,2.0,2.0,D,9.0,3.0,3.0,0.0,6.0,3.0,7.0,4.0,19.0,9.0
22/02/2020,Angers,Montpellier,1.0,0.0,H,6.0,8.0,4.0,2.0,8.0,2.0,16.0,16.0,12.0,10.0
22/02/2020,Dijon,Monaco,1.0,1.0,D,2.0,3.0,2.0,0.0,2.0,6.0,16.0,13.0,12.0,17.0
22/02/2020,Lille,Toulouse,3.0,0.0,H,5.0,0.0,1.0,3.0,9.0,1.0,12.0,20.0,18.0,7.0
22/02/2020,Marseille,Nantes,1.0,3.0,A,4.0,1.0,1.0,3.0,5.0,4.0,15.0,17.0,16.0,8.0
22/02/2020,Strasbourg,Amiens,0.0,0.0,D,5.0,5.0,2.0,6.0,3.0,1.0,18.0,23.0,15.0,3.0
23/02/2020,Paris SG,Bordeaux,4.0,3.0,H,10.0,7.0,5.0,2.0,9.0,7.0,13.0,15.0,23.0,12.0
23/02/2020,Rennes,Nimes,2.0,1.0,H,10.0,1.0,0.0,1.0,8.0,2.0,11.0,5.0,26.0,9.0
23/02/2020,St Etienne,Reims,1.0,1.0,D,8.0,6.0,1.0,1.0,4.0,2.0,14.0,5.0,7.0,12.0
28/02/2020,Nimes,Marseille,2.0,3.0,A,8.0,9.0,4.0,3.0,6.0,4.0,15.0,14.0,16.0,13.0
29/02/2020,Amiens,Metz,0.0,1.0,A,6.0,3.0,2.0,1.0,5.0,6.0,17.0,10.0,12.0,13.0
29/02/2020,Brest,Angers,0.0,1.0,A,12.0,0.0,3.0,1.0,4.0,2.0,12.0,9.0,16.0,6.0
29/02/2020,Monaco,Reims,1.0,1.0,D,3.0,2.0,2.0,3.0,7.0,8.0,20.0,13.0,19.0,16.0
29/02/2020,Montpellier,Strasbourg,3.0,0.0,H,5.0,7.0,1.0,2.0,11.0,7.0,8.0,15.0,23.0,15.0
29/02/2020,Paris SG,Dijon,4.0,0.0,H,8.0,0.0,1.0,0.0,11.0,3.0,7.0,3.0,23.0,9.0
29/02/2020,Toulouse,Rennes,0.0,2.0,A,9.0,3.0,3.0,1.0,2.0,4.0,13.0,12.0,15.0,11.0
01/03/2020,Bordeaux,Nice,1.0,1.0,D,10.0,3.0,3.0,3.0,4.0,4.0,19.0,12.0,12.0,9.0
01/03/2020,Lyon,St Etienne,2.0,0.0,H,5.0,4.0,4.0,4.0,9.0,4.0,14.0,14.0,16.0,8.0
01/03/2020,Nantes,Lille,0.0,1.0,A,3.0,12.0,4.0,3.0,3.0,5.0,13.0,13.0,6.0,15.0
06/03/2020,Marseille,Amiens,2.0,2.0,D,4.0,4.0,2.0,2.0,6.0,3.0,13.0,17.0,13.0,12.0
07/03/2020,Angers,Nantes,2.0,0.0,H,4.0,6.0,0.0,3.0,3.0,4.0,9.0,6.0,7.0,15.0
07/03/2020,Dijon,Toulouse,2.0,1.0,H,5.0,1.0,2.0,2.0,3.0,2.0,14.0,17.0,15.0,6.0
07/03/2020,Metz,Nimes,2.0,1.0,H,8.0,6.0,0.0,0.0,5.0,7.0,9.0,11.0,14.0,16.0
07/03/2020,Nice,Monaco,2.0,1.0,H,6.0,3.0,1.0,4.0,5.0,4.0,11.0,15.0,12.0,14.0
07/03/2020,Reims,Brest,1.0,0.0,H,5.0,5.0,3.0,2.0,3.0,4.0,7.0,13.0,12.0,12.0
08/03/2020,Lille,Lyon,1.0,0.0,H,4.0,3.0,1.0,3.0,3.0,2.0,20.0,13.0,13.0,9.0
08/03/2020,Rennes,Montpellier,5.0,0.0,H,2.0,7.0,2.0,3.0,9.0,1.0,9.0,10.0,16.0,11.0
08/03/2020,St Etienne,Bordeaux,1.0,1.0,D,7.0,4.0,4.0,3.0,4.0,2.0,14.0,16.0,11.0,9.0
21/08/2020,Bordeaux,Nantes,0.0,0.0,D,2.0,3.0,2.0,3.0,1.0,1.0,10.0,15.0,5.0,6.0
22/08/2020,Dijon,Angers,0.0,1.0,A,3.0,9.0,0.0,0.0,1.0,4.0,15.0,8.0,9.0,12.0
22/08/2020,Lille,Rennes,1.0,1.0,D,4.0,2.0,0.0,1.0,1.0,3.0,12.0,16.0,5.0,16.0
23/08/2020,Lorient,Strasbourg,3.0,1.0,H,6.0,1.0,3.0,2.0,7.0,1.0,17.0,10.0,10.0,7.0
23/08/2020,Monaco,Reims,2.0,2.0,D,8.0,1.0,1.0,3.0,5.0,3.0,8.0,14.0,22.0,9.0
23/08/2020,Nice,Lens,2.0,1.0,H,1.0,7.0,2.0,3.0,2.0,4.0,17.0,18.0,4.0,17.0
23/08/2020,Nimes,Brest,4.0,0.0,H,4.0,4.0,2.0,3.0,5.0,3.0,14.0,17.0,12.0,10.0
28/08/2020,Lyon,Dijon,4.0,1.0,H,13.0,2.0,3.0,3.0,12.0,2.0,12.0,7.0,27.0,6.0
29/08/2020,Rennes,Montpellier,2.0,1.0,H,2.0,1.0,3.0,2.0,7.0,3.0,18.0,16.0,16.0,11.0
29/08/2020,Strasbourg,Nice,0.0,2.0,A,3.0,1.0,2.0,6.0,0.0,2.0,14.0,11.0,6.0,3.0
30/08/2020,Angers,Bordeaux,0.0,2.0,A,5.0,7.0,1.0,3.0,2.0,7.0,12.0,19.0,12.0,7.0
30/08/2020,Brest,Marseille,2.0,3.0,A,10.0,2.0,2.0,4.0,4.0,4.0,17.0,13.0,19.0,7.0
30/08/2020,Metz,Monaco,0.0,1.0,A,10.0,1.0,0.0,5.0,4.0,2.0,14.0,20.0,14.0,3.0
30/08/2020,Nantes,Nimes,2.0,1.0,H,4.0,8.0,3.0,2.0,5.0,9.0,16.0,9.0,8.0,17.0
30/08/2020,Reims,Lille,0.0,1.0,A,1.0,2.0,4.0,1.0,0.0,3.0,20.0,11.0,4.0,10.0
30/08/2020,St Etienne,Lorient,2.0,0.0,H,2.0,5.0,2.0,1.0,5.0,1.0,14.0,23.0,13.0,6.0
10/09/2020,Lens,Paris SG,1.0,0.0,H,4.0,2.0,2.0,2.0,3.0,1.0,21.0,10.0,7.0,8.0
11/09/2020,Bordeaux,Lyon,0.0,0.0,D,4.0,5.0,2.0,3.0,0.0,3.0,12.0,19.0,5.0,20.0
12/09/2020,Montpellier,Nice,3.0,1.0,H,8.0,9.0,0.0,2.0,13.0,1.0,17.0,16.0,20.0,9.0
12/09/2020,St Etienne,Strasbourg,2.0,0.0,H,6.0,3.0,1.0,3.0,4.0,7.0,13.0,19.0,10.0,14.0
13/09/2020,Angers,Reims,1.0,0.0,H,1.0,2.0,4.0,2.0,7.0,2.0,12.0,12.0,20.0,7.0
13/09/2020,Dijon,Brest,0.0,2.0,A,5.0,7.0,2.0,0.0,3.0,5.0,16.0,16.0,7.0,19.0
13/09/2020,Lille,Metz,1.0,0.0,H,8.0,3.0,4.0,4.0,6.0,1.0,12.0,14.0,16.0,5.0
13/09/2020,Lorient,Lens,2.0,3.0,A,4.0,2.0,4.0,3.0,3.0,6.0,20.0,16.0,6.0,12.0
13/09/2020,Monaco,Nantes,2.0,1.0,H,9.0,4.0,3.0,1.0,5.0,2.0,14.0,11.0,18.0,7.0
13/09/2020,Nimes,Rennes,2.0,4.0,A,8.0,4.0,2.0,6.0,9.0,6.0,17.0,13.0,17.0,10.0
13/09/2020,Paris SG,Marseille,0.0,1.0,A,4.0,2.0,6.0,8.0,4.0,2.0,17.0,19.0,14.0,5.0
15/09/2020,Montpellier,Lyon,2.0,1.0,H,4.0,11.0,3.0,2.0,3.0,7.0,13.0,13.0,10.0,19.0
16/09/2020,Paris SG,Metz,1.0,0.0,H,8.0,2.0,3.0,2.0,8.0,1.0,8.0,6.0,20.0,7.0
17/09/2020,Marseille,St Etienne,0.0,2.0,A,7.0,6.0,2.0,2.0,2.0,5.0,13.0,15.0,13.0,12.0
18/09/2020,Lyon,Nimes,0.0,0.0,D,9.0,2.0,3.0,2.0,3.0,3.0,18.0,12.0,16.0,10.0
19/09/2020,Lens,Bordeaux,2.0,1.0,H,7.0,0.0,5.0,5.0,5.0,3.0,15.0,15.0,19.0,7.0
19/09/2020,Rennes,Monaco,2.0,1.0,H,9.0,10.0,1.0,2.0,3.0,2.0,11.0,11.0,14.0,14.0
20/09/2020,Brest,Lorient,3.0,2.0,H,4.0,6.0,2.0,1.0,6.0,4.0,20.0,13.0,14.0,9.0
20/09/2020,Marseille,Lille,1.0,1.0,D,5.0,4.0,3.0,3.0,2.0,7.0,12.0,18.0,11.0,14.0
20/09/2020,Metz,Reims,2.0,1.0,H,8.0,5.0,1.0,4.0,4.0,4.0,14.0,7.0,14.0,10.0
20/09/2020,Montpellier,Angers,4.0,1.0,H,6.0,3.0,4.0,3.0,9.0,3.0,14.0,5.0,14.0,14.0
20/09/2020,Nantes,St Etienne,2.0,2.0,D,4.0,2.0,2.0,2.0,3.0,4.0,12.0,17.0,15.0,6.0
20/09/2020,Nice,Paris SG,0.0,3.0,A,4.0,7.0,1.0,2.0,5.0,6.0,9.0,9.0,14.0,14.0
20/09/2020,Strasbourg,Dijon,1.0,0.0,H,8.0,2.0,1.0,1.0,6.0,2.0,10.0,16.0,17.0,6.0
25/09/2020,Lille,Nantes,2.0,0.0,H,4.0,7.0,0.0,2.0,4.0,6.0,16.0,12.0,12.0,12.0
26/09/2020,Marseille,Metz,1.0,1.0,D,5.0,5.0,0.0,2.0,3.0,3.0,15.0,11.0,17.0,14.0
26/09/2020,St Etienne,Rennes,0.0,3.0,A,6.0,4.0,1.0,1.0,4.0,6.0,11.0,12.0,6.0,10.0
27/09/2020,Angers,Brest,3.0,2.0,H,6.0,1.0,3.0,2.0,5.0,6.0,17.0,21.0,12.0,14.0
27/09/2020,Bordeaux,Nice,0.0,0.0,D,7.0,7.0,1.0,1.0,5.0,2.0,9.0,15.0,18.0,13.0
27/09/2020,Dijon,Montpellier,2.0,2.0,D,6.0,13.0,4.0,1.0,6.0,5.0,15.0,11.0,15.0,14.0
27/09/2020,Lorient,Lyon,1.0,1.0,D,1.0,5.0,2.0,0.0,2.0,6.0,19.0,7.0,4.0,19.0
27/09/2020,Monaco,Strasbourg,3.0,2.0,H,6.0,2.0,3.0,1.0,5.0,5.0,11.0,12.0,11.0,11.0
27/09/2020,Nimes,Lens,1.0,1.0,D,5.0,7.0,0.0,3.0,4.0,6.0,10.0,16.0,13.0,15.0
27/09/2020,Reims,Paris SG,0.0,2.0,A,3.0,7.0,2.0,2.0,3.0,7.0,11.0,10.0,8.0,21.0
02/10/2020,Paris SG,Angers,6.0,1.0,H,6.0,2.0,1.0,2.0,12.0,2.0,11.0,9.0,18.0,8.0
03/10/2020,Lens,St Etienne,2.0,0.0,H,12.0,0.0,1.0,1.0,5.0,1.0,23.0,10.0,13.0,2.0
03/10/2020,Nice,Nantes,2.0,1.0,H,9.0,2.0,2.0,1.0,7.0,1.0,13.0,8.0,18.0,11.0
04/10/2020,Bordeaux,Dijon,3.0,0.0,H,5.0,4.0,2.0,3.0,7.0,1.0,15.0,14.0,17.0,5.0
04/10/2020,Brest,Monaco,1.0,0.0,H,1.0,8.0,3.0,4.0,5.0,2.0,10.0,17.0,7.0,21.0
04/10/2020,Lyon,Marseille,1.0,1.0,D,19.0,5.0,1.0,1.0,3.0,1.0,14.0,10.0,24.0,4.0
04/10/2020,Metz,Lorient,3.0,1.0,H,4.0,3.0,1.0,2.0,8.0,4.0,10.0,14.0,16.0,10.0
04/10/2020,Montpellier,Nimes,0.0,1.0,A,8.0,2.0,2.0,1.0,2.0,1.0,14.0,15.0,12.0,8.0
04/10/2020,Rennes,Reims,2.0,2.0,D,10.0,2.0,4.0,3.0,3.0,4.0,12.0,16.0,18.0,9.0
04/10/2020,Strasbourg,Lille,0.0,3.0,A,11.0,1.0,1.0,1.0,3.0,6.0,11.0,10.0,14.0,12.0
16/10/2020,Dijon,Rennes,1.0,1.0,D,3.0,5.0,4.0,2.0,4.0,3.0,22.0,13.0,12.0,12.0
16/10/2020,Nimes,Paris SG,0.0,4.0,A,1.0,9.0,1.0,2.0,2.0,11.0,10.0,12.0,5.0,30.0
17/10/2020,Marseille,Bordeaux,3.0,1.0,H,6.0,10.0,3.0,1.0,4.0,4.0,13.0,13.0,6.0,8.0
17/10/2020,Reims,Lorient,1.0,3.0,A,3.0,6.0,4.0,1.0,3.0,4.0,14.0,11.0,6.0,14.0
18/10/2020,Angers,Metz,1.0,1.0,D,2.0,5.0,4.0,2.0,2.0,3.0,18.0,13.0,7.0,7.0
18/10/2020,Lille,Lens,4.0,0.0,H,7.0,2.0,0.0,3.0,6.0,2.0,13.0,16.0,17.0,7.0
18/10/2020,Monaco,Montpellier,1.0,1.0,D,10.0,2.0,2.0,1.0,7.0,2.0,13.0,13.0,21.0,3.0
18/10/2020,Nantes,Brest,3.0,1.0,H,2.0,6.0,3.0,2.0,8.0,5.0,15.0,15.0,12.0,14.0
18/10/2020,St Etienne,Nice,1.0,3.0,A,7.0,3.0,2.0,5.0,4.0,5.0,15.0,10.0,11.0,11.0
18/10/2020,Strasbourg,Lyon,2.0,3.0,A,4.0,2.0,2.0,3.0,9.0,8.0,13.0,8.0,20.0,14.0
23/10/2020,Rennes,Angers,1.0,2.0,A,5.0,4.0,2.0,0.0,1.0,4.0,11.0,5.0,11.0,10.0
24/10/2020,Lorient,Marseille,0.0,1.0,A,6.0,4.0,3.0,3.0,3.0,3.0,10.0,12.0,13.0,15.0
24/10/2020,Paris SG,Dijon,4.0,0.0,H,4.0,10.0,0.0,2.0,9.0,3.0,12.0,18.0,20.0,16.0
25/10/2020,Bordeaux,Nimes,2.0,0.0,H,7.0,4.0,3.0,3.0,6.0,4.0,9.0,16.0,20.0,8.0
25/10/2020,Brest,Strasbourg,0.0,3.0,A,12.0,2.0,1.0,3.0,4.0,5.0,8.0,11.0,14.0,7.0
25/10/2020,Lyon,Monaco,4.0,1.0,H,2.0,12.0,3.0,4.0,6.0,5.0,12.0,15.0,15.0,18.0
25/10/2020,Metz,St Etienne,2.0,0.0,H,5.0,3.0,3.0,3.0,3.0,0.0,11.0,18.0,6.0,10.0
25/10/2020,Montpellier,Reims,0.0,4.0,A,3.0,8.0,1.0,0.0,1.0,9.0,7.0,11.0,5.0,24.0
25/10/2020,Nice,Lille,1.0,1.0,D,5.0,3.0,1.0,6.0,3.0,4.0,13.0,18.0,8.0,12.0
31/10/2020,Nantes,Paris SG,0.0,3.0,A,2.0,4.0,2.0,1.0,1.0,4.0,13.0,13.0,6.0,13.0
31/10/2020,Rennes,Brest,2.0,1.0,H,8.0,1.0,1.0,3.0,8.0,4.0,2.0,12.0,24.0,9.0
01/11/2020,Angers,Nice,0.0,3.0,A,9.0,5.0,5.0,2.0,5.0,5.0,18.0,12.0,11.0,12.0
01/11/2020,Dijon,Lorient,0.0,0.0,D,9.0,7.0,2.0,1.0,2.0,1.0,18.0,13.0,11.0,9.0
01/11/2020,Lille,Lyon,1.0,1.0,D,9.0,4.0,3.0,3.0,6.0,1.0,14.0,10.0,15.0,8.0
01/11/2020,Monaco,Bordeaux,4.0,0.0,H,10.0,4.0,2.0,2.0,6.0,0.0,10.0,12.0,17.0,5.0
01/11/2020,Nimes,Metz,0.0,1.0,A,10.0,1.0,3.0,2.0,2.0,5.0,13.0,15.0,16.0,8.0
01/11/2020,Reims,Strasbourg,2.0,1.0,H,5.0,3.0,0.0,2.0,4.0,3.0,13.0,13.0,12.0,9.0
01/11/2020,St Etienne,Montpellier,0.0,1.0,A,8.0,2.0,3.0,3.0,0.0,2.0,16.0,17.0,8.0,10.0
06/11/2020,Strasbourg,Marseille,0.0,1.0,A,2.0,2.0,0.0,4.0,2.0,1.0,13.0,17.0,9.0,1.0
07/11/2020,Bordeaux,Montpellier,0.0,2.0,A,3.0,5.0,2.0,1.0,1.0,3.0,14.0,10.0,9.0,9.0
07/11/2020,Paris SG,Rennes,3.0,0.0,H,2.0,7.0,3.0,0.0,6.0,3.0,19.0,15.0,9.0,16.0
08/11/2020,Brest,Lille,3.0,2.0,H,3.0,11.0,4.0,3.0,8.0,7.0,13.0,15.0,12.0,22.0
08/11/2020,Lens,Reims,4.0,4.0,D,9.0,1.0,3.0,1.0,5.0,6.0,12.0,7.0,14.0,8.0
08/11/2020,Lorient,Nantes,0.0,2.0,A,5.0,5.0,3.0,1.0,4.0,4.0,17.0,9.0,18.0,16.0
08/11/2020,Lyon,St Etienne,2.0,1.0,H,3.0,5.0,5.0,3.0,6.0,4.0,19.0,19.0,18.0,16.0
08/11/2020,Metz,Dijon,1.0,1.0,D,5.0,6.0,2.0,1.0,4.0,6.0,16.0,11.0,14.0,14.0
08/11/2020,Nice,Monaco,1.0,2.0,A,1.0,4.0,2.0,2.0,4.0,8.0,8.0,16.0,8.0,15.0
08/11/2020,Nimes,Angers,1.0,5.0,A,6.0,2.0,2.0,5.0,4.0,8.0,12.0,15.0,11.0,15.0
20/11/2020,Monaco,Paris SG,3.0,2.0,H,2.0,1.0,2.0,3.0,5.0,4.0,12.0,19.0,15.0,9.0
20/11/2020,Rennes,Bordeaux,0.0,1.0,A,7.0,3.0,2.0,2.0,2.0,3.0,18.0,19.0,14.0,6.0
21/11/2020,Brest,St Etienne,4.0,1.0,H,5.0,6.0,1.0,1.0,5.0,1.0,12.0,10.0,10.0,17.0
22/11/2020,Angers,Lyon,0.0,1.0,A,8.0,3.0,2.0,3.0,8.0,2.0,12.0,12.0,20.0,5.0
22/11/2020,Dijon,Lens,0.0,1.0,A,8.0,6.0,2.0,0.0,2.0,2.0,14.0,6.0,10.0,6.0
22/11/2020,Lille,Lorient,4.0,0.0,H,9.0,4.0,1.0,3.0,13.0,2.0,10.0,11.0,31.0,7.0
22/11/2020,Montpellier,Strasbourg,4.0,3.0,H,11.0,3.0,2.0,1.0,9.0,5.0,16.0,11.0,21.0,9.0
22/11/2020,Nantes,Metz,1.0,1.0,D,6.0,2.0,2.0,3.0,5.0,4.0,13.0,14.0,17.0,10.0
22/11/2020,Reims,Nimes,0.0,1.0,A,7.0,1.0,3.0,1.0,6.0,5.0,18.0,11.0,16.0,6.0
25/11/2020,Lens,Nantes,1.0,1.0,D,6.0,2.0,4.0,2.0,1.0,3.0,14.0,18.0,7.0,11.0
27/11/2020,Strasbourg,Rennes,1.0,1.0,D,2.0,7.0,0.0,0.0,3.0,7.0,11.0,12.0,6.0,21.0
28/11/2020,Marseille,Nantes,3.0,1.0,H,3.0,7.0,4.0,2.0,9.0,2.0,16.0,11.0,15.0,6.0
28/11/2020,Paris SG,Bordeaux,2.0,2.0,D,14.0,5.0,1.0,1.0,9.0,4.0,8.0,10.0,16.0,18.0
29/11/2020,Lens,Angers,1.0,3.0,A,1.0,7.0,2.0,2.0,5.0,7.0,15.0,13.0,13.0,18.0
29/11/2020,Lorient,Montpellier,0.0,1.0,A,2.0,4.0,2.0,1.0,2.0,3.0,13.0,14.0,8.0,16.0
29/11/2020,Lyon,Reims,3.0,0.0,H,4.0,2.0,2.0,1.0,4.0,2.0,19.0,11.0,14.0,10.0
29/11/2020,Metz,Brest,0.0,2.0,A,10.0,5.0,2.0,1.0,6.0,3.0,11.0,10.0,15.0,10.0
29/11/2020,Monaco,Nimes,3.0,0.0,H,8.0,3.0,1.0,1.0,5.0,2.0,16.0,9.0,18.0,6.0
29/11/2020,Nice,Dijon,1.0,3.0,A,11.0,1.0,3.0,3.0,7.0,4.0,7.0,21.0,24.0,9.0
29/11/2020,St Etienne,Lille,1.0,1.0,D,3.0,3.0,4.0,1.0,5.0,2.0,15.0,13.0,7.0,9.0
04/12/2020,Nimes,Marseille,0.0,2.0,A,1.0,8.0,3.0,4.0,0.0,4.0,11.0,18.0,7.0,17.0
05/12/2020,Montpellier,Paris SG,1.0,3.0,A,3.0,3.0,1.0,3.0,2.0,6.0,12.0,14.0,17.0,13.0
05/12/2020,Rennes,Lens,0.0,2.0,A,8.0,3.0,1.0,3.0,4.0,4.0,18.0,16.0,10.0,6.0
06/12/2020,Angers,Lorient,2.0,0.0,H,2.0,12.0,3.0,0.0,3.0,3.0,13.0,11.0,10.0,12.0
06/12/2020,Bordeaux,Brest,1.0,0.0,H,8.0,2.0,0.0,3.0,6.0,3.0,10.0,11.0,21.0,8.0
06/12/2020,Dijon,St Etienne,0.0,0.0,D,7.0,4.0,0.0,1.0,1.0,2.0,15.0,13.0,6.0,7.0
06/12/2020,Lille,Monaco,2.0,1.0,H,1.0,3.0,3.0,0.0,5.0,3.0,12.0,11.0,10.0,8.0
06/12/2020,Metz,Lyon,1.0,3.0,A,5.0,6.0,1.0,0.0,5.0,5.0,14.0,14.0,12.0,18.0
06/12/2020,Nantes,Strasbourg,0.0,4.0,A,7.0,3.0,3.0,2.0,2.0,9.0,13.0,13.0,14.0,13.0
06/12/2020,Reims,Nice,0.0,0.0,D,6.0,6.0,1.0,2.0,2.0,4.0,12.0,13.0,11.0,12.0
11/12/2020,St Etienne,Angers,0.0,0.0,D,5.0,6.0,3.0,3.0,3.0,3.0,16.0,15.0,14.0,8.0
12/12/2020,Lens,Montpellier,2.0,3.0,A,6.0,4.0,1.0,1.0,4.0,7.0,11.0,14.0,14.0,10.0
12/12/2020,Marseille,Monaco,2.0,1.0,H,1.0,3.0,3.0,2.0,2.0,4.0,22.0,10.0,5.0,9.0
13/12/2020,Brest,Reims,2.0,1.0,H,3.0,4.0,1.0,1.0,6.0,4.0,12.0,11.0,10.0,10.0
13/12/2020,Lille,Bordeaux,2.0,1.0,H,8.0,3.0,0.0,2.0,5.0,3.0,14.0,10.0,15.0,4.0
13/12/2020,Lorient,Nimes,3.0,0.0,H,2.0,3.0,2.0,0.0,5.0,2.0,18.0,7.0,13.0,6.0
13/12/2020,Nantes,Dijon,1.0,1.0,D,4.0,4.0,2.0,2.0,6.0,4.0,11.0,16.0,17.0,13.0
13/12/2020,Nice,Rennes,0.0,1.0,A,3.0,6.0,2.0,1.0,3.0,6.0,16.0,10.0,11.0,16.0
13/12/2020,Paris SG,Lyon,0.0,1.0,A,5.0,5.0,4.0,1.0,1.0,5.0,11.0,17.0,7.0,8.0
13/12/2020,Strasbourg,Metz,2.0,2.0,D,5.0,4.0,3.0,4.0,4.0,3.0,11.0,16.0,18.0,6.0
16/12/2020,Angers,Strasbourg,0.0,2.0,A,6.0,2.0,1.0,2.0,2.0,3.0,9.0,11.0,8.0,7.0
16/12/2020,Bordeaux,St Etienne,1.0,2.0,A,3.0,4.0,3.0,2.0,3.0,8.0,12.0,14.0,11.0,19.0
16/12/2020,Dijon,Lille,0.0,2.0,A,5.0,4.0,0.0,0.0,1.0,5.0,21.0,8.0,6.0,10.0
16/12/2020,Lyon,Brest,2.0,2.0,D,12.0,3.0,3.0,0.0,11.0,2.0,13.0,5.0,28.0,8.0
16/12/2020,Monaco,Lens,0.0,3.0,A,3.0,3.0,2.0,4.0,1.0,4.0,8.0,17.0,7.0,8.0
16/12/2020,Montpellier,Metz,0.0,2.0,A,10.0,2.0,3.0,3.0,3.0,5.0,11.0,9.0,14.0,9.0
16/12/2020,Nimes,Nice,0.0,2.0,A,4.0,5.0,1.0,2.0,4.0,6.0,8.0,10.0,15.0,14.0
16/12/2020,Paris SG,Lorient,2.0,0.0,H,9.0,2.0,3.0,0.0,8.0,3.0,19.0,9.0,24.0,8.0
16/12/2020,Reims,Nantes,3.0,2.0,H,3.0,6.0,2.0,2.0,4.0,7.0,13.0,13.0,13.0,18.0
16/12/2020,Rennes,Marseille,2.0,1.0,H,9.0,1.0,1.0,4.0,5.0,1.0,19.0,15.0,15.0,8.0
19/12/2020,Marseille,Reims,1.0,1.0,D,7.0,3.0,1.0,3.0,6.0,1.0,11.0,10.0,12.0,2.0
19/12/2020,Metz,Lens,2.0,0.0,H,8.0,4.0,1.0,1.0,4.0,3.0,17.0,8.0,12.0,17.0
19/12/2020,Nice,Lyon,1.0,4.0,A,8.0,2.0,1.0,1.0,1.0,9.0,17.0,9.0,8.0,13.0
20/12/2020,Brest,Montpellier,2.0,2.0,D,6.0,4.0,2.0,1.0,7.0,4.0,14.0,15.0,17.0,10.0
20/12/2020,Dijon,Monaco,0.0,1.0,A,2.0,6.0,2.0,1.0,1.0,6.0,13.0,14.0,11.0,13.0
20/12/2020,Lille,Paris SG,0.0,0.0,D,4.0,5.0,0.0,2.0,3.0,1.0,12.0,11.0,8.0,8.0
20/12/2020,Lorient,Rennes,0.0,3.0,A,1.0,2.0,1.0,2.0,2.0,4.0,19.0,9.0,11.0,15.0
20/12/2020,Nantes,Angers,1.0,1.0,D,5.0,6.0,3.0,0.0,2.0,6.0,16.0,13.0,9.0,12.0
20/12/2020,St Etienne,Nimes,2.0,2.0,D,6.0,3.0,2.0,3.0,9.0,4.0,15.0,9.0,18.0,9.0
20/12/2020,Strasbourg,Bordeaux,0.0,2.0,A,5.0,3.0,2.0,1.0,3.0,6.0,15.0,12.0,10.0,11.0
23/12/2020,Angers,Marseille,2.0,1.0,H,2.0,8.0,2.0,4.0,2.0,3.0,14.0,14.0,9.0,9.0
23/12/2020,Bordeaux,Reims,1.0,3.0,A,5.0,5.0,3.0,1.0,3.0,5.0,11.0,12.0,9.0,10.0
23/12/2020,Lens,Brest,2.0,1.0,H,3.0,6.0,0.0,2.0,4.0,3.0,13.0,13.0,11.0,10.0
23/12/2020,Lyon,Nantes,3.0,0.0,H,9.0,7.0,1.0,3.0,11.0,4.0,11.0,13.0,22.0,18.0
23/12/2020,Monaco,St Etienne,2.0,2.0,D,0.0,10.0,3.0,2.0,2.0,6.0,12.0,13.0,2.0,18.0
23/12/2020,Montpellier,Lille,2.0,3.0,A,6.0,4.0,3.0,2.0,6.0,7.0,13.0,11.0,17.0,9.0
23/12/2020,Nice,Lorient,2.0,2.0,D,0.0,10.0,3.0,4.0,3.0,6.0,11.0,13.0,3.0,24.0
23/12/2020,Nimes,Dijon,1.0,3.0,A,7.0,3.0,2.0,2.0,1.0,4.0,10.0,11.0,8.0,14.0
23/12/2020,Paris SG,Strasbourg,4.0,0.0,H,5.0,5.0,0.0,0.0,8.0,2.0,7.0,9.0,17.0,8.0
23/12/2020,Rennes,Metz,1.0,0.0,H,6.0,5.0,1.0,1.0,6.0,4.0,14.0,18.0,11.0,9.0
06/01/2021,Brest,Nice,2.0,0.0,H,6.0,6.0,2.0,3.0,6.0,6.0,12.0,8.0,10.0,12.0
06/01/2021,Lille,Angers,1.0,2.0,A,8.0,6.0,3.0,1.0,2.0,3.0,12.0,10.0,7.0,7.0
06/01/2021,Lorient,Monaco,2.0,5.0,A,5.0,8.0,1.0,3.0,5.0,9.0,9.0,9.0,11.0,16.0
06/01/2021,Lyon,Lens,3.0,2.0,H,7.0,4.0,1.0,2.0,6.0,2.0,7.0,10.0,11.0,10.0
06/01/2021,Marseille,Montpellier,3.0,1.0,H,5.0,1.0,0.0,0.0,8.0,5.0,4.0,6.0,18.0,13.0
06/01/2021,Metz,Bordeaux,0.0,0.0,D,3.0,2.0,1.0,2.0,3.0,3.0,10.0,20.0,9.0,12.0
06/01/2021,Nantes,Rennes,0.0,0.0,D,6.0,3.0,2.0,2.0,2.0,0.0,13.0,13.0,7.0,8.0
06/01/2021,Reims,Dijon,0.0,0.0,D,7.0,5.0,2.0,3.0,3.0,0.0,13.0,8.0,9.0,8.0
06/01/2021,St Etienne,Paris SG,1.0,1.0,D,9.0,10.0,1.0,1.0,5.0,4.0,13.0,12.0,11.0,10.0
06/01/2021,Strasbourg,Nimes,5.0,0.0,H,10.0,5.0,1.0,2.0,12.0,2.0,12.0,6.0,21.0,6.0
09/01/2021,Bordeaux,Lorient,2.0,1.0,H,5.0,3.0,2.0,0.0,6.0,4.0,10.0,10.0,16.0,12.0
09/01/2021,Dijon,Marseille,0.0,0.0,D,0.0,6.0,3.0,2.0,0.0,4.0,13.0,13.0,5.0,11.0
09/01/2021,Lens,Strasbourg,0.0,1.0,A,4.0,4.0,1.0,1.0,2.0,4.0,16.0,15.0,11.0,10.0
09/01/2021,Metz,Nice,1.0,1.0,D,5.0,2.0,2.0,2.0,5.0,4.0,19.0,8.0,16.0,11.0
09/01/2021,Monaco,Angers,3.0,0.0,H,5.0,2.0,2.0,0.0,5.0,2.0,9.0,10.0,14.0,6.0
09/01/2021,Montpellier,Nantes,1.0,1.0,D,1.0,8.0,5.0,0.0,6.0,3.0,18.0,11.0,8.0,12.0
09/01/2021,Nimes,Lille,0.0,1.0,A,2.0,3.0,0.0,3.0,0.0,2.0,12.0,13.0,7.0,10.0
09/01/2021,Paris SG,Brest,3.0,0.0,H,7.0,4.0,1.0,1.0,11.0,2.0,7.0,13.0,22.0,12.0
09/01/2021,Reims,St Etienne,3.0,1.0,H,0.0,3.0,2.0,4.0,3.0,6.0,19.0,17.0,7.0,14.0
09/01/2021,Rennes,Lyon,2.0,2.0,D,2.0,5.0,1.0,2.0,6.0,4.0,12.0,16.0,14.0,13.0
15/01/2021,Montpellier,Monaco,2.0,3.0,A,5.0,6.0,2.0,3.0,3.0,5.0,17.0,12.0,9.0,16.0
16/01/2021,Angers,Paris SG,0.0,1.0,A,5.0,7.0,0.0,2.0,4.0,3.0,11.0,13.0,11.0,12.0
16/01/2021,Marseille,Nimes,1.0,2.0,A,7.0,3.0,2.0,2.0,6.0,5.0,13.0,6.0,14.0,8.0
17/01/2021,Brest,Rennes,1.0,2.0,A,3.0,3.0,1.0,1.0,4.0,4.0,9.0,8.0,14.0,7.0
17/01/2021,Lille,Reims,2.0,1.0,H,3.0,5.0,2.0,1.0,8.0,4.0,13.0,11.0,16.0,8.0
17/01/2021,Lyon,Metz,0.0,1.0,A,9.0,2.0,1.0,3.0,5.0,3.0,14.0,11.0,23.0,17.0
17/01/2021,Nantes,Lens,1.0,1.0,D,2.0,4.0,3.0,3.0,2.0,1.0,14.0,19.0,10.0,8.0
17/01/2021,Nice,Bordeaux,0.0,3.0,A,3.0,10.0,0.0,1.0,1.0,9.0,8.0,7.0,10.0,17.0
17/01/2021,Strasbourg,St Etienne,1.0,0.0,H,7.0,3.0,2.0,2.0,3.0,3.0,23.0,9.0,15.0,8.0
20/01/2021,Marseille,Lens,0.0,1.0,A,3.0,9.0,5.0,3.0,1.0,4.0,13.0,11.0,4.0,13.0
22/01/2021,Paris SG,Montpellier,4.0,0.0,H,7.0,1.0,2.0,1.0,8.0,1.0,16.0,12.0,26.0,5.0
23/01/2021,Lens,Nice,0.0,1.0,A,6.0,2.0,2.0,1.0,3.0,2.0,9.0,14.0,13.0,7.0
23/01/2021,Monaco,Marseille,3.0,1.0,H,5.0,4.0,3.0,5.0,6.0,1.0,18.0,21.0,8.0,5.0
24/01/2021,Bordeaux,Angers,2.0,1.0,H,3.0,4.0,1.0,2.0,3.0,7.0,11.0,20.0,7.0,15.0
24/01/2021,Dijon,Strasbourg,1.0,1.0,D,3.0,4.0,1.0,0.0,3.0,2.0,14.0,9.0,5.0,15.0
24/01/2021,Metz,Nantes,2.0,0.0,H,4.0,6.0,3.0,1.0,4.0,0.0,15.0,15.0,14.0,8.0
24/01/2021,Reims,Brest,1.0,0.0,H,2.0,4.0,3.0,0.0,2.0,1.0,16.0,11.0,12.0,17.0
24/01/2021,Rennes,Lille,0.0,1.0,A,2.0,2.0,2.0,2.0,2.0,4.0,12.0,15.0,11.0,9.0
24/01/2021,St Etienne,Lyon,0.0,5.0,A,1.0,8.0,3.0,1.0,0.0,12.0,13.0,9.0,3.0,19.0
27/01/2021,Lorient,Dijon,3.0,2.0,H,9.0,6.0,2.0,3.0,5.0,2.0,13.0,17.0,14.0,7.0
29/01/2021,Lyon,Bordeaux,2.0,1.0,H,7.0,9.0,1.0,2.0,4.0,2.0,17.0,6.0,10.0,12.0
30/01/2021,Montpellier,Lens,1.0,2.0,A,12.0,3.0,4.0,4.0,7.0,2.0,15.0,17.0,17.0,11.0
31/01/2021,Angers,Nimes,3.0,1.0,H,4.0,8.0,1.0,3.0,5.0,4.0,9.0,7.0,12.0,8.0
31/01/2021,Brest,Metz,2.0,4.0,A,4.0,1.0,1.0,3.0,5.0,6.0,13.0,14.0,10.0,15.0
31/01/2021,Lille,Dijon,1.0,0.0,H,5.0,2.0,2.0,2.0,2.0,3.0,12.0,7.0,14.0,11.0
31/01/2021,Lorient,Paris SG,3.0,2.0,H,7.0,9.0,4.0,2.0,5.0,3.0,15.0,9.0,16.0,14.0
31/01/2021,Nantes,Monaco,1.0,2.0,A,2.0,8.0,4.0,3.0,3.0,5.0,11.0,14.0,9.0,14.0
31/01/2021,Nice,St Etienne,0.0,1.0,A,4.0,10.0,2.0,2.0,2.0,1.0,11.0,11.0,7.0,10.0
31/01/2021,Strasbourg,Reims,0.0,1.0,A,4.0,3.0,1.0,2.0,2.0,5.0,17.0,8.0,12.0,10.0
03/02/2021,Bordeaux,Lille,0.0,3.0,A,1.0,2.0,1.0,2.0,4.0,6.0,8.0,17.0,10.0,11.0
03/02/2021,Dijon,Lyon,0.0,1.0,A,1.0,6.0,2.0,0.0,2.0,8.0,15.0,12.0,14.0,16.0
03/02/2021,Lens,Marseille,2.0,2.0,D,8.0,4.0,4.0,2.0,3.0,4.0,18.0,14.0,21.0,11.0
03/02/2021,Metz,Montpellier,1.0,1.0,D,8.0,7.0,6.0,1.0,6.0,4.0,15.0,15.0,17.0,15.0
03/02/2021,Monaco,Nice,2.0,1.0,H,6.0,2.0,0.0,4.0,6.0,2.0,16.0,19.0,15.0,5.0
03/02/2021,Paris SG,Nimes,3.0,0.0,H,4.0,7.0,0.0,1.0,6.0,6.0,13.0,11.0,14.0,19.0
03/02/2021,Reims,Angers,0.0,0.0,D,4.0,5.0,2.0,1.0,2.0,2.0,6.0,8.0,10.0,6.0
03/02/2021,Rennes,Lorient,1.0,1.0,D,5.0,3.0,2.0,1.0,6.0,3.0,17.0,6.0,10.0,12.0
03/02/2021,St Etienne,Nantes,1.0,1.0,D,5.0,5.0,3.0,1.0,8.0,6.0,15.0,19.0,14.0,13.0
03/02/2021,Strasbourg,Brest,2.0,2.0,D,3.0,3.0,2.0,0.0,4.0,2.0,12.0,14.0,9.0,3.0
06/02/2021,Lens,Rennes,0.0,0.0,D,6.0,4.0,2.0,4.0,3.0,1.0,13.0,11.0,10.0,10.0
06/02/2021,Lorient,Reims,1.0,0.0,H,2.0,5.0,0.0,4.0,4.0,3.0,12.0,12.0,10.0,13.0
06/02/2021,Lyon,Strasbourg,3.0,0.0,H,6.0,2.0,2.0,2.0,8.0,1.0,7.0,10.0,16.0,8.0
07/02/2021,Brest,Bordeaux,2.0,1.0,H,6.0,4.0,1.0,3.0,6.0,4.0,11.0,15.0,24.0,8.0
07/02/2021,Marseille,Paris SG,0.0,2.0,A,7.0,1.0,1.0,2.0,4.0,2.0,12.0,12.0,12.0,9.0
07/02/2021,Montpellier,Dijon,4.0,2.0,H,9.0,4.0,3.0,3.0,11.0,5.0,12.0,14.0,25.0,13.0
07/02/2021,Nantes,Lille,0.0,2.0,A,4.0,2.0,3.0,0.0,1.0,3.0,13.0,13.0,6.0,14.0
07/02/2021,Nice,Angers,3.0,0.0,H,5.0,9.0,2.0,1.0,2.0,3.0,11.0,9.0,11.0,10.0
07/02/2021,Nimes,Monaco,3.0,4.0,A,5.0,6.0,2.0,2.0,4.0,5.0,12.0,16.0,9.0,11.0
07/02/2021,St Etienne,Metz,1.0,0.0,H,8.0,2.0,2.0,2.0,3.0,0.0,9.0,9.0,12.0,10.0
13/02/2021,Lyon,Montpellier,1.0,2.0,A,6.0,1.0,0.0,1.0,8.0,5.0,9.0,12.0,24.0,12.0
13/02/2021,Paris SG,Nice,2.0,1.0,H,4.0,1.0,2.0,0.0,4.0,5.0,12.0,6.0,17.0,13.0
13/02/2021,Reims,Lens,1.0,1.0,D,4.0,6.0,2.0,0.0,6.0,6.0,9.0,7.0,9.0,17.0
14/02/2021,Angers,Nantes,1.0,3.0,A,7.0,2.0,2.0,3.0,3.0,3.0,18.0,21.0,8.0,7.0
14/02/2021,Bordeaux,Marseille,0.0,0.0,D,6.0,5.0,1.0,1.0,1.0,1.0,13.0,17.0,18.0,5.0
14/02/2021,Dijon,Nimes,0.0,2.0,A,3.0,0.0,4.0,1.0,3.0,4.0,17.0,13.0,10.0,8.0
14/02/2021,Lille,Brest,0.0,0.0,D,9.0,3.0,2.0,1.0,0.0,1.0,16.0,15.0,14.0,3.0
14/02/2021,Metz,Strasbourg,1.0,2.0,A,7.0,7.0,2.0,1.0,3.0,2.0,13.0,12.0,14.0,12.0
14/02/2021,Monaco,Lorient,2.0,2.0,D,7.0,1.0,3.0,3.0,4.0,2.0,13.0,13.0,12.0,5.0
14/02/2021,Rennes,St Etienne,0.0,2.0,A,7.0,1.0,5.0,2.0,2.0,3.0,18.0,16.0,13.0,6.0
17/02/2021,Marseille,Nice,3.0,2.0,H,5.0,3.0,2.0,1.0,4.0,4.0,10.0,13.0,8.0,10.0
19/02/2021,Brest,Lyon,2.0,3.0,A,11.0,7.0,2.0,2.0,7.0,7.0,9.0,12.0,19.0,17.0
20/02/2021,Nantes,Marseille,1.0,1.0,D,2.0,1.0,4.0,1.0,1.0,3.0,11.0,15.0,6.0,7.0
20/02/2021,St Etienne,Reims,1.0,1.0,D,1.0,2.0,0.0,2.0,8.0,2.0,10.0,11.0,18.0,4.0
21/02/2021,Lens,Dijon,2.0,1.0,H,5.0,4.0,3.0,0.0,4.0,4.0,13.0,12.0,11.0,12.0
21/02/2021,Lorient,Lille,1.0,4.0,A,1.0,5.0,2.0,0.0,3.0,7.0,9.0,10.0,8.0,16.0
21/02/2021,Montpellier,Rennes,2.0,1.0,H,3.0,6.0,1.0,2.0,7.0,5.0,10.0,12.0,12.0,14.0
21/02/2021,Nice,Metz,1.0,2.0,A,3.0,3.0,1.0,1.0,3.0,4.0,16.0,12.0,12.0,11.0
21/02/2021,Nimes,Bordeaux,2.0,0.0,H,6.0,7.0,0.0,3.0,3.0,4.0,10.0,12.0,8.0,11.0
21/02/2021,Paris SG,Monaco,0.0,2.0,A,3.0,2.0,4.0,1.0,1.0,3.0,12.0,10.0,10.0,5.0
21/02/2021,Strasbourg,Angers,0.0,0.0,D,5.0,4.0,2.0,1.0,2.0,3.0,23.0,10.0,16.0,7.0
24/02/2021,Nimes,Lorient,1.0,0.0,H,4.0,7.0,2.0,4.0,2.0,3.0,10.0,14.0,7.0,11.0
26/02/2021,Rennes,Nice,1.0,2.0,A,6.0,1.0,0.0,2.0,5.0,7.0,17.0,18.0,17.0,14.0
27/02/2021,Bordeaux,Metz,1.0,2.0,A,1.0,10.0,1.0,2.0,1.0,5.0,18.0,12.0,8.0,15.0
27/02/2021,Dijon,Paris SG,0.0,4.0,A,2.0,4.0,2.0,1.0,1.0,5.0,10.0,9.0,5.0,7.0
28/02/2021,Angers,Lens,2.0,2.0,D,6.0,11.0,0.0,0.0,3.0,4.0,13.0,16.0,6.0,14.0
28/02/2021,Lille,Strasbourg,1.0,1.0,D,9.0,2.0,0.0,2.0,5.0,3.0,10.0,14.0,14.0,10.0
28/02/2021,Lorient,St Etienne,2.0,1.0,H,5.0,3.0,1.0,3.0,3.0,2.0,12.0,15.0,11.0,9.0
28/02/2021,Marseille,Lyon,1.0,1.0,D,7.0,2.0,4.0,4.0,2.0,1.0,13.0,11.0,12.0,11.0
28/02/2021,Monaco,Brest,2.0,0.0,H,4.0,2.0,2.0,0.0,9.0,1.0,14.0,6.0,15.0,7.0
28/02/2021,Nimes,Nantes,1.0,1.0,D,1.0,8.0,2.0,1.0,4.0,1.0,16.0,25.0,8.0,8.0
28/02/2021,Reims,Montpellier,0.0,0.0,D,5.0,1.0,1.0,1.0,2.0,3.0,9.0,10.0,9.0,9.0
03/03/2021,Bordeaux,Paris SG,0.0,1.0,A,8.0,1.0,3.0,3.0,2.0,3.0,8.0,15.0,11.0,12.0
03/03/2021,Brest,Dijon,3.0,1.0,H,3.0,5.0,3.0,1.0,3.0,2.0,17.0,13.0,10.0,10.0
03/03/2021,Lille,Marseille,2.0,0.0,H,11.0,1.0,0.0,1.0,8.0,1.0,12.0,7.0,23.0,3.0
03/03/2021,Lyon,Rennes,1.0,0.0,H,6.0,4.0,1.0,3.0,7.0,1.0,12.0,15.0,15.0,12.0
03/03/2021,Metz,Angers,0.0,1.0,A,6.0,1.0,2.0,2.0,1.0,4.0,18.0,9.0,15.0,8.0
03/03/2021,Montpellier,Lorient,1.0,1.0,D,5.0,3.0,2.0,3.0,4.0,6.0,17.0,15.0,10.0,14.0
03/03/2021,Nantes,Reims,1.0,2.0,A,6.0,3.0,0.0,5.0,5.0,2.0,10.0,15.0,12.0,4.0
03/03/2021,Nice,Nimes,2.0,1.0,H,0.0,6.0,3.0,3.0,4.0,7.0,14.0,8.0,10.0,22.0
03/03/2021,St Etienne,Lens,2.0,3.0,A,13.0,3.0,3.0,2.0,4.0,5.0,13.0,12.0,19.0,9.0
03/03/2021,Strasbourg,Monaco,1.0,0.0,H,5.0,7.0,3.0,0.0,2.0,1.0,10.0,12.0,17.0,5.0
10/03/2021,Marseille,Rennes,1.0,0.0,H,3.0,4.0,2.0,4.0,2.0,2.0,15.0,19.0,9.0,10.0
12/03/2021,Reims,Lyon,1.0,1.0,D,2.0,5.0,3.0,1.0,5.0,6.0,11.0,12.0,14.0,17.0
13/03/2021,Angers,St Etienne,0.0,1.0,A,6.0,3.0,1.0,2.0,1.0,3.0,8.0,14.0,4.0,7.0
13/03/2021,Marseille,Brest,3.0,1.0,H,3.0,6.0,3.0,1.0,6.0,1.0,15.0,12.0,12.0,6.0
14/03/2021,Dijon,Bordeaux,1.0,3.0,A,5.0,6.0,5.0,1.0,3.0,6.0,15.0,7.0,13.0,10.0
14/03/2021,Lens,Metz,2.0,2.0,D,6.0,1.0,4.0,3.0,6.0,4.0,17.0,8.0,16.0,7.0
14/03/2021,Lorient,Nice,1.0,1.0,D,5.0,2.0,2.0,2.0,7.0,2.0,2.0,12.0,17.0,6.0
14/03/2021,Monaco,Lille,0.0,0.0,D,6.0,2.0,3.0,3.0,4.0,2.0,11.0,11.0,8.0,5.0
14/03/2021,Nimes,Montpellier,1.0,1.0,D,5.0,7.0,2.0,0.0,7.0,5.0,11.0,19.0,12.0,12.0
14/03/2021,Paris SG,Nantes,1.0,2.0,A,9.0,1.0,2.0,2.0,5.0,5.0,14.0,15.0,11.0,8.0
14/03/2021,Rennes,Strasbourg,1.0,0.0,H,6.0,3.0,0.0,2.0,2.0,1.0,13.0,13.0,11.0,6.0
19/03/2021,St Etienne,Monaco,0.0,4.0,A,2.0,6.0,1.0,2.0,3.0,4.0,7.0,11.0,9.0,15.0
20/03/2021,Metz,Rennes,1.0,3.0,A,4.0,3.0,0.0,2.0,2.0,5.0,11.0,12.0,14.0,9.0
20/03/2021,Nice,Marseille,3.0,0.0,H,7.0,5.0,1.0,1.0,7.0,2.0,11.0,16.0,17.0,7.0
21/03/2021,Brest,Angers,0.0,0.0,D,3.0,6.0,1.0,3.0,2.0,5.0,17.0,11.0,11.0,15.0
21/03/2021,Dijon,Reims,0.0,1.0,A,2.0,3.0,3.0,0.0,4.0,2.0,10.0,10.0,10.0,9.0
21/03/2021,Lille,Nimes,1.0,2.0,A,8.0,0.0,2.0,0.0,4.0,4.0,19.0,10.0,15.0,10.0
21/03/2021,Lyon,Paris SG,2.0,4.0,A,1.0,4.0,2.0,0.0,7.0,9.0,14.0,15.0,8.0,14.0
21/03/2021,Montpellier,Bordeaux,3.0,1.0,H,6.0,6.0,1.0,2.0,9.0,3.0,8.0,10.0,23.0,13.0
21/03/2021,Nantes,Lorient,1.0,1.0,D,2.0,8.0,0.0,1.0,3.0,3.0,11.0,8.0,8.0,15.0
21/03/2021,Strasbourg,Lens,1.0,2.0,A,12.0,7.0,2.0,5.0,5.0,4.0,9.0,10.0,17.0,12.0
03/04/2021,Lens,Lyon,1.0,1.0,D,2.0,4.0,3.0,3.0,4.0,6.0,12.0,14.0,10.0,15.0
03/04/2021,Monaco,Metz,4.0,0.0,H,8.0,1.0,0.0,6.0,6.0,1.0,16.0,15.0,15.0,6.0
03/04/2021,Paris SG,Lille,0.0,1.0,A,5.0,0.0,6.0,4.0,3.0,3.0,18.0,12.0,16.0,3.0
04/04/2021,Angers,Montpellier,1.0,1.0,D,4.0,0.0,1.0,1.0,4.0,3.0,15.0,9.0,14.0,8.0
04/04/2021,Bordeaux,Strasbourg,2.0,3.0,A,6.0,5.0,1.0,1.0,6.0,5.0,8.0,15.0,14.0,12.0
04/04/2021,Lorient,Brest,1.0,0.0,H,6.0,5.0,3.0,2.0,4.0,1.0,9.0,23.0,13.0,5.0
04/04/2021,Marseille,Dijon,2.0,0.0,H,7.0,1.0,2.0,4.0,3.0,1.0,11.0,9.0,16.0,4.0
04/04/2021,Nantes,Nice,1.0,2.0,A,10.0,5.0,1.0,2.0,6.0,8.0,15.0,14.0,18.0,17.0
04/04/2021,Nimes,St Etienne,0.0,2.0,A,5.0,3.0,5.0,2.0,3.0,5.0,12.0,19.0,14.0,15.0
04/04/2021,Reims,Rennes,2.0,2.0,D,1.0,6.0,3.0,3.0,4.0,8.0,7.0,11.0,9.0,19.0
09/04/2021,Metz,Lille,0.0,2.0,A,10.0,2.0,2.0,2.0,7.0,6.0,16.0,13.0,18.0,9.0
10/04/2021,Montpellier,Marseille,3.0,3.0,D,6.0,3.0,2.0,2.0,7.0,8.0,17.0,12.0,20.0,13.0
10/04/2021,Strasbourg,Paris SG,1.0,4.0,A,5.0,4.0,0.0,1.0,3.0,7.0,8.0,6.0,9.0,16.0
11/04/2021,Brest,Nimes,1.0,1.0,D,9.0,2.0,4.0,1.0,4.0,3.0,15.0,16.0,22.0,5.0
11/04/2021,Lens,Lorient,4.0,1.0,H,5.0,10.0,0.0,0.0,6.0,6.0,11.0,8.0,14.0,17.0
11/04/2021,Lyon,Angers,3.0,0.0,H,5.0,4.0,0.0,0.0,6.0,3.0,15.0,14.0,16.0,11.0
11/04/2021,Monaco,Dijon,3.0,0.0,H,6.0,4.0,1.0,1.0,10.0,1.0,10.0,16.0,16.0,6.0
11/04/2021,Nice,Reims,0.0,0.0,D,10.0,6.0,0.0,1.0,2.0,1.0,13.0,11.0,13.0,10.0
11/04/2021,Rennes,Nantes,1.0,0.0,H,3.0,3.0,6.0,2.0,4.0,2.0,16.0,15.0,14.0,4.0
11/04/2021,St Etienne,Bordeaux,4.0,1.0,H,5.0,6.0,3.0,0.0,7.0,2.0,12.0,17.0,17.0,10.0
16/04/2021,Lille,Montpellier,1.0,1.0,D,9.0,0.0,3.0,1.0,9.0,4.0,14.0,11.0,20.0,10.0
17/04/2021,Angers,Rennes,0.0,3.0,A,2.0,3.0,2.0,0.0,3.0,3.0,11.0,10.0,10.0,9.0
17/04/2021,Marseille,Lorient,3.0,2.0,H,8.0,3.0,1.0,0.0,5.0,6.0,9.0,15.0,13.0,12.0
18/04/2021,Bordeaux,Monaco,0.0,3.0,A,4.0,5.0,4.0,1.0,2.0,6.0,13.0,11.0,7.0,13.0
18/04/2021,Brest,Lens,1.0,1.0,D,2.0,4.0,2.0,7.0,5.0,2.0,14.0,16.0,7.0,8.0
18/04/2021,Dijon,Nice,2.0,0.0,H,1.0,9.0,1.0,1.0,3.0,2.0,8.0,13.0,9.0,10.0
18/04/2021,Nantes,Lyon,1.0,2.0,A,5.0,4.0,0.0,1.0,3.0,4.0,16.0,10.0,12.0,11.0
18/04/2021,Nimes,Strasbourg,1.0,1.0,D,2.0,1.0,0.0,2.0,1.0,3.0,10.0,17.0,5.0,7.0
18/04/2021,Paris SG,St Etienne,3.0,2.0,H,13.0,3.0,1.0,1.0,5.0,5.0,13.0,15.0,17.0,7.0
18/04/2021,Reims,Metz,0.0,0.0,D,10.0,4.0,3.0,1.0,6.0,2.0,13.0,17.0,15.0,11.0
23/04/2021,Reims,Marseille,1.0,3.0,A,5.0,2.0,2.0,0.0,1.0,6.0,9.0,2.0,10.0,11.0
24/04/2021,Metz,Paris SG,1.0,3.0,A,1.0,9.0,1.0,4.0,3.0,8.0,12.0,12.0,8.0,19.0
24/04/2021,St Etienne,Brest,1.0,2.0,A,3.0,2.0,2.0,1.0,3.0,7.0,17.0,11.0,6.0,12.0
25/04/2021,Angers,Monaco,0.0,1.0,A,4.0,1.0,2.0,2.0,0.0,3.0,18.0,11.0,4.0,10.0
25/04/2021,Lens,Nimes,2.0,1.0,H,4.0,6.0,1.0,2.0,4.0,2.0,14.0,15.0,7.0,16.0
25/04/2021,Lorient,Bordeaux,4.0,1.0,H,6.0,3.0,2.0,3.0,7.0,7.0,9.0,14.0,13.0,13.0
25/04/2021,Lyon,Lille,2.0,3.0,A,8.0,4.0,0.0,3.0,2.0,7.0,9.0,13.0,7.0,16.0
25/04/2021,Nice,Montpellier,3.0,1.0,H,7.0,6.0,1.0,2.0,8.0,3.0,13.0,17.0,18.0,14.0
25/04/2021,Rennes,Dijon,5.0,1.0,H,8.0,2.0,6.0,3.0,12.0,1.0,13.0,8.0,25.0,4.0
25/04/2021,Strasbourg,Nantes,1.0,2.0,A,6.0,4.0,1.0,3.0,4.0,5.0,15.0,13.0,12.0,7.0
30/04/2021,Marseille,Strasbourg,1.0,1.0,D,5.0,6.0,4.0,2.0,4.0,5.0,10.0,14.0,8.0,8.0
01/05/2021,Lille,Nice,2.0,0.0,H,5.0,1.0,2.0,3.0,4.0,0.0,9.0,12.0,12.0,0.0
01/05/2021,Paris SG,Lens,2.0,1.0,H,6.0,2.0,4.0,2.0,6.0,3.0,14.0,16.0,14.0,15.0
02/05/2021,Bordeaux,Rennes,1.0,0.0,H,3.0,5.0,4.0,1.0,4.0,2.0,14.0,14.0,9.0,9.0
02/05/2021,Brest,Nantes,1.0,4.0,A,5.0,5.0,2.0,0.0,7.0,6.0,12.0,10.0,16.0,12.0
02/05/2021,Dijon,Metz,1.0,5.0,A,6.0,3.0,1.0,1.0,4.0,6.0,11.0,16.0,10.0,14.0
02/05/2021,Lorient,Angers,2.0,0.0,H,5.0,0.0,3.0,3.0,4.0,2.0,8.0,13.0,13.0,9.0
02/05/2021,Monaco,Lyon,2.0,3.0,A,5.0,5.0,1.0,4.0,4.0,5.0,23.0,16.0,12.0,17.0
02/05/2021,Montpellier,St Etienne,1.0,2.0,A,7.0,7.0,2.0,1.0,2.0,7.0,15.0,12.0,13.0,19.0
02/05/2021,Nimes,Reims,2.0,2.0,D,10.0,5.0,2.0,2.0,7.0,7.0,15.0,13.0,18.0,12.0
07/05/2021,Lens,Lille,0.0,3.0,A,5.0,4.0,3.0,2.0,5.0,6.0,15.0,9.0,11.0,11.0
08/05/2021,Lyon,Lorient,4.0,1.0,H,5.0,1.0,2.0,2.0,11.0,2.0,17.0,10.0,25.0,8.0
08/05/2021,Nantes,Bordeaux,3.0,0.0,H,5.0,2.0,0.0,5.0,3.0,2.0,13.0,20.0,11.0,10.0
09/05/2021,Angers,Dijon,3.0,0.0,H,1.0,4.0,0.0,0.0,4.0,1.0,8.0,11.0,11.0,5.0
09/05/2021,Metz,Nimes,0.0,3.0,A,0.0,6.0,1.0,2.0,2.0,5.0,13.0,12.0,11.0,10.0
09/05/2021,Nice,Brest,3.0,2.0,H,6.0,5.0,1.0,1.0,5.0,2.0,8.0,11.0,14.0,9.0
09/05/2021,Reims,Monaco,0.0,1.0,A,3.0,3.0,1.0,3.0,2.0,2.0,11.0,13.0,8.0,7.0
09/05/2021,Rennes,Paris SG,1.0,1.0,D,9.0,3.0,4.0,1.0,10.0,4.0,12.0,11.0,19.0,12.0
09/05/2021,St Etienne,Marseille,1.0,0.0,H,10.0,4.0,1.0,3.0,5.0,4.0,22.0,12.0,18.0,15.0
09/05/2021,Strasbourg,Montpellier,2.0,3.0,A,4.0,6.0,2.0,3.0,7.0,3.0,16.0,16.0,18.0,6.0
16/05/2021,Bordeaux,Lens,3.0,0.0,H,1.0,6.0,2.0,2.0,4.0,4.0,16.0,15.0,11.0,14.0
16/05/2021,Dijon,Nantes,0.0,4.0,A,3.0,6.0,2.0,1.0,1.0,4.0,12.0,10.0,10.0,16.0
16/05/2021,Lille,St Etienne,0.0,0.0,D,3.0,6.0,1.0,2.0,3.0,1.0,11.0,14.0,14.0,8.0
16/05/2021,Lorient,Metz,2.0,1.0,H,2.0,1.0,1.0,4.0,2.0,1.0,16.0,19.0,6.0,3.0
16/05/2021,Marseille,Angers,3.0,2.0,H,3.0,4.0,3.0,2.0,11.0,5.0,16.0,12.0,16.0,11.0
16/05/2021,Monaco,Rennes,2.0,1.0,H,4.0,4.0,2.0,2.0,3.0,2.0,12.0,14.0,11.0,9.0
16/05/2021,Montpellier,Brest,0.0,0.0,D,1.0,11.0,0.0,3.0,2.0,9.0,18.0,13.0,4.0,22.0
16/05/2021,Nice,Strasbourg,0.0,2.0,A,4.0,4.0,2.0,1.0,3.0,5.0,9.0,10.0,7.0,11.0
16/05/2021,Nimes,Lyon,2.0,5.0,A,3.0,6.0,0.0,0.0,4.0,13.0,7.0,13.0,8.0,21.0
16/05/2021,Paris SG,Reims,4.0,0.0,H,9.0,5.0,0.0,0.0,10.0,0.0,14.0,4.0,28.0,2.0
23/05/2021,Angers,Lille,1.0,2.0,A,4.0,2.0,0.0,2.0,4.0,2.0,10.0,14.0,10.0,5.0
23/05/2021,Brest,Paris SG,0.0,2.0,A,5.0,4.0,1.0,2.0,5.0,4.0,7.0,6.0,6.0,9.0
23/05/2021,Lens,Monaco,0.0,0.0,D,2.0,7.0,3.0,2.0,1.0,3.0,16.0,6.0,4.0,19.0
23/05/2021,Lyon,Nice,2.0,3.0,A,6.0,6.0,1.0,2.0,6.0,6.0,8.0,10.0,12.0,14.0
23/05/2021,Metz,Marseille,1.0,1.0,D,1.0,10.0,3.0,2.0,3.0,2.0,14.0,9.0,10.0,9.0
23/05/2021,Nantes,Montpellier,1.0,2.0,A,9.0,5.0,2.0,2.0,5.0,5.0,8.0,11.0,15.0,8.0
23/05/2021,Reims,Bordeaux,1.0,2.0,A,5.0,2.0,1.0,1.0,3.0,5.0,11.0,6.0,10.0,12.0
23/05/2021,Rennes,Nimes,2.0,0.0,H,4.0,3.0,1.0,0.0,6.0,2.0,11.0,10.0,13.0,9.0
23/05/2021,St Etienne,Dijon,0.0,1.0,A,9.0,3.0,1.0,0.0,5.0,2.0,13.0,10.0,19.0,10.0
23/05/2021,Strasbourg,Lorient,1.0,1.0,D,2.0,3.0,1.0,1.0,2.0,1.0,17.0,9.0,6.0,7.0
06/08/2021,Monaco,Nantes,1.0,1.0,D,5.0,2.0,0.0,0.0,3.0,1.0,6.0,14.0,15.0,5.0
07/08/2021,Lyon,Brest,1.0,1.0,D,9.0,4.0,1.0,1.0,4.0,8.0,10.0,12.0,17.0,13.0
07/08/2021,Troyes,Paris SG,1.0,2.0,A,9.0,1.0,1.0,4.0,7.0,3.0,3.0,15.0,15.0,12.0
08/08/2021,Bordeaux,Clermont,0.0,2.0,A,5.0,10.0,1.0,0.0,6.0,10.0,13.0,9.0,10.0,19.0
08/08/2021,Metz,Lille,3.0,3.0,D,4.0,5.0,1.0,2.0,5.0,7.0,9.0,10.0,12.0,18.0
08/08/2021,Montpellier,Marseille,2.0,3.0,A,6.0,11.0,0.0,1.0,1.0,7.0,10.0,5.0,8.0,21.0
08/08/2021,Nice,Reims,0.0,0.0,D,4.0,2.0,1.0,1.0,2.0,0.0,10.0,8.0,12.0,5.0
08/08/2021,Rennes,Lens,1.0,1.0,D,3.0,9.0,0.0,2.0,2.0,6.0,10.0,14.0,10.0,11.0
08/08/2021,St Etienne,Lorient,1.0,1.0,D,8.0,4.0,2.0,3.0,3.0,3.0,10.0,14.0,20.0,12.0
08/08/2021,Strasbourg,Angers,0.0,2.0,A,5.0,4.0,2.0,3.0,1.0,2.0,18.0,18.0,7.0,9.0
13/08/2021,Lorient,Monaco,1.0,0.0,H,0.0,6.0,3.0,2.0,2.0,3.0,17.0,15.0,2.0,12.0
14/08/2021,Lille,Nice,0.0,4.0,A,8.0,7.0,3.0,1.0,2.0,7.0,9.0,13.0,11.0,11.0
14/08/2021,Paris SG,Strasbourg,4.0,2.0,H,4.0,4.0,1.0,4.0,6.0,2.0,6.0,18.0,11.0,8.0
15/08/2021,Angers,Lyon,3.0,0.0,H,6.0,4.0,1.0,5.0,6.0,3.0,11.0,17.0,13.0,8.0
15/08/2021,Brest,Rennes,1.0,1.0,D,6.0,11.0,2.0,3.0,5.0,2.0,7.0,16.0,10.0,6.0
15/08/2021,Clermont,Troyes,2.0,0.0,H,9.0,2.0,1.0,3.0,8.0,1.0,6.0,11.0,18.0,6.0
15/08/2021,Lens,St Etienne,2.0,2.0,D,7.0,2.0,1.0,6.0,7.0,7.0,10.0,17.0,22.0,12.0
15/08/2021,Marseille,Bordeaux,2.0,2.0,D,3.0,4.0,2.0,2.0,2.0,2.0,6.0,11.0,10.0,8.0
15/08/2021,Nantes,Metz,2.0,0.0,H,6.0,6.0,2.0,0.0,7.0,5.0,18.0,11.0,11.0,10.0
15/08/2021,Reims,Montpellier,3.0,3.0,D,8.0,7.0,2.0,1.0,9.0,5.0,11.0,12.0,19.0,15.0
20/08/2021,Brest,Paris SG,2.0,4.0,A,3.0,9.0,1.0,2.0,3.0,8.0,8.0,7.0,11.0,16.0
21/08/2021,Monaco,Lens,0.0,2.0,A,13.0,3.0,1.0,1.0,2.0,2.0,11.0,14.0,9.0,4.0
21/08/2021,St Etienne,Lille,1.0,1.0,D,5.0,3.0,1.0,3.0,2.0,6.0,14.0,10.0,10.0,8.0
22/08/2021,Bordeaux,Angers,1.0,1.0,D,3.0,3.0,2.0,0.0,5.0,3.0,19.0,5.0,14.0,6.0
22/08/2021,Lyon,Clermont,3.0,3.0,D,5.0,8.0,2.0,2.0,9.0,5.0,10.0,6.0,21.0,17.0
22/08/2021,Metz,Reims,1.0,1.0,D,5.0,8.0,4.0,2.0,4.0,3.0,19.0,14.0,10.0,12.0
22/08/2021,Montpellier,Lorient,3.0,1.0,H,5.0,1.0,0.0,6.0,11.0,4.0,8.0,13.0,32.0,5.0
22/08/2021,Rennes,Nantes,1.0,0.0,H,6.0,2.0,2.0,2.0,5.0,1.0,14.0,13.0,14.0,4.0
22/08/2021,Strasbourg,Troyes,1.0,1.0,D,6.0,3.0,3.0,1.0,4.0,6.0,16.0,17.0,14.0,10.0
27/08/2021,Nantes,Lyon,0.0,1.0,A,6.0,6.0,2.0,2.0,5.0,5.0,7.0,11.0,18.0,12.0
28/08/2021,Marseille,St Etienne,3.0,1.0,H,5.0,4.0,1.0,3.0,5.0,7.0,11.0,18.0,19.0,11.0
28/08/2021,Nice,Bordeaux,4.0,0.0,H,3.0,0.0,3.0,2.0,5.0,4.0,18.0,11.0,11.0,13.0
29/08/2021,Angers,Rennes,2.0,0.0,H,3.0,1.0,1.0,2.0,4.0,2.0,14.0,10.0,16.0,7.0
29/08/2021,Clermont,Metz,2.0,2.0,D,6.0,3.0,1.0,2.0,4.0,4.0,11.0,15.0,16.0,12.0
29/08/2021,Lens,Lorient,2.0,2.0,D,8.0,4.0,2.0,4.0,9.0,7.0,10.0,10.0,19.0,15.0
29/08/2021,Lille,Montpellier,2.0,1.0,H,3.0,4.0,3.0,7.0,4.0,3.0,15.0,19.0,15.0,6.0
29/08/2021,Reims,Paris SG,0.0,2.0,A,3.0,3.0,1.0,3.0,4.0,3.0,13.0,13.0,11.0,12.0
29/08/2021,Strasbourg,Brest,3.0,1.0,H,1.0,9.0,1.0,1.0,5.0,5.0,12.0,10.0,11.0,11.0
29/08/2021,Troyes,Monaco,1.0,2.0,A,5.0,3.0,1.0,2.0,3.0,4.0,11.0,11.0,12.0,7.0
10/09/2021,Lorient,Lille,2.0,1.0,H,2.0,5.0,2.0,2.0,7.0,3.0,13.0,11.0,14.0,9.0
11/09/2021,Monaco,Marseille,0.0,2.0,A,3.0,2.0,4.0,1.0,0.0,5.0,17.0,8.0,7.0,13.0
11/09/2021,Paris SG,Clermont,4.0,0.0,H,4.0,4.0,0.0,1.0,7.0,2.0,13.0,9.0,13.0,14.0
12/09/2021,Bordeaux,Lens,2.0,3.0,A,2.0,7.0,3.0,2.0,3.0,5.0,8.0,11.0,11.0,12.0
12/09/2021,Brest,Angers,1.0,1.0,D,5.0,3.0,3.0,2.0,6.0,2.0,19.0,9.0,12.0,8.0
12/09/2021,Lyon,Strasbourg,3.0,1.0,H,4.0,6.0,2.0,1.0,7.0,4.0,8.0,11.0,14.0,12.0
12/09/2021,Metz,Troyes,0.0,2.0,A,2.0,1.0,2.0,1.0,2.0,5.0,15.0,14.0,16.0,10.0
12/09/2021,Montpellier,St Etienne,2.0,0.0,H,7.0,6.0,1.0,4.0,4.0,2.0,15.0,17.0,11.0,14.0
12/09/2021,Nantes,Nice,0.0,2.0,A,8.0,3.0,2.0,3.0,7.0,3.0,7.0,13.0,19.0,9.0
12/09/2021,Rennes,Reims,0.0,2.0,A,4.0,6.0,1.0,2.0,1.0,3.0,18.0,11.0,9.0,7.0
17/09/2021,Strasbourg,Metz,3.0,0.0,H,3.0,7.0,2.0,4.0,6.0,5.0,16.0,8.0,10.0,15.0
18/09/2021,Lens,Lille,1.0,0.0,H,4.0,3.0,2.0,2.0,4.0,2.0,12.0,8.0,13.0,6.0
18/09/2021,St Etienne,Bordeaux,1.0,2.0,A,7.0,2.0,1.0,4.0,5.0,3.0,9.0,11.0,12.0,13.0
19/09/2021,Angers,Nantes,1.0,4.0,A,10.0,5.0,2.0,2.0,5.0,4.0,10.0,16.0,10.0,8.0
19/09/2021,Clermont,Brest,1.0,1.0,D,3.0,5.0,1.0,1.0,4.0,1.0,7.0,19.0,7.0,5.0
19/09/2021,Marseille,Rennes,2.0,0.0,H,6.0,7.0,0.0,2.0,6.0,2.0,5.0,17.0,17.0,13.0
19/09/2021,Nice,Monaco,2.0,2.0,D,5.0,2.0,2.0,3.0,3.0,3.0,17.0,12.0,12.0,8.0
19/09/2021,Paris SG,Lyon,2.0,1.0,H,10.0,4.0,3.0,1.0,5.0,5.0,13.0,19.0,14.0,12.0
19/09/2021,Reims,Lorient,0.0,0.0,D,5.0,6.0,2.0,3.0,2.0,3.0,12.0,14.0,10.0,6.0
19/09/2021,Troyes,Montpellier,1.0,1.0,D,1.0,6.0,4.0,4.0,3.0,2.0,16.0,11.0,8.0,6.0
22/09/2021,Angers,Marseille,0.0,0.0,D,4.0,2.0,1.0,3.0,1.0,1.0,9.0,7.0,9.0,6.0
22/09/2021,Lens,Strasbourg,0.0,1.0,A,7.0,3.0,2.0,3.0,4.0,1.0,14.0,7.0,17.0,6.0
22/09/2021,Lille,Reims,2.0,1.0,H,4.0,4.0,2.0,1.0,4.0,5.0,16.0,14.0,7.0,11.0
22/09/2021,Lorient,Nice,1.0,0.0,H,6.0,5.0,2.0,4.0,1.0,1.0,12.0,16.0,8.0,13.0
22/09/2021,Lyon,Troyes,3.0,1.0,H,7.0,3.0,1.0,3.0,8.0,7.0,7.0,9.0,15.0,12.0
22/09/2021,Metz,Paris SG,1.0,2.0,A,3.0,3.0,6.0,2.0,2.0,5.0,12.0,12.0,6.0,15.0
22/09/2021,Monaco,St Etienne,3.0,1.0,H,6.0,3.0,1.0,1.0,6.0,3.0,16.0,13.0,14.0,9.0
22/09/2021,Montpellier,Bordeaux,3.0,3.0,D,6.0,6.0,0.0,2.0,6.0,7.0,10.0,8.0,15.0,15.0
22/09/2021,Nantes,Brest,3.0,1.0,H,4.0,4.0,1.0,2.0,6.0,2.0,8.0,13.0,14.0,10.0
22/09/2021,Rennes,Clermont,6.0,0.0,H,5.0,7.0,2.0,1.0,10.0,1.0,14.0,5.0,21.0,4.0
25/09/2021,Lyon,Lorient,1.0,1.0,D,9.0,3.0,1.0,2.0,2.0,5.0,9.0,10.0,12.0,12.0
25/09/2021,Paris SG,Montpellier,2.0,0.0,H,8.0,7.0,0.0,1.0,5.0,4.0,10.0,8.0,16.0,10.0
25/09/2021,St Etienne,Nice,0.0,3.0,A,2.0,9.0,0.0,2.0,6.0,9.0,9.0,13.0,11.0,14.0
25/09/2021,Strasbourg,Lille,1.0,2.0,A,8.0,8.0,4.0,4.0,3.0,7.0,16.0,12.0,10.0,16.0
26/09/2021,Bordeaux,Rennes,1.0,1.0,D,8.0,6.0,1.0,4.0,3.0,8.0,6.0,20.0,10.0,18.0
26/09/2021,Brest,Metz,1.0,2.0,A,4.0,3.0,3.0,2.0,2.0,4.0,16.0,16.0,11.0,6.0
26/09/2021,Clermont,Monaco,1.0,3.0,A,5.0,1.0,2.0,4.0,4.0,3.0,9.0,12.0,12.0,6.0
26/09/2021,Marseille,Lens,2.0,3.0,A,5.0,7.0,2.0,1.0,4.0,5.0,4.0,14.0,14.0,14.0
26/09/2021,Reims,Nantes,3.0,1.0,H,3.0,7.0,1.0,1.0,5.0,2.0,14.0,10.0,9.0,11.0
26/09/2021,Troyes,Angers,1.0,1.0,D,2.0,9.0,4.0,2.0,3.0,6.0,9.0,8.0,6.0,17.0
01/10/2021,Lens,Reims,2.0,0.0,H,5.0,3.0,3.0,1.0,7.0,0.0,13.0,13.0,13.0,3.0
02/10/2021,Montpellier,Strasbourg,1.0,1.0,D,3.0,4.0,2.0,0.0,4.0,3.0,12.0,14.0,12.0,6.0
02/10/2021,Nice,Brest,2.0,1.0,H,6.0,2.0,1.0,1.0,9.0,2.0,8.0,12.0,20.0,6.0
03/10/2021,Angers,Metz,3.0,2.0,H,12.0,2.0,1.0,3.0,5.0,2.0,16.0,11.0,18.0,2.0
03/10/2021,Lille,Marseille,2.0,0.0,H,3.0,5.0,2.0,3.0,5.0,3.0,10.0,13.0,12.0,10.0
03/10/2021,Lorient,Clermont,1.0,1.0,D,4.0,4.0,2.0,1.0,1.0,4.0,19.0,12.0,6.0,8.0
03/10/2021,Monaco,Bordeaux,3.0,0.0,H,10.0,2.0,2.0,1.0,4.0,1.0,12.0,13.0,12.0,4.0
03/10/2021,Nantes,Troyes,2.0,0.0,H,3.0,7.0,2.0,2.0,4.0,4.0,14.0,10.0,8.0,15.0
03/10/2021,Rennes,Paris SG,2.0,0.0,H,4.0,4.0,2.0,3.0,4.0,0.0,9.0,4.0,12.0,13.0
03/10/2021,St Etienne,Lyon,1.0,1.0,D,6.0,4.0,2.0,3.0,6.0,5.0,14.0,10.0,18.0,15.0
15/10/2021,Paris SG,Angers,2.0,1.0,H,6.0,5.0,1.0,2.0,2.0,2.0,8.0,10.0,13.0,7.0
16/10/2021,Clermont,Lille,1.0,0.0,H,6.0,9.0,1.0,2.0,3.0,2.0,9.0,8.0,9.0,9.0
16/10/2021,Lyon,Monaco,2.0,0.0,H,2.0,4.0,1.0,2.0,8.0,3.0,8.0,10.0,14.0,9.0
17/10/2021,Bordeaux,Nantes,1.0,1.0,D,2.0,5.0,2.0,3.0,1.0,7.0,10.0,16.0,8.0,13.0
17/10/2021,Brest,Reims,1.0,1.0,D,7.0,7.0,3.0,4.0,4.0,2.0,18.0,13.0,9.0,13.0
17/10/2021,Marseille,Lorient,4.0,1.0,H,6.0,4.0,0.0,1.0,6.0,7.0,7.0,10.0,16.0,15.0
17/10/2021,Metz,Rennes,0.0,3.0,A,4.0,10.0,3.0,1.0,2.0,8.0,14.0,9.0,9.0,21.0
17/10/2021,Montpellier,Lens,1.0,0.0,H,3.0,2.0,4.0,4.0,6.0,5.0,8.0,16.0,15.0,19.0
17/10/2021,Strasbourg,St Etienne,5.0,1.0,H,7.0,4.0,3.0,2.0,6.0,2.0,18.0,10.0,12.0,4.0
17/10/2021,Troyes,Nice,1.0,0.0,H,3.0,3.0,2.0,1.0,3.0,3.0,10.0,20.0,8.0,11.0
22/10/2021,St Etienne,Angers,2.0,2.0,D,6.0,1.0,0.0,3.0,6.0,2.0,12.0,18.0,17.0,4.0
23/10/2021,Lille,Brest,1.0,1.0,D,5.0,4.0,1.0,2.0,3.0,5.0,10.0,15.0,13.0,13.0
23/10/2021,Nantes,Clermont,2.0,1.0,H,1.0,3.0,1.0,0.0,4.0,1.0,15.0,11.0,8.0,4.0
24/10/2021,Lens,Metz,4.0,1.0,H,5.0,6.0,2.0,3.0,5.0,4.0,9.0,13.0,11.0,9.0
24/10/2021,Lorient,Bordeaux,1.0,1.0,D,9.0,4.0,4.0,2.0,4.0,5.0,12.0,13.0,14.0,11.0
24/10/2021,Marseille,Paris SG,0.0,0.0,D,4.0,5.0,1.0,2.0,1.0,4.0,7.0,8.0,15.0,10.0
24/10/2021,Monaco,Montpellier,3.0,1.0,H,4.0,4.0,1.0,4.0,4.0,3.0,14.0,16.0,14.0,12.0
24/10/2021,Nice,Lyon,3.0,2.0,H,3.0,2.0,1.0,0.0,7.0,8.0,11.0,7.0,17.0,13.0
24/10/2021,Reims,Troyes,1.0,2.0,A,7.0,1.0,4.0,2.0,5.0,4.0,14.0,13.0,18.0,7.0
24/10/2021,Rennes,Strasbourg,1.0,0.0,H,11.0,6.0,1.0,2.0,3.0,2.0,6.0,11.0,17.0,8.0
27/10/2021,Nice,Marseille,1.0,1.0,D,6.0,5.0,2.0,2.0,3.0,1.0,16.0,8.0,11.0,7.0
29/10/2021,Paris SG,Lille,2.0,1.0,H,4.0,5.0,1.0,5.0,6.0,3.0,7.0,10.0,17.0,11.0
30/10/2021,Lyon,Lens,2.0,1.0,H,3.0,5.0,1.0,2.0,4.0,10.0,7.0,13.0,13.0,18.0
30/10/2021,Metz,St Etienne,1.0,1.0,D,5.0,8.0,0.0,3.0,4.0,3.0,16.0,11.0,9.0,10.0
31/10/2021,Angers,Nice,1.0,2.0,A,3.0,8.0,1.0,2.0,2.0,5.0,14.0,9.0,3.0,14.0
31/10/2021,Bordeaux,Reims,3.0,2.0,H,12.0,2.0,3.0,2.0,7.0,8.0,5.0,10.0,17.0,12.0
31/10/2021,Brest,Monaco,2.0,0.0,H,2.0,5.0,1.0,5.0,3.0,2.0,8.0,17.0,7.0,5.0
31/10/2021,Clermont,Marseille,0.0,1.0,A,4.0,2.0,1.0,4.0,1.0,4.0,14.0,11.0,12.0,9.0
31/10/2021,Montpellier,Nantes,2.0,0.0,H,5.0,5.0,3.0,5.0,10.0,1.0,12.0,23.0,19.0,12.0
31/10/2021,Strasbourg,Lorient,4.0,0.0,H,6.0,3.0,1.0,0.0,6.0,0.0,12.0,10.0,15.0,5.0
31/10/2021,Troyes,Rennes,2.0,2.0,D,5.0,12.0,0.0,1.0,5.0,5.0,6.0,15.0,14.0,13.0
05/11/2021,Lens,Troyes,4.0,0.0,H,4.0,2.0,1.0,1.0,12.0,6.0,14.0,8.0,28.0,14.0
06/11/2021,Bordeaux,Paris SG,2.0,3.0,A,10.0,5.0,2.0,1.0,6.0,5.0,9.0,10.0,18.0,9.0
06/11/2021,Lille,Angers,1.0,1.0,D,4.0,8.0,2.0,2.0,6.0,5.0,13.0,9.0,11.0,9.0
07/11/2021,Lorient,Brest,1.0,2.0,A,3.0,6.0,1.0,1.0,3.0,5.0,10.0,8.0,9.0,16.0
07/11/2021,Marseille,Metz,0.0,0.0,D,9.0,7.0,1.0,3.0,3.0,4.0,8.0,9.0,15.0,12.0
07/11/2021,Nantes,Strasbourg,2.0,2.0,D,9.0,5.0,2.0,1.0,6.0,6.0,15.0,12.0,20.0,17.0
07/11/2021,Nice,Montpellier,0.0,1.0,A,8.0,2.0,2.0,0.0,6.0,2.0,9.0,7.0,22.0,8.0
07/11/2021,Reims,Monaco,0.0,0.0,D,5.0,6.0,0.0,2.0,4.0,3.0,9.0,13.0,11.0,12.0
07/11/2021,Rennes,Lyon,4.0,1.0,H,7.0,2.0,2.0,2.0,12.0,4.0,12.0,12.0,25.0,6.0
07/11/2021,St Etienne,Clermont,3.0,2.0,H,9.0,2.0,1.0,1.0,4.0,4.0,7.0,10.0,18.0,9.0
19/11/2021,Monaco,Lille,2.0,2.0,D,6.0,5.0,3.0,5.0,8.0,8.0,15.0,16.0,17.0,15.0
20/11/2021,Paris SG,Nantes,3.0,1.0,H,4.0,3.0,1.0,2.0,7.0,6.0,8.0,12.0,14.0,12.0
20/11/2021,Rennes,Montpellier,2.0,0.0,H,8.0,2.0,1.0,3.0,7.0,2.0,9.0,10.0,30.0,4.0
21/11/2021,Angers,Lorient,1.0,0.0,H,6.0,3.0,4.0,0.0,4.0,3.0,15.0,13.0,8.0,10.0
21/11/2021,Brest,Lens,4.0,0.0,H,5.0,5.0,1.0,2.0,5.0,5.0,7.0,7.0,13.0,14.0
21/11/2021,Clermont,Nice,1.0,2.0,A,3.0,5.0,1.0,4.0,6.0,4.0,7.0,16.0,18.0,9.0
21/11/2021,Metz,Bordeaux,3.0,3.0,D,2.0,4.0,2.0,2.0,9.0,5.0,12.0,11.0,20.0,19.0
21/11/2021,Strasbourg,Reims,1.0,1.0,D,5.0,4.0,1.0,4.0,3.0,3.0,8.0,13.0,21.0,10.0
21/11/2021,Troyes,St Etienne,0.0,1.0,A,6.0,8.0,1.0,4.0,3.0,4.0,13.0,11.0,15.0,14.0
26/11/2021,Lens,Angers,2.0,2.0,D,5.0,5.0,2.0,0.0,4.0,5.0,15.0,6.0,9.0,12.0
27/11/2021,Lille,Nantes,1.0,1.0,D,12.0,1.0,1.0,2.0,3.0,3.0,7.0,12.0,10.0,7.0
27/11/2021,Nice,Metz,0.0,1.0,A,8.0,1.0,2.0,2.0,2.0,1.0,13.0,12.0,20.0,4.0
28/11/2021,Bordeaux,Brest,1.0,2.0,A,5.0,2.0,3.0,1.0,4.0,4.0,13.0,11.0,16.0,14.0
28/11/2021,Lorient,Rennes,0.0,2.0,A,3.0,4.0,0.0,2.0,0.0,5.0,11.0,11.0,6.0,11.0
28/11/2021,Marseille,Troyes,1.0,0.0,H,7.0,3.0,1.0,4.0,4.0,2.0,10.0,17.0,14.0,5.0
28/11/2021,Monaco,Strasbourg,1.0,1.0,D,4.0,3.0,2.0,1.0,3.0,4.0,12.0,9.0,8.0,7.0
28/11/2021,Montpellier,Lyon,0.0,1.0,A,8.0,5.0,1.0,4.0,6.0,3.0,7.0,15.0,15.0,11.0
28/11/2021,Reims,Clermont,1.0,0.0,H,4.0,1.0,2.0,2.0,3.0,0.0,13.0,13.0,12.0,4.0
28/11/2021,St Etienne,Paris SG,1.0,3.0,A,5.0,5.0,3.0,1.0,4.0,8.0,7.0,10.0,8.0,15.0
01/12/2021,Angers,Monaco,1.0,3.0,A,4.0,4.0,1.0,2.0,3.0,8.0,13.0,18.0,9.0,14.0
01/12/2021,Brest,St Etienne,1.0,0.0,H,1.0,3.0,2.0,3.0,3.0,3.0,8.0,9.0,8.0,13.0
01/12/2021,Clermont,Lens,2.0,2.0,D,5.0,3.0,4.0,5.0,7.0,2.0,7.0,13.0,19.0,9.0
01/12/2021,Lyon,Reims,1.0,2.0,A,3.0,4.0,3.0,2.0,6.0,4.0,14.0,17.0,14.0,8.0
01/12/2021,Metz,Montpellier,1.0,3.0,A,7.0,4.0,2.0,2.0,7.0,7.0,14.0,9.0,20.0,10.0
01/12/2021,Nantes,Marseille,0.0,1.0,A,4.0,6.0,3.0,2.0,1.0,5.0,13.0,7.0,3.0,15.0
01/12/2021,Paris SG,Nice,0.0,0.0,D,6.0,5.0,2.0,2.0,5.0,2.0,5.0,13.0,22.0,4.0
01/12/2021,Rennes,Lille,1.0,2.0,A,3.0,1.0,2.0,1.0,2.0,2.0,12.0,12.0,10.0,6.0
01/12/2021,Strasbourg,Bordeaux,5.0,2.0,H,5.0,2.0,2.0,3.0,6.0,2.0,14.0,13.0,19.0,13.0
01/12/2021,Troyes,Lorient,2.0,0.0,H,4.0,3.0,1.0,1.0,3.0,3.0,12.0,11.0,10.0,9.0
04/12/2021,Lens,Paris SG,1.0,1.0,D,8.0,5.0,2.0,2.0,7.0,6.0,12.0,9.0,18.0,13.0
04/12/2021,Lille,Troyes,2.0,1.0,H,8.0,6.0,3.0,4.0,4.0,3.0,11.0,9.0,13.0,7.0
04/12/2021,Marseille,Brest,1.0,2.0,A,5.0,0.0,1.0,2.0,4.0,4.0,10.0,7.0,16.0,9.0
05/12/2021,Bordeaux,Lyon,2.0,2.0,D,3.0,8.0,0.0,0.0,5.0,5.0,11.0,9.0,12.0,19.0
05/12/2021,Lorient,Nantes,0.0,1.0,A,8.0,3.0,1.0,3.0,2.0,1.0,8.0,13.0,17.0,5.0
05/12/2021,Monaco,Metz,4.0,0.0,H,5.0,4.0,1.0,2.0,5.0,0.0,13.0,13.0,8.0,6.0
05/12/2021,Montpellier,Clermont,1.0,0.0,H,1.0,3.0,3.0,3.0,2.0,3.0,19.0,15.0,8.0,10.0
05/12/2021,Nice,Strasbourg,0.0,3.0,A,9.0,4.0,3.0,3.0,5.0,5.0,9.0,14.0,12.0,15.0
05/12/2021,Reims,Angers,1.0,2.0,A,7.0,4.0,4.0,3.0,2.0,4.0,8.0,13.0,5.0,13.0
05/12/2021,St Etienne,Rennes,0.0,5.0,A,7.0,2.0,1.0,0.0,2.0,10.0,10.0,7.0,12.0,18.0
10/12/2021,Nantes,Lens,3.0,2.0,H,8.0,2.0,3.0,3.0,5.0,2.0,10.0,10.0,15.0,4.0
11/12/2021,Brest,Montpellier,0.0,4.0,A,8.0,2.0,2.0,1.0,6.0,4.0,16.0,6.0,17.0,9.0
11/12/2021,Reims,St Etienne,2.0,0.0,H,11.0,5.0,2.0,2.0,6.0,0.0,19.0,16.0,17.0,4.0
12/12/2021,Angers,Clermont,0.0,1.0,A,8.0,3.0,1.0,2.0,3.0,3.0,8.0,12.0,12.0,17.0
12/12/2021,Lille,Lyon,0.0,0.0,D,4.0,3.0,2.0,6.0,2.0,2.0,11.0,15.0,14.0,13.0
12/12/2021,Metz,Lorient,4.0,1.0,H,3.0,8.0,2.0,2.0,3.0,6.0,10.0,8.0,5.0,17.0
12/12/2021,Paris SG,Monaco,2.0,0.0,H,1.0,6.0,3.0,4.0,2.0,3.0,8.0,15.0,9.0,13.0
12/12/2021,Rennes,Nice,1.0,2.0,A,11.0,6.0,1.0,4.0,8.0,3.0,10.0,11.0,20.0,7.0
12/12/2021,Strasbourg,Marseille,0.0,2.0,A,8.0,3.0,2.0,1.0,3.0,3.0,10.0,12.0,11.0,8.0
12/12/2021,Troyes,Bordeaux,1.0,2.0,A,8.0,1.0,3.0,3.0,3.0,4.0,11.0,15.0,21.0,8.0
22/12/2021,Bordeaux,Lille,2.0,3.0,A,5.0,6.0,1.0,3.0,3.0,3.0,10.0,7.0,12.0,12.0
22/12/2021,Lorient,Paris SG,1.0,1.0,D,6.0,8.0,1.0,3.0,5.0,4.0,6.0,8.0,17.0,17.0
22/12/2021,Lyon,Metz,1.0,1.0,D,13.0,2.0,2.0,3.0,6.0,2.0,12.0,19.0,18.0,6.0
22/12/2021,Marseille,Reims,1.0,1.0,D,7.0,4.0,4.0,4.0,5.0,2.0,12.0,6.0,14.0,7.0
22/12/2021,Monaco,Rennes,2.0,1.0,H,7.0,5.0,2.0,1.0,3.0,6.0,11.0,9.0,11.0,16.0
22/12/2021,Montpellier,Angers,4.0,1.0,H,1.0,6.0,1.0,1.0,6.0,6.0,13.0,13.0,9.0,13.0
22/12/2021,Nice,Lens,2.0,1.0,H,5.0,4.0,0.0,2.0,3.0,4.0,7.0,9.0,9.0,8.0
22/12/2021,St Etienne,Nantes,0.0,1.0,A,5.0,4.0,1.0,1.0,6.0,3.0,13.0,12.0,13.0,8.0
22/12/2021,Troyes,Brest,1.0,1.0,D,9.0,0.0,4.0,1.0,4.0,2.0,16.0,10.0,15.0,8.0
07/01/2022,Bordeaux,Marseille,0.0,1.0,A,3.0,9.0,1.0,1.0,2.0,6.0,13.0,7.0,6.0,18.0
08/01/2022,Lens,Rennes,1.0,0.0,H,12.0,1.0,1.0,1.0,4.0,0.0,5.0,6.0,11.0,5.0
09/01/2022,Brest,Nice,0.0,3.0,A,14.0,3.0,0.0,3.0,10.0,4.0,5.0,11.0,26.0,9.0
09/01/2022,Clermont,Reims,0.0,0.0,D,6.0,2.0,1.0,3.0,7.0,2.0,13.0,24.0,12.0,7.0
09/01/2022,Lyon,Paris SG,1.0,1.0,D,2.0,7.0,2.0,2.0,4.0,3.0,18.0,13.0,11.0,15.0
09/01/2022,Metz,Strasbourg,0.0,2.0,A,4.0,3.0,1.0,1.0,1.0,7.0,11.0,6.0,7.0,19.0
09/01/2022,Nantes,Monaco,0.0,0.0,D,5.0,2.0,1.0,2.0,4.0,1.0,17.0,12.0,8.0,9.0
14/01/2022,Nice,Nantes,2.0,1.0,H,3.0,5.0,2.0,1.0,5.0,3.0,8.0,17.0,13.0,11.0
15/01/2022,Paris SG,Brest,2.0,0.0,H,9.0,6.0,5.0,3.0,9.0,3.0,10.0,8.0,20.0,6.0
15/01/2022,St Etienne,Lens,1.0,2.0,A,6.0,6.0,1.0,1.0,4.0,4.0,9.0,13.0,13.0,14.0
16/01/2022,Lorient,Angers,0.0,0.0,D,6.0,1.0,3.0,1.0,4.0,0.0,12.0,9.0,14.0,5.0
16/01/2022,Marseille,Lille,1.0,1.0,D,15.0,2.0,1.0,5.0,7.0,4.0,11.0,11.0,22.0,5.0
16/01/2022,Monaco,Clermont,4.0,0.0,H,6.0,1.0,0.0,1.0,10.0,1.0,9.0,10.0,20.0,6.0
16/01/2022,Reims,Metz,0.0,1.0,A,11.0,4.0,4.0,4.0,2.0,5.0,14.0,16.0,14.0,17.0
16/01/2022,Rennes,Bordeaux,6.0,0.0,H,9.0,1.0,1.0,5.0,11.0,1.0,9.0,9.0,19.0,5.0
16/01/2022,Strasbourg,Montpellier,3.0,1.0,H,7.0,3.0,2.0,2.0,8.0,5.0,18.0,9.0,19.0,9.0
16/01/2022,Troyes,Lyon,0.0,1.0,A,4.0,7.0,2.0,1.0,2.0,8.0,9.0,12.0,6.0,19.0
19/01/2022,Clermont,Strasbourg,0.0,2.0,A,6.0,4.0,2.0,0.0,1.0,5.0,8.0,11.0,7.0,15.0
19/01/2022,Lille,Lorient,3.0,1.0,H,4.0,2.0,0.0,0.0,5.0,5.0,8.0,11.0,13.0,18.0
19/01/2022,Montpellier,Troyes,0.0,1.0,A,5.0,4.0,5.0,1.0,2.0,5.0,12.0,10.0,11.0,13.0
21/01/2022,Lyon,St Etienne,1.0,0.0,H,2.0,2.0,1.0,4.0,4.0,1.0,15.0,17.0,11.0,4.0
22/01/2022,Brest,Lille,2.0,0.0,H,5.0,10.0,2.0,3.0,3.0,5.0,7.0,10.0,9.0,17.0
22/01/2022,Lens,Marseille,0.0,2.0,A,8.0,5.0,3.0,2.0,3.0,7.0,7.0,6.0,9.0,10.0
23/01/2022,Angers,Troyes,2.0,1.0,H,3.0,3.0,1.0,3.0,3.0,6.0,16.0,21.0,10.0,11.0
23/01/2022,Bordeaux,Strasbourg,4.0,3.0,H,1.0,3.0,5.0,2.0,6.0,6.0,11.0,11.0,13.0,18.0
23/01/2022,Clermont,Rennes,2.0,1.0,H,4.0,6.0,2.0,3.0,4.0,4.0,9.0,17.0,12.0,13.0
23/01/2022,Metz,Nice,0.0,2.0,A,3.0,4.0,3.0,1.0,1.0,6.0,14.0,6.0,8.0,7.0
23/01/2022,Montpellier,Monaco,3.0,2.0,H,5.0,10.0,2.0,2.0,7.0,7.0,10.0,10.0,15.0,17.0
23/01/2022,Nantes,Lorient,4.0,2.0,H,7.0,6.0,3.0,0.0,8.0,6.0,12.0,10.0,12.0,15.0
23/01/2022,Paris SG,Reims,4.0,0.0,H,14.0,0.0,0.0,1.0,8.0,3.0,6.0,10.0,22.0,7.0
26/01/2022,Angers,St Etienne,0.0,1.0,A,3.0,1.0,1.0,1.0,4.0,5.0,7.0,13.0,7.0,8.0
01/02/2022,Lyon,Marseille,2.0,1.0,H,4.0,6.0,0.0,0.0,4.0,1.0,8.0,8.0,12.0,9.0
04/02/2022,Marseille,Angers,5.0,2.0,H,6.0,2.0,0.0,3.0,8.0,2.0,13.0,13.0,18.0,4.0
05/02/2022,Monaco,Lyon,2.0,0.0,H,3.0,4.0,1.0,2.0,6.0,5.0,17.0,14.0,10.0,19.0
05/02/2022,St Etienne,Montpellier,3.0,1.0,H,11.0,0.0,1.0,0.0,8.0,2.0,11.0,4.0,27.0,3.0
06/02/2022,Lille,Paris SG,1.0,5.0,A,4.0,3.0,2.0,1.0,5.0,7.0,19.0,9.0,10.0,18.0
06/02/2022,Lorient,Lens,2.0,0.0,H,1.0,4.0,0.0,3.0,3.0,0.0,14.0,11.0,8.0,8.0
06/02/2022,Nice,Clermont,0.0,1.0,A,5.0,3.0,1.0,1.0,3.0,5.0,10.0,9.0,7.0,14.0
06/02/2022,Reims,Bordeaux,5.0,0.0,H,7.0,4.0,0.0,1.0,7.0,0.0,5.0,12.0,16.0,6.0
06/02/2022,Rennes,Brest,2.0,0.0,H,6.0,1.0,3.0,1.0,8.0,1.0,11.0,8.0,19.0,5.0
06/02/2022,Strasbourg,Nantes,1.0,0.0,H,7.0,9.0,3.0,3.0,3.0,2.0,7.0,8.0,13.0,10.0
06/02/2022,Troyes,Metz,0.0,0.0,D,6.0,7.0,1.0,2.0,2.0,0.0,8.0,14.0,9.0,6.0
11/02/2022,Paris SG,Rennes,1.0,0.0,H,5.0,3.0,2.0,1.0,1.0,1.0,13.0,10.0,12.0,13.0
12/02/2022,Lyon,Nice,2.0,0.0,H,4.0,1.0,0.0,1.0,8.0,1.0,11.0,9.0,12.0,1.0
12/02/2022,Montpellier,Lille,0.0,1.0,A,6.0,4.0,3.0,4.0,5.0,7.0,13.0,15.0,16.0,16.0
13/02/2022,Angers,Strasbourg,0.0,1.0,A,5.0,3.0,3.0,1.0,2.0,2.0,20.0,11.0,9.0,8.0
13/02/2022,Brest,Troyes,5.0,1.0,H,1.0,5.0,1.0,1.0,5.0,2.0,13.0,11.0,12.0,5.0
13/02/2022,Clermont,St Etienne,1.0,2.0,A,6.0,3.0,4.0,1.0,3.0,3.0,16.0,10.0,9.0,6.0
13/02/2022,Lens,Bordeaux,3.0,2.0,H,6.0,2.0,3.0,2.0,7.0,4.0,9.0,7.0,9.0,10.0
13/02/2022,Metz,Marseille,1.0,2.0,A,3.0,8.0,2.0,2.0,4.0,5.0,11.0,6.0,11.0,13.0
13/02/2022,Monaco,Lorient,0.0,0.0,D,11.0,2.0,3.0,2.0,4.0,1.0,18.0,11.0,15.0,5.0
13/02/2022,Nantes,Reims,1.0,0.0,H,5.0,5.0,1.0,0.0,3.0,4.0,17.0,8.0,11.0,7.0
18/02/2022,Lille,Metz,0.0,0.0,D,11.0,1.0,4.0,4.0,1.0,0.0,10.0,13.0,13.0,7.0
19/02/2022,Lens,Lyon,1.0,1.0,D,4.0,4.0,0.0,2.0,6.0,2.0,8.0,10.0,12.0,10.0
19/02/2022,Nantes,Paris SG,3.0,1.0,H,5.0,7.0,2.0,6.0,7.0,9.0,16.0,10.0,13.0,16.0
20/02/2022,Bordeaux,Monaco,1.0,1.0,D,2.0,7.0,3.0,4.0,3.0,4.0,13.0,13.0,11.0,13.0
20/02/2022,Lorient,Montpellier,0.0,1.0,A,8.0,5.0,2.0,2.0,3.0,5.0,15.0,9.0,16.0,6.0
20/02/2022,Marseille,Clermont,0.0,2.0,A,8.0,3.0,2.0,2.0,4.0,3.0,11.0,9.0,18.0,4.0
20/02/2022,Nice,Angers,1.0,0.0,H,4.0,5.0,2.0,2.0,5.0,2.0,11.0,17.0,9.0,11.0
20/02/2022,Reims,Brest,1.0,1.0,D,1.0,6.0,1.0,2.0,2.0,4.0,10.0,17.0,8.0,15.0
20/02/2022,Rennes,Troyes,4.0,1.0,H,6.0,7.0,1.0,4.0,8.0,1.0,11.0,16.0,17.0,4.0
20/02/2022,St Etienne,Strasbourg,2.0,2.0,D,3.0,4.0,3.0,2.0,4.0,4.0,12.0,5.0,9.0,8.0
25/02/2022,Montpellier,Rennes,2.0,4.0,A,7.0,1.0,3.0,2.0,5.0,9.0,11.0,11.0,12.0,11.0
26/02/2022,Paris SG,St Etienne,3.0,1.0,H,8.0,3.0,2.0,1.0,8.0,6.0,9.0,13.0,21.0,13.0
26/02/2022,Strasbourg,Nice,0.0,0.0,D,8.0,2.0,1.0,2.0,6.0,0.0,9.0,12.0,17.0,3.0
27/02/2022,Angers,Lens,1.0,2.0,A,7.0,3.0,4.0,3.0,4.0,2.0,13.0,16.0,13.0,8.0
27/02/2022,Brest,Lorient,0.0,1.0,A,4.0,6.0,2.0,4.0,0.0,8.0,12.0,15.0,4.0,17.0
27/02/2022,Clermont,Bordeaux,1.0,1.0,D,6.0,6.0,1.0,2.0,3.0,3.0,5.0,13.0,9.0,10.0
27/02/2022,Lyon,Lille,0.0,1.0,A,7.0,3.0,3.0,2.0,8.0,2.0,13.0,15.0,20.0,6.0
27/02/2022,Metz,Nantes,0.0,0.0,D,3.0,4.0,1.0,2.0,0.0,3.0,14.0,15.0,8.0,12.0
27/02/2022,Monaco,Reims,1.0,2.0,A,10.0,3.0,3.0,2.0,5.0,7.0,15.0,12.0,18.0,12.0
27/02/2022,Troyes,Marseille,1.0,1.0,D,4.0,8.0,5.0,3.0,3.0,3.0,15.0,8.0,9.0,8.0
04/03/2022,Lorient,Lyon,1.0,4.0,A,8.0,3.0,1.0,0.0,6.0,7.0,9.0,14.0,15.0,15.0
05/03/2022,Lens,Brest,0.0,1.0,A,4.0,0.0,1.0,1.0,6.0,3.0,14.0,11.0,20.0,5.0
05/03/2022,Nice,Paris SG,1.0,0.0,H,3.0,4.0,1.0,0.0,6.0,2.0,15.0,10.0,11.0,8.0
06/03/2022,Bordeaux,Troyes,0.0,2.0,A,6.0,2.0,6.0,1.0,3.0,2.0,18.0,15.0,10.0,10.0
06/03/2022,Lille,Clermont,4.0,0.0,H,3.0,2.0,1.0,3.0,8.0,1.0,15.0,9.0,15.0,9.0
06/03/2022,Marseille,Monaco,0.0,1.0,A,10.0,3.0,2.0,1.0,2.0,3.0,13.0,9.0,13.0,5.0
06/03/2022,Nantes,Montpellier,2.0,0.0,H,6.0,4.0,1.0,1.0,5.0,1.0,11.0,11.0,16.0,6.0
06/03/2022,Reims,Strasbourg,1.0,1.0,D,2.0,4.0,0.0,2.0,1.0,6.0,6.0,11.0,8.0,17.0
06/03/2022,Rennes,Angers,2.0,0.0,H,7.0,7.0,1.0,1.0,4.0,2.0,11.0,7.0,15.0,7.0
06/03/2022,St Etienne,Metz,1.0,0.0,H,12.0,3.0,3.0,4.0,5.0,2.0,11.0,18.0,13.0,5.0
11/03/2022,Lille,St Etienne,0.0,0.0,D,2.0,3.0,1.0,1.0,2.0,3.0,14.0,12.0,10.0,11.0
12/03/2022,Montpellier,Nice,0.0,0.0,D,13.0,1.0,3.0,2.0,7.0,0.0,10.0,8.0,24.0,8.0
12/03/2022,Troyes,Nantes,1.0,0.0,H,8.0,4.0,1.0,1.0,2.0,1.0,7.0,16.0,11.0,6.0
13/03/2022,Angers,Reims,0.0,1.0,A,4.0,2.0,6.0,3.0,7.0,3.0,19.0,8.0,20.0,10.0
13/03/2022,Brest,Marseille,1.0,4.0,A,1.0,3.0,1.0,4.0,2.0,7.0,11.0,14.0,8.0,13.0
13/03/2022,Clermont,Lorient,0.0,2.0,A,2.0,2.0,1.0,2.0,1.0,6.0,14.0,14.0,10.0,9.0
13/03/2022,Lyon,Rennes,2.0,4.0,A,8.0,2.0,2.0,3.0,2.0,7.0,8.0,12.0,11.0,10.0
13/03/2022,Metz,Lens,0.0,0.0,D,5.0,4.0,5.0,2.0,3.0,0.0,11.0,14.0,6.0,11.0
13/03/2022,Paris SG,Bordeaux,3.0,0.0,H,2.0,4.0,1.0,2.0,5.0,5.0,4.0,9.0,12.0,15.0
13/03/2022,Strasbourg,Monaco,1.0,0.0,H,6.0,7.0,1.0,2.0,3.0,0.0,10.0,13.0,11.0,5.0
18/03/2022,St Etienne,Troyes,1.0,1.0,D,1.0,4.0,2.0,2.0,3.0,4.0,13.0,9.0,10.0,8.0
19/03/2022,Lens,Clermont,3.0,1.0,H,7.0,2.0,1.0,1.0,7.0,3.0,15.0,12.0,20.0,10.0
19/03/2022,Nantes,Lille,0.0,1.0,A,7.0,7.0,3.0,4.0,3.0,4.0,19.0,15.0,11.0,12.0
20/03/2022,Angers,Brest,1.0,0.0,H,6.0,11.0,2.0,1.0,3.0,2.0,11.0,9.0,9.0,16.0
20/03/2022,Bordeaux,Montpellier,0.0,2.0,A,11.0,4.0,3.0,0.0,10.0,2.0,18.0,7.0,32.0,7.0
20/03/2022,Lorient,Strasbourg,0.0,0.0,D,6.0,5.0,2.0,2.0,2.0,4.0,11.0,18.0,9.0,13.0
20/03/2022,Marseille,Nice,2.0,1.0,H,3.0,2.0,2.0,2.0,6.0,3.0,12.0,11.0,13.0,9.0
20/03/2022,Monaco,Paris SG,3.0,0.0,H,6.0,7.0,3.0,3.0,8.0,6.0,17.0,10.0,13.0,13.0
20/03/2022,Reims,Lyon,0.0,0.0,D,7.0,3.0,0.0,3.0,2.0,2.0,12.0,13.0,5.0,10.0
20/03/2022,Rennes,Metz,6.0,1.0,H,10.0,1.0,1.0,2.0,8.0,1.0,13.0,11.0,21.0,2.0
02/04/2022,Lille,Bordeaux,0.0,0.0,D,7.0,2.0,2.0,4.0,6.0,0.0,13.0,15.0,22.0,2.0
02/04/2022,Nice,Rennes,1.0,1.0,D,7.0,11.0,2.0,1.0,3.0,4.0,12.0,12.0,10.0,13.0
03/04/2022,Clermont,Nantes,2.0,3.0,A,5.0,6.0,5.0,1.0,4.0,4.0,10.0,10.0,12.0,9.0
03/04/2022,Lyon,Angers,3.0,2.0,H,9.0,2.0,1.0,1.0,5.0,4.0,4.0,13.0,15.0,7.0
03/04/2022,Metz,Monaco,1.0,2.0,A,3.0,6.0,0.0,0.0,4.0,4.0,6.0,9.0,17.0,14.0
03/04/2022,Montpellier,Brest,1.0,2.0,A,7.0,5.0,2.0,4.0,3.0,6.0,16.0,14.0,9.0,12.0
03/04/2022,Paris SG,Lorient,5.0,1.0,H,3.0,1.0,2.0,1.0,7.0,4.0,7.0,14.0,15.0,11.0
03/04/2022,St Etienne,Marseille,2.0,4.0,A,2.0,9.0,2.0,1.0,2.0,9.0,14.0,12.0,5.0,15.0
03/04/2022,Strasbourg,Lens,1.0,0.0,H,2.0,6.0,3.0,1.0,3.0,2.0,8.0,10.0,13.0,13.0
03/04/2022,Troyes,Reims,1.0,0.0,H,6.0,3.0,1.0,4.0,5.0,4.0,15.0,11.0,19.0,10.0
08/04/2022,Lorient,St Etienne,6.0,2.0,H,2.0,3.0,2.0,5.0,12.0,4.0,18.0,18.0,18.0,13.0
09/04/2022,Clermont,Paris SG,1.0,6.0,A,2.0,5.0,1.0,1.0,4.0,10.0,8.0,7.0,10.0,17.0
09/04/2022,Reims,Rennes,2.0,3.0,A,2.0,6.0,2.0,0.0,7.0,8.0,15.0,7.0,15.0,14.0
10/04/2022,Angers,Lille,1.0,1.0,D,6.0,7.0,3.0,2.0,3.0,3.0,10.0,12.0,13.0,17.0
10/04/2022,Bordeaux,Metz,3.0,1.0,H,5.0,6.0,3.0,2.0,7.0,2.0,15.0,15.0,12.0,9.0
10/04/2022,Brest,Nantes,1.0,1.0,D,4.0,5.0,1.0,3.0,6.0,5.0,10.0,13.0,12.0,12.0
10/04/2022,Lens,Nice,3.0,0.0,H,1.0,7.0,2.0,4.0,3.0,6.0,8.0,15.0,6.0,16.0
10/04/2022,Marseille,Montpellier,2.0,0.0,H,0.0,8.0,0.0,2.0,5.0,2.0,12.0,13.0,11.0,6.0
10/04/2022,Monaco,Troyes,2.0,1.0,H,10.0,1.0,2.0,2.0,3.0,1.0,12.0,9.0,11.0,8.0
10/04/2022,Strasbourg,Lyon,1.0,1.0,D,5.0,3.0,3.0,1.0,4.0,3.0,19.0,14.0,15.0,13.0
15/04/2022,Rennes,Monaco,2.0,3.0,A,6.0,0.0,1.0,3.0,4.0,4.0,7.0,15.0,13.0,12.0
16/04/2022,Lille,Lens,1.0,2.0,A,13.0,7.0,3.0,2.0,5.0,7.0,12.0,9.0,17.0,11.0
16/04/2022,St Etienne,Brest,2.0,1.0,H,7.0,3.0,0.0,2.0,4.0,3.0,10.0,10.0,11.0,7.0
17/04/2022,Lyon,Bordeaux,6.0,1.0,H,3.0,5.0,0.0,0.0,9.0,5.0,8.0,13.0,15.0,17.0
17/04/2022,Metz,Clermont,1.0,1.0,D,0.0,9.0,1.0,1.0,2.0,4.0,15.0,11.0,4.0,26.0
17/04/2022,Montpellier,Reims,0.0,0.0,D,9.0,6.0,0.0,3.0,3.0,9.0,9.0,12.0,14.0,15.0
17/04/2022,Nantes,Angers,1.0,1.0,D,14.0,5.0,4.0,1.0,7.0,3.0,12.0,10.0,24.0,10.0
17/04/2022,Nice,Lorient,2.0,1.0,H,5.0,1.0,2.0,1.0,2.0,1.0,10.0,12.0,15.0,6.0
17/04/2022,Paris SG,Marseille,2.0,1.0,H,3.0,4.0,6.0,1.0,3.0,1.0,16.0,12.0,7.0,3.0
17/04/2022,Troyes,Strasbourg,1.0,1.0,D,5.0,9.0,1.0,2.0,3.0,4.0,12.0,19.0,11.0,12.0
20/04/2022,Angers,Paris SG,0.0,3.0,A,3.0,7.0,1.0,2.0,1.0,8.0,5.0,10.0,8.0,15.0
20/04/2022,Bordeaux,St Etienne,2.0,2.0,D,5.0,4.0,5.0,6.0,7.0,2.0,17.0,18.0,11.0,9.0
20/04/2022,Brest,Lyon,2.0,1.0,H,2.0,2.0,2.0,2.0,3.0,5.0,15.0,12.0,9.0,18.0
20/04/2022,Lens,Montpellier,2.0,0.0,H,5.0,3.0,1.0,0.0,5.0,4.0,11.0,10.0,12.0,9.0
20/04/2022,Lorient,Metz,1.0,0.0,H,10.0,12.0,2.0,2.0,5.0,5.0,13.0,17.0,15.0,20.0
20/04/2022,Marseille,Nantes,3.0,2.0,H,7.0,3.0,2.0,5.0,5.0,3.0,10.0,15.0,19.0,4.0
20/04/2022,Monaco,Nice,1.0,0.0,H,7.0,10.0,5.0,2.0,7.0,2.0,19.0,11.0,17.0,15.0
20/04/2022,Reims,Lille,2.0,1.0,H,5.0,2.0,1.0,1.0,4.0,5.0,13.0,8.0,10.0,20.0
20/04/2022,Strasbourg,Rennes,2.0,1.0,H,2.0,7.0,1.0,2.0,5.0,3.0,16.0,11.0,13.0,10.0
20/04/2022,Troyes,Clermont,0.0,1.0,A,5.0,2.0,3.0,6.0,3.0,1.0,11.0,15.0,16.0,3.0
23/04/2022,Lyon,Montpellier,5.0,2.0,H,8.0,2.0,2.0,2.0,13.0,7.0,13.0,10.0,27.0,11.0
23/04/2022,Paris SG,Lens,1.0,1.0,D,4.0,3.0,4.0,2.0,7.0,3.0,17.0,12.0,18.0,8.0
23/04/2022,St Etienne,Monaco,1.0,4.0,A,1.0,1.0,2.0,3.0,4.0,6.0,11.0,19.0,8.0,12.0
24/04/2022,Clermont,Angers,2.0,2.0,D,4.0,4.0,0.0,6.0,6.0,5.0,10.0,21.0,12.0,9.0
24/04/2022,Lille,Strasbourg,1.0,0.0,H,4.0,6.0,2.0,3.0,3.0,3.0,18.0,18.0,11.0,11.0
24/04/2022,Metz,Brest,0.0,1.0,A,4.0,7.0,4.0,0.0,0.0,3.0,16.0,17.0,10.0,16.0
24/04/2022,Nantes,Bordeaux,5.0,3.0,H,6.0,4.0,1.0,1.0,6.0,7.0,12.0,15.0,15.0,20.0
24/04/2022,Nice,Troyes,1.0,0.0,H,7.0,3.0,0.0,1.0,3.0,3.0,18.0,11.0,18.0,9.0
24/04/2022,Reims,Marseille,0.0,1.0,A,3.0,4.0,1.0,1.0,3.0,3.0,14.0,7.0,10.0,14.0
24/04/2022,Rennes,Lorient,5.0,0.0,H,2.0,4.0,1.0,0.0,7.0,2.0,10.0,10.0,10.0,12.0
29/04/2022,Strasbourg,Paris SG,3.0,3.0,D,2.0,5.0,3.0,3.0,2.0,6.0,15.0,6.0,14.0,14.0
30/04/2022,Lens,Nantes,2.0,2.0,D,6.0,5.0,0.0,5.0,5.0,5.0,7.0,11.0,20.0,13.0
30/04/2022,Rennes,St Etienne,2.0,0.0,H,4.0,3.0,1.0,4.0,3.0,3.0,11.0,15.0,13.0,8.0
01/05/2022,Bordeaux,Nice,0.0,1.0,A,2.0,5.0,1.0,2.0,1.0,3.0,10.0,12.0,5.0,14.0
01/05/2022,Brest,Clermont,2.0,0.0,H,5.0,13.0,2.0,2.0,4.0,7.0,7.0,16.0,8.0,16.0
01/05/2022,Lorient,Reims,1.0,2.0,A,7.0,3.0,2.0,1.0,8.0,2.0,15.0,13.0,20.0,12.0
01/05/2022,Marseille,Lyon,0.0,3.0,A,3.0,6.0,2.0,1.0,2.0,5.0,5.0,13.0,9.0,12.0
01/05/2022,Monaco,Angers,2.0,0.0,H,8.0,5.0,2.0,2.0,7.0,5.0,14.0,12.0,15.0,11.0
01/05/2022,Montpellier,Metz,2.0,2.0,D,8.0,1.0,2.0,3.0,6.0,5.0,9.0,15.0,18.0,17.0
01/05/2022,Troyes,Lille,3.0,0.0,H,1.0,4.0,0.0,4.0,5.0,1.0,9.0,13.0,9.0,10.0
06/05/2022,Lille,Monaco,1.0,2.0,A,3.0,5.0,4.0,1.0,5.0,3.0,10.0,8.0,15.0,9.0
07/05/2022,Brest,Strasbourg,0.0,1.0,A,5.0,5.0,1.0,2.0,2.0,5.0,5.0,15.0,7.0,14.0
08/05/2022,Angers,Bordeaux,4.0,1.0,H,6.0,3.0,1.0,5.0,8.0,3.0,14.0,18.0,13.0,7.0
08/05/2022,Clermont,Montpellier,2.0,1.0,H,5.0,3.0,2.0,4.0,4.0,2.0,10.0,15.0,12.0,10.0
08/05/2022,Lorient,Marseille,0.0,3.0,A,4.0,8.0,1.0,1.0,0.0,6.0,22.0,10.0,7.0,9.0
08/05/2022,Metz,Lyon,3.0,2.0,H,3.0,7.0,3.0,2.0,8.0,5.0,19.0,8.0,15.0,17.0
08/05/2022,Paris SG,Troyes,2.0,2.0,D,7.0,4.0,1.0,2.0,7.0,3.0,10.0,19.0,17.0,9.0
08/05/2022,Reims,Lens,1.0,2.0,A,3.0,10.0,1.0,2.0,2.0,5.0,12.0,9.0,7.0,21.0
11/05/2022,Nantes,Rennes,2.0,1.0,H,5.0,5.0,2.0,1.0,3.0,5.0,13.0,9.0,9.0,17.0
11/05/2022,Nice,St Etienne,4.0,2.0,H,2.0,2.0,2.0,3.0,7.0,6.0,10.0,13.0,14.0,12.0
14/05/2022,Bordeaux,Lorient,0.0,0.0,D,3.0,1.0,4.0,4.0,1.0,2.0,10.0,11.0,14.0,13.0
14/05/2022,Lyon,Nantes,3.0,2.0,H,5.0,6.0,1.0,0.0,6.0,6.0,12.0,10.0,17.0,17.0
14/05/2022,Metz,Angers,1.0,0.0,H,1.0,4.0,3.0,1.0,2.0,4.0,18.0,17.0,7.0,11.0
14/05/2022,Monaco,Brest,4.0,2.0,H,10.0,5.0,2.0,1.0,9.0,5.0,10.0,12.0,25.0,10.0
14/05/2022,Montpellier,Paris SG,0.0,4.0,A,0.0,2.0,2.0,4.0,3.0,9.0,9.0,7.0,10.0,15.0
14/05/2022,Nice,Lille,1.0,3.0,A,10.0,3.0,2.0,3.0,6.0,5.0,11.0,9.0,16.0,9.0
14/05/2022,Rennes,Marseille,2.0,0.0,H,6.0,1.0,1.0,2.0,4.0,0.0,14.0,8.0,12.0,8.0
14/05/2022,St Etienne,Reims,1.0,2.0,A,3.0,2.0,1.0,0.0,7.0,7.0,8.0,9.0,16.0,17.0
14/05/2022,Strasbourg,Clermont,1.0,0.0,H,3.0,2.0,1.0,2.0,6.0,3.0,13.0,9.0,11.0,11.0
14/05/2022,Troyes,Lens,1.0,3.0,A,5.0,7.0,1.0,2.0,2.0,9.0,9.0,9.0,6.0,15.0
21/05/2022,Angers,Montpellier,2.0,0.0,H,4.0,3.0,1.0,4.0,3.0,1.0,17.0,12.0,19.0,14.0
21/05/2022,Brest,Bordeaux,2.0,4.0,A,10.0,1.0,1.0,0.0,7.0,7.0,10.0,12.0,11.0,15.0
21/05/2022,Clermont,Lyon,1.0,2.0,A,10.0,4.0,2.0,2.0,3.0,5.0,10.0,15.0,18.0,21.0
21/05/2022,Lens,Monaco,2.0,2.0,D,10.0,8.0,2.0,3.0,10.0,5.0,5.0,7.0,28.0,12.0
21/05/2022,Lille,Rennes,2.0,2.0,D,7.0,4.0,2.0,2.0,4.0,3.0,12.0,0.0,13.0,13.0
21/05/2022,Lorient,Troyes,1.0,1.0,D,6.0,4.0,2.0,2.0,6.0,3.0,18.0,10.0,17.0,8.0
21/05/2022,Marseille,Strasbourg,4.0,0.0,H,7.0,3.0,2.0,1.0,11.0,4.0,11.0,16.0,17.0,10.0
21/05/2022,Nantes,St Etienne,1.0,1.0,D,5.0,5.0,2.0,0.0,5.0,3.0,8.0,9.0,12.0,13.0
21/05/2022,Paris SG,Metz,5.0,0.0,H,4.0,2.0,1.0,2.0,12.0,1.0,7.0,12.0,27.0,4.0
21/05/2022,Reims,Nice,2.0,3.0,A,2.0,7.0,0.0,2.0,4.0,6.0,8.0,14.0,5.0,17.0
05/08/2022,Lyon,Ajaccio,2.0,1.0,H,4.0,3.0,1.0,6.0,6.0,4.0,10.0,18.0,11.0,8.0
06/08/2022,Clermont,Paris SG,0.0,5.0,A,0.0,6.0,2.0,1.0,1.0,12.0,13.0,13.0,7.0,18.0
06/08/2022,Strasbourg,Monaco,1.0,2.0,A,3.0,7.0,0.0,2.0,7.0,11.0,18.0,15.0,11.0,24.0
07/08/2022,Angers,Nantes,0.0,0.0,D,3.0,6.0,3.0,3.0,6.0,4.0,15.0,13.0,16.0,14.0
07/08/2022,Lens,Brest,3.0,2.0,H,6.0,3.0,2.0,4.0,7.0,4.0,16.0,14.0,17.0,6.0
07/08/2022,Lille,Auxerre,4.0,1.0,H,7.0,2.0,2.0,1.0,7.0,2.0,10.0,9.0,16.0,10.0
07/08/2022,Marseille,Reims,4.0,1.0,H,6.0,7.0,2.0,0.0,6.0,6.0,14.0,10.0,16.0,16.0
07/08/2022,Montpellier,Troyes,3.0,2.0,H,3.0,6.0,1.0,0.0,6.0,10.0,13.0,10.0,17.0,15.0
07/08/2022,Rennes,Lorient,0.0,1.0,A,7.0,2.0,3.0,1.0,6.0,2.0,11.0,5.0,21.0,8.0
07/08/2022,Toulouse,Nice,1.0,1.0,D,6.0,3.0,1.0,2.0,4.0,4.0,10.0,8.0,6.0,11.0
12/08/2022,Nantes,Lille,1.0,1.0,D,5.0,11.0,1.0,4.0,1.0,5.0,14.0,10.0,10.0,16.0
13/08/2022,Monaco,Rennes,1.0,1.0,D,1.0,6.0,0.0,3.0,4.0,8.0,6.0,11.0,12.0,24.0
13/08/2022,Paris SG,Montpellier,5.0,2.0,H,11.0,0.0,2.0,1.0,10.0,4.0,15.0,18.0,20.0,7.0
14/08/2022,Ajaccio,Lens,0.0,0.0,D,1.0,3.0,5.0,2.0,2.0,3.0,16.0,18.0,9.0,12.0
14/08/2022,Auxerre,Angers,2.0,2.0,D,4.0,5.0,5.0,3.0,4.0,2.0,10.0,16.0,11.0,11.0
14/08/2022,Brest,Marseille,1.0,1.0,D,7.0,5.0,1.0,4.0,5.0,2.0,10.0,15.0,17.0,5.0
14/08/2022,Nice,Strasbourg,1.0,1.0,D,7.0,3.0,1.0,4.0,3.0,5.0,7.0,13.0,13.0,9.0
14/08/2022,Reims,Clermont,2.0,4.0,A,1.0,6.0,3.0,3.0,6.0,5.0,18.0,8.0,9.0,10.0
14/08/2022,Troyes,Toulouse,0.0,3.0,A,6.0,6.0,2.0,1.0,2.0,4.0,14.0,19.0,12.0,10.0
19/08/2022,Lyon,Troyes,4.0,1.0,H,4.0,5.0,0.0,1.0,8.0,1.0,9.0,7.0,16.0,4.0
20/08/2022,Marseille,Nantes,2.0,1.0,H,7.0,4.0,5.0,1.0,5.0,3.0,15.0,6.0,16.0,12.0
20/08/2022,Monaco,Lens,1.0,4.0,A,3.0,5.0,4.0,0.0,5.0,6.0,18.0,13.0,12.0,14.0
21/08/2022,Angers,Brest,1.0,3.0,A,3.0,6.0,2.0,0.0,5.0,7.0,9.0,10.0,7.0,11.0
21/08/2022,Clermont,Nice,1.0,0.0,H,3.0,6.0,1.0,2.0,2.0,4.0,4.0,21.0,7.0,13.0
21/08/2022,Lille,Paris SG,1.0,7.0,A,2.0,4.0,2.0,1.0,10.0,9.0,13.0,8.0,16.0,16.0
21/08/2022,Montpellier,Auxerre,1.0,2.0,A,7.0,2.0,1.0,3.0,7.0,2.0,10.0,13.0,13.0,7.0
21/08/2022,Rennes,Ajaccio,2.0,1.0,H,4.0,8.0,5.0,2.0,7.0,3.0,13.0,11.0,16.0,10.0
21/08/2022,Strasbourg,Reims,1.0,1.0,D,5.0,4.0,1.0,4.0,3.0,6.0,12.0,16.0,12.0,12.0
21/08/2022,Toulouse,Lorient,2.0,2.0,D,3.0,6.0,2.0,1.0,8.0,4.0,14.0,10.0,16.0,14.0
26/08/2022,Ajaccio,Lille,1.0,3.0,A,6.0,0.0,3.0,2.0,2.0,4.0,13.0,13.0,13.0,7.0
27/08/2022,Auxerre,Strasbourg,1.0,0.0,H,2.0,5.0,0.0,1.0,3.0,4.0,4.0,6.0,7.0,14.0
27/08/2022,Lens,Rennes,2.0,1.0,H,7.0,2.0,0.0,1.0,4.0,6.0,15.0,13.0,17.0,12.0
28/08/2022,Brest,Montpellier,0.0,7.0,A,5.0,4.0,0.0,2.0,0.0,8.0,15.0,16.0,6.0,14.0
28/08/2022,Lorient,Clermont,2.0,1.0,H,3.0,4.0,1.0,3.0,9.0,2.0,12.0,9.0,22.0,9.0
28/08/2022,Nantes,Toulouse,3.0,1.0,H,4.0,5.0,0.0,3.0,8.0,3.0,11.0,9.0,16.0,9.0
28/08/2022,Nice,Marseille,0.0,3.0,A,7.0,5.0,1.0,1.0,2.0,4.0,7.0,15.0,16.0,13.0
28/08/2022,Paris SG,Monaco,1.0,1.0,D,4.0,3.0,4.0,4.0,5.0,3.0,12.0,15.0,18.0,4.0
28/08/2022,Reims,Lyon,1.0,1.0,D,2.0,7.0,1.0,1.0,5.0,5.0,12.0,12.0,8.0,18.0
28/08/2022,Troyes,Angers,3.0,1.0,H,8.0,3.0,2.0,3.0,11.0,3.0,8.0,12.0,25.0,7.0
31/08/2022,Angers,Reims,2.0,4.0,A,4.0,3.0,1.0,6.0,3.0,5.0,9.0,15.0,10.0,11.0
31/08/2022,Lens,Lorient,5.0,2.0,H,4.0,5.0,1.0,3.0,8.0,3.0,10.0,6.0,15.0,10.0
31/08/2022,Lille,Nice,1.0,2.0,A,6.0,3.0,1.0,4.0,6.0,2.0,15.0,21.0,18.0,3.0
31/08/2022,Lyon,Auxerre,2.0,1.0,H,9.0,3.0,0.0,2.0,8.0,2.0,13.0,13.0,20.0,6.0
31/08/2022,Marseille,Clermont,1.0,0.0,H,7.0,1.0,2.0,2.0,7.0,0.0,16.0,12.0,21.0,3.0
31/08/2022,Monaco,Troyes,2.0,4.0,A,8.0,6.0,3.0,1.0,6.0,11.0,13.0,11.0,8.0,19.0
31/08/2022,Montpellier,Ajaccio,2.0,0.0,H,3.0,8.0,2.0,4.0,4.0,0.0,9.0,17.0,9.0,15.0
31/08/2022,Rennes,Brest,3.0,1.0,H,7.0,3.0,2.0,0.0,9.0,2.0,11.0,6.0,16.0,7.0
31/08/2022,Strasbourg,Nantes,1.0,1.0,D,3.0,6.0,0.0,3.0,2.0,3.0,13.0,18.0,5.0,12.0
31/08/2022,Toulouse,Paris SG,0.0,3.0,A,3.0,9.0,1.0,0.0,7.0,13.0,10.0,7.0,14.0,20.0
03/09/2022,Auxerre,Marseille,0.0,2.0,A,4.0,1.0,1.0,1.0,2.0,7.0,8.0,14.0,8.0,15.0
03/09/2022,Lyon,Angers,5.0,0.0,H,13.0,3.0,2.0,1.0,9.0,3.0,5.0,9.0,16.0,8.0
03/09/2022,Nantes,Paris SG,0.0,3.0,A,1.0,7.0,1.0,4.0,1.0,7.0,6.0,12.0,10.0,19.0
04/09/2022,Ajaccio,Lorient,0.0,1.0,A,3.0,3.0,4.0,1.0,3.0,4.0,16.0,12.0,16.0,7.0
04/09/2022,Brest,Strasbourg,1.0,1.0,D,7.0,3.0,3.0,1.0,2.0,3.0,15.0,9.0,11.0,10.0
04/09/2022,Clermont,Toulouse,2.0,0.0,H,4.0,6.0,4.0,1.0,3.0,4.0,14.0,12.0,12.0,14.0
04/09/2022,Montpellier,Lille,1.0,3.0,A,1.0,9.0,0.0,4.0,2.0,7.0,8.0,11.0,4.0,26.0
04/09/2022,Nice,Monaco,0.0,1.0,A,3.0,6.0,2.0,1.0,5.0,2.0,10.0,12.0,12.0,14.0
04/09/2022,Reims,Lens,1.0,1.0,D,4.0,4.0,2.0,2.0,4.0,4.0,9.0,11.0,17.0,20.0
04/09/2022,Troyes,Rennes,1.0,1.0,D,3.0,5.0,2.0,2.0,1.0,6.0,13.0,22.0,9.0,19.0
07/09/2022,Lorient,Lyon,3.0,1.0,H,1.0,6.0,1.0,3.0,6.0,7.0,8.0,18.0,11.0,15.0
09/09/2022,Lens,Troyes,1.0,0.0,H,9.0,1.0,2.0,1.0,3.0,2.0,16.0,10.0,12.0,7.0
10/09/2022,Marseille,Lille,2.0,1.0,H,4.0,3.0,5.0,1.0,7.0,3.0,22.0,17.0,14.0,7.0
10/09/2022,Paris SG,Brest,1.0,0.0,H,3.0,5.0,4.0,2.0,4.0,3.0,13.0,16.0,13.0,6.0
11/09/2022,Ajaccio,Nice,0.0,1.0,A,2.0,3.0,1.0,5.0,3.0,3.0,9.0,11.0,9.0,12.0
11/09/2022,Angers,Montpellier,2.0,1.0,H,2.0,5.0,2.0,4.0,5.0,2.0,15.0,12.0,11.0,7.0
11/09/2022,Lorient,Nantes,3.0,2.0,H,2.0,5.0,2.0,3.0,5.0,4.0,9.0,17.0,13.0,9.0
11/09/2022,Monaco,Lyon,2.0,1.0,H,1.0,6.0,1.0,2.0,4.0,6.0,12.0,9.0,11.0,20.0
11/09/2022,Rennes,Auxerre,5.0,0.0,H,2.0,1.0,1.0,0.0,9.0,3.0,11.0,9.0,12.0,7.0
11/09/2022,Strasbourg,Clermont,0.0,0.0,D,3.0,5.0,4.0,2.0,4.0,4.0,20.0,15.0,12.0,10.0
11/09/2022,Toulouse,Reims,1.0,0.0,H,4.0,6.0,2.0,2.0,3.0,1.0,17.0,11.0,14.0,11.0
16/09/2022,Auxerre,Lorient,1.0,3.0,A,9.0,5.0,3.0,1.0,5.0,8.0,13.0,11.0,17.0,12.0
17/09/2022,Lille,Toulouse,2.0,1.0,H,5.0,7.0,2.0,0.0,4.0,5.0,20.0,14.0,10.0,14.0
17/09/2022,Montpellier,Strasbourg,2.0,1.0,H,8.0,6.0,4.0,4.0,4.0,2.0,11.0,20.0,10.0,8.0
18/09/2022,Brest,Ajaccio,0.0,1.0,A,6.0,2.0,2.0,2.0,4.0,4.0,13.0,12.0,8.0,6.0
18/09/2022,Clermont,Troyes,1.0,3.0,A,5.0,1.0,0.0,3.0,2.0,4.0,8.0,15.0,14.0,9.0
18/09/2022,Lyon,Paris SG,0.0,1.0,A,3.0,7.0,0.0,2.0,3.0,8.0,14.0,4.0,12.0,15.0
18/09/2022,Marseille,Rennes,1.0,1.0,D,11.0,7.0,3.0,4.0,4.0,4.0,13.0,13.0,15.0,12.0
18/09/2022,Nantes,Lens,0.0,0.0,D,3.0,7.0,1.0,1.0,4.0,2.0,14.0,14.0,12.0,8.0
18/09/2022,Nice,Angers,0.0,1.0,A,5.0,4.0,0.0,4.0,5.0,3.0,9.0,11.0,18.0,16.0
18/09/2022,Reims,Monaco,0.0,3.0,A,5.0,4.0,3.0,3.0,2.0,11.0,14.0,16.0,9.0,20.0
30/09/2022,Angers,Marseille,0.0,3.0,A,6.0,3.0,0.0,0.0,5.0,7.0,9.0,14.0,16.0,15.0
01/10/2022,Paris SG,Nice,2.0,1.0,H,4.0,0.0,1.0,1.0,4.0,1.0,16.0,9.0,12.0,4.0
01/10/2022,Strasbourg,Rennes,1.0,3.0,A,1.0,5.0,0.0,2.0,3.0,7.0,9.0,13.0,9.0,17.0
02/10/2022,Ajaccio,Clermont,1.0,3.0,A,4.0,4.0,3.0,3.0,3.0,3.0,13.0,10.0,12.0,7.0
02/10/2022,Auxerre,Brest,1.0,1.0,D,0.0,6.0,4.0,4.0,3.0,2.0,15.0,18.0,11.0,9.0
02/10/2022,Lens,Lyon,1.0,0.0,H,6.0,2.0,2.0,2.0,6.0,0.0,19.0,16.0,21.0,4.0
02/10/2022,Lorient,Lille,2.0,1.0,H,0.0,14.0,3.0,3.0,4.0,4.0,13.0,14.0,7.0,20.0
02/10/2022,Monaco,Nantes,4.0,1.0,H,7.0,7.0,0.0,1.0,6.0,2.0,8.0,10.0,10.0,7.0
02/10/2022,Toulouse,Montpellier,4.0,2.0,H,3.0,12.0,5.0,4.0,6.0,6.0,13.0,6.0,12.0,23.0
02/10/2022,Troyes,Reims,2.0,2.0,D,10.0,2.0,4.0,2.0,6.0,2.0,13.0,13.0,19.0,5.0
07/10/2022,Lyon,Toulouse,1.0,1.0,D,4.0,5.0,2.0,2.0,8.0,2.0,13.0,11.0,19.0,5.0
08/10/2022,Marseille,Ajaccio,1.0,2.0,A,11.0,2.0,0.0,2.0,2.0,1.0,17.0,18.0,10.0,6.0
08/10/2022,Reims,Paris SG,0.0,0.0,D,7.0,3.0,3.0,5.0,4.0,3.0,20.0,12.0,24.0,11.0
09/10/2022,Angers,Strasbourg,2.0,3.0,A,6.0,6.0,1.0,1.0,8.0,7.0,16.0,14.0,14.0,15.0
09/10/2022,Brest,Lorient,1.0,2.0,A,7.0,8.0,3.0,1.0,4.0,5.0,14.0,13.0,12.0,14.0
09/10/2022,Clermont,Auxerre,2.0,1.0,H,4.0,4.0,0.0,0.0,6.0,5.0,4.0,17.0,10.0,14.0
09/10/2022,Lille,Lens,1.0,0.0,H,5.0,9.0,3.0,5.0,6.0,3.0,19.0,15.0,12.0,10.0
09/10/2022,Montpellier,Monaco,0.0,2.0,A,7.0,2.0,2.0,3.0,1.0,7.0,13.0,16.0,11.0,11.0
09/10/2022,Nice,Troyes,3.0,2.0,H,5.0,5.0,1.0,1.0,6.0,6.0,8.0,9.0,14.0,17.0
09/10/2022,Rennes,Nantes,3.0,0.0,H,4.0,3.0,1.0,0.0,4.0,3.0,13.0,14.0,14.0,8.0
14/10/2022,Strasbourg,Lille,0.0,3.0,A,3.0,0.0,3.0,1.0,1.0,7.0,12.0,17.0,12.0,10.0
15/10/2022,Lens,Montpellier,1.0,0.0,H,4.0,5.0,2.0,2.0,5.0,1.0,12.0,10.0,17.0,8.0
15/10/2022,Lorient,Reims,0.0,0.0,D,2.0,2.0,1.0,3.0,3.0,2.0,10.0,17.0,10.0,7.0
16/10/2022,Auxerre,Nice,1.0,1.0,D,2.0,6.0,0.0,0.0,3.0,2.0,11.0,3.0,11.0,9.0
16/10/2022,Monaco,Clermont,1.0,1.0,D,3.0,4.0,2.0,4.0,4.0,7.0,8.0,11.0,6.0,21.0
16/10/2022,Nantes,Brest,4.0,1.0,H,7.0,5.0,0.0,2.0,6.0,2.0,12.0,10.0,17.0,11.0
16/10/2022,Paris SG,Marseille,1.0,0.0,H,7.0,6.0,1.0,0.0,8.0,7.0,9.0,16.0,23.0,18.0
16/10/2022,Rennes,Lyon,3.0,2.0,H,3.0,2.0,2.0,2.0,5.0,5.0,13.0,14.0,14.0,7.0
16/10/2022,Toulouse,Angers,3.0,2.0,H,2.0,8.0,3.0,2.0,7.0,6.0,12.0,15.0,14.0,13.0
16/10/2022,Troyes,Ajaccio,1.0,1.0,D,3.0,5.0,2.0,1.0,2.0,7.0,8.0,14.0,9.0,15.0
21/10/2022,Ajaccio,Paris SG,0.0,3.0,A,3.0,8.0,0.0,1.0,1.0,6.0,13.0,13.0,8.0,11.0
22/10/2022,Marseille,Lens,0.0,1.0,A,7.0,3.0,3.0,3.0,3.0,4.0,19.0,20.0,13.0,12.0
22/10/2022,Montpellier,Lyon,1.0,2.0,A,4.0,7.0,2.0,2.0,4.0,10.0,9.0,18.0,10.0,21.0
23/10/2022,Angers,Rennes,1.0,2.0,A,5.0,6.0,2.0,2.0,2.0,5.0,9.0,11.0,7.0,14.0
23/10/2022,Clermont,Brest,1.0,3.0,A,7.0,4.0,4.0,1.0,4.0,11.0,10.0,17.0,14.0,19.0
23/10/2022,Lille,Monaco,4.0,3.0,H,6.0,6.0,1.0,2.0,7.0,6.0,8.0,10.0,20.0,9.0
23/10/2022,Nice,Nantes,1.0,1.0,D,7.0,3.0,3.0,4.0,5.0,4.0,9.0,9.0,11.0,11.0
23/10/2022,Reims,Auxerre,2.0,1.0,H,8.0,2.0,4.0,0.0,10.0,2.0,13.0,12.0,19.0,10.0
23/10/2022,Toulouse,Strasbourg,2.0,2.0,D,6.0,6.0,2.0,1.0,6.0,5.0,14.0,8.0,17.0,11.0
23/10/2022,Troyes,Lorient,2.0,2.0,D,3.0,6.0,2.0,0.0,4.0,5.0,8.0,9.0,13.0,21.0
28/10/2022,Lens,Toulouse,3.0,0.0,H,6.0,8.0,2.0,1.0,8.0,0.0,12.0,13.0,13.0,9.0
29/10/2022,Paris SG,Troyes,4.0,3.0,H,8.0,4.0,0.0,3.0,11.0,5.0,9.0,12.0,19.0,16.0
29/10/2022,Strasbourg,Marseille,2.0,2.0,D,3.0,0.0,0.0,2.0,5.0,5.0,14.0,11.0,12.0,13.0
30/10/2022,Auxerre,Ajaccio,1.0,0.0,H,5.0,5.0,1.0,1.0,5.0,1.0,13.0,12.0,18.0,5.0
30/10/2022,Brest,Reims,0.0,0.0,D,5.0,5.0,1.0,1.0,4.0,3.0,15.0,13.0,12.0,11.0
30/10/2022,Lorient,Nice,1.0,2.0,A,8.0,3.0,0.0,1.0,8.0,5.0,7.0,7.0,14.0,16.0
30/10/2022,Lyon,Lille,1.0,0.0,H,3.0,6.0,3.0,1.0,3.0,5.0,11.0,15.0,6.0,15.0
30/10/2022,Monaco,Angers,2.0,0.0,H,7.0,0.0,3.0,3.0,5.0,4.0,18.0,15.0,8.0,8.0
30/10/2022,Nantes,Clermont,1.0,1.0,D,2.0,2.0,0.0,2.0,4.0,6.0,15.0,9.0,13.0,10.0
30/10/2022,Rennes,Montpellier,3.0,0.0,H,3.0,4.0,1.0,2.0,3.0,3.0,15.0,12.0,14.0,8.0
04/11/2022,Troyes,Auxerre,1.0,1.0,D,10.0,5.0,2.0,0.0,6.0,2.0,9.0,10.0,21.0,13.0
05/11/2022,Ajaccio,Strasbourg,4.0,2.0,H,4.0,3.0,0.0,4.0,7.0,5.0,15.0,20.0,12.0,9.0
05/11/2022,Angers,Lens,1.0,2.0,A,3.0,4.0,1.0,2.0,3.0,4.0,16.0,6.0,6.0,12.0
06/11/2022,Clermont,Montpellier,1.0,1.0,D,5.0,1.0,1.0,2.0,7.0,3.0,14.0,17.0,16.0,7.0
06/11/2022,Lille,Rennes,1.0,1.0,D,6.0,2.0,4.0,1.0,7.0,2.0,9.0,14.0,19.0,3.0
06/11/2022,Lorient,Paris SG,1.0,2.0,A,5.0,8.0,1.0,1.0,2.0,8.0,10.0,9.0,9.0,15.0
06/11/2022,Marseille,Lyon,1.0,0.0,H,6.0,4.0,0.0,1.0,2.0,4.0,9.0,13.0,6.0,11.0
06/11/2022,Nice,Brest,1.0,0.0,H,2.0,6.0,1.0,1.0,9.0,2.0,6.0,11.0,14.0,12.0
06/11/2022,Reims,Nantes,1.0,0.0,H,10.0,4.0,2.0,4.0,9.0,5.0,7.0,13.0,22.0,15.0
06/11/2022,Toulouse,Monaco,0.0,2.0,A,7.0,6.0,0.0,1.0,5.0,10.0,9.0,11.0,13.0,24.0
11/11/2022,Lyon,Nice,1.0,1.0,D,3.0,4.0,1.0,0.0,3.0,3.0,7.0,7.0,9.0,13.0
12/11/2022,Lens,Clermont,2.0,1.0,H,5.0,3.0,1.0,3.0,3.0,2.0,19.0,17.0,16.0,5.0
12/11/2022,Rennes,Toulouse,2.0,1.0,H,4.0,4.0,0.0,0.0,8.0,4.0,9.0,10.0,16.0,10.0
13/11/2022,Brest,Troyes,2.0,1.0,H,5.0,5.0,3.0,2.0,5.0,2.0,13.0,12.0,15.0,8.0
13/11/2022,Lille,Angers,1.0,0.0,H,2.0,6.0,3.0,1.0,4.0,2.0,18.0,12.0,9.0,8.0
13/11/2022,Monaco,Marseille,2.0,3.0,A,5.0,4.0,3.0,1.0,6.0,3.0,17.0,9.0,11.0,11.0
13/11/2022,Montpellier,Reims,1.0,1.0,D,11.0,7.0,2.0,2.0,8.0,4.0,15.0,15.0,16.0,17.0
13/11/2022,Nantes,Ajaccio,2.0,2.0,D,9.0,6.0,3.0,3.0,5.0,4.0,16.0,17.0,15.0,13.0
13/11/2022,Paris SG,Auxerre,5.0,0.0,H,3.0,7.0,0.0,0.0,6.0,3.0,5.0,7.0,9.0,9.0
13/11/2022,Strasbourg,Lorient,1.0,1.0,D,4.0,2.0,4.0,1.0,4.0,2.0,9.0,9.0,20.0,6.0
28/12/2022,Ajaccio,Angers,1.0,0.0,H,3.0,5.0,1.0,0.0,3.0,4.0,13.0,13.0,11.0,14.0
28/12/2022,Auxerre,Monaco,2.0,3.0,A,1.0,3.0,1.0,0.0,6.0,3.0,9.0,15.0,11.0,6.0
28/12/2022,Brest,Lyon,2.0,4.0,A,6.0,6.0,2.0,2.0,5.0,10.0,8.0,19.0,17.0,17.0
28/12/2022,Clermont,Lille,0.0,2.0,A,3.0,3.0,4.0,2.0,3.0,3.0,9.0,17.0,9.0,14.0
28/12/2022,Paris SG,Strasbourg,2.0,1.0,H,8.0,3.0,4.0,1.0,6.0,3.0,6.0,12.0,9.0,10.0
28/12/2022,Troyes,Nantes,0.0,0.0,D,4.0,4.0,0.0,2.0,2.0,5.0,9.0,13.0,6.0,19.0
29/12/2022,Lorient,Montpellier,0.0,2.0,A,5.0,2.0,3.0,4.0,4.0,6.0,15.0,15.0,12.0,14.0
29/12/2022,Marseille,Toulouse,6.0,1.0,H,1.0,6.0,1.0,2.0,7.0,6.0,14.0,8.0,13.0,10.0
29/12/2022,Nice,Lens,0.0,0.0,D,4.0,6.0,2.0,3.0,5.0,2.0,11.0,18.0,9.0,10.0
29/12/2022,Reims,Rennes,3.0,1.0,H,4.0,6.0,2.0,2.0,4.0,5.0,8.0,8.0,10.0,11.0
01/01/2023,Angers,Lorient,1.0,2.0,A,7.0,7.0,3.0,0.0,6.0,5.0,16.0,9.0,14.0,10.0
01/01/2023,Lens,Paris SG,3.0,1.0,H,3.0,7.0,2.0,3.0,4.0,6.0,16.0,12.0,10.0,16.0
01/01/2023,Lyon,Clermont,0.0,1.0,A,7.0,4.0,1.0,3.0,2.0,3.0,21.0,13.0,13.0,13.0
01/01/2023,Monaco,Brest,1.0,0.0,H,7.0,5.0,3.0,4.0,5.0,6.0,23.0,14.0,17.0,13.0
01/01/2023,Nantes,Auxerre,1.0,0.0,H,3.0,7.0,1.0,2.0,3.0,6.0,10.0,19.0,10.0,14.0
01/01/2023,Toulouse,Ajaccio,2.0,0.0,H,5.0,2.0,3.0,1.0,4.0,0.0,15.0,15.0,11.0,1.0
02/01/2023,Lille,Reims,1.0,1.0,D,5.0,1.0,1.0,1.0,5.0,6.0,8.0,12.0,14.0,9.0
02/01/2023,Montpellier,Marseille,1.0,2.0,A,5.0,7.0,2.0,2.0,1.0,9.0,10.0,14.0,8.0,18.0
02/01/2023,Rennes,Nice,2.0,1.0,H,5.0,2.0,1.0,1.0,5.0,3.0,16.0,7.0,20.0,7.0
02/01/2023,Strasbourg,Troyes,2.0,3.0,A,3.0,1.0,1.0,2.0,7.0,5.0,10.0,12.0,17.0,9.0
11/01/2023,Ajaccio,Reims,0.0,1.0,A,2.0,2.0,3.0,3.0,1.0,3.0,20.0,22.0,11.0,9.0
11/01/2023,Auxerre,Toulouse,0.0,5.0,A,7.0,4.0,3.0,1.0,4.0,7.0,22.0,13.0,19.0,9.0
11/01/2023,Brest,Lille,0.0,0.0,D,0.0,8.0,0.0,1.0,0.0,4.0,15.0,12.0,5.0,11.0
11/01/2023,Clermont,Rennes,2.0,1.0,H,4.0,1.0,0.0,2.0,5.0,2.0,12.0,13.0,11.0,9.0
11/01/2023,Lorient,Monaco,2.0,2.0,D,3.0,4.0,1.0,1.0,6.0,4.0,8.0,13.0,8.0,16.0
11/01/2023,Nantes,Lyon,0.0,0.0,D,6.0,1.0,2.0,3.0,5.0,6.0,12.0,15.0,13.0,10.0
11/01/2023,Nice,Montpellier,6.0,1.0,H,3.0,4.0,1.0,1.0,10.0,2.0,16.0,17.0,16.0,4.0
11/01/2023,Paris SG,Angers,2.0,0.0,H,5.0,1.0,1.0,2.0,6.0,0.0,5.0,10.0,9.0,6.0
11/01/2023,Strasbourg,Lens,2.0,2.0,D,3.0,4.0,1.0,1.0,6.0,8.0,15.0,10.0,9.0,15.0
11/01/2023,Troyes,Marseille,0.0,2.0,A,4.0,7.0,2.0,3.0,1.0,4.0,12.0,13.0,5.0,13.0
14/01/2023,Lens,Auxerre,1.0,0.0,H,9.0,2.0,2.0,4.0,2.0,1.0,21.0,16.0,10.0,6.0
14/01/2023,Lyon,Strasbourg,1.0,2.0,A,14.0,2.0,1.0,3.0,7.0,6.0,10.0,16.0,28.0,8.0
14/01/2023,Marseille,Lorient,3.0,1.0,H,6.0,3.0,1.0,0.0,8.0,3.0,14.0,12.0,16.0,11.0
15/01/2023,Angers,Clermont,1.0,2.0,A,3.0,1.0,2.0,2.0,1.0,6.0,15.0,11.0,5.0,10.0
15/01/2023,Lille,Troyes,5.0,1.0,H,7.0,2.0,1.0,0.0,13.0,2.0,12.0,5.0,23.0,10.0
15/01/2023,Monaco,Ajaccio,7.0,1.0,H,3.0,3.0,1.0,2.0,8.0,2.0,8.0,14.0,11.0,5.0
15/01/2023,Montpellier,Nantes,0.0,3.0,A,3.0,5.0,1.0,2.0,5.0,7.0,13.0,14.0,11.0,12.0
15/01/2023,Reims,Nice,0.0,0.0,D,5.0,3.0,1.0,1.0,2.0,4.0,5.0,5.0,13.0,6.0
15/01/2023,Rennes,Paris SG,1.0,0.0,H,4.0,5.0,0.0,0.0,6.0,1.0,8.0,17.0,8.0,8.0
15/01/2023,Toulouse,Brest,1.0,1.0,D,10.0,5.0,2.0,2.0,7.0,5.0,16.0,12.0,16.0,17.0
27/01/2023,Lorient,Rennes,2.0,1.0,H,2.0,10.0,1.0,1.0,4.0,6.0,4.0,6.0,4.0,19.0
28/01/2023,Marseille,Monaco,1.0,1.0,D,6.0,3.0,2.0,2.0,6.0,4.0,7.0,9.0,22.0,11.0
28/01/2023,Troyes,Lens,1.0,1.0,D,3.0,11.0,2.0,2.0,1.0,5.0,12.0,7.0,6.0,21.0
29/01/2023,Ajaccio,Lyon,0.0,2.0,A,5.0,1.0,2.0,3.0,5.0,2.0,22.0,18.0,16.0,8.0
29/01/2023,Auxerre,Montpellier,0.0,2.0,A,5.0,3.0,1.0,3.0,5.0,3.0,13.0,18.0,16.0,4.0
29/01/2023,Brest,Angers,4.0,0.0,H,4.0,5.0,0.0,2.0,7.0,1.0,10.0,17.0,9.0,8.0
29/01/2023,Clermont,Nantes,0.0,0.0,D,9.0,1.0,2.0,1.0,0.0,0.0,9.0,23.0,9.0,4.0
29/01/2023,Nice,Lille,1.0,0.0,H,5.0,7.0,3.0,2.0,6.0,7.0,12.0,11.0,12.0,16.0
29/01/2023,Paris SG,Reims,1.0,1.0,D,3.0,3.0,2.0,1.0,5.0,4.0,5.0,10.0,12.0,17.0
29/01/2023,Strasbourg,Toulouse,1.0,2.0,A,4.0,2.0,2.0,2.0,2.0,3.0,14.0,10.0,11.0,10.0
01/02/2023,Angers,Ajaccio,1.0,2.0,A,2.0,6.0,1.0,2.0,2.0,4.0,18.0,11.0,6.0,9.0
01/02/2023,Lens,Nice,0.0,1.0,A,5.0,3.0,0.0,2.0,4.0,6.0,12.0,8.0,9.0,14.0
01/02/2023,Lille,Clermont,0.0,0.0,D,8.0,3.0,0.0,1.0,5.0,5.0,15.0,11.0,22.0,13.0
01/02/2023,Lyon,Brest,0.0,0.0,D,15.0,2.0,0.0,0.0,8.0,1.0,10.0,13.0,28.0,8.0
01/02/2023,Monaco,Auxerre,3.0,2.0,H,5.0,4.0,0.0,0.0,6.0,3.0,11.0,7.0,16.0,11.0
01/02/2023,Montpellier,Paris SG,1.0,3.0,A,1.0,3.0,1.0,1.0,3.0,8.0,9.0,12.0,6.0,19.0
01/02/2023,Nantes,Marseille,0.0,2.0,A,5.0,7.0,4.0,3.0,2.0,4.0,14.0,16.0,12.0,13.0
01/02/2023,Reims,Lorient,4.0,2.0,H,5.0,7.0,1.0,0.0,9.0,5.0,11.0,7.0,31.0,12.0
01/02/2023,Rennes,Strasbourg,3.0,0.0,H,4.0,0.0,0.0,1.0,3.0,0.0,12.0,13.0,6.0,3.0
01/02/2023,Toulouse,Troyes,4.0,1.0,H,8.0,0.0,2.0,3.0,6.0,3.0,12.0,14.0,13.0,11.0
04/02/2023,Paris SG,Toulouse,2.0,1.0,H,6.0,2.0,2.0,2.0,5.0,5.0,9.0,14.0,22.0,14.0
04/02/2023,Rennes,Lille,1.0,3.0,A,2.0,1.0,1.0,2.0,6.0,6.0,16.0,9.0,10.0,15.0
04/02/2023,Troyes,Lyon,1.0,3.0,A,5.0,6.0,0.0,1.0,2.0,6.0,10.0,14.0,8.0,10.0
05/02/2023,Ajaccio,Nantes,0.0,2.0,A,2.0,2.0,2.0,1.0,2.0,3.0,16.0,16.0,8.0,7.0
05/02/2023,Auxerre,Reims,0.0,0.0,D,4.0,5.0,2.0,0.0,3.0,4.0,13.0,10.0,12.0,8.0
05/02/2023,Brest,Lens,1.0,1.0,D,11.0,5.0,4.0,2.0,3.0,7.0,15.0,9.0,16.0,20.0
05/02/2023,Clermont,Monaco,0.0,2.0,A,2.0,4.0,1.0,2.0,3.0,5.0,9.0,21.0,8.0,14.0
05/02/2023,Lorient,Angers,0.0,0.0,D,8.0,6.0,2.0,4.0,2.0,5.0,16.0,16.0,13.0,13.0
05/02/2023,Marseille,Nice,1.0,3.0,A,9.0,1.0,0.0,1.0,5.0,8.0,10.0,5.0,22.0,14.0
05/02/2023,Strasbourg,Montpellier,2.0,0.0,H,4.0,7.0,3.0,1.0,2.0,0.0,11.0,16.0,6.0,11.0
10/02/2023,Nice,Ajaccio,3.0,0.0,H,5.0,5.0,1.0,0.0,3.0,3.0,9.0,7.0,11.0,6.0
11/02/2023,Clermont,Marseille,0.0,2.0,A,3.0,4.0,4.0,3.0,4.0,5.0,15.0,16.0,9.0,17.0
11/02/2023,Monaco,Paris SG,3.0,1.0,H,3.0,2.0,0.0,1.0,9.0,2.0,9.0,11.0,19.0,7.0
12/02/2023,Angers,Auxerre,1.0,1.0,D,6.0,4.0,2.0,0.0,5.0,4.0,10.0,9.0,10.0,15.0
12/02/2023,Lille,Strasbourg,2.0,0.0,H,5.0,4.0,1.0,2.0,10.0,0.0,13.0,13.0,14.0,5.0
12/02/2023,Lyon,Lens,2.0,1.0,H,2.0,5.0,1.0,1.0,5.0,4.0,15.0,11.0,11.0,14.0
12/02/2023,Montpellier,Brest,3.0,0.0,H,4.0,3.0,1.0,2.0,7.0,2.0,15.0,20.0,16.0,10.0
12/02/2023,Nantes,Lorient,1.0,0.0,H,7.0,3.0,0.0,0.0,6.0,5.0,12.0,11.0,13.0,9.0
12/02/2023,Reims,Troyes,4.0,0.0,H,5.0,2.0,1.0,2.0,10.0,2.0,13.0,14.0,20.0,7.0
12/02/2023,Toulouse,Rennes,3.0,1.0,H,2.0,7.0,1.0,1.0,7.0,4.0,12.0,17.0,13.0,13.0
17/02/2023,Auxerre,Lyon,2.0,1.0,H,6.0,4.0,4.0,2.0,3.0,4.0,17.0,12.0,8.0,6.0
18/02/2023,Nice,Reims,0.0,0.0,D,9.0,0.0,1.0,1.0,1.0,2.0,9.0,13.0,16.0,10.0
18/02/2023,Strasbourg,Angers,2.0,1.0,H,4.0,5.0,3.0,3.0,5.0,3.0,14.0,16.0,18.0,10.0
19/02/2023,Brest,Monaco,1.0,2.0,A,5.0,5.0,1.0,2.0,3.0,3.0,7.0,10.0,13.0,10.0
19/02/2023,Lens,Nantes,3.0,1.0,H,2.0,5.0,0.0,0.0,6.0,3.0,9.0,15.0,19.0,6.0
19/02/2023,Lorient,Ajaccio,3.0,0.0,H,2.0,2.0,0.0,2.0,6.0,3.0,11.0,14.0,10.0,12.0
19/02/2023,Paris SG,Lille,4.0,3.0,H,3.0,6.0,2.0,4.0,10.0,7.0,9.0,19.0,12.0,16.0
19/02/2023,Rennes,Clermont,2.0,0.0,H,2.0,7.0,0.0,2.0,6.0,3.0,9.0,10.0,18.0,7.0
19/02/2023,Toulouse,Marseille,2.0,3.0,A,3.0,10.0,0.0,2.0,6.0,7.0,8.0,10.0,15.0,15.0
19/02/2023,Troyes,Montpellier,0.0,1.0,A,2.0,10.0,2.0,1.0,2.0,7.0,12.0,9.0,4.0,19.0
24/02/2023,Lille,Brest,2.0,1.0,H,11.0,2.0,2.0,2.0,4.0,0.0,8.0,11.0,18.0,3.0
25/02/2023,Angers,Lyon,1.0,3.0,A,2.0,2.0,0.0,0.0,2.0,5.0,16.0,6.0,11.0,7.0
25/02/2023,Montpellier,Lens,1.0,1.0,D,4.0,6.0,0.0,3.0,3.0,6.0,12.0,13.0,8.0,19.0
26/02/2023,Ajaccio,Troyes,2.0,1.0,H,6.0,3.0,2.0,2.0,6.0,5.0,8.0,15.0,14.0,11.0
26/02/2023,Clermont,Strasbourg,1.0,1.0,D,7.0,2.0,1.0,4.0,4.0,6.0,17.0,25.0,11.0,12.0
26/02/2023,Lorient,Auxerre,0.0,1.0,A,10.0,0.0,2.0,3.0,4.0,1.0,12.0,21.0,18.0,9.0
26/02/2023,Marseille,Paris SG,0.0,3.0,A,7.0,4.0,0.0,0.0,6.0,7.0,20.0,14.0,19.0,12.0
26/02/2023,Monaco,Nice,0.0,3.0,A,5.0,3.0,0.0,1.0,4.0,7.0,8.0,12.0,15.0,12.0
26/02/2023,Nantes,Rennes,0.0,1.0,A,12.0,4.0,2.0,2.0,7.0,3.0,8.0,12.0,20.0,11.0
26/02/2023,Reims,Toulouse,3.0,0.0,H,4.0,2.0,0.0,0.0,6.0,6.0,12.0,14.0,18.0,13.0
03/03/2023,Nice,Auxerre,1.0,1.0,D,8.0,0.0,0.0,1.0,5.0,1.0,10.0,12.0,17.0,3.0
04/03/2023,Lens,Lille,1.0,1.0,D,10.0,3.0,2.0,4.0,1.0,6.0,18.0,14.0,10.0,11.0
04/03/2023,Paris SG,Nantes,4.0,2.0,H,4.0,6.0,0.0,2.0,11.0,5.0,7.0,8.0,17.0,8.0
05/03/2023,Lyon,Lorient,0.0,0.0,D,6.0,5.0,1.0,0.0,5.0,1.0,19.0,6.0,17.0,11.0
05/03/2023,Montpellier,Angers,5.0,0.0,H,6.0,5.0,1.0,4.0,8.0,4.0,10.0,18.0,15.0,10.0
05/03/2023,Reims,Ajaccio,1.0,0.0,H,2.0,1.0,3.0,3.0,3.0,1.0,19.0,21.0,12.0,5.0
05/03/2023,Rennes,Marseille,0.0,1.0,A,4.0,3.0,1.0,1.0,2.0,4.0,10.0,10.0,13.0,11.0
05/03/2023,Strasbourg,Brest,0.0,1.0,A,9.0,2.0,2.0,1.0,4.0,1.0,14.0,17.0,17.0,8.0
05/03/2023,Toulouse,Clermont,0.0,1.0,A,4.0,5.0,4.0,1.0,0.0,3.0,20.0,4.0,9.0,12.0
05/03/2023,Troyes,Monaco,2.0,2.0,D,3.0,4.0,0.0,1.0,6.0,4.0,8.0,8.0,13.0,17.0
10/03/2023,Lille,Lyon,3.0,3.0,D,4.0,0.0,5.0,4.0,6.0,5.0,20.0,19.0,8.0,6.0
11/03/2023,Auxerre,Rennes,0.0,0.0,D,8.0,0.0,2.0,2.0,0.0,2.0,14.0,11.0,12.0,7.0
11/03/2023,Brest,Paris SG,1.0,2.0,A,6.0,3.0,1.0,1.0,2.0,8.0,6.0,12.0,7.0,17.0
12/03/2023,Ajaccio,Montpellier,0.0,1.0,A,1.0,3.0,2.0,2.0,1.0,4.0,13.0,18.0,7.0,12.0
12/03/2023,Angers,Toulouse,0.0,2.0,A,6.0,8.0,0.0,1.0,2.0,5.0,8.0,11.0,13.0,8.0
12/03/2023,Clermont,Lens,0.0,4.0,A,6.0,4.0,1.0,2.0,6.0,6.0,13.0,13.0,9.0,13.0
12/03/2023,Lorient,Troyes,2.0,0.0,H,1.0,4.0,0.0,2.0,6.0,2.0,11.0,10.0,16.0,9.0
12/03/2023,Marseille,Strasbourg,2.0,2.0,D,1.0,8.0,0.0,4.0,4.0,9.0,6.0,15.0,7.0,24.0
12/03/2023,Monaco,Reims,0.0,1.0,A,3.0,3.0,1.0,2.0,3.0,8.0,9.0,14.0,14.0,17.0
12/03/2023,Nantes,Nice,2.0,2.0,D,1.0,10.0,1.0,1.0,3.0,8.0,9.0,11.0,10.0,16.0
17/03/2023,Lyon,Nantes,1.0,1.0,D,5.0,2.0,0.0,1.0,6.0,5.0,13.0,7.0,11.0,11.0
18/03/2023,Lens,Angers,3.0,0.0,H,4.0,4.0,0.0,0.0,6.0,1.0,7.0,15.0,12.0,3.0
18/03/2023,Toulouse,Lille,0.0,2.0,A,12.0,8.0,2.0,0.0,4.0,5.0,12.0,2.0,16.0,18.0
19/03/2023,Ajaccio,Monaco,0.0,2.0,A,1.0,4.0,2.0,1.0,1.0,4.0,20.0,13.0,10.0,8.0
19/03/2023,Montpellier,Clermont,2.0,1.0,H,11.0,4.0,3.0,1.0,9.0,8.0,15.0,15.0,23.0,16.0
19/03/2023,Nice,Lorient,1.0,1.0,D,10.0,2.0,0.0,2.0,1.0,3.0,13.0,10.0,16.0,9.0
19/03/2023,Paris SG,Rennes,0.0,2.0,A,6.0,3.0,1.0,1.0,8.0,3.0,11.0,12.0,17.0,10.0
19/03/2023,Reims,Marseille,1.0,2.0,A,6.0,5.0,2.0,3.0,6.0,5.0,13.0,11.0,19.0,12.0
19/03/2023,Strasbourg,Auxerre,2.0,0.0,H,5.0,4.0,2.0,1.0,6.0,1.0,14.0,11.0,13.0,8.0
19/03/2023,Troyes,Brest,2.0,2.0,D,7.0,4.0,1.0,1.0,5.0,2.0,12.0,10.0,15.0,9.0
31/03/2023,Marseille,Montpellier,1.0,1.0,D,1.0,3.0,2.0,2.0,2.0,3.0,15.0,9.0,13.0,9.0
01/04/2023,Auxerre,Troyes,1.0,0.0,H,4.0,5.0,0.0,0.0,5.0,2.0,7.0,15.0,13.0,14.0
01/04/2023,Rennes,Lens,0.0,1.0,A,5.0,5.0,2.0,2.0,3.0,4.0,13.0,11.0,10.0,12.0
02/04/2023,Angers,Nice,1.0,1.0,D,5.0,2.0,1.0,1.0,6.0,3.0,8.0,11.0,13.0,12.0
02/04/2023,Brest,Toulouse,3.0,1.0,H,4.0,2.0,2.0,5.0,7.0,3.0,16.0,12.0,17.0,8.0
02/04/2023,Clermont,Ajaccio,2.0,1.0,H,5.0,1.0,2.0,5.0,6.0,2.0,15.0,22.0,14.0,3.0
02/04/2023,Lille,Lorient,3.0,1.0,H,5.0,1.0,3.0,3.0,7.0,1.0,14.0,9.0,20.0,2.0
02/04/2023,Monaco,Strasbourg,4.0,3.0,H,3.0,3.0,3.0,1.0,7.0,6.0,15.0,17.0,9.0,13.0
02/04/2023,Nantes,Reims,0.0,3.0,A,3.0,4.0,1.0,2.0,6.0,9.0,10.0,13.0,12.0,14.0
02/04/2023,Paris SG,Lyon,0.0,1.0,A,7.0,1.0,3.0,3.0,5.0,3.0,10.0,16.0,16.0,10.0
07/04/2023,Lens,Strasbourg,2.0,1.0,H,5.0,1.0,1.0,5.0,9.0,3.0,19.0,19.0,13.0,13.0
08/04/2023,Angers,Lille,1.0,0.0,H,3.0,6.0,2.0,3.0,5.0,5.0,18.0,18.0,7.0,15.0
08/04/2023,Nice,Paris SG,0.0,2.0,A,10.0,5.0,1.0,0.0,7.0,4.0,8.0,2.0,21.0,13.0
09/04/2023,Ajaccio,Auxerre,0.0,3.0,A,7.0,5.0,1.0,3.0,2.0,4.0,13.0,15.0,9.0,11.0
09/04/2023,Lorient,Marseille,0.0,0.0,D,3.0,6.0,0.0,2.0,5.0,2.0,10.0,18.0,9.0,13.0
09/04/2023,Lyon,Rennes,3.0,1.0,H,7.0,2.0,2.0,2.0,3.0,3.0,14.0,17.0,11.0,11.0
09/04/2023,Montpellier,Toulouse,1.0,2.0,A,4.0,3.0,0.0,2.0,8.0,8.0,16.0,19.0,16.0,15.0
09/04/2023,Nantes,Monaco,2.0,2.0,D,6.0,8.0,3.0,1.0,2.0,10.0,13.0,11.0,9.0,16.0
09/04/2023,Reims,Brest,1.0,1.0,D,6.0,3.0,0.0,1.0,7.0,5.0,9.0,13.0,22.0,12.0
09/04/2023,Troyes,Clermont,0.0,2.0,A,3.0,2.0,3.0,2.0,3.0,4.0,18.0,9.0,9.0,12.0
14/04/2023,Toulouse,Lyon,1.0,2.0,A,8.0,5.0,1.0,4.0,6.0,3.0,14.0,10.0,13.0,14.0
15/04/2023,Paris SG,Lens,3.0,1.0,H,3.0,10.0,0.0,0.0,7.0,7.0,12.0,8.0,15.0,14.0
15/04/2023,Rennes,Reims,3.0,0.0,H,6.0,4.0,1.0,2.0,8.0,1.0,12.0,14.0,23.0,5.0
16/04/2023,Auxerre,Nantes,2.0,1.0,H,3.0,6.0,2.0,2.0,7.0,7.0,14.0,8.0,13.0,17.0
16/04/2023,Brest,Nice,1.0,0.0,H,3.0,5.0,1.0,3.0,3.0,6.0,15.0,14.0,14.0,12.0
16/04/2023,Clermont,Angers,2.0,1.0,H,6.0,6.0,1.0,3.0,5.0,4.0,12.0,15.0,12.0,7.0
16/04/2023,Lille,Montpellier,2.0,1.0,H,8.0,4.0,1.0,3.0,7.0,1.0,15.0,19.0,17.0,4.0
16/04/2023,Marseille,Troyes,3.0,1.0,H,8.0,1.0,0.0,2.0,6.0,2.0,13.0,8.0,28.0,4.0
16/04/2023,Monaco,Lorient,3.0,1.0,H,5.0,3.0,0.0,1.0,7.0,4.0,18.0,10.0,11.0,7.0
16/04/2023,Strasbourg,Ajaccio,3.0,1.0,H,5.0,0.0,2.0,5.0,6.0,1.0,14.0,19.0,12.0,8.0
21/04/2023,Angers,Paris SG,1.0,2.0,A,5.0,8.0,0.0,0.0,4.0,4.0,6.0,8.0,16.0,10.0
22/04/2023,Auxerre,Lille,1.0,1.0,D,4.0,4.0,0.0,1.0,4.0,6.0,12.0,12.0,8.0,14.0
22/04/2023,Lens,Monaco,3.0,0.0,H,2.0,4.0,0.0,2.0,8.0,4.0,8.0,14.0,21.0,11.0
23/04/2023,Ajaccio,Brest,0.0,0.0,D,4.0,4.0,2.0,2.0,2.0,2.0,11.0,20.0,3.0,10.0
23/04/2023,Lorient,Toulouse,0.0,1.0,A,2.0,7.0,3.0,2.0,1.0,4.0,13.0,12.0,9.0,13.0
23/04/2023,Lyon,Marseille,1.0,2.0,A,5.0,3.0,2.0,1.0,2.0,7.0,11.0,18.0,7.0,14.0
23/04/2023,Montpellier,Rennes,1.0,0.0,H,4.0,4.0,3.0,2.0,2.0,4.0,11.0,13.0,11.0,16.0
23/04/2023,Nantes,Troyes,2.0,2.0,D,13.0,4.0,1.0,0.0,9.0,4.0,12.0,10.0,19.0,9.0
23/04/2023,Nice,Clermont,1.0,2.0,A,6.0,2.0,1.0,2.0,5.0,3.0,19.0,9.0,15.0,9.0
23/04/2023,Reims,Strasbourg,0.0,2.0,A,6.0,4.0,2.0,1.0,5.0,3.0,11.0,12.0,15.0,9.0
28/04/2023,Strasbourg,Lyon,1.0,2.0,A,5.0,4.0,2.0,4.0,3.0,4.0,13.0,24.0,11.0,7.0
29/04/2023,Lille,Ajaccio,3.0,0.0,H,9.0,0.0,1.0,2.0,5.0,0.0,10.0,13.0,10.0,2.0
30/04/2023,Clermont,Reims,1.0,0.0,H,5.0,6.0,0.0,2.0,2.0,2.0,8.0,12.0,6.0,13.0
30/04/2023,Marseille,Auxerre,2.0,1.0,H,12.0,1.0,1.0,0.0,4.0,3.0,7.0,6.0,26.0,11.0
30/04/2023,Monaco,Montpellier,0.0,4.0,A,3.0,11.0,2.0,1.0,4.0,9.0,11.0,12.0,7.0,19.0
30/04/2023,Paris SG,Lorient,1.0,3.0,A,2.0,3.0,4.0,3.0,4.0,7.0,15.0,17.0,13.0,14.0
30/04/2023,Rennes,Angers,4.0,2.0,H,7.0,5.0,1.0,2.0,4.0,2.0,14.0,11.0,13.0,4.0
30/04/2023,Troyes,Nice,0.0,1.0,A,3.0,14.0,0.0,2.0,6.0,13.0,7.0,10.0,9.0,29.0
02/05/2023,Toulouse,Lens,0.0,1.0,A,5.0,0.0,1.0,2.0,2.0,3.0,5.0,7.0,9.0,11.0
03/05/2023,Brest,Nantes,2.0,0.0,H,2.0,4.0,0.0,1.0,4.0,5.0,7.0,15.0,8.0,13.0
06/05/2023,Lens,Marseille,2.0,1.0,H,7.0,7.0,5.0,2.0,3.0,3.0,12.0,16.0,9.0,14.0
06/05/2023,Nice,Rennes,2.0,1.0,H,4.0,7.0,0.0,1.0,4.0,4.0,11.0,11.0,11.0,14.0
06/05/2023,Reims,Lille,1.0,0.0,H,4.0,7.0,2.0,3.0,4.0,5.0,17.0,10.0,14.0,11.0
07/05/2023,Ajaccio,Toulouse,0.0,0.0,D,4.0,7.0,3.0,0.0,2.0,5.0,10.0,8.0,4.0,15.0
07/05/2023,Angers,Monaco,1.0,2.0,A,4.0,3.0,3.0,2.0,3.0,6.0,13.0,17.0,10.0,14.0
07/05/2023,Auxerre,Clermont,1.0,1.0,D,2.0,2.0,1.0,0.0,4.0,4.0,19.0,13.0,11.0,9.0
07/05/2023,Lorient,Brest,2.0,1.0,H,4.0,6.0,3.0,2.0,3.0,2.0,13.0,22.0,6.0,15.0
07/05/2023,Lyon,Montpellier,5.0,4.0,H,3.0,5.0,0.0,3.0,8.0,6.0,12.0,14.0,16.0,12.0
07/05/2023,Nantes,Strasbourg,0.0,2.0,A,11.0,1.0,3.0,1.0,5.0,6.0,22.0,15.0,13.0,8.0
07/05/2023,Troyes,Paris SG,1.0,3.0,A,6.0,6.0,1.0,0.0,3.0,12.0,5.0,5.0,7.0,31.0
12/05/2023,Lens,Reims,2.0,1.0,H,0.0,14.0,1.0,3.0,6.0,3.0,6.0,19.0,8.0,17.0
13/05/2023,Paris SG,Ajaccio,5.0,0.0,H,8.0,3.0,1.0,1.0,9.0,2.0,7.0,6.0,16.0,7.0
13/05/2023,Strasbourg,Nice,2.0,0.0,H,2.0,3.0,1.0,1.0,3.0,4.0,14.0,8.0,12.0,9.0
14/05/2023,Brest,Auxerre,1.0,0.0,H,6.0,0.0,0.0,0.0,10.0,2.0,8.0,8.0,15.0,10.0
14/05/2023,Clermont,Lyon,2.0,1.0,H,5.0,2.0,3.0,3.0,6.0,4.0,17.0,10.0,9.0,15.0
14/05/2023,Marseille,Angers,3.0,1.0,H,7.0,0.0,1.0,2.0,6.0,1.0,17.0,9.0,14.0,4.0
14/05/2023,Monaco,Lille,0.0,0.0,D,3.0,4.0,0.0,2.0,1.0,4.0,19.0,13.0,8.0,10.0
14/05/2023,Montpellier,Lorient,1.0,1.0,D,11.0,5.0,2.0,3.0,4.0,3.0,20.0,15.0,15.0,11.0
14/05/2023,Rennes,Troyes,4.0,0.0,H,9.0,1.0,0.0,1.0,9.0,0.0,4.0,9.0,26.0,4.0
14/05/2023,Toulouse,Nantes,0.0,0.0,D,10.0,5.0,1.0,1.0,6.0,1.0,6.0,13.0,14.0,8.0
19/05/2023,Lyon,Monaco,3.0,1.0,H,2.0,8.0,0.0,3.0,11.0,9.0,8.0,14.0,22.0,16.0
20/05/2023,Lille,Marseille,2.0,1.0,H,3.0,4.0,3.0,2.0,3.0,3.0,14.0,20.0,12.0,8.0
20/05/2023,Nantes,Montpellier,0.0,3.0,A,10.0,6.0,4.0,0.0,3.0,6.0,14.0,8.0,13.0,13.0
21/05/2023,Ajaccio,Rennes,0.0,5.0,A,2.0,5.0,1.0,2.0,0.0,7.0,8.0,14.0,2.0,13.0
21/05/2023,Auxerre,Paris SG,1.0,2.0,A,4.0,6.0,1.0,0.0,7.0,4.0,11.0,6.0,14.0,15.0
21/05/2023,Brest,Clermont,2.0,1.0,H,7.0,1.0,3.0,4.0,3.0,2.0,16.0,11.0,10.0,8.0
21/05/2023,Lorient,Lens,1.0,3.0,A,3.0,5.0,2.0,2.0,5.0,7.0,14.0,13.0,13.0,15.0
21/05/2023,Nice,Toulouse,0.0,0.0,D,6.0,3.0,2.0,2.0,7.0,4.0,6.0,15.0,21.0,7.0
21/05/2023,Reims,Angers,2.0,2.0,D,7.0,3.0,0.0,2.0,5.0,3.0,14.0,11.0,11.0,7.0
21/05/2023,Troyes,Strasbourg,1.0,1.0,D,4.0,6.0,1.0,1.0,3.0,5.0,9.0,17.0,8.0,16.0
27/05/2023,Angers,Troyes,2.0,1.0,H,14.0,3.0,1.0,1.0,5.0,3.0,12.0,7.0,18.0,5.0
27/05/2023,Clermont,Lorient,2.0,0.0,H,9.0,1.0,0.0,0.0,7.0,1.0,13.0,12.0,18.0,6.0
27/05/2023,Lens,Ajaccio,3.0,0.0,H,9.0,2.0,1.0,2.0,3.0,0.0,12.0,12.0,12.0,6.0
27/05/2023,Lille,Nantes,2.0,1.0,H,5.0,3.0,2.0,4.0,2.0,3.0,7.0,12.0,9.0,8.0
27/05/2023,Lyon,Reims,3.0,0.0,H,7.0,4.0,1.0,1.0,7.0,1.0,11.0,15.0,23.0,10.0
27/05/2023,Marseille,Brest,1.0,2.0,A,3.0,5.0,2.0,2.0,4.0,5.0,14.0,16.0,10.0,15.0
27/05/2023,Montpellier,Nice,2.0,3.0,A,2.0,10.0,0.0,3.0,8.0,15.0,12.0,16.0,14.0,23.0
27/05/2023,Rennes,Monaco,2.0,0.0,H,7.0,3.0,0.0,3.0,6.0,3.0,11.0,7.0,12.0,11.0
27/05/2023,Strasbourg,Paris SG,1.0,1.0,D,4.0,2.0,1.0,2.0,5.0,2.0,9.0,8.0,17.0,7.0
27/05/2023,Toulouse,Auxerre,1.0,1.0,D,6.0,3.0,1.0,3.0,3.0,2.0,18.0,14.0,10.0,16.0
03/06/2023,Ajaccio,Marseille,1.0,0.0,H,2.0,3.0,1.0,1.0,1.0,5.0,19.0,15.0,3.0,17.0
03/06/2023,Auxerre,Lens,1.0,3.0,A,5.0,5.0,1.0,3.0,5.0,7.0,10.0,16.0,17.0,15.0
03/06/2023,Brest,Rennes,1.0,2.0,A,3.0,3.0,2.0,4.0,5.0,3.0,10.0,14.0,14.0,12.0
03/06/2023,Lorient,Strasbourg,2.0,1.0,H,4.0,4.0,1.0,1.0,3.0,7.0,9.0,15.0,5.0,15.0
03/06/2023,Monaco,Toulouse,1.0,2.0,A,4.0,7.0,1.0,2.0,7.0,8.0,10.0,11.0,19.0,22.0
03/06/2023,Nantes,Angers,1.0,0.0,H,8.0,1.0,1.0,0.0,7.0,1.0,12.0,13.0,11.0,5.0
03/06/2023,Nice,Lyon,3.0,1.0,H,3.0,2.0,0.0,1.0,6.0,7.0,8.0,12.0,16.0,16.0
03/06/2023,Paris SG,Clermont,2.0,3.0,A,6.0,2.0,2.0,1.0,6.0,5.0,17.0,11.0,16.0,12.0
03/06/2023,Reims,Montpellier,1.0,3.0,A,4.0,7.0,1.0,2.0,5.0,8.0,16.0,9.0,11.0,16.0
03/06/2023,Troyes,Lille,1.0,1.0,D,2.0,8.0,0.0,4.0,3.0,7.0,9.0,15.0,8.0,18.0
11/08/2023,Nice,Lille,1.0,1.0,D,3.0,3.0,3.0,2.0,3.0,5.0,13.0,9.0,8.0,12.0
12/08/2023,Marseille,Reims,2.0,1.0,H,10.0,10.0,1.0,3.0,4.0,4.0,7.0,16.0,14.0,11.0
12/08/2023,Paris SG,Lorient,0.0,0.0,D,9.0,2.0,0.0,0.0,4.0,0.0,8.0,6.0,20.0,4.0
13/08/2023,Brest,Lens,3.0,2.0,H,6.0,8.0,2.0,3.0,8.0,2.0,13.0,15.0,15.0,10.0
13/08/2023,Clermont,Monaco,2.0,4.0,A,6.0,2.0,0.0,4.0,7.0,8.0,7.0,16.0,15.0,14.0
13/08/2023,Montpellier,Le Havre,2.0,2.0,D,5.0,2.0,1.0,2.0,5.0,4.0,8.0,12.0,15.0,12.0
13/08/2023,Nantes,Toulouse,1.0,2.0,A,7.0,5.0,2.0,2.0,4.0,5.0,14.0,14.0,9.0,9.0
13/08/2023,Rennes,Metz,5.0,1.0,H,5.0,4.0,0.0,2.0,14.0,3.0,7.0,10.0,29.0,9.0
13/08/2023,Strasbourg,Lyon,2.0,1.0,H,1.0,6.0,2.0,2.0,2.0,7.0,8.0,11.0,8.0,23.0
18/08/2023,Metz,Marseille,2.0,2.0,D,4.0,9.0,3.0,2.0,5.0,5.0,15.0,9.0,10.0,22.0
19/08/2023,Lyon,Montpellier,1.0,4.0,A,6.0,2.0,4.0,1.0,3.0,8.0,20.0,10.0,7.0,14.0
19/08/2023,Toulouse,Paris SG,1.0,1.0,D,5.0,5.0,0.0,3.0,2.0,3.0,8.0,11.0,8.0,16.0
20/08/2023,Le Havre,Brest,1.0,2.0,A,5.0,3.0,0.0,2.0,7.0,5.0,18.0,15.0,18.0,10.0
20/08/2023,Lens,Rennes,1.0,1.0,D,11.0,0.0,2.0,1.0,4.0,5.0,15.0,10.0,15.0,10.0
20/08/2023,Lille,Nantes,2.0,0.0,H,7.0,5.0,0.0,2.0,8.0,4.0,8.0,15.0,18.0,14.0
20/08/2023,Lorient,Nice,1.0,1.0,D,0.0,9.0,1.0,1.0,2.0,8.0,8.0,10.0,9.0,21.0
20/08/2023,Monaco,Strasbourg,3.0,0.0,H,4.0,3.0,2.0,1.0,4.0,1.0,19.0,16.0,9.0,4.0
20/08/2023,Reims,Clermont,2.0,0.0,H,3.0,10.0,0.0,0.0,4.0,4.0,9.0,6.0,8.0,11.0
25/08/2023,Nantes,Monaco,3.0,3.0,D,1.0,10.0,2.0,2.0,3.0,10.0,8.0,7.0,3.0,27.0
26/08/2023,Marseille,Brest,2.0,0.0,H,3.0,10.0,0.0,1.0,6.0,7.0,4.0,8.0,15.0,18.0
26/08/2023,Paris SG,Lens,3.0,1.0,H,5.0,5.0,0.0,5.0,7.0,4.0,8.0,16.0,17.0,12.0
27/08/2023,Clermont,Metz,0.0,1.0,A,10.0,2.0,1.0,1.0,4.0,5.0,8.0,10.0,16.0,10.0
27/08/2023,Lorient,Lille,4.0,1.0,H,5.0,8.0,2.0,4.0,6.0,7.0,22.0,12.0,9.0,18.0
27/08/2023,Montpellier,Reims,1.0,3.0,A,5.0,3.0,1.0,1.0,3.0,6.0,9.0,19.0,19.0,12.0
27/08/2023,Nice,Lyon,0.0,0.0,D,7.0,2.0,1.0,4.0,4.0,1.0,8.0,14.0,21.0,6.0
27/08/2023,Rennes,Le Havre,2.0,2.0,D,5.0,2.0,1.0,2.0,8.0,3.0,5.0,7.0,22.0,7.0
27/08/2023,Strasbourg,Toulouse,2.0,0.0,H,3.0,3.0,1.0,3.0,3.0,1.0,16.0,17.0,11.0,7.0
01/09/2023,Nantes,Marseille,1.0,1.0,D,2.0,7.0,0.0,2.0,2.0,9.0,7.0,13.0,10.0,26.0
02/09/2023,Brest,Rennes,0.0,0.0,D,7.0,5.0,3.0,1.0,2.0,3.0,12.0,12.0,13.0,6.0
02/09/2023,Monaco,Lens,3.0,0.0,H,5.0,2.0,4.0,2.0,6.0,1.0,21.0,16.0,11.0,12.0
03/09/2023,Le Havre,Lorient,3.0,0.0,H,5.0,4.0,0.0,0.0,6.0,2.0,10.0,7.0,17.0,9.0
03/09/2023,Lille,Montpellier,1.0,0.0,H,5.0,5.0,2.0,1.0,6.0,5.0,15.0,14.0,15.0,9.0
03/09/2023,Lyon,Paris SG,1.0,4.0,A,5.0,2.0,2.0,2.0,8.0,8.0,9.0,5.0,19.0,22.0
03/09/2023,Metz,Reims,2.0,2.0,D,4.0,1.0,0.0,4.0,4.0,2.0,10.0,17.0,12.0,12.0
03/09/2023,Nice,Strasbourg,2.0,0.0,H,5.0,2.0,2.0,1.0,6.0,0.0,7.0,12.0,16.0,4.0
03/09/2023,Toulouse,Clermont,2.0,2.0,D,0.0,8.0,1.0,3.0,5.0,3.0,19.0,17.0,9.0,15.0
15/09/2023,Paris SG,Nice,2.0,3.0,A,4.0,3.0,2.0,5.0,3.0,8.0,8.0,17.0,12.0,14.0
16/09/2023,Lens,Metz,0.0,1.0,A,9.0,1.0,1.0,2.0,10.0,2.0,12.0,12.0,31.0,2.0
16/09/2023,Rennes,Lille,2.0,2.0,D,5.0,2.0,1.0,4.0,4.0,6.0,11.0,16.0,7.0,10.0
17/09/2023,Clermont,Nantes,0.0,1.0,A,6.0,3.0,2.0,2.0,3.0,5.0,16.0,16.0,16.0,8.0
17/09/2023,Lorient,Monaco,2.0,2.0,D,8.0,6.0,0.0,1.0,3.0,7.0,13.0,14.0,10.0,20.0
17/09/2023,Lyon,Le Havre,0.0,0.0,D,6.0,1.0,3.0,2.0,7.0,0.0,13.0,12.0,23.0,7.0
17/09/2023,Marseille,Toulouse,0.0,0.0,D,6.0,1.0,2.0,5.0,6.0,3.0,9.0,11.0,24.0,10.0
17/09/2023,Reims,Brest,1.0,2.0,A,8.0,8.0,2.0,4.0,7.0,7.0,7.0,11.0,13.0,18.0
17/09/2023,Strasbourg,Montpellier,2.0,2.0,D,2.0,4.0,4.0,6.0,7.0,4.0,17.0,17.0,14.0,11.0
22/09/2023,Monaco,Nice,0.0,1.0,A,5.0,2.0,1.0,1.0,3.0,7.0,13.0,15.0,9.0,13.0
23/09/2023,Brest,Lyon,1.0,0.0,H,10.0,1.0,3.0,1.0,11.0,3.0,17.0,16.0,27.0,6.0
23/09/2023,Nantes,Lorient,5.0,3.0,H,4.0,2.0,1.0,3.0,9.0,7.0,8.0,17.0,19.0,10.0
24/09/2023,Le Havre,Clermont,2.0,1.0,H,1.0,3.0,2.0,3.0,3.0,4.0,15.0,17.0,9.0,11.0
24/09/2023,Lens,Toulouse,2.0,1.0,H,9.0,4.0,2.0,1.0,7.0,2.0,16.0,15.0,27.0,7.0
24/09/2023,Metz,Strasbourg,0.0,1.0,A,1.0,1.0,2.0,0.0,1.0,1.0,16.0,15.0,13.0,4.0
24/09/2023,Montpellier,Rennes,0.0,0.0,D,3.0,6.0,2.0,1.0,4.0,6.0,10.0,15.0,13.0,18.0
24/09/2023,Paris SG,Marseille,4.0,0.0,H,8.0,3.0,0.0,3.0,5.0,0.0,11.0,14.0,15.0,6.0
26/09/2023,Lille,Reims,1.0,2.0,A,4.0,2.0,1.0,2.0,3.0,4.0,4.0,19.0,14.0,4.0
29/09/2023,Strasbourg,Lens,0.0,1.0,A,2.0,3.0,2.0,4.0,2.0,2.0,16.0,15.0,8.0,9.0
30/09/2023,Clermont,Paris SG,0.0,0.0,D,6.0,9.0,2.0,3.0,3.0,10.0,11.0,16.0,12.0,21.0
30/09/2023,Monaco,Marseille,3.0,2.0,H,2.0,6.0,4.0,4.0,7.0,4.0,17.0,15.0,10.0,8.0
01/10/2023,Le Havre,Lille,0.0,2.0,A,6.0,6.0,0.0,0.0,0.0,6.0,18.0,6.0,5.0,16.0
01/10/2023,Lorient,Montpellier,0.0,3.0,A,8.0,3.0,2.0,1.0,3.0,8.0,13.0,6.0,14.0,14.0
01/10/2023,Nice,Brest,0.0,0.0,D,6.0,4.0,1.0,3.0,1.0,2.0,13.0,9.0,12.0,7.0
01/10/2023,Reims,Lyon,2.0,0.0,H,1.0,5.0,2.0,2.0,3.0,6.0,19.0,14.0,8.0,11.0
01/10/2023,Rennes,Nantes,3.0,1.0,H,6.0,4.0,3.0,6.0,5.0,3.0,11.0,17.0,16.0,10.0
01/10/2023,Toulouse,Metz,3.0,0.0,H,4.0,6.0,3.0,0.0,10.0,3.0,10.0,7.0,15.0,8.0
06/10/2023,Strasbourg,Nantes,1.0,2.0,A,3.0,11.0,4.0,0.0,3.0,7.0,15.0,12.0,11.0,16.0
07/10/2023,Metz,Nice,0.0,1.0,A,1.0,4.0,0.0,1.0,3.0,4.0,9.0,10.0,10.0,7.0
07/10/2023,Reims,Monaco,1.0,3.0,A,10.0,5.0,0.0,3.0,4.0,4.0,10.0,14.0,11.0,11.0
08/10/2023,Brest,Toulouse,1.0,1.0,D,3.0,5.0,2.0,2.0,2.0,3.0,18.0,18.0,13.0,9.0
08/10/2023,Lens,Lille,1.0,1.0,D,8.0,5.0,2.0,4.0,5.0,3.0,14.0,16.0,14.0,8.0
08/10/2023,Lyon,Lorient,3.0,3.0,D,5.0,2.0,0.0,0.0,6.0,5.0,22.0,10.0,9.0,6.0
08/10/2023,Marseille,Le Havre,3.0,0.0,H,4.0,3.0,0.0,3.0,6.0,1.0,6.0,16.0,14.0,7.0
08/10/2023,Rennes,Paris SG,1.0,3.0,A,1.0,7.0,1.0,0.0,4.0,7.0,12.0,15.0,14.0,17.0
20/10/2023,Le Havre,Lens,0.0,0.0,D,3.0,3.0,2.0,3.0,5.0,7.0,16.0,9.0,14.0,13.0
21/10/2023,Nice,Marseille,1.0,0.0,H,4.0,2.0,4.0,3.0,2.0,1.0,13.0,6.0,10.0,9.0
21/10/2023,Paris SG,Strasbourg,3.0,0.0,H,1.0,6.0,2.0,0.0,4.0,1.0,11.0,10.0,8.0,7.0
22/10/2023,Lille,Brest,1.0,0.0,H,3.0,5.0,2.0,3.0,4.0,1.0,12.0,13.0,6.0,9.0
22/10/2023,Lorient,Rennes,2.0,1.0,H,6.0,16.0,0.0,2.0,4.0,6.0,5.0,14.0,5.0,20.0
22/10/2023,Lyon,Clermont,1.0,2.0,A,10.0,3.0,4.0,6.0,6.0,5.0,16.0,12.0,25.0,12.0
22/10/2023,Monaco,Metz,2.0,1.0,H,10.0,2.0,1.0,3.0,13.0,4.0,12.0,11.0,27.0,8.0
22/10/2023,Nantes,Montpellier,2.0,0.0,H,4.0,3.0,2.0,1.0,5.0,6.0,16.0,13.0,14.0,11.0
22/10/2023,Toulouse,Reims,1.0,1.0,D,5.0,7.0,2.0,0.0,5.0,4.0,18.0,15.0,11.0,15.0
27/10/2023,Clermont,Nice,0.0,1.0,A,2.0,2.0,0.0,2.0,3.0,5.0,14.0,12.0,8.0,11.0
28/10/2023,Lens,Nantes,4.0,0.0,H,4.0,1.0,1.0,2.0,7.0,1.0,12.0,17.0,11.0,11.0
28/10/2023,Reims,Lorient,1.0,0.0,H,4.0,4.0,1.0,3.0,5.0,1.0,16.0,7.0,12.0,9.0
29/10/2023,Brest,Paris SG,2.0,3.0,A,9.0,5.0,3.0,4.0,5.0,10.0,14.0,10.0,20.0,17.0
29/10/2023,Lille,Monaco,2.0,0.0,H,2.0,8.0,1.0,2.0,5.0,6.0,17.0,13.0,7.0,16.0
29/10/2023,Metz,Le Havre,0.0,0.0,D,5.0,6.0,2.0,2.0,3.0,1.0,13.0,15.0,9.0,12.0
29/10/2023,Montpellier,Toulouse,3.0,0.0,H,3.0,4.0,2.0,3.0,6.0,5.0,13.0,15.0,19.0,16.0
29/10/2023,Rennes,Strasbourg,1.0,1.0,D,7.0,5.0,2.0,2.0,3.0,3.0,14.0,16.0,20.0,11.0
03/11/2023,Paris SG,Montpellier,3.0,0.0,H,9.0,2.0,1.0,0.0,10.0,2.0,10.0,13.0,21.0,7.0
04/11/2023,Lorient,Lens,0.0,0.0,D,1.0,5.0,3.0,3.0,2.0,7.0,10.0,14.0,7.0,14.0
04/11/2023,Marseille,Lille,0.0,0.0,D,2.0,8.0,2.0,3.0,3.0,1.0,10.0,12.0,8.0,10.0
05/11/2023,Lyon,Metz,1.0,1.0,D,4.0,9.0,1.0,1.0,4.0,5.0,16.0,14.0,15.0,10.0
05/11/2023,Monaco,Brest,2.0,0.0,H,6.0,4.0,2.0,4.0,6.0,1.0,15.0,11.0,12.0,15.0
05/11/2023,Nantes,Reims,0.0,1.0,A,10.0,6.0,1.0,2.0,4.0,4.0,5.0,11.0,17.0,7.0
05/11/2023,Nice,Rennes,2.0,0.0,H,2.0,1.0,0.0,2.0,4.0,4.0,7.0,12.0,16.0,11.0
05/11/2023,Strasbourg,Clermont,0.0,0.0,D,4.0,6.0,2.0,0.0,5.0,2.0,11.0,5.0,18.0,10.0
05/11/2023,Toulouse,Le Havre,1.0,2.0,A,4.0,6.0,2.0,2.0,5.0,7.0,9.0,12.0,17.0,15.0
10/11/2023,Montpellier,Nice,0.0,0.0,D,3.0,7.0,0.0,4.0,1.0,4.0,11.0,15.0,9.0,15.0
11/11/2023,Le Havre,Monaco,0.0,0.0,D,2.0,4.0,2.0,3.0,5.0,4.0,10.0,18.0,9.0,10.0
11/11/2023,Reims,Paris SG,0.0,3.0,A,8.0,4.0,1.0,0.0,6.0,6.0,14.0,6.0,19.0,14.0
12/11/2023,Clermont,Lorient,1.0,0.0,H,5.0,4.0,3.0,2.0,6.0,3.0,15.0,10.0,17.0,10.0
12/11/2023,Lens,Marseille,1.0,0.0,H,4.0,5.0,2.0,2.0,3.0,2.0,19.0,15.0,14.0,8.0
12/11/2023,Lille,Toulouse,1.0,1.0,D,11.0,1.0,3.0,4.0,6.0,1.0,12.0,16.0,13.0,2.0
12/11/2023,Metz,Nantes,3.0,1.0,H,2.0,5.0,0.0,0.0,4.0,3.0,7.0,9.0,9.0,16.0
12/11/2023,Rennes,Lyon,0.0,1.0,A,6.0,9.0,3.0,1.0,2.0,5.0,5.0,18.0,8.0,12.0
24/11/2023,Paris SG,Monaco,5.0,2.0,H,2.0,10.0,0.0,1.0,11.0,7.0,9.0,19.0,16.0,14.0
25/11/2023,Clermont,Lens,0.0,3.0,A,2.0,4.0,2.0,3.0,4.0,10.0,16.0,17.0,13.0,16.0
25/11/2023,Strasbourg,Marseille,1.0,1.0,D,7.0,11.0,1.0,2.0,7.0,3.0,14.0,16.0,15.0,16.0
26/11/2023,Lorient,Metz,2.0,3.0,A,5.0,6.0,2.0,1.0,5.0,5.0,10.0,17.0,11.0,14.0
26/11/2023,Lyon,Lille,0.0,2.0,A,3.0,5.0,2.0,2.0,5.0,8.0,17.0,5.0,11.0,15.0
26/11/2023,Montpellier,Brest,1.0,3.0,A,9.0,1.0,2.0,2.0,5.0,5.0,11.0,18.0,17.0,17.0
26/11/2023,Nantes,Le Havre,0.0,0.0,D,10.0,5.0,1.0,2.0,3.0,0.0,10.0,17.0,19.0,6.0
26/11/2023,Nice,Toulouse,1.0,0.0,H,4.0,2.0,0.0,4.0,3.0,3.0,9.0,19.0,8.0,19.0
26/11/2023,Rennes,Reims,3.0,1.0,H,1.0,8.0,2.0,2.0,5.0,5.0,10.0,18.0,10.0,15.0
29/11/2023,Montpellier,Clermont,1.0,1.0,D,8.0,0.0,3.0,4.0,10.0,1.0,23.0,14.0,32.0,5.0
01/12/2023,Reims,Strasbourg,2.0,1.0,H,4.0,5.0,1.0,1.0,4.0,3.0,7.0,7.0,13.0,10.0
02/12/2023,Lens,Lyon,3.0,2.0,H,3.0,6.0,2.0,0.0,7.0,7.0,11.0,14.0,10.0,12.0
02/12/2023,Nantes,Nice,1.0,0.0,H,5.0,6.0,3.0,0.0,4.0,6.0,15.0,18.0,13.0,13.0
03/12/2023,Brest,Clermont,3.0,0.0,H,4.0,2.0,1.0,2.0,7.0,1.0,11.0,17.0,12.0,10.0
03/12/2023,Le Havre,Paris SG,0.0,2.0,A,9.0,2.0,2.0,1.0,7.0,5.0,11.0,9.0,22.0,9.0
03/12/2023,Lille,Metz,2.0,0.0,H,6.0,1.0,0.0,0.0,6.0,4.0,8.0,11.0,16.0,7.0
03/12/2023,Marseille,Rennes,2.0,0.0,H,1.0,6.0,1.0,3.0,2.0,0.0,9.0,15.0,5.0,10.0
03/12/2023,Monaco,Montpellier,2.0,0.0,H,8.0,2.0,2.0,3.0,9.0,4.0,15.0,13.0,27.0,9.0
03/12/2023,Toulouse,Lorient,1.0,1.0,D,3.0,4.0,2.0,4.0,6.0,5.0,16.0,10.0,11.0,11.0
06/12/2023,Marseille,Lyon,3.0,0.0,H,10.0,3.0,1.0,2.0,5.0,1.0,14.0,11.0,12.0,6.0
07/12/2023,Brest,Strasbourg,1.0,1.0,D,6.0,0.0,1.0,0.0,3.0,5.0,11.0,18.0,13.0,9.0
08/12/2023,Montpellier,Lens,0.0,0.0,D,4.0,3.0,2.0,3.0,4.0,5.0,16.0,11.0,18.0,13.0
09/12/2023,Paris SG,Nantes,2.0,1.0,H,5.0,3.0,1.0,3.0,6.0,4.0,9.0,12.0,16.0,10.0
09/12/2023,Rennes,Monaco,1.0,2.0,A,5.0,5.0,3.0,6.0,5.0,5.0,9.0,22.0,15.0,12.0
10/12/2023,Clermont,Lille,0.0,0.0,D,3.0,6.0,2.0,2.0,5.0,3.0,18.0,9.0,16.0,12.0
10/12/2023,Lorient,Marseille,2.0,4.0,A,4.0,6.0,5.0,3.0,9.0,8.0,17.0,17.0,15.0,18.0
10/12/2023,Lyon,Toulouse,3.0,0.0,H,2.0,1.0,2.0,3.0,7.0,6.0,15.0,15.0,15.0,16.0
10/12/2023,Metz,Brest,0.0,1.0,A,3.0,2.0,3.0,2.0,3.0,3.0,14.0,16.0,6.0,4.0
10/12/2023,Nice,Reims,2.0,1.0,H,9.0,0.0,2.0,3.0,5.0,2.0,13.0,6.0,15.0,9.0
10/12/2023,Strasbourg,Le Havre,2.0,1.0,H,4.0,3.0,3.0,1.0,3.0,3.0,14.0,15.0,12.0,15.0
15/12/2023,Monaco,Lyon,0.0,1.0,A,6.0,1.0,1.0,2.0,4.0,2.0,13.0,12.0,19.0,5.0
16/12/2023,Le Havre,Nice,3.0,1.0,H,2.0,9.0,3.0,2.0,5.0,6.0,13.0,9.0,9.0,13.0
16/12/2023,Lens,Reims,2.0,0.0,H,4.0,7.0,0.0,1.0,2.0,3.0,9.0,10.0,7.0,14.0
17/12/2023,Lille,Paris SG,1.0,1.0,D,8.0,8.0,1.0,1.0,3.0,2.0,9.0,19.0,15.0,10.0
17/12/2023,Lorient,Strasbourg,1.0,2.0,A,6.0,1.0,3.0,2.0,1.0,9.0,14.0,12.0,7.0,12.0
17/12/2023,Marseille,Clermont,2.0,1.0,H,4.0,1.0,0.0,3.0,6.0,2.0,12.0,14.0,15.0,5.0
17/12/2023,Metz,Montpellier,0.0,1.0,A,12.0,5.0,2.0,2.0,4.0,3.0,15.0,14.0,19.0,6.0
17/12/2023,Nantes,Brest,0.0,2.0,A,4.0,3.0,1.0,3.0,4.0,8.0,15.0,8.0,12.0,14.0
17/12/2023,Toulouse,Rennes,0.0,0.0,D,4.0,4.0,3.0,2.0,6.0,4.0,17.0,14.0,15.0,11.0
20/12/2023,Brest,Lorient,4.0,0.0,H,1.0,0.0,1.0,2.0,7.0,3.0,8.0,17.0,12.0,7.0
20/12/2023,Clermont,Rennes,1.0,3.0,A,4.0,5.0,0.0,3.0,6.0,11.0,8.0,11.0,14.0,25.0
20/12/2023,Lyon,Nantes,1.0,0.0,H,7.0,7.0,1.0,2.0,7.0,0.0,8.0,14.0,8.0,7.0
20/12/2023,Montpellier,Marseille,1.0,1.0,D,5.0,10.0,2.0,1.0,6.0,4.0,21.0,13.0,12.0,17.0
20/12/2023,Nice,Lens,2.0,0.0,H,5.0,6.0,2.0,2.0,5.0,3.0,14.0,11.0,14.0,10.0
20/12/2023,Paris SG,Metz,3.0,1.0,H,5.0,5.0,0.0,1.0,5.0,1.0,6.0,9.0,13.0,3.0
20/12/2023,Reims,Le Havre,1.0,0.0,H,6.0,2.0,1.0,1.0,7.0,1.0,7.0,6.0,22.0,4.0
20/12/2023,Strasbourg,Lille,2.0,1.0,H,6.0,5.0,1.0,2.0,2.0,2.0,19.0,10.0,9.0,9.0
20/12/2023,Toulouse,Monaco,1.0,2.0,A,4.0,5.0,2.0,3.0,5.0,4.0,17.0,10.0,20.0,12.0
12/01/2024,Marseille,Strasbourg,1.0,1.0,D,6.0,4.0,3.0,2.0,2.0,4.0,11.0,10.0,8.0,18.0
13/01/2024,Monaco,Reims,1.0,3.0,A,6.0,6.0,3.0,2.0,5.0,5.0,11.0,9.0,9.0,12.0
13/01/2024,Rennes,Nice,2.0,0.0,H,6.0,6.0,1.0,0.0,5.0,2.0,13.0,11.0,15.0,9.0
14/01/2024,Brest,Montpellier,2.0,0.0,H,3.0,3.0,1.0,2.0,9.0,4.0,6.0,7.0,26.0,9.0
14/01/2024,Le Havre,Lyon,3.0,1.0,H,3.0,7.0,1.0,0.0,7.0,2.0,15.0,4.0,14.0,9.0
14/01/2024,Lens,Paris SG,0.0,2.0,A,5.0,6.0,0.0,1.0,5.0,7.0,10.0,8.0,17.0,15.0
14/01/2024,Lille,Lorient,3.0,0.0,H,7.0,1.0,1.0,4.0,10.0,0.0,10.0,22.0,24.0,1.0
14/01/2024,Metz,Toulouse,0.0,1.0,A,5.0,2.0,3.0,2.0,2.0,2.0,20.0,18.0,14.0,4.0
14/01/2024,Nantes,Clermont,1.0,2.0,A,11.0,5.0,1.0,1.0,9.0,6.0,10.0,5.0,20.0,15.0
26/01/2024,Lyon,Rennes,2.0,3.0,A,3.0,2.0,2.0,2.0,6.0,5.0,15.0,12.0,12.0,11.0
27/01/2024,Marseille,Monaco,2.0,2.0,D,10.0,1.0,1.0,3.0,9.0,5.0,11.0,12.0,22.0,6.0
27/01/2024,Nice,Metz,1.0,0.0,H,5.0,2.0,1.0,1.0,9.0,1.0,10.0,13.0,15.0,2.0
28/01/2024,Clermont,Strasbourg,1.0,1.0,D,5.0,2.0,1.0,3.0,6.0,2.0,12.0,16.0,14.0,6.0
28/01/2024,Lorient,Le Havre,3.0,3.0,D,1.0,4.0,4.0,4.0,6.0,5.0,15.0,21.0,13.0,14.0
28/01/2024,Montpellier,Lille,0.0,0.0,D,5.0,2.0,4.0,3.0,7.0,0.0,13.0,16.0,12.0,12.0
28/01/2024,Paris SG,Brest,2.0,2.0,D,7.0,0.0,5.0,3.0,4.0,6.0,12.0,10.0,10.0,9.0
28/01/2024,Reims,Nantes,0.0,0.0,D,6.0,2.0,3.0,2.0,1.0,5.0,8.0,16.0,10.0,7.0
28/01/2024,Toulouse,Lens,0.0,2.0,A,10.0,7.0,3.0,3.0,4.0,5.0,11.0,14.0,13.0,13.0
02/02/2024,Strasbourg,Paris SG,1.0,2.0,A,3.0,4.0,3.0,1.0,8.0,5.0,12.0,13.0,20.0,9.0
03/02/2024,Nantes,Lens,0.0,1.0,A,2.0,3.0,2.0,2.0,2.0,4.0,16.0,11.0,7.0,12.0
03/02/2024,Rennes,Montpellier,2.0,1.0,H,5.0,3.0,4.0,3.0,3.0,9.0,17.0,12.0,9.0,17.0
04/02/2024,Brest,Nice,0.0,0.0,D,3.0,5.0,3.0,1.0,2.0,1.0,12.0,12.0,17.0,13.0
04/02/2024,Lille,Clermont,4.0,0.0,H,12.0,1.0,0.0,1.0,13.0,3.0,8.0,10.0,23.0,4.0
04/02/2024,Lyon,Marseille,1.0,0.0,H,3.0,2.0,2.0,1.0,7.0,1.0,14.0,10.0,12.0,8.0
04/02/2024,Metz,Lorient,1.0,2.0,A,4.0,3.0,3.0,1.0,3.0,4.0,12.0,13.0,10.0,12.0
04/02/2024,Monaco,Le Havre,1.0,1.0,D,9.0,4.0,3.0,2.0,5.0,0.0,16.0,11.0,17.0,3.0
04/02/2024,Reims,Toulouse,2.0,3.0,A,10.0,6.0,2.0,3.0,5.0,4.0,13.0,16.0,17.0,9.0
09/02/2024,Marseille,Metz,1.0,1.0,D,6.0,3.0,2.0,0.0,6.0,3.0,12.0,16.0,18.0,7.0
10/02/2024,Lens,Strasbourg,3.0,1.0,H,4.0,5.0,2.0,1.0,6.0,5.0,14.0,14.0,10.0,19.0
10/02/2024,Paris SG,Lille,3.0,1.0,H,6.0,8.0,2.0,3.0,8.0,3.0,12.0,10.0,16.0,10.0
11/02/2024,Clermont,Brest,1.0,1.0,D,2.0,4.0,2.0,4.0,2.0,9.0,12.0,13.0,7.0,15.0
11/02/2024,Le Havre,Rennes,0.0,1.0,A,5.0,1.0,2.0,1.0,5.0,2.0,14.0,7.0,13.0,11.0
11/02/2024,Lorient,Reims,2.0,0.0,H,1.0,7.0,1.0,1.0,5.0,6.0,9.0,14.0,17.0,23.0
11/02/2024,Montpellier,Lyon,1.0,2.0,A,1.0,5.0,1.0,2.0,8.0,5.0,11.0,11.0,15.0,19.0
11/02/2024,Nice,Monaco,2.0,3.0,A,8.0,2.0,5.0,4.0,5.0,5.0,17.0,14.0,15.0,9.0
11/02/2024,Toulouse,Nantes,1.0,2.0,A,12.0,0.0,2.0,1.0,3.0,2.0,10.0,13.0,16.0,5.0
16/02/2024,Lyon,Nice,1.0,0.0,H,4.0,9.0,0.0,1.0,1.0,6.0,8.0,12.0,9.0,20.0
17/02/2024,Lille,Le Havre,3.0,0.0,H,1.0,3.0,2.0,3.0,8.0,2.0,11.0,17.0,17.0,6.0
17/02/2024,Nantes,Paris SG,0.0,2.0,A,3.0,8.0,1.0,0.0,7.0,2.0,10.0,12.0,12.0,12.0
18/02/2024,Brest,Marseille,1.0,0.0,H,6.0,4.0,3.0,1.0,5.0,2.0,14.0,9.0,15.0,9.0
18/02/2024,Monaco,Toulouse,1.0,2.0,A,4.0,6.0,1.0,3.0,5.0,7.0,18.0,12.0,22.0,14.0
18/02/2024,Montpellier,Metz,3.0,0.0,H,7.0,4.0,3.0,3.0,7.0,4.0,17.0,13.0,21.0,14.0
18/02/2024,Reims,Lens,1.0,1.0,D,3.0,2.0,2.0,2.0,2.0,1.0,15.0,9.0,11.0,9.0
18/02/2024,Rennes,Clermont,3.0,1.0,H,4.0,4.0,1.0,0.0,8.0,5.0,9.0,10.0,16.0,14.0
18/02/2024,Strasbourg,Lorient,1.0,3.0,A,9.0,4.0,3.0,1.0,4.0,6.0,13.0,12.0,18.0,13.0
23/02/2024,Metz,Lyon,1.0,2.0,A,4.0,3.0,1.0,2.0,4.0,5.0,13.0,12.0,15.0,11.0
24/02/2024,Lorient,Nantes,0.0,1.0,A,3.0,8.0,0.0,2.0,1.0,6.0,11.0,11.0,6.0,7.0
24/02/2024,Strasbourg,Brest,0.0,3.0,A,0.0,4.0,3.0,0.0,2.0,8.0,21.0,10.0,6.0,15.0
25/02/2024,Le Havre,Reims,1.0,2.0,A,5.0,5.0,3.0,3.0,4.0,5.0,11.0,13.0,18.0,16.0
25/02/2024,Lens,Monaco,2.0,3.0,A,9.0,3.0,6.0,3.0,10.0,9.0,10.0,13.0,20.0,15.0
25/02/2024,Marseille,Montpellier,4.0,1.0,H,7.0,4.0,2.0,4.0,6.0,4.0,8.0,12.0,16.0,9.0
25/02/2024,Nice,Clermont,0.0,0.0,D,8.0,1.0,2.0,1.0,4.0,5.0,8.0,12.0,23.0,13.0
25/02/2024,Paris SG,Rennes,1.0,1.0,D,4.0,0.0,5.0,3.0,3.0,1.0,13.0,16.0,15.0,3.0
25/02/2024,Toulouse,Lille,3.0,1.0,H,6.0,8.0,2.0,0.0,4.0,2.0,20.0,10.0,14.0,12.0
01/03/2024,Monaco,Paris SG,0.0,0.0,D,5.0,6.0,0.0,0.0,6.0,7.0,10.0,13.0,14.0,14.0
02/03/2024,Clermont,Marseille,1.0,5.0,A,7.0,4.0,2.0,1.0,2.0,11.0,9.0,13.0,7.0,17.0
02/03/2024,Reims,Lille,0.0,1.0,A,4.0,4.0,3.0,2.0,3.0,3.0,12.0,14.0,8.0,8.0
03/03/2024,Brest,Le Havre,1.0,0.0,H,0.0,2.0,4.0,1.0,4.0,2.0,21.0,15.0,8.0,11.0
03/03/2024,Lyon,Lens,0.0,3.0,A,2.0,4.0,0.0,2.0,4.0,8.0,5.0,15.0,13.0,18.0
03/03/2024,Montpellier,Strasbourg,2.0,2.0,D,8.0,4.0,1.0,3.0,7.0,4.0,12.0,17.0,21.0,12.0
03/03/2024,Nantes,Metz,0.0,2.0,A,10.0,3.0,3.0,2.0,2.0,4.0,7.0,11.0,9.0,13.0
03/03/2024,Rennes,Lorient,1.0,2.0,A,6.0,3.0,1.0,2.0,6.0,6.0,12.0,9.0,22.0,12.0
03/03/2024,Toulouse,Nice,2.0,1.0,H,7.0,6.0,2.0,2.0,6.0,6.0,16.0,10.0,17.0,9.0
08/03/2024,Nice,Montpellier,1.0,2.0,A,8.0,5.0,1.0,2.0,5.0,2.0,13.0,11.0,19.0,7.0
09/03/2024,Lens,Brest,1.0,0.0,H,2.0,4.0,1.0,2.0,2.0,3.0,13.0,10.0,6.0,9.0
09/03/2024,Lorient,Lyon,0.0,2.0,A,4.0,7.0,0.0,0.0,0.0,6.0,10.0,7.0,9.0,13.0
10/03/2024,Le Havre,Toulouse,1.0,0.0,H,3.0,3.0,1.0,1.0,4.0,0.0,12.0,17.0,12.0,5.0
10/03/2024,Lille,Rennes,2.0,2.0,D,6.0,3.0,5.0,2.0,8.0,3.0,17.0,20.0,15.0,11.0
10/03/2024,Marseille,Nantes,2.0,0.0,H,2.0,8.0,2.0,3.0,4.0,3.0,11.0,16.0,12.0,10.0
10/03/2024,Metz,Clermont,1.0,0.0,H,5.0,7.0,1.0,3.0,2.0,6.0,10.0,10.0,11.0,13.0
10/03/2024,Paris SG,Reims,2.0,2.0,D,7.0,2.0,2.0,2.0,6.0,3.0,10.0,12.0,19.0,8.0
10/03/2024,Strasbourg,Monaco,0.0,1.0,A,5.0,8.0,1.0,3.0,1.0,6.0,9.0,15.0,8.0,17.0
15/03/2024,Toulouse,Lyon,2.0,3.0,A,5.0,3.0,2.0,2.0,5.0,6.0,18.0,12.0,13.0,18.0
16/03/2024,Lens,Nice,1.0,3.0,A,11.0,3.0,4.0,3.0,4.0,3.0,9.0,12.0,20.0,7.0
16/03/2024,Nantes,Strasbourg,1.0,3.0,A,4.0,5.0,2.0,3.0,2.0,6.0,16.0,15.0,11.0,11.0
17/03/2024,Brest,Lille,1.0,1.0,D,3.0,3.0,3.0,0.0,4.0,8.0,9.0,12.0,16.0,13.0
17/03/2024,Clermont,Le Havre,2.0,1.0,H,3.0,5.0,3.0,5.0,4.0,5.0,13.0,17.0,9.0,14.0
17/03/2024,Monaco,Lorient,2.0,2.0,D,10.0,8.0,3.0,1.0,8.0,6.0,21.0,8.0,23.0,11.0
17/03/2024,Montpellier,Paris SG,2.0,6.0,A,7.0,4.0,0.0,3.0,7.0,9.0,9.0,13.0,12.0,16.0
17/03/2024,Reims,Metz,2.0,1.0,H,7.0,7.0,4.0,4.0,7.0,4.0,17.0,10.0,17.0,12.0
17/03/2024,Rennes,Marseille,2.0,0.0,H,4.0,5.0,1.0,3.0,4.0,1.0,9.0,12.0,7.0,8.0
29/03/2024,Lille,Lens,2.0,1.0,H,5.0,5.0,3.0,3.0,6.0,3.0,13.0,17.0,15.0,9.0
30/03/2024,Lyon,Reims,1.0,1.0,D,7.0,8.0,2.0,3.0,3.0,5.0,7.0,10.0,16.0,17.0
30/03/2024,Metz,Monaco,2.0,5.0,A,5.0,5.0,0.0,0.0,7.0,7.0,8.0,8.0,13.0,17.0
31/03/2024,Clermont,Toulouse,0.0,3.0,A,12.0,3.0,3.0,1.0,5.0,5.0,15.0,12.0,15.0,11.0
31/03/2024,Le Havre,Montpellier,0.0,2.0,A,6.0,6.0,2.0,2.0,3.0,5.0,10.0,12.0,14.0,14.0
31/03/2024,Lorient,Brest,0.0,1.0,A,6.0,4.0,1.0,3.0,5.0,2.0,10.0,18.0,11.0,10.0
31/03/2024,Marseille,Paris SG,0.0,2.0,A,5.0,3.0,0.0,4.0,10.0,3.0,10.0,8.0,22.0,8.0
31/03/2024,Nice,Nantes,1.0,2.0,A,9.0,3.0,2.0,5.0,3.0,4.0,7.0,19.0,12.0,13.0
31/03/2024,Strasbourg,Rennes,2.0,0.0,H,4.0,5.0,1.0,2.0,7.0,0.0,10.0,17.0,14.0,12.0
05/04/2024,Lille,Marseille,3.0,1.0,H,4.0,2.0,1.0,6.0,6.0,4.0,13.0,18.0,14.0,13.0
06/04/2024,Lens,Le Havre,1.0,1.0,D,7.0,4.0,2.0,5.0,8.0,3.0,13.0,10.0,18.0,11.0
06/04/2024,Paris SG,Clermont,1.0,1.0,D,17.0,2.0,1.0,0.0,7.0,3.0,11.0,7.0,23.0,6.0
07/04/2024,Brest,Metz,4.0,3.0,H,8.0,5.0,0.0,1.0,10.0,6.0,11.0,17.0,24.0,8.0
07/04/2024,Monaco,Rennes,1.0,0.0,H,6.0,3.0,3.0,1.0,5.0,7.0,16.0,17.0,16.0,12.0
07/04/2024,Montpellier,Lorient,2.0,0.0,H,5.0,7.0,3.0,6.0,5.0,5.0,11.0,18.0,13.0,19.0
07/04/2024,Nantes,Lyon,1.0,3.0,A,5.0,5.0,2.0,2.0,6.0,10.0,8.0,14.0,14.0,19.0
07/04/2024,Reims,Nice,0.0,0.0,D,2.0,5.0,2.0,1.0,3.0,3.0,15.0,15.0,10.0,18.0
07/04/2024,Toulouse,Strasbourg,0.0,0.0,D,4.0,3.0,2.0,0.0,2.0,1.0,16.0,17.0,11.0,8.0
12/04/2024,Metz,Lens,2.0,1.0,H,5.0,2.0,2.0,5.0,5.0,2.0,11.0,17.0,11.0,17.0
13/04/2024,Rennes,Toulouse,1.0,2.0,A,8.0,4.0,3.0,3.0,4.0,3.0,20.0,18.0,19.0,10.0
13/04/2024,Strasbourg,Reims,3.0,1.0,H,5.0,4.0,1.0,3.0,6.0,2.0,9.0,18.0,13.0,8.0
14/04/2024,Clermont,Montpellier,1.0,1.0,D,3.0,4.0,1.0,1.0,2.0,6.0,12.0,14.0,10.0,14.0
14/04/2024,Le Havre,Nantes,0.0,1.0,A,6.0,7.0,3.0,2.0,1.0,4.0,14.0,12.0,10.0,12.0
14/04/2024,Lyon,Brest,4.0,3.0,H,10.0,7.0,5.0,5.0,8.0,7.0,12.0,7.0,16.0,22.0
19/04/2024,Nice,Lorient,3.0,0.0,H,2.0,3.0,0.0,2.0,10.0,4.0,11.0,7.0,19.0,9.0
20/04/2024,Lens,Clermont,1.0,0.0,H,4.0,3.0,1.0,4.0,4.0,1.0,17.0,17.0,17.0,8.0
20/04/2024,Nantes,Rennes,0.0,3.0,A,3.0,7.0,1.0,4.0,4.0,5.0,16.0,11.0,6.0,14.0
21/04/2024,Brest,Monaco,0.0,2.0,A,7.0,4.0,5.0,2.0,2.0,3.0,8.0,9.0,12.0,8.0
21/04/2024,Le Havre,Metz,0.0,1.0,A,4.0,2.0,2.0,3.0,4.0,2.0,9.0,19.0,16.0,9.0
21/04/2024,Lille,Strasbourg,1.0,0.0,H,4.0,4.0,2.0,3.0,2.0,2.0,11.0,19.0,6.0,8.0
21/04/2024,Paris SG,Lyon,4.0,1.0,H,4.0,10.0,0.0,0.0,6.0,6.0,9.0,10.0,14.0,16.0
21/04/2024,Reims,Montpellier,1.0,2.0,A,8.0,4.0,3.0,3.0,4.0,5.0,15.0,10.0,22.0,12.0
21/04/2024,Toulouse,Marseille,2.0,2.0,D,7.0,4.0,1.0,2.0,3.0,3.0,11.0,13.0,10.0,11.0
24/04/2024,Lorient,Paris SG,1.0,4.0,A,3.0,6.0,1.0,1.0,6.0,7.0,8.0,7.0,11.0,15.0
24/04/2024,Marseille,Nice,2.0,2.0,D,3.0,2.0,2.0,3.0,4.0,4.0,10.0,14.0,11.0,10.0
24/04/2024,Monaco,Lille,1.0,0.0,H,7.0,5.0,1.0,2.0,7.0,4.0,9.0,9.0,19.0,13.0
26/04/2024,Montpellier,Nantes,1.0,1.0,D,3.0,6.0,2.0,1.0,1.0,5.0,11.0,14.0,8.0,15.0
27/04/2024,Paris SG,Le Havre,3.0,3.0,D,11.0,2.0,2.0,1.0,4.0,4.0,10.0,8.0,17.0,6.0
28/04/2024,Clermont,Reims,4.0,1.0,H,5.0,5.0,0.0,3.0,6.0,3.0,9.0,12.0,12.0,10.0
28/04/2024,Lorient,Toulouse,1.0,2.0,A,5.0,1.0,1.0,3.0,5.0,5.0,14.0,17.0,15.0,14.0
28/04/2024,Lyon,Monaco,3.0,2.0,H,3.0,3.0,1.0,3.0,4.0,5.0,15.0,14.0,15.0,13.0
28/04/2024,Marseille,Lens,2.0,1.0,H,3.0,11.0,2.0,2.0,6.0,5.0,8.0,12.0,13.0,18.0
28/04/2024,Metz,Lille,1.0,2.0,A,2.0,4.0,1.0,2.0,2.0,4.0,15.0,12.0,5.0,14.0
28/04/2024,Rennes,Brest,4.0,5.0,A,7.0,4.0,4.0,1.0,7.0,5.0,14.0,15.0,21.0,10.0
28/04/2024,Strasbourg,Nice,1.0,3.0,A,2.0,3.0,2.0,3.0,5.0,4.0,11.0,14.0,13.0,8.0
03/05/2024,Lens,Lorient,2.0,0.0,H,4.0,4.0,1.0,2.0,6.0,5.0,10.0,14.0,18.0,11.0
03/05/2024,Toulouse,Montpellier,1.0,2.0,A,8.0,0.0,3.0,4.0,5.0,3.0,17.0,14.0,15.0,5.0
04/05/2024,Brest,Nantes,0.0,0.0,D,6.0,0.0,3.0,2.0,2.0,1.0,6.0,14.0,9.0,9.0
04/05/2024,Le Havre,Strasbourg,3.0,1.0,H,3.0,2.0,3.0,1.0,7.0,3.0,6.0,13.0,15.0,5.0
04/05/2024,Metz,Rennes,2.0,3.0,A,2.0,5.0,2.0,3.0,4.0,9.0,15.0,14.0,7.0,21.0
04/05/2024,Monaco,Clermont,4.0,1.0,H,4.0,4.0,3.0,1.0,8.0,1.0,13.0,12.0,23.0,9.0
06/05/2024,Lille,Lyon,3.0,4.0,A,4.0,4.0,3.0,1.0,5.0,7.0,14.0,14.0,8.0,11.0
10/05/2024,Brest,Reims,1.0,1.0,D,3.0,4.0,2.0,3.0,5.0,2.0,12.0,12.0,16.0,8.0
10/05/2024,Nice,Le Havre,1.0,0.0,H,6.0,1.0,2.0,0.0,6.0,3.0,10.0,9.0,13.0,12.0
12/05/2024,Clermont,Lyon,0.0,1.0,A,7.0,2.0,1.0,2.0,5.0,2.0,8.0,12.0,18.0,6.0
12/05/2024,Marseille,Lorient,3.0,1.0,H,9.0,5.0,3.0,4.0,4.0,3.0,9.0,6.0,13.0,14.0
12/05/2024,Montpellier,Monaco,0.0,2.0,A,3.0,3.0,1.0,1.0,3.0,9.0,20.0,10.0,14.0,19.0
12/05/2024,Nantes,Lille,1.0,2.0,A,5.0,4.0,4.0,2.0,5.0,3.0,17.0,7.0,9.0,12.0
12/05/2024,Paris SG,Toulouse,1.0,3.0,A,4.0,6.0,0.0,0.0,3.0,5.0,12.0,8.0,15.0,18.0
12/05/2024,Rennes,Lens,1.0,1.0,D,4.0,3.0,2.0,3.0,6.0,4.0,12.0,14.0,16.0,8.0
12/05/2024,Strasbourg,Metz,2.0,1.0,H,3.0,6.0,2.0,2.0,2.0,2.0,10.0,10.0,10.0,11.0
15/05/2024,Nice,Paris SG,1.0,2.0,A,7.0,2.0,1.0,3.0,4.0,4.0,13.0,10.0,12.0,11.0
15/05/2024,Reims,Marseille,1.0,0.0,H,3.0,10.0,3.0,1.0,3.0,3.0,17.0,9.0,10.0,19.0
19/05/2024,Le Havre,Marseille,1.0,2.0,A,5.0,3.0,1.0,0.0,6.0,7.0,11.0,11.0,13.0,22.0
19/05/2024,Lens,Montpellier,2.0,2.0,D,1.0,0.0,0.0,1.0,13.0,2.0,10.0,13.0,27.0,11.0
19/05/2024,Lille,Nice,2.0,2.0,D,3.0,5.0,3.0,3.0,3.0,4.0,9.0,9.0,12.0,10.0
19/05/2024,Lorient,Clermont,5.0,0.0,H,9.0,2.0,3.0,3.0,10.0,4.0,20.0,8.0,32.0,9.0
19/05/2024,Lyon,Strasbourg,2.0,1.0,H,7.0,2.0,1.0,0.0,6.0,4.0,7.0,10.0,15.0,10.0
19/05/2024,Metz,Paris SG,0.0,2.0,A,1.0,11.0,2.0,1.0,2.0,8.0,6.0,9.0,10.0,20.0
19/05/2024,Monaco,Nantes,4.0,0.0,H,2.0,2.0,1.0,2.0,6.0,3.0,14.0,23.0,10.0,6.0
19/05/2024,Reims,Rennes,2.0,1.0,H,2.0,4.0,1.0,1.0,4.0,5.0,11.0,17.0,6.0,15.0
19/05/2024,Toulouse,Brest,0.0,3.0,A,6.0,2.0,1.0,2.0,2.0,6.0,12.0,17.0,8.0,12.0
16/08/2024,Le Havre,Paris SG,1.0,4.0,A,2.0,8.0,3.0,0.0,2.0,9.0,9.0,9.0,5.0,14.0
17/08/2024,Brest,Marseille,1.0,5.0,A,5.0,0.0,4.0,1.0,5.0,5.0,10.0,8.0,7.0,7.0
17/08/2024,Monaco,St Etienne,1.0,0.0,H,5.0,4.0,1.0,1.0,6.0,4.0,13.0,14.0,13.0,7.0
17/08/2024,Reims,Lille,0.0,2.0,A,0.0,8.0,2.0,2.0,0.0,6.0,6.0,13.0,2.0,21.0
18/08/2024,Angers,Lens,0.0,1.0,A,7.0,3.0,1.0,0.0,3.0,5.0,6.0,10.0,4.0,10.0
18/08/2024,Auxerre,Nice,2.0,1.0,H,3.0,5.0,0.0,0.0,7.0,2.0,11.0,17.0,16.0,9.0
18/08/2024,Montpellier,Strasbourg,1.0,1.0,D,6.0,4.0,4.0,3.0,5.0,4.0,20.0,18.0,7.0,11.0
18/08/2024,Rennes,Lyon,3.0,0.0,H,7.0,7.0,2.0,1.0,8.0,2.0,13.0,12.0,22.0,16.0
18/08/2024,Toulouse,Nantes,0.0,0.0,D,10.0,5.0,1.0,3.0,3.0,2.0,10.0,8.0,7.0,6.0
23/08/2024,Paris SG,Montpellier,6.0,0.0,H,10.0,2.0,1.0,4.0,10.0,3.0,9.0,16.0,21.0,6.0
24/08/2024,Lille,Angers,2.0,0.0,H,3.0,2.0,1.0,2.0,6.0,2.0,9.0,17.0,11.0,5.0
24/08/2024,Lyon,Monaco,0.0,2.0,A,0.0,6.0,0.0,0.0,1.0,4.0,10.0,7.0,2.0,15.0
24/08/2024,St Etienne,Le Havre,0.0,2.0,A,2.0,4.0,3.0,3.0,5.0,5.0,11.0,9.0,18.0,14.0
25/08/2024,Lens,Brest,2.0,0.0,H,5.0,2.0,0.0,0.0,11.0,2.0,8.0,6.0,22.0,10.0
25/08/2024,Marseille,Reims,2.0,2.0,D,2.0,4.0,1.0,1.0,10.0,3.0,10.0,13.0,16.0,12.0
25/08/2024,Nantes,Auxerre,2.0,0.0,H,3.0,12.0,0.0,0.0,6.0,3.0,9.0,6.0,8.0,10.0
25/08/2024,Nice,Toulouse,1.0,1.0,D,4.0,4.0,4.0,1.0,4.0,3.0,11.0,21.0,10.0,15.0
25/08/2024,Strasbourg,Rennes,3.0,1.0,H,2.0,5.0,2.0,4.0,5.0,5.0,7.0,19.0,9.0,13.0
30/08/2024,Lyon,Strasbourg,4.0,3.0,H,9.0,2.0,3.0,2.0,13.0,7.0,10.0,6.0,22.0,14.0
31/08/2024,Brest,St Etienne,4.0,0.0,H,7.0,2.0,0.0,5.0,7.0,0.0,12.0,28.0,17.0,3.0
31/08/2024,Montpellier,Nantes,1.0,3.0,A,8.0,3.0,2.0,2.0,5.0,5.0,11.0,13.0,11.0,10.0
31/08/2024,Toulouse,Marseille,1.0,3.0,A,2.0,3.0,4.0,2.0,2.0,5.0,10.0,12.0,4.0,11.0
01/09/2024,Angers,Nice,1.0,4.0,A,4.0,7.0,6.0,4.0,7.0,9.0,14.0,13.0,12.0,12.0
01/09/2024,Le Havre,Auxerre,3.0,1.0,H,2.0,2.0,1.0,5.0,8.0,2.0,10.0,15.0,21.0,7.0
01/09/2024,Lille,Paris SG,1.0,3.0,A,3.0,1.0,3.0,2.0,4.0,7.0,7.0,5.0,10.0,10.0
01/09/2024,Monaco,Lens,1.0,1.0,D,7.0,7.0,1.0,4.0,3.0,4.0,11.0,21.0,14.0,12.0
01/09/2024,Reims,Rennes,2.0,1.0,H,3.0,5.0,2.0,1.0,7.0,5.0,9.0,12.0,11.0,13.0
13/09/2024,St Etienne,Lille,1.0,0.0,H,2.0,7.0,1.0,1.0,5.0,4.0,12.0,10.0,10.0,17.0
14/09/2024,Auxerre,Monaco,0.0,3.0,A,1.0,6.0,3.0,0.0,3.0,9.0,13.0,16.0,13.0,19.0
14/09/2024,Marseille,Nice,2.0,0.0,H,1.0,2.0,5.0,2.0,5.0,4.0,18.0,4.0,10.0,12.0
14/09/2024,Paris SG,Brest,3.0,1.0,H,9.0,1.0,2.0,3.0,9.0,3.0,7.0,13.0,22.0,5.0
15/09/2024,Lens,Lyon,0.0,0.0,D,5.0,8.0,0.0,0.0,5.0,3.0,12.0,11.0,12.0,8.0
15/09/2024,Nantes,Reims,1.0,2.0,A,6.0,3.0,3.0,1.0,6.0,4.0,14.0,5.0,18.0,11.0
15/09/2024,Rennes,Montpellier,3.0,0.0,H,3.0,4.0,1.0,3.0,6.0,4.0,10.0,7.0,11.0,12.0
15/09/2024,Strasbourg,Angers,1.0,1.0,D,6.0,9.0,4.0,1.0,5.0,2.0,11.0,14.0,10.0,12.0
15/09/2024,Toulouse,Le Havre,2.0,0.0,H,6.0,5.0,1.0,1.0,7.0,3.0,10.0,11.0,15.0,5.0
20/09/2024,Nice,St Etienne,8.0,0.0,H,3.0,2.0,0.0,1.0,12.0,2.0,7.0,13.0,18.0,8.0
21/09/2024,Lille,Strasbourg,3.0,3.0,D,9.0,5.0,2.0,2.0,7.0,9.0,16.0,12.0,15.0,12.0
21/09/2024,Reims,Paris SG,1.0,1.0,D,3.0,5.0,2.0,1.0,1.0,4.0,11.0,6.0,8.0,11.0
21/09/2024,Rennes,Lens,1.0,1.0,D,4.0,3.0,2.0,4.0,6.0,2.0,16.0,20.0,11.0,10.0
22/09/2024,Angers,Nantes,1.0,1.0,D,3.0,6.0,1.0,4.0,1.0,3.0,13.0,16.0,4.0,9.0
22/09/2024,Brest,Toulouse,2.0,0.0,H,4.0,3.0,1.0,1.0,5.0,1.0,15.0,18.0,9.0,10.0
22/09/2024,Lyon,Marseille,2.0,3.0,A,10.0,3.0,4.0,3.0,9.0,5.0,13.0,7.0,18.0,6.0
22/09/2024,Monaco,Le Havre,3.0,1.0,H,6.0,4.0,1.0,3.0,4.0,2.0,10.0,17.0,14.0,9.0
22/09/2024,Montpellier,Auxerre,3.0,2.0,H,11.0,5.0,3.0,4.0,5.0,6.0,13.0,20.0,14.0,11.0
27/09/2024,Auxerre,Brest,3.0,0.0,H,2.0,3.0,2.0,0.0,4.0,4.0,13.0,16.0,15.0,8.0
27/09/2024,Paris SG,Rennes,3.0,1.0,H,6.0,4.0,1.0,3.0,7.0,5.0,9.0,11.0,22.0,13.0
28/09/2024,Le Havre,Lille,0.0,3.0,A,1.0,5.0,2.0,1.0,4.0,10.0,11.0,9.0,7.0,18.0
28/09/2024,Lens,Nice,0.0,0.0,D,11.0,4.0,4.0,2.0,7.0,4.0,16.0,7.0,22.0,15.0
28/09/2024,Monaco,Montpellier,2.0,1.0,H,6.0,2.0,4.0,3.0,7.0,4.0,17.0,17.0,21.0,9.0
29/09/2024,Angers,Reims,1.0,3.0,A,5.0,4.0,0.0,3.0,3.0,10.0,7.0,11.0,14.0,21.0
29/09/2024,Nantes,St Etienne,2.0,2.0,D,8.0,4.0,2.0,2.0,3.0,3.0,11.0,12.0,16.0,5.0
29/09/2024,Strasbourg,Marseille,1.0,0.0,H,8.0,3.0,2.0,1.0,6.0,3.0,17.0,7.0,14.0,10.0
29/09/2024,Toulouse,Lyon,1.0,2.0,A,3.0,4.0,2.0,2.0,4.0,1.0,12.0,15.0,10.0,4.0
04/10/2024,Marseille,Angers,1.0,1.0,D,9.0,3.0,4.0,0.0,4.0,3.0,12.0,9.0,13.0,8.0
05/10/2024,Lille,Toulouse,2.0,1.0,H,4.0,6.0,3.0,2.0,3.0,3.0,13.0,8.0,10.0,9.0
05/10/2024,Rennes,Monaco,1.0,2.0,A,10.0,4.0,2.0,4.0,3.0,2.0,9.0,16.0,14.0,5.0
05/10/2024,St Etienne,Auxerre,3.0,1.0,H,5.0,4.0,3.0,1.0,5.0,3.0,13.0,10.0,13.0,11.0
06/10/2024,Brest,Le Havre,2.0,0.0,H,1.0,9.0,4.0,0.0,3.0,0.0,19.0,11.0,8.0,14.0
06/10/2024,Lyon,Nantes,2.0,0.0,H,6.0,9.0,1.0,2.0,6.0,6.0,10.0,5.0,17.0,11.0
06/10/2024,Nice,Paris SG,1.0,1.0,D,5.0,15.0,1.0,2.0,3.0,9.0,7.0,9.0,9.0,19.0
06/10/2024,Reims,Montpellier,4.0,2.0,H,4.0,4.0,3.0,5.0,5.0,3.0,15.0,13.0,18.0,10.0
06/10/2024,Strasbourg,Lens,2.0,2.0,D,3.0,5.0,2.0,4.0,5.0,5.0,15.0,18.0,8.0,12.0
18/10/2024,Monaco,Lille,0.0,0.0,D,6.0,1.0,1.0,5.0,4.0,1.0,13.0,14.0,14.0,3.0
19/10/2024,Brest,Rennes,1.0,1.0,D,2.0,4.0,2.0,2.0,2.0,4.0,18.0,15.0,12.0,6.0
19/10/2024,Paris SG,Strasbourg,4.0,2.0,H,5.0,5.0,2.0,2.0,10.0,8.0,10.0,12.0,18.0,16.0
19/10/2024,St Etienne,Lens,0.0,2.0,A,2.0,7.0,1.0,2.0,1.0,5.0,12.0,16.0,15.0,13.0
20/10/2024,Auxerre,Reims,2.0,1.0,H,5.0,9.0,2.0,3.0,8.0,3.0,6.0,10.0,10.0,15.0
20/10/2024,Le Havre,Lyon,0.0,4.0,A,4.0,6.0,3.0,4.0,1.0,8.0,17.0,11.0,7.0,16.0
20/10/2024,Montpellier,Marseille,0.0,5.0,A,3.0,2.0,1.0,3.0,5.0,10.0,11.0,18.0,13.0,21.0
20/10/2024,Nantes,Nice,1.0,1.0,D,4.0,8.0,2.0,1.0,7.0,7.0,10.0,11.0,11.0,13.0
20/10/2024,Toulouse,Angers,1.0,1.0,D,8.0,2.0,2.0,4.0,6.0,4.0,11.0,9.0,18.0,8.0
25/10/2024,Rennes,Le Havre,1.0,0.0,H,14.0,0.0,2.0,4.0,4.0,1.0,10.0,7.0,20.0,5.0
26/10/2024,Angers,St Etienne,4.0,2.0,H,2.0,3.0,1.0,3.0,8.0,7.0,10.0,13.0,13.0,19.0
26/10/2024,Lens,Lille,0.0,2.0,A,8.0,2.0,4.0,4.0,4.0,3.0,16.0,14.0,11.0,11.0
26/10/2024,Reims,Brest,1.0,2.0,A,7.0,3.0,3.0,2.0,3.0,4.0,15.0,11.0,11.0,13.0
27/10/2024,Lyon,Auxerre,2.0,2.0,D,5.0,4.0,0.0,4.0,8.0,4.0,7.0,14.0,12.0,17.0
27/10/2024,Marseille,Paris SG,0.0,3.0,A,1.0,2.0,1.0,0.0,1.0,8.0,4.0,7.0,5.0,19.0
27/10/2024,Montpellier,Toulouse,0.0,3.0,A,1.0,3.0,1.0,2.0,2.0,6.0,8.0,20.0,9.0,15.0
27/10/2024,Nice,Monaco,2.0,1.0,H,6.0,6.0,2.0,5.0,9.0,5.0,16.0,11.0,17.0,11.0
27/10/2024,Strasbourg,Nantes,3.0,1.0,H,5.0,4.0,2.0,3.0,5.0,6.0,15.0,17.0,9.0,8.0
01/11/2024,Lille,Lyon,1.0,1.0,D,4.0,9.0,3.0,1.0,2.0,3.0,12.0,10.0,14.0,14.0
01/11/2024,Monaco,Angers,0.0,1.0,A,4.0,4.0,1.0,1.0,3.0,3.0,16.0,12.0,11.0,10.0
02/11/2024,Brest,Nice,0.0,1.0,A,6.0,2.0,0.0,2.0,6.0,3.0,9.0,4.0,16.0,12.0
02/11/2024,Paris SG,Lens,1.0,0.0,H,7.0,4.0,1.0,5.0,8.0,2.0,3.0,20.0,18.0,13.0
02/11/2024,St Etienne,Strasbourg,2.0,0.0,H,2.0,3.0,2.0,1.0,3.0,3.0,9.0,4.0,13.0,9.0
03/11/2024,Auxerre,Rennes,4.0,0.0,H,3.0,8.0,0.0,2.0,8.0,4.0,11.0,15.0,16.0,7.0
03/11/2024,Le Havre,Montpellier,1.0,0.0,H,2.0,10.0,2.0,1.0,4.0,1.0,11.0,13.0,12.0,15.0
03/11/2024,Nantes,Marseille,1.0,2.0,A,2.0,5.0,1.0,1.0,3.0,4.0,16.0,6.0,7.0,9.0
03/11/2024,Toulouse,Reims,1.0,0.0,H,6.0,7.0,0.0,3.0,6.0,2.0,16.0,15.0,13.0,13.0
08/11/2024,Marseille,Auxerre,1.0,3.0,A,5.0,3.0,3.0,2.0,5.0,6.0,13.0,16.0,19.0,10.0
09/11/2024,Angers,Paris SG,2.0,4.0,A,6.0,8.0,0.0,3.0,3.0,12.0,5.0,16.0,10.0,26.0
09/11/2024,Lens,Nantes,3.0,2.0,H,6.0,1.0,2.0,0.0,3.0,3.0,14.0,8.0,15.0,9.0
09/11/2024,Strasbourg,Monaco,1.0,3.0,A,1.0,2.0,5.0,2.0,2.0,8.0,16.0,18.0,5.0,19.0
10/11/2024,Le Havre,Reims,0.0,3.0,A,8.0,7.0,1.0,4.0,3.0,7.0,10.0,17.0,10.0,18.0
10/11/2024,Lyon,St Etienne,1.0,0.0,H,7.0,6.0,3.0,2.0,7.0,6.0,11.0,13.0,17.0,10.0
10/11/2024,Montpellier,Brest,3.0,1.0,H,3.0,7.0,5.0,1.0,8.0,6.0,18.0,13.0,14.0,19.0
10/11/2024,Nice,Lille,2.0,2.0,D,6.0,2.0,2.0,2.0,5.0,6.0,12.0,9.0,17.0,13.0
10/11/2024,Rennes,Toulouse,0.0,2.0,A,5.0,3.0,3.0,1.0,1.0,2.0,16.0,16.0,7.0,9.0
22/11/2024,Monaco,Brest,3.0,2.0,H,2.0,8.0,2.0,2.0,4.0,4.0,7.0,12.0,10.0,12.0
22/11/2024,Paris SG,Toulouse,3.0,0.0,H,7.0,5.0,1.0,2.0,8.0,2.0,11.0,14.0,17.0,11.0
23/11/2024,Lens,Marseille,1.0,3.0,A,6.0,0.0,3.0,3.0,7.0,4.0,17.0,9.0,16.0,7.0
23/11/2024,Reims,Lyon,1.0,1.0,D,4.0,2.0,2.0,0.0,6.0,7.0,11.0,13.0,14.0,13.0
23/11/2024,St Etienne,Montpellier,1.0,0.0,H,5.0,11.0,3.0,5.0,4.0,3.0,19.0,11.0,11.0,11.0
24/11/2024,Auxerre,Angers,1.0,0.0,H,2.0,2.0,4.0,1.0,6.0,5.0,13.0,7.0,10.0,10.0
24/11/2024,Lille,Rennes,1.0,0.0,H,3.0,3.0,3.0,2.0,2.0,1.0,19.0,16.0,5.0,4.0
24/11/2024,Nantes,Le Havre,0.0,2.0,A,9.0,2.0,2.0,1.0,4.0,5.0,14.0,12.0,18.0,7.0
24/11/2024,Nice,Strasbourg,2.0,1.0,H,4.0,7.0,2.0,0.0,5.0,3.0,16.0,8.0,15.0,10.0
29/11/2024,Reims,Lens,0.0,2.0,A,3.0,1.0,1.0,2.0,3.0,6.0,14.0,12.0,16.0,11.0
30/11/2024,Brest,Strasbourg,3.0,1.0,H,4.0,3.0,3.0,2.0,8.0,4.0,15.0,8.0,11.0,12.0
30/11/2024,Paris SG,Nantes,1.0,1.0,D,9.0,3.0,0.0,0.0,10.0,2.0,3.0,6.0,24.0,5.0
30/11/2024,Rennes,St Etienne,5.0,0.0,H,6.0,1.0,0.0,1.0,9.0,0.0,14.0,12.0,18.0,2.0
01/12/2024,Le Havre,Angers,0.0,1.0,A,2.0,4.0,2.0,0.0,1.0,3.0,8.0,10.0,5.0,12.0
01/12/2024,Lyon,Nice,4.0,1.0,H,5.0,4.0,1.0,2.0,8.0,7.0,11.0,11.0,16.0,16.0
01/12/2024,Marseille,Monaco,2.0,1.0,H,5.0,3.0,0.0,1.0,4.0,4.0,15.0,16.0,9.0,7.0
01/12/2024,Montpellier,Lille,2.0,2.0,D,7.0,2.0,4.0,5.0,5.0,4.0,9.0,21.0,11.0,13.0
01/12/2024,Toulouse,Auxerre,2.0,0.0,H,6.0,2.0,0.0,0.0,7.0,0.0,14.0,12.0,12.0,4.0
06/12/2024,Auxerre,Paris SG,0.0,0.0,D,3.0,15.0,2.0,1.0,2.0,11.0,8.0,7.0,6.0,25.0
06/12/2024,Lille,Brest,3.0,1.0,H,2.0,1.0,1.0,1.0,6.0,3.0,13.0,16.0,10.0,7.0
07/12/2024,Angers,Lyon,0.0,3.0,A,2.0,7.0,0.0,2.0,2.0,10.0,13.0,13.0,10.0,16.0
07/12/2024,Monaco,Toulouse,2.0,0.0,H,2.0,3.0,2.0,2.0,5.0,3.0,15.0,16.0,19.0,6.0
07/12/2024,Nice,Le Havre,2.0,1.0,H,5.0,8.0,3.0,2.0,5.0,2.0,10.0,10.0,17.0,12.0
08/12/2024,Lens,Montpellier,2.0,0.0,H,6.0,3.0,2.0,3.0,4.0,4.0,15.0,7.0,18.0,7.0
08/12/2024,Nantes,Rennes,1.0,0.0,H,5.0,4.0,1.0,1.0,2.0,3.0,15.0,9.0,14.0,5.0
08/12/2024,St Etienne,Marseille,0.0,2.0,A,0.0,9.0,1.0,1.0,2.0,10.0,13.0,10.0,3.0,21.0
08/12/2024,Strasbourg,Reims,0.0,0.0,D,3.0,2.0,1.0,2.0,2.0,3.0,13.0,16.0,7.0,11.0
13/12/2024,Toulouse,St Etienne,2.0,1.0,H,2.0,3.0,3.0,4.0,4.0,2.0,16.0,15.0,11.0,3.0
14/12/2024,Auxerre,Lens,2.0,2.0,D,3.0,5.0,3.0,1.0,3.0,5.0,10.0,10.0,10.0,16.0
14/12/2024,Marseille,Lille,1.0,1.0,D,3.0,8.0,1.0,3.0,3.0,5.0,14.0,9.0,9.0,10.0
14/12/2024,Reims,Monaco,0.0,0.0,D,1.0,4.0,1.0,3.0,0.0,3.0,15.0,22.0,8.0,14.0
15/12/2024,Brest,Nantes,4.0,1.0,H,0.0,5.0,3.0,3.0,8.0,7.0,10.0,14.0,13.0,16.0
15/12/2024,Le Havre,Strasbourg,0.0,3.0,A,3.0,2.0,0.0,1.0,1.0,5.0,11.0,7.0,11.0,9.0
15/12/2024,Montpellier,Nice,2.0,2.0,D,9.0,4.0,1.0,2.0,8.0,6.0,15.0,13.0,20.0,18.0
15/12/2024,Paris SG,Lyon,3.0,1.0,H,4.0,3.0,2.0,3.0,6.0,3.0,7.0,8.0,13.0,7.0
15/12/2024,Rennes,Angers,2.0,0.0,H,2.0,1.0,3.0,1.0,4.0,0.0,18.0,12.0,7.0,3.0
18/12/2024,Monaco,Paris SG,2.0,4.0,A,1.0,9.0,2.0,0.0,5.0,12.0,11.0,11.0,15.0,17.0
03/01/2025,Nice,Rennes,3.0,2.0,H,3.0,3.0,3.0,3.0,6.0,5.0,11.0,14.0,9.0,10.0
04/01/2025,Lille,Nantes,1.0,1.0,D,2.0,0.0,1.0,2.0,3.0,2.0,6.0,10.0,13.0,6.0
04/01/2025,Lyon,Montpellier,1.0,0.0,H,3.0,5.0,1.0,2.0,2.0,6.0,8.0,10.0,12.0,16.0
04/01/2025,St Etienne,Reims,3.0,1.0,H,6.0,9.0,2.0,1.0,4.0,1.0,19.0,10.0,14.0,11.0
05/01/2025,Angers,Brest,2.0,0.0,H,2.0,4.0,2.0,1.0,2.0,4.0,14.0,11.0,7.0,12.0
05/01/2025,Lens,Toulouse,0.0,1.0,A,7.0,1.0,5.0,2.0,1.0,4.0,20.0,12.0,14.0,8.0
05/01/2025,Marseille,Le Havre,5.0,1.0,H,4.0,0.0,1.0,0.0,9.0,1.0,12.0,6.0,15.0,4.0
05/01/2025,Strasbourg,Auxerre,3.0,1.0,H,4.0,3.0,1.0,2.0,4.0,7.0,10.0,13.0,11.0,14.0
10/01/2025,Auxerre,Lille,0.0,0.0,D,6.0,10.0,0.0,4.0,3.0,5.0,7.0,8.0,13.0,13.0
10/01/2025,Nantes,Monaco,2.0,2.0,D,3.0,11.0,3.0,0.0,4.0,7.0,17.0,14.0,10.0,15.0
11/01/2025,Brest,Lyon,2.0,1.0,H,4.0,7.0,1.0,2.0,6.0,3.0,10.0,10.0,11.0,10.0
11/01/2025,Reims,Nice,2.0,4.0,A,6.0,3.0,4.0,2.0,3.0,10.0,12.0,7.0,12.0,15.0
11/01/2025,Rennes,Marseille,1.0,2.0,A,2.0,3.0,2.0,2.0,4.0,7.0,11.0,13.0,5.0,13.0
12/01/2025,Le Havre,Lens,1.0,2.0,A,3.0,8.0,2.0,2.0,4.0,7.0,11.0,14.0,8.0,25.0
12/01/2025,Montpellier,Angers,1.0,3.0,A,3.0,3.0,6.0,2.0,3.0,8.0,11.0,15.0,8.0,21.0
12/01/2025,Paris SG,St Etienne,2.0,1.0,H,7.0,3.0,1.0,2.0,9.0,3.0,16.0,11.0,25.0,8.0
12/01/2025,Toulouse,Strasbourg,1.0,2.0,A,3.0,2.0,1.0,4.0,5.0,2.0,12.0,14.0,19.0,8.0
17/01/2025,Lille,Nice,2.0,1.0,H,7.0,7.0,1.0,3.0,4.0,3.0,13.0,13.0,11.0,11.0
17/01/2025,Montpellier,Monaco,2.0,1.0,H,4.0,16.0,1.0,2.0,4.0,11.0,7.0,9.0,12.0,26.0
18/01/2025,Lens,Paris SG,1.0,2.0,A,6.0,1.0,2.0,2.0,5.0,7.0,12.0,8.0,10.0,9.0
18/01/2025,Lyon,Toulouse,0.0,0.0,D,8.0,5.0,1.0,0.0,3.0,4.0,8.0,8.0,11.0,13.0
18/01/2025,Rennes,Brest,1.0,2.0,A,4.0,4.0,2.0,3.0,9.0,3.0,13.0,11.0,22.0,10.0
19/01/2025,Angers,Auxerre,2.0,0.0,H,4.0,2.0,2.0,1.0,4.0,4.0,9.0,10.0,12.0,10.0
19/01/2025,Marseille,Strasbourg,1.0,1.0,D,9.0,3.0,3.0,3.0,3.0,3.0,13.0,14.0,18.0,7.0
19/01/2025,Reims,Le Havre,1.0,1.0,D,6.0,6.0,2.0,2.0,3.0,2.0,9.0,8.0,11.0,7.0
19/01/2025,St Etienne,Nantes,1.0,1.0,D,7.0,7.0,2.0,1.0,2.0,4.0,9.0,11.0,12.0,8.0
24/01/2025,Auxerre,St Etienne,1.0,1.0,D,3.0,4.0,2.0,0.0,5.0,3.0,15.0,13.0,11.0,8.0
25/01/2025,Monaco,Rennes,3.0,2.0,H,4.0,2.0,3.0,3.0,10.0,5.0,12.0,16.0,20.0,14.0
25/01/2025,Paris SG,Reims,1.0,1.0,D,8.0,1.0,2.0,2.0,7.0,3.0,13.0,13.0,18.0,6.0
25/01/2025,Strasbourg,Lille,2.0,1.0,H,6.0,7.0,4.0,2.0,7.0,6.0,10.0,9.0,11.0,15.0
26/01/2025,Le Havre,Brest,0.0,1.0,A,6.0,6.0,2.0,3.0,1.0,9.0,12.0,14.0,11.0,17.0
26/01/2025,Lens,Angers,1.0,0.0,H,4.0,4.0,1.0,1.0,4.0,0.0,16.0,10.0,16.0,2.0
26/01/2025,Nantes,Lyon,1.0,1.0,D,4.0,8.0,3.0,1.0,5.0,4.0,14.0,11.0,7.0,15.0
26/01/2025,Nice,Marseille,2.0,0.0,H,6.0,12.0,1.0,1.0,5.0,6.0,12.0,9.0,14.0,18.0
26/01/2025,Toulouse,Montpellier,1.0,2.0,A,6.0,2.0,1.0,2.0,6.0,4.0,9.0,15.0,15.0,6.0
31/01/2025,Montpellier,Lens,0.0,2.0,A,4.0,5.0,4.0,3.0,2.0,5.0,12.0,17.0,14.0,19.0
01/02/2025,Brest,Paris SG,2.0,5.0,A,4.0,7.0,1.0,0.0,7.0,7.0,9.0,12.0,14.0,14.0
01/02/2025,Lille,St Etienne,4.0,1.0,H,7.0,1.0,1.0,1.0,13.0,2.0,11.0,12.0,29.0,9.0
01/02/2025,Monaco,Auxerre,4.0,2.0,H,5.0,4.0,2.0,2.0,6.0,7.0,17.0,15.0,11.0,12.0
02/02/2025,Angers,Le Havre,1.0,1.0,D,4.0,2.0,2.0,4.0,2.0,5.0,8.0,19.0,17.0,13.0
02/02/2025,Marseille,Lyon,3.0,2.0,H,6.0,2.0,4.0,1.0,11.0,4.0,13.0,10.0,20.0,10.0
02/02/2025,Reims,Nantes,1.0,2.0,A,9.0,3.0,3.0,3.0,2.0,6.0,14.0,10.0,13.0,11.0
02/02/2025,Rennes,Strasbourg,1.0,0.0,H,6.0,2.0,3.0,3.0,3.0,3.0,14.0,10.0,13.0,7.0
02/02/2025,Toulouse,Nice,1.0,1.0,D,7.0,2.0,2.0,2.0,4.0,3.0,20.0,20.0,15.0,13.0
07/02/2025,Nantes,Brest,0.0,2.0,A,12.0,4.0,3.0,2.0,2.0,6.0,15.0,13.0,15.0,10.0
07/02/2025,Paris SG,Monaco,4.0,1.0,H,1.0,1.0,1.0,0.0,7.0,3.0,9.0,11.0,16.0,9.0
08/02/2025,Lille,Le Havre,1.0,2.0,A,8.0,10.0,2.0,1.0,5.0,6.0,16.0,8.0,14.0,14.0
08/02/2025,Nice,Lens,2.0,0.0,H,7.0,3.0,1.0,4.0,8.0,3.0,6.0,19.0,16.0,12.0
08/02/2025,St Etienne,Rennes,0.0,2.0,A,2.0,4.0,1.0,5.0,3.0,9.0,13.0,6.0,9.0,21.0
09/02/2025,Angers,Marseille,0.0,2.0,A,1.0,7.0,1.0,2.0,0.0,10.0,10.0,8.0,5.0,18.0
09/02/2025,Auxerre,Toulouse,2.0,2.0,D,3.0,5.0,1.0,1.0,3.0,3.0,11.0,9.0,9.0,7.0
09/02/2025,Lyon,Reims,4.0,0.0,H,6.0,6.0,0.0,0.0,9.0,2.0,10.0,12.0,15.0,9.0
09/02/2025,Strasbourg,Montpellier,2.0,0.0,H,6.0,2.0,1.0,4.0,6.0,2.0,12.0,12.0,22.0,11.0
14/02/2025,Brest,Auxerre,2.0,2.0,D,6.0,4.0,2.0,2.0,6.0,6.0,9.0,12.0,18.0,11.0
15/02/2025,Marseille,St Etienne,5.0,1.0,H,14.0,3.0,1.0,1.0,14.0,2.0,14.0,9.0,28.0,7.0
15/02/2025,Monaco,Nantes,7.0,1.0,H,9.0,1.0,1.0,1.0,11.0,2.0,18.0,9.0,22.0,6.0
15/02/2025,Toulouse,Paris SG,0.0,1.0,A,5.0,2.0,2.0,0.0,4.0,6.0,9.0,6.0,14.0,20.0
16/02/2025,Le Havre,Nice,1.0,3.0,A,6.0,2.0,2.0,2.0,4.0,3.0,14.0,16.0,14.0,9.0
16/02/2025,Lens,Strasbourg,0.0,2.0,A,7.0,3.0,4.0,2.0,0.0,5.0,12.0,15.0,7.0,13.0
16/02/2025,Montpellier,Lyon,1.0,4.0,A,7.0,4.0,3.0,1.0,4.0,6.0,14.0,12.0,11.0,9.0
16/02/2025,Reims,Angers,0.0,1.0,A,1.0,4.0,2.0,1.0,4.0,3.0,13.0,6.0,16.0,10.0
16/02/2025,Rennes,Lille,0.0,2.0,A,4.0,8.0,2.0,1.0,0.0,7.0,9.0,18.0,4.0,18.0
21/02/2025,Rennes,Reims,1.0,0.0,H,9.0,2.0,1.0,2.0,5.0,0.0,15.0,7.0,26.0,3.0
22/02/2025,Auxerre,Marseille,3.0,0.0,H,2.0,5.0,1.0,3.0,5.0,2.0,9.0,13.0,9.0,8.0
22/02/2025,Lille,Monaco,2.0,1.0,H,1.0,6.0,4.0,2.0,6.0,3.0,11.0,18.0,9.0,13.0
22/02/2025,St Etienne,Angers,3.0,3.0,D,4.0,3.0,3.0,0.0,8.0,4.0,13.0,16.0,19.0,13.0
23/02/2025,Le Havre,Toulouse,1.0,4.0,A,5.0,3.0,0.0,2.0,3.0,5.0,11.0,13.0,11.0,11.0
23/02/2025,Lyon,Paris SG,2.0,3.0,A,5.0,4.0,1.0,1.0,7.0,8.0,12.0,8.0,14.0,15.0
23/02/2025,Nantes,Lens,3.0,1.0,H,2.0,11.0,2.0,4.0,8.0,4.0,13.0,18.0,17.0,14.0
23/02/2025,Nice,Montpellier,2.0,0.0,H,8.0,5.0,1.0,1.0,6.0,1.0,17.0,15.0,16.0,13.0
23/02/2025,Strasbourg,Brest,0.0,0.0,D,1.0,8.0,3.0,1.0,1.0,2.0,12.0,12.0,3.0,12.0
28/02/2025,Monaco,Reims,3.0,0.0,H,7.0,2.0,0.0,0.0,9.0,5.0,7.0,7.0,23.0,9.0
01/03/2025,Lens,Le Havre,3.0,4.0,A,9.0,2.0,2.0,2.0,7.0,4.0,12.0,11.0,20.0,8.0
01/03/2025,Paris SG,Lille,4.0,1.0,H,9.0,3.0,0.0,1.0,11.0,2.0,6.0,10.0,26.0,6.0
01/03/2025,St Etienne,Nice,1.0,3.0,A,3.0,4.0,2.0,1.0,3.0,9.0,10.0,11.0,12.0,16.0
02/03/2025,Angers,Toulouse,0.0,4.0,A,4.0,9.0,3.0,3.0,1.0,13.0,13.0,9.0,5.0,19.0
02/03/2025,Auxerre,Strasbourg,0.0,1.0,A,5.0,3.0,1.0,3.0,5.0,3.0,10.0,10.0,14.0,6.0
02/03/2025,Lyon,Brest,2.0,1.0,H,2.0,5.0,2.0,1.0,4.0,5.0,16.0,12.0,10.0,15.0
02/03/2025,Marseille,Nantes,2.0,0.0,H,3.0,2.0,1.0,2.0,5.0,2.0,14.0,15.0,21.0,8.0
02/03/2025,Montpellier,Rennes,0.0,4.0,A,6.0,5.0,2.0,1.0,5.0,9.0,15.0,15.0,16.0,15.0
07/03/2025,Toulouse,Monaco,1.0,1.0,D,3.0,5.0,1.0,3.0,3.0,3.0,16.0,17.0,8.0,13.0
08/03/2025,Lille,Montpellier,1.0,0.0,H,7.0,1.0,2.0,3.0,8.0,3.0,11.0,12.0,18.0,10.0
08/03/2025,Marseille,Lens,0.0,1.0,A,7.0,0.0,3.0,1.0,6.0,2.0,15.0,12.0,15.0,3.0
08/03/2025,Rennes,Paris SG,1.0,4.0,A,3.0,2.0,2.0,3.0,3.0,9.0,11.0,6.0,13.0,19.0
09/03/2025,Brest,Angers,2.0,0.0,H,6.0,6.0,1.0,1.0,7.0,1.0,14.0,8.0,19.0,7.0
09/03/2025,Le Havre,St Etienne,1.0,1.0,D,5.0,6.0,2.0,3.0,7.0,3.0,9.0,17.0,13.0,12.0
09/03/2025,Nantes,Strasbourg,0.0,1.0,A,3.0,9.0,1.0,1.0,2.0,1.0,12.0,17.0,11.0,9.0
09/03/2025,Nice,Lyon,0.0,2.0,A,9.0,2.0,1.0,2.0,4.0,5.0,12.0,11.0,18.0,8.0
09/03/2025,Reims,Auxerre,0.0,2.0,A,6.0,12.0,1.0,1.0,4.0,9.0,9.0,13.0,18.0,13.0
14/03/2025,Nice,Auxerre,1.0,1.0,D,7.0,3.0,1.0,3.0,6.0,4.0,14.0,18.0,20.0,10.0
15/03/2025,Angers,Monaco,0.0,2.0,A,0.0,9.0,1.0,2.0,2.0,5.0,12.0,11.0,6.0,16.0
15/03/2025,Lens,Rennes,1.0,0.0,H,5.0,4.0,1.0,1.0,4.0,5.0,17.0,14.0,9.0,12.0
15/03/2025,Nantes,Lille,1.0,0.0,H,3.0,5.0,2.0,3.0,3.0,4.0,9.0,15.0,10.0,13.0
16/03/2025,Brest,Reims,0.0,0.0,D,4.0,4.0,1.0,3.0,0.0,2.0,9.0,13.0,11.0,12.0
16/03/2025,Lyon,Le Havre,4.0,2.0,H,4.0,1.0,2.0,3.0,7.0,5.0,20.0,12.0,16.0,14.0
16/03/2025,Montpellier,St Etienne,0.0,2.0,A,4.0,6.0,1.0,3.0,3.0,6.0,4.0,7.0,13.0,11.0
16/03/2025,Paris SG,Marseille,3.0,1.0,H,5.0,5.0,1.0,0.0,5.0,2.0,7.0,9.0,16.0,11.0
16/03/2025,Strasbourg,Toulouse,2.0,1.0,H,4.0,3.0,0.0,2.0,3.0,7.0,10.0,14.0,10.0,11.0
28/03/2025,Strasbourg,Lyon,4.0,2.0,H,6.0,5.0,2.0,2.0,7.0,11.0,12.0,15.0,14.0,16.0
29/03/2025,Monaco,Nice,2.0,1.0,H,7.0,4.0,2.0,4.0,6.0,4.0,17.0,14.0,17.0,9.0
29/03/2025,Reims,Marseille,3.0,1.0,H,0.0,12.0,0.0,0.0,5.0,8.0,6.0,9.0,7.0,20.0
29/03/2025,St Etienne,Paris SG,1.0,6.0,A,3.0,6.0,2.0,0.0,2.0,10.0,9.0,12.0,11.0,22.0
30/03/2025,Angers,Rennes,0.0,3.0,A,6.0,5.0,1.0,0.0,4.0,6.0,10.0,16.0,9.0,14.0
30/03/2025,Auxerre,Montpellier,1.0,0.0,H,10.0,6.0,3.0,1.0,6.0,1.0,14.0,14.0,21.0,12.0
30/03/2025,Le Havre,Nantes,3.0,2.0,H,3.0,4.0,1.0,2.0,5.0,2.0,16.0,9.0,16.0,7.0
30/03/2025,Lille,Lens,1.0,0.0,H,6.0,2.0,1.0,3.0,5.0,2.0,13.0,15.0,11.0,5.0
30/03/2025,Toulouse,Brest,2.0,4.0,A,10.0,3.0,0.0,5.0,4.0,5.0,10.0,18.0,17.0,10.0
04/04/2025,Nice,Nantes,1.0,2.0,A,11.0,2.0,1.0,1.0,9.0,4.0,9.0,14.0,21.0,8.0
05/04/2025,Brest,Monaco,2.0,1.0,H,2.0,9.0,3.0,2.0,4.0,3.0,13.0,16.0,13.0,10.0
05/04/2025,Lyon,Lille,2.0,1.0,H,1.0,3.0,3.0,2.0,4.0,4.0,15.0,14.0,10.0,10.0
05/04/2025,Paris SG,Angers,1.0,0.0,H,5.0,1.0,0.0,3.0,6.0,0.0,7.0,12.0,20.0,5.0
06/04/2025,Lens,St Etienne,1.0,0.0,H,6.0,3.0,3.0,2.0,5.0,3.0,14.0,20.0,20.0,8.0
06/04/2025,Marseille,Toulouse,3.0,2.0,H,5.0,1.0,2.0,3.0,4.0,3.0,11.0,15.0,9.0,8.0
06/04/2025,Montpellier,Le Havre,0.0,2.0,A,5.0,2.0,1.0,1.0,6.0,4.0,15.0,7.0,14.0,13.0
06/04/2025,Reims,Strasbourg,0.0,1.0,A,4.0,7.0,2.0,2.0,7.0,4.0,11.0,9.0,14.0,13.0
06/04/2025,Rennes,Auxerre,0.0,1.0,A,8.0,5.0,0.0,0.0,5.0,3.0,10.0,5.0,18.0,11.0
11/04/2025,Lens,Reims,0.0,2.0,A,9.0,2.0,1.0,0.0,14.0,2.0,9.0,7.0,37.0,10.0
12/04/2025,Monaco,Marseille,3.0,0.0,H,4.0,4.0,2.0,1.0,10.0,4.0,6.0,18.0,15.0,8.0
12/04/2025,Strasbourg,Nice,2.0,2.0,D,2.0,9.0,1.0,2.0,4.0,6.0,5.0,8.0,11.0,23.0
12/04/2025,Toulouse,Lille,1.0,2.0,A,4.0,2.0,1.0,2.0,5.0,3.0,15.0,11.0,10.0,6.0
13/04/2025,Angers,Montpellier,2.0,0.0,H,6.0,1.0,0.0,2.0,4.0,1.0,12.0,13.0,10.0,4.0
13/04/2025,Auxerre,Lyon,1.0,3.0,A,3.0,6.0,3.0,1.0,3.0,7.0,11.0,9.0,14.0,13.0
13/04/2025,Le Havre,Rennes,1.0,5.0,A,4.0,3.0,2.0,3.0,2.0,6.0,16.0,11.0,11.0,10.0
13/04/2025,St Etienne,Brest,3.0,3.0,D,7.0,9.0,2.0,4.0,4.0,6.0,21.0,18.0,9.0,14.0
18/04/2025,Rennes,Nantes,2.0,1.0,H,10.0,2.0,3.0,5.0,5.0,1.0,24.0,13.0,19.0,4.0
19/04/2025,Marseille,Montpellier,5.0,1.0,H,7.0,2.0,2.0,2.0,8.0,1.0,11.0,11.0,18.0,6.0
19/04/2025,Monaco,Strasbourg,0.0,0.0,D,3.0,2.0,3.0,3.0,4.0,2.0,18.0,10.0,12.0,5.0
19/04/2025,Paris SG,Le Havre,2.0,1.0,H,7.0,3.0,0.0,0.0,11.0,1.0,7.0,10.0,18.0,9.0
20/04/2025,Brest,Lens,1.0,3.0,A,7.0,6.0,0.0,0.0,5.0,9.0,11.0,11.0,11.0,17.0
20/04/2025,Lille,Auxerre,3.0,1.0,H,8.0,4.0,1.0,2.0,9.0,3.0,8.0,13.0,15.0,7.0
20/04/2025,Nice,Angers,2.0,1.0,H,4.0,2.0,1.0,1.0,8.0,2.0,10.0,8.0,22.0,5.0
20/04/2025,Reims,Toulouse,1.0,0.0,H,0.0,9.0,1.0,0.0,2.0,6.0,11.0,12.0,8.0,18.0
20/04/2025,St Etienne,Lyon,2.0,1.0,H,8.0,6.0,3.0,4.0,6.0,2.0,12.0,13.0,18.0,14.0
22/04/2025,Nantes,Paris SG,1.0,1.0,D,4.0,4.0,2.0,0.0,2.0,5.0,5.0,9.0,8.0,10.0
25/04/2025,Paris SG,Nice,1.0,3.0,A,17.0,0.0,3.0,1.0,13.0,3.0,9.0,11.0,32.0,7.0
26/04/2025,Le Havre,Monaco,1.0,1.0,D,3.0,6.0,1.0,0.0,3.0,7.0,12.0,13.0,9.0,19.0
26/04/2025,Lyon,Rennes,4.0,1.0,H,7.0,2.0,0.0,0.0,8.0,4.0,12.0,9.0,14.0,10.0
26/04/2025,Strasbourg,St Etienne,3.0,1.0,H,5.0,8.0,1.0,0.0,7.0,6.0,10.0,7.0,18.0,17.0
27/04/2025,Angers,Lille,0.0,2.0,A,7.0,2.0,1.0,5.0,3.0,5.0,17.0,10.0,6.0,9.0
27/04/2025,Lens,Auxerre,0.0,4.0,A,8.0,1.0,4.0,4.0,5.0,8.0,12.0,13.0,16.0,12.0
27/04/2025,Marseille,Brest,4.0,1.0,H,4.0,3.0,1.0,4.0,7.0,4.0,14.0,16.0,11.0,9.0
27/04/2025,Montpellier,Reims,0.0,0.0,D,5.0,5.0,3.0,3.0,2.0,3.0,17.0,13.0,12.0,8.0
27/04/2025,Nantes,Toulouse,0.0,0.0,D,3.0,5.0,2.0,3.0,3.0,3.0,13.0,11.0,11.0,6.0
02/05/2025,Nice,Reims,1.0,0.0,H,5.0,3.0,2.0,2.0,2.0,3.0,14.0,21.0,8.0,16.0
03/05/2025,St Etienne,Monaco,1.0,3.0,A,6.0,5.0,0.0,0.0,1.0,6.0,15.0,12.0,11.0,12.0
03/05/2025,Strasbourg,Paris SG,2.0,1.0,H,6.0,2.0,1.0,2.0,2.0,4.0,14.0,13.0,9.0,20.0
03/05/2025,Toulouse,Rennes,2.0,1.0,H,6.0,5.0,2.0,2.0,3.0,6.0,7.0,15.0,9.0,15.0
04/05/2025,Auxerre,Le Havre,1.0,2.0,A,0.0,9.0,2.0,1.0,1.0,5.0,11.0,10.0,4.0,11.0
04/05/2025,Brest,Montpellier,1.0,0.0,H,4.0,6.0,1.0,2.0,5.0,1.0,14.0,18.0,16.0,6.0
04/05/2025,Lille,Marseille,1.0,1.0,D,2.0,5.0,2.0,2.0,1.0,6.0,9.0,8.0,5.0,13.0
04/05/2025,Lyon,Lens,1.0,2.0,A,8.0,2.0,2.0,3.0,4.0,3.0,8.0,12.0,18.0,8.0
04/05/2025,Nantes,Angers,0.0,1.0,A,4.0,6.0,2.0,3.0,3.0,2.0,12.0,16.0,8.0,14.0
10/05/2025,Angers,Strasbourg,2.0,1.0,H,2.0,6.0,2.0,2.0,2.0,3.0,6.0,10.0,5.0,15.0
10/05/2025,Auxerre,Nantes,1.0,1.0,D,7.0,3.0,3.0,1.0,3.0,2.0,15.0,16.0,9.0,7.0
10/05/2025,Brest,Lille,2.0,0.0,H,3.0,7.0,1.0,1.0,4.0,2.0,6.0,14.0,12.0,18.0
10/05/2025,Le Havre,Marseille,1.0,3.0,A,2.0,9.0,2.0,2.0,4.0,5.0,12.0,12.0,10.0,22.0
10/05/2025,Monaco,Lyon,2.0,0.0,H,3.0,5.0,2.0,4.0,5.0,4.0,16.0,18.0,11.0,9.0
10/05/2025,Montpellier,Paris SG,1.0,4.0,A,5.0,4.0,1.0,1.0,4.0,8.0,14.0,11.0,9.0,10.0
10/05/2025,Reims,St Etienne,0.0,2.0,A,4.0,5.0,1.0,0.0,3.0,4.0,13.0,12.0,19.0,9.0
10/05/2025,Rennes,Nice,2.0,0.0,H,1.0,5.0,1.0,1.0,4.0,6.0,5.0,13.0,10.0,14.0
10/05/2025,Toulouse,Lens,1.0,1.0,D,2.0,1.0,2.0,5.0,6.0,2.0,17.0,12.0,9.0,12.0
17/05/2025,Lens,Monaco,4.0,0.0,H,5.0,4.0,1.0,1.0,5.0,4.0,14.0,9.0,15.0,6.0
17/05/2025,Lille,Reims,2.0,1.0,H,10.0,3.0,0.0,1.0,5.0,2.0,11.0,7.0,21.0,5.0
17/05/2025,Lyon,Angers,2.0,0.0,H,8.0,8.0,1.0,3.0,4.0,3.0,10.0,13.0,21.0,13.0
17/05/2025,Marseille,Rennes,4.0,2.0,H,5.0,5.0,3.0,3.0,10.0,3.0,8.0,12.0,17.0,9.0
17/05/2025,Nantes,Montpellier,3.0,0.0,H,7.0,2.0,3.0,1.0,6.0,0.0,14.0,9.0,18.0,9.0
17/05/2025,Nice,Brest,6.0,0.0,H,5.0,2.0,0.0,5.0,9.0,1.0,13.0,12.0,18.0,10.0
17/05/2025,Paris SG,Auxerre,3.0,1.0,H,5.0,2.0,1.0,2.0,9.0,2.0,10.0,9.0,21.0,7.0
17/05/2025,St Etienne,Toulouse,2.0,3.0,A,7.0,6.0,3.0,2.0,7.0,9.0,10.0,7.0,18.0,17.0
17/05/2025,Strasbourg,Le Havre,2.0,3.0,A,4.0,3.0,2.0,0.0,4.0,5.0,18.0,8.0,6.0,10.0
15/08/2025,Rennes,Marseille,1.0,0.0,H,1.0,12.0,2.0,3.0,5.0,2.0,8.0,11.0,12.0,24.0
16/08/2025,Lens,Lyon,0.0,1.0,A,13.0,8.0,2.0,3.0,5.0,3.0,13.0,20.0,18.0,11.0
16/08/2025,Monaco,Le Havre,3.0,1.0,H,5.0,4.0,0.0,1.0,3.0,4.0,5.0,14.0,13.0,9.0
16/08/2025,Nice,Toulouse,0.0,1.0,A,9.0,4.0,2.0,3.0,2.0,2.0,12.0,13.0,13.0,10.0
17/08/2025,Angers,Paris FC,1.0,0.0,H,3.0,7.0,2.0,1.0,2.0,7.0,14.0,10.0,8.0,17.0
17/08/2025,Auxerre,Lorient,1.0,0.0,H,4.0,5.0,3.0,2.0,3.0,3.0,18.0,14.0,7.0,14.0
17/08/2025,Brest,Lille,3.0,3.0,D,2.0,2.0,2.0,1.0,5.0,6.0,11.0,13.0,18.0,10.0
17/08/2025,Metz,Strasbourg,0.0,1.0,A,3.0,3.0,2.0,2.0,0.0,4.0,16.0,13.0,2.0,9.0
17/08/2025,Nantes,Paris SG,0.0,1.0,A,2.0,7.0,1.0,1.0,0.0,4.0,6.0,6.0,6.0,18.0
22/08/2025,Paris SG,Angers,1.0,0.0,H,12.0,0.0,0.0,0.0,4.0,0.0,3.0,9.0,21.0,3.0
23/08/2025,Lyon,Metz,3.0,0.0,H,4.0,3.0,0.0,2.0,8.0,2.0,13.0,15.0,13.0,11.0
23/08/2025,Marseille,Paris FC,5.0,2.0,H,5.0,2.0,1.0,0.0,7.0,4.0,9.0,12.0,12.0,8.0
23/08/2025,Nice,Auxerre,3.0,1.0,H,5.0,4.0,2.0,2.0,6.0,8.0,10.0,15.0,16.0,12.0
24/08/2025,Le Havre,Lens,1.0,2.0,A,7.0,0.0,3.0,1.0,6.0,3.0,17.0,16.0,18.0,6.0
24/08/2025,Lille,Monaco,1.0,0.0,H,8.0,3.0,1.0,2.0,1.0,1.0,7.0,14.0,18.0,6.0
24/08/2025,Lorient,Rennes,4.0,0.0,H,3.0,2.0,6.0,0.0,7.0,1.0,18.0,7.0,22.0,5.0
24/08/2025,Strasbourg,Nantes,1.0,0.0,H,7.0,6.0,2.0,2.0,4.0,2.0,11.0,9.0,15.0,9.0
24/08/2025,Toulouse,Brest,2.0,0.0,H,3.0,9.0,0.0,1.0,3.0,2.0,14.0,10.0,6.0,16.0
29/08/2025,Lens,Brest,3.0,1.0,H,15.0,1.0,1.0,3.0,10.0,2.0,7.0,12.0,30.0,9.0
30/08/2025,Lorient,Lille,1.0,7.0,A,3.0,8.0,3.0,3.0,2.0,11.0,14.0,18.0,6.0,20.0
30/08/2025,Nantes,Auxerre,1.0,0.0,H,3.0,9.0,1.0,3.0,3.0,4.0,13.0,11.0,4.0,14.0
30/08/2025,Toulouse,Paris SG,3.0,6.0,A,5.0,7.0,1.0,0.0,6.0,8.0,7.0,11.0,14.0,13.0
31/08/2025,Angers,Rennes,1.0,1.0,D,1.0,7.0,2.0,2.0,7.0,7.0,9.0,11.0,10.0,15.0
31/08/2025,Le Havre,Nice,3.0,1.0,H,0.0,5.0,1.0,4.0,8.0,3.0,13.0,16.0,12.0,7.0
31/08/2025,Lyon,Marseille,1.0,0.0,H,9.0,4.0,2.0,2.0,5.0,2.0,16.0,11.0,17.0,5.0
31/08/2025,Monaco,Strasbourg,3.0,2.0,H,6.0,5.0,2.0,1.0,4.0,4.0,13.0,12.0,12.0,12.0
31/08/2025,Paris FC,Metz,3.0,2.0,H,14.0,6.0,1.0,1.0,9.0,2.0,4.0,8.0,24.0,14.0
12/09/2025,Marseille,Lorient,4.0,0.0,H,10.0,0.0,3.0,2.0,8.0,1.0,18.0,5.0,15.0,4.0
13/09/2025,Auxerre,Monaco,1.0,2.0,A,5.0,8.0,3.0,6.0,2.0,3.0,12.0,19.0,9.0,13.0
13/09/2025,Nice,Nantes,1.0,0.0,H,7.0,4.0,2.0,0.0,8.0,3.0,16.0,13.0,19.0,14.0
14/09/2025,Brest,Paris FC,1.0,2.0,A,6.0,1.0,0.0,2.0,8.0,4.0,11.0,10.0,23.0,7.0
14/09/2025,Lille,Toulouse,2.0,1.0,H,7.0,6.0,2.0,3.0,5.0,4.0,12.0,10.0,20.0,9.0
14/09/2025,Metz,Angers,1.0,1.0,D,4.0,3.0,0.0,1.0,5.0,4.0,10.0,7.0,9.0,11.0
14/09/2025,Paris SG,Lens,2.0,0.0,H,4.0,3.0,1.0,2.0,6.0,3.0,10.0,8.0,14.0,11.0
14/09/2025,Rennes,Lyon,3.0,1.0,H,5.0,4.0,2.0,2.0,5.0,5.0,18.0,13.0,23.0,8.0
14/09/2025,Strasbourg,Le Havre,1.0,0.0,H,4.0,3.0,2.0,2.0,7.0,1.0,8.0,16.0,9.0,10.0
19/09/2025,Lyon,Angers,1.0,0.0,H,7.0,4.0,2.0,2.0,5.0,2.0,16.0,10.0,16.0,10.0
20/09/2025,Brest,Nice,4.0,1.0,H,2.0,7.0,1.0,3.0,5.0,4.0,17.0,11.0,11.0,21.0
20/09/2025,Lens,Lille,3.0,0.0,H,4.0,10.0,1.0,3.0,6.0,3.0,17.0,11.0,15.0,17.0
20/09/2025,Nantes,Rennes,2.0,2.0,D,4.0,4.0,3.0,1.0,4.0,4.0,14.0,18.0,16.0,8.0
21/09/2025,Auxerre,Toulouse,1.0,0.0,H,3.0,4.0,1.0,6.0,1.0,3.0,12.0,20.0,6.0,13.0
21/09/2025,Le Havre,Lorient,1.0,1.0,D,6.0,2.0,3.0,6.0,2.0,4.0,20.0,15.0,13.0,8.0
21/09/2025,Monaco,Metz,5.0,2.0,H,4.0,5.0,1.0,0.0,6.0,3.0,15.0,6.0,16.0,8.0
21/09/2025,Paris FC,Strasbourg,2.0,3.0,A,4.0,2.0,1.0,5.0,6.0,4.0,11.0,10.0,18.0,8.0
22/09/2025,Marseille,Paris SG,1.0,0.0,H,5.0,3.0,3.0,0.0,2.0,5.0,16.0,7.0,9.0,12.0
26/09/2025,Strasbourg,Marseille,1.0,2.0,A,5.0,4.0,2.0,4.0,1.0,9.0,13.0,15.0,9.0,16.0
27/09/2025,Lorient,Monaco,3.0,1.0,H,2.0,4.0,2.0,3.0,8.0,2.0,10.0,11.0,19.0,5.0
27/09/2025,Paris SG,Auxerre,2.0,0.0,H,5.0,5.0,1.0,2.0,8.0,3.0,17.0,10.0,15.0,12.0
27/09/2025,Toulouse,Nantes,2.0,2.0,D,1.0,4.0,2.0,3.0,7.0,2.0,18.0,12.0,20.0,12.0
28/09/2025,Angers,Brest,0.0,2.0,A,11.0,4.0,1.0,1.0,2.0,3.0,13.0,13.0,11.0,7.0
28/09/2025,Lille,Lyon,0.0,1.0,A,3.0,4.0,4.0,4.0,3.0,2.0,20.0,24.0,14.0,5.0
28/09/2025,Metz,Le Havre,0.0,0.0,D,4.0,6.0,2.0,2.0,0.0,2.0,16.0,16.0,7.0,11.0
28/09/2025,Nice,Paris FC,1.0,1.0,D,5.0,5.0,1.0,1.0,5.0,3.0,14.0,14.0,11.0,13.0
28/09/2025,Rennes,Lens,0.0,0.0,D,8.0,4.0,3.0,2.0,2.0,2.0,16.0,9.0,14.0,13.0
03/10/2025,Paris FC,Lorient,2.0,0.0,H,1.0,5.0,0.0,2.0,2.0,3.0,19.0,10.0,10.0,8.0
04/10/2025,Auxerre,Lens,1.0,2.0,A,2.0,2.0,3.0,7.0,2.0,4.0,10.0,21.0,18.0,7.0
04/10/2025,Brest,Nantes,0.0,0.0,D,12.0,3.0,2.0,1.0,5.0,0.0,11.0,12.0,17.0,6.0
04/10/2025,Metz,Marseille,0.0,3.0,A,4.0,4.0,0.0,0.0,1.0,9.0,8.0,7.0,4.0,21.0
05/10/2025,Le Havre,Rennes,2.0,2.0,D,3.0,4.0,1.0,2.0,2.0,3.0,13.0,9.0,10.0,9.0
05/10/2025,Lille,Paris SG,1.0,1.0,D,3.0,5.0,1.0,1.0,3.0,5.0,11.0,12.0,9.0,17.0
05/10/2025,Lyon,Toulouse,1.0,2.0,A,8.0,5.0,1.0,3.0,3.0,4.0,13.0,17.0,13.0,14.0
05/10/2025,Monaco,Nice,2.0,2.0,D,6.0,7.0,1.0,3.0,6.0,2.0,10.0,9.0,20.0,9.0
05/10/2025,Strasbourg,Angers,5.0,0.0,H,2.0,5.0,2.0,2.0,12.0,1.0,12.0,11.0,18.0,5.0
17/10/2025,Paris SG,Strasbourg,3.0,3.0,D,4.0,1.0,2.0,1.0,9.0,7.0,12.0,15.0,21.0,12.0
18/10/2025,Angers,Monaco,1.0,1.0,D,10.0,3.0,2.0,2.0,3.0,4.0,15.0,14.0,16.0,11.0
18/10/2025,Marseille,Le Havre,6.0,2.0,H,2.0,1.0,2.0,1.0,11.0,3.0,17.0,13.0,18.0,8.0
18/10/2025,Nice,Lyon,3.0,2.0,H,1.0,16.0,1.0,2.0,4.0,7.0,10.0,11.0,5.0,29.0
19/10/2025,Lens,Paris FC,2.0,1.0,H,11.0,3.0,2.0,2.0,3.0,3.0,11.0,8.0,11.0,9.0
19/10/2025,Lorient,Brest,3.0,3.0,D,5.0,2.0,3.0,2.0,7.0,4.0,13.0,16.0,12.0,8.0
19/10/2025,Nantes,Lille,0.0,2.0,A,5.0,9.0,1.0,4.0,3.0,5.0,12.0,15.0,8.0,23.0
19/10/2025,Rennes,Auxerre,2.0,2.0,D,6.0,2.0,1.0,3.0,7.0,4.0,11.0,15.0,19.0,7.0
19/10/2025,Toulouse,Metz,4.0,0.0,H,5.0,1.0,2.0,1.0,7.0,2.0,14.0,11.0,16.0,2.0
24/10/2025,Paris FC,Nantes,1.0,2.0,A,8.0,2.0,3.0,2.0,3.0,3.0,10.0,13.0,14.0,11.0
25/10/2025,Brest,Paris SG,0.0,3.0,A,2.0,7.0,1.0,1.0,2.0,8.0,10.0,10.0,8.0,18.0
25/10/2025,Lens,Marseille,2.0,1.0,H,4.0,8.0,3.0,2.0,5.0,3.0,12.0,9.0,8.0,17.0
25/10/2025,Monaco,Toulouse,1.0,0.0,H,2.0,5.0,3.0,4.0,5.0,2.0,15.0,18.0,14.0,10.0
26/10/2025,Angers,Lorient,2.0,0.0,H,1.0,6.0,1.0,0.0,4.0,4.0,14.0,6.0,7.0,23.0
26/10/2025,Auxerre,Le Havre,0.0,1.0,A,13.0,5.0,2.0,2.0,3.0,4.0,21.0,12.0,14.0,9.0
26/10/2025,Lille,Metz,6.0,1.0,H,7.0,8.0,3.0,2.0,12.0,4.0,18.0,12.0,23.0,10.0
26/10/2025,Lyon,Strasbourg,2.0,1.0,H,4.0,2.0,0.0,4.0,3.0,2.0,15.0,19.0,8.0,7.0
26/10/2025,Rennes,Nice,1.0,2.0,A,7.0,3.0,5.0,2.0,7.0,3.0,13.0,22.0,19.0,8.0
29/10/2025,Le Havre,Brest,1.0,0.0,H,5.0,1.0,1.0,3.0,3.0,2.0,12.0,11.0,13.0,8.0
29/10/2025,Lorient,Paris SG,1.0,1.0,D,0.0,8.0,0.0,2.0,2.0,8.0,5.0,13.0,5.0,15.0
29/10/2025,Marseille,Angers,2.0,2.0,D,1.0,5.0,2.0,1.0,6.0,6.0,11.0,7.0,11.0,12.0
29/10/2025,Metz,Lens,2.0,0.0,H,2.0,5.0,3.0,2.0,7.0,2.0,15.0,15.0,16.0,10.0
29/10/2025,Nantes,Monaco,3.0,5.0,A,1.0,3.0,3.0,5.0,5.0,9.0,13.0,17.0,18.0,19.0
29/10/2025,Nice,Lille,2.0,0.0,H,2.0,13.0,3.0,3.0,4.0,4.0,11.0,10.0,8.0,21.0
29/10/2025,Paris FC,Lyon,3.0,3.0,D,4.0,2.0,6.0,2.0,3.0,4.0,18.0,16.0,11.0,7.0
29/10/2025,Strasbourg,Auxerre,3.0,0.0,H,4.0,3.0,1.0,1.0,9.0,1.0,11.0,16.0,18.0,6.0
29/10/2025,Toulouse,Rennes,2.0,2.0,D,5.0,8.0,2.0,3.0,4.0,5.0,9.0,12.0,15.0,11.0
01/11/2025,Auxerre,Marseille,0.0,1.0,A,3.0,3.0,3.0,4.0,4.0,2.0,12.0,14.0,9.0,6.0
01/11/2025,Monaco,Paris FC,0.0,1.0,A,3.0,2.0,3.0,2.0,1.0,1.0,10.0,12.0,10.0,9.0
01/11/2025,Paris SG,Nice,1.0,0.0,H,11.0,1.0,3.0,1.0,8.0,2.0,12.0,5.0,28.0,5.0
02/11/2025,Brest,Lyon,0.0,0.0,D,12.0,2.0,1.0,0.0,3.0,2.0,19.0,6.0,13.0,4.0
02/11/2025,Lens,Lorient,3.0,0.0,H,7.0,6.0,2.0,2.0,6.0,3.0,8.0,10.0,9.0,12.0
02/11/2025,Lille,Angers,1.0,0.0,H,9.0,2.0,1.0,0.0,4.0,1.0,10.0,10.0,15.0,6.0
02/11/2025,Nantes,Metz,0.0,2.0,A,8.0,5.0,1.0,3.0,4.0,7.0,8.0,8.0,16.0,14.0
02/11/2025,Rennes,Strasbourg,4.0,1.0,H,6.0,5.0,1.0,1.0,6.0,2.0,15.0,9.0,13.0,20.0
02/11/2025,Toulouse,Le Havre,0.0,0.0,D,10.0,2.0,1.0,2.0,2.0,3.0,12.0,14.0,18.0,9.0
07/11/2025,Paris FC,Rennes,0.0,1.0,A,8.0,9.0,4.0,2.0,4.0,3.0,9.0,13.0,19.0,10.0
08/11/2025,Le Havre,Nantes,1.0,1.0,D,8.0,3.0,3.0,3.0,4.0,2.0,15.0,13.0,17.0,5.0
08/11/2025,Marseille,Brest,3.0,0.0,H,6.0,2.0,0.0,1.0,7.0,2.0,12.0,10.0,19.0,4.0
08/11/2025,Monaco,Lens,1.0,4.0,A,5.0,4.0,1.0,2.0,6.0,12.0,15.0,19.0,16.0,20.0
09/11/2025,Angers,Auxerre,2.0,0.0,H,3.0,3.0,2.0,2.0,5.0,5.0,19.0,14.0,9.0,12.0
09/11/2025,Lorient,Toulouse,1.0,1.0,D,6.0,4.0,0.0,4.0,2.0,2.0,6.0,18.0,10.0,6.0
09/11/2025,Lyon,Paris SG,2.0,3.0,A,5.0,5.0,5.0,2.0,2.0,4.0,10.0,8.0,9.0,9.0
09/11/2025,Metz,Nice,2.0,1.0,H,6.0,3.0,2.0,4.0,2.0,4.0,12.0,19.0,9.0,11.0
09/11/2025,Strasbourg,Lille,2.0,0.0,H,1.0,4.0,4.0,3.0,2.0,4.0,9.0,20.0,5.0,7.0
21/11/2025,Nice,Marseille,1.0,5.0,A,8.0,6.0,2.0,2.0,7.0,11.0,9.0,10.0,15.0,13.0
22/11/2025,Lens,Strasbourg,1.0,0.0,H,3.0,1.0,2.0,3.0,5.0,1.0,13.0,13.0,13.0,7.0
22/11/2025,Paris SG,Le Havre,3.0,0.0,H,6.0,4.0,2.0,1.0,11.0,4.0,10.0,8.0,31.0,12.0
22/11/2025,Rennes,Monaco,4.0,1.0,H,4.0,6.0,0.0,1.0,9.0,3.0,3.0,13.0,17.0,13.0
23/11/2025,Auxerre,Lyon,0.0,0.0,D,7.0,11.0,1.0,3.0,5.0,7.0,10.0,11.0,12.0,16.0
23/11/2025,Brest,Metz,3.0,2.0,H,6.0,2.0,2.0,3.0,7.0,3.0,11.0,8.0,20.0,7.0
23/11/2025,Lille,Paris FC,4.0,2.0,H,9.0,4.0,1.0,2.0,10.0,3.0,9.0,12.0,17.0,6.0
23/11/2025,Nantes,Lorient,1.0,1.0,D,1.0,1.0,1.0,1.0,1.0,1.0,17.0,17.0,9.0,7.0
23/11/2025,Toulouse,Angers,0.0,1.0,A,11.0,1.0,1.0,3.0,6.0,2.0,15.0,15.0,25.0,6.0
28/11/2025,Metz,Rennes,0.0,1.0,A,6.0,3.0,0.0,0.0,5.0,2.0,9.0,8.0,16.0,9.0
29/11/2025,Marseille,Toulouse,2.0,2.0,D,9.0,1.0,2.0,1.0,5.0,4.0,7.0,10.0,20.0,6.0
29/11/2025,Monaco,Paris SG,1.0,0.0,H,4.0,4.0,3.0,1.0,5.0,4.0,10.0,13.0,10.0,17.0
29/11/2025,Paris FC,Auxerre,1.0,1.0,D,4.0,3.0,2.0,1.0,2.0,3.0,11.0,17.0,11.0,11.0
30/11/2025,Angers,Lens,1.0,2.0,A,2.0,8.0,1.0,1.0,5.0,6.0,7.0,11.0,7.0,17.0
30/11/2025,Le Havre,Lille,0.0,1.0,A,6.0,2.0,1.0,3.0,7.0,2.0,15.0,13.0,14.0,8.0
30/11/2025,Lorient,Nice,3.0,1.0,H,3.0,7.0,1.0,2.0,7.0,2.0,7.0,11.0,18.0,9.0
30/11/2025,Lyon,Nantes,3.0,0.0,H,7.0,0.0,1.0,2.0,8.0,2.0,14.0,9.0,20.0,6.0
30/11/2025,Strasbourg,Brest,1.0,2.0,A,5.0,0.0,0.0,3.0,6.0,4.0,12.0,14.0,14.0,7.0
05/12/2025,Brest,Monaco,1.0,0.0,H,2.0,3.0,2.0,4.0,4.0,2.0,17.0,15.0,12.0,10.0
05/12/2025,Lille,Marseille,1.0,0.0,H,2.0,5.0,1.0,1.0,2.0,2.0,9.0,11.0,5.0,6.0
06/12/2025,Nantes,Lens,1.0,2.0,A,1.0,12.0,2.0,0.0,4.0,6.0,8.0,13.0,10.0,20.0
06/12/2025,Paris SG,Rennes,5.0,0.0,H,8.0,6.0,0.0,3.0,9.0,2.0,9.0,5.0,20.0,6.0
06/12/2025,Toulouse,Strasbourg,1.0,0.0,H,1.0,2.0,3.0,3.0,3.0,0.0,21.0,13.0,6.0,3.0
07/12/2025,Auxerre,Metz,3.0,1.0,H,5.0,3.0,2.0,1.0,7.0,3.0,10.0,12.0,14.0,5.0
07/12/2025,Le Havre,Paris FC,0.0,0.0,D,7.0,2.0,0.0,2.0,2.0,2.0,10.0,13.0,13.0,13.0
07/12/2025,Lorient,Lyon,1.0,0.0,H,1.0,7.0,2.0,2.0,6.0,4.0,12.0,21.0,14.0,7.0
07/12/2025,Nice,Angers,0.0,1.0,A,4.0,1.0,1.0,1.0,3.0,4.0,11.0,9.0,13.0,8.0
12/12/2025,Angers,Nantes,4.0,1.0,H,6.0,3.0,1.0,2.0,9.0,4.0,17.0,13.0,20.0,7.0
13/12/2025,Metz,Paris SG,2.0,3.0,A,4.0,4.0,2.0,1.0,5.0,9.0,10.0,10.0,9.0,14.0
13/12/2025,Paris FC,Toulouse,0.0,3.0,A,7.0,4.0,3.0,1.0,2.0,4.0,12.0,14.0,9.0,7.0
13/12/2025,Rennes,Brest,3.0,1.0,H,5.0,7.0,2.0,3.0,5.0,7.0,16.0,22.0,9.0,14.0
14/12/2025,Auxerre,Lille,3.0,4.0,A,10.0,3.0,5.0,2.0,8.0,5.0,21.0,10.0,18.0,8.0
14/12/2025,Lens,Nice,2.0,0.0,H,2.0,5.0,0.0,2.0,5.0,4.0,17.0,13.0,15.0,8.0
14/12/2025,Lyon,Le Havre,1.0,0.0,H,5.0,4.0,2.0,4.0,4.0,4.0,14.0,18.0,18.0,10.0
14/12/2025,Marseille,Monaco,1.0,0.0,H,3.0,7.0,2.0,1.0,8.0,7.0,11.0,11.0,18.0,18.0
14/12/2025,Strasbourg,Lorient,0.0,0.0,D,11.0,3.0,1.0,0.0,2.0,2.0,6.0,3.0,12.0,10.0
02/01/2026,Toulouse,Lens,0.0,3.0,A,2.0,8.0,2.0,3.0,2.0,7.0,16.0,16.0,8.0,16.0
03/01/2026,Lille,Rennes,0.0,2.0,A,4.0,7.0,1.0,1.0,3.0,4.0,4.0,14.0,13.0,18.0
03/01/2026,Monaco,Lyon,1.0,3.0,A,7.0,2.0,2.0,3.0,2.0,9.0,14.0,12.0,6.0,13.0
03/01/2026,Nice,Strasbourg,1.0,1.0,D,5.0,7.0,1.0,2.0,6.0,5.0,12.0,12.0,19.0,8.0
04/01/2026,Brest,Auxerre,2.0,0.0,H,7.0,6.0,3.0,2.0,4.0,1.0,16.0,9.0,11.0,10.0
04/01/2026,Le Havre,Angers,2.0,1.0,H,6.0,6.0,1.0,1.0,6.0,3.0,15.0,8.0,11.0,9.0
04/01/2026,Lorient,Metz,1.0,1.0,D,4.0,4.0,1.0,2.0,5.0,2.0,9.0,8.0,16.0,8.0
04/01/2026,Marseille,Nantes,0.0,2.0,A,6.0,3.0,2.0,3.0,4.0,9.0,17.0,20.0,11.0,15.0
04/01/2026,Paris SG,Paris FC,2.0,1.0,H,7.0,1.0,1.0,0.0,6.0,3.0,7.0,4.0,20.0,6.0
16/01/2026,Monaco,Lorient,1.0,3.0,A,4.0,3.0,1.0,0.0,7.0,4.0,16.0,9.0,14.0,14.0
16/01/2026,Paris SG,Lille,3.0,0.0,H,4.0,2.0,0.0,1.0,7.0,4.0,14.0,6.0,13.0,7.0
17/01/2026,Angers,Marseille,2.0,5.0,A,6.0,2.0,1.0,1.0,3.0,11.0,9.0,8.0,7.0,23.0
17/01/2026,Lens,Auxerre,1.0,0.0,H,1.0,5.0,2.0,5.0,7.0,0.0,19.0,20.0,19.0,5.0
17/01/2026,Toulouse,Nice,5.0,1.0,H,6.0,7.0,1.0,2.0,10.0,6.0,12.0,17.0,22.0,15.0
18/01/2026,Lyon,Brest,2.0,1.0,H,5.0,0.0,2.0,0.0,6.0,2.0,18.0,9.0,19.0,5.0
18/01/2026,Nantes,Paris FC,1.0,2.0,A,1.0,2.0,1.0,3.0,1.0,3.0,16.0,14.0,5.0,10.0
18/01/2026,Rennes,Le Havre,1.0,1.0,D,10.0,6.0,1.0,4.0,7.0,4.0,18.0,14.0,19.0,7.0
18/01/2026,Strasbourg,Metz,2.0,1.0,H,4.0,1.0,2.0,3.0,6.0,2.0,12.0,12.0,14.0,9.0
23/01/2026,Auxerre,Paris SG,0.0,1.0,A,2.0,7.0,0.0,1.0,0.0,8.0,10.0,12.0,8.0,16.0
24/01/2026,Le Havre,Monaco,0.0,0.0,D,5.0,6.0,0.0,3.0,1.0,2.0,9.0,20.0,7.0,10.0
24/01/2026,Marseille,Lens,3.0,1.0,H,2.0,2.0,0.0,3.0,5.0,2.0,18.0,16.0,10.0,7.0
24/01/2026,Rennes,Lorient,0.0,2.0,A,9.0,3.0,2.0,0.0,5.0,4.0,18.0,7.0,22.0,6.0
25/01/2026,Brest,Toulouse,0.0,2.0,A,3.0,2.0,2.0,3.0,5.0,5.0,16.0,16.0,13.0,8.0
25/01/2026,Lille,Strasbourg,1.0,4.0,A,8.0,1.0,2.0,2.0,6.0,6.0,11.0,13.0,20.0,15.0
25/01/2026,Metz,Lyon,2.0,5.0,A,6.0,4.0,1.0,0.0,6.0,10.0,10.0,5.0,15.0,13.0
25/01/2026,Nantes,Nice,1.0,4.0,A,4.0,2.0,2.0,3.0,5.0,4.0,11.0,15.0,20.0,7.0
25/01/2026,Paris FC,Angers,0.0,0.0,D,2.0,1.0,1.0,1.0,1.0,1.0,14.0,7.0,8.0,7.0
30/01/2026,Lens,Le Havre,1.0,0.0,H,4.0,3.0,1.0,2.0,3.0,2.0,20.0,10.0,15.0,8.0
31/01/2026,Lorient,Nantes,2.0,1.0,H,1.0,4.0,4.0,5.0,4.0,2.0,12.0,18.0,5.0,10.0
31/01/2026,Monaco,Rennes,4.0,0.0,H,5.0,2.0,1.0,2.0,6.0,4.0,15.0,9.0,14.0,8.0
31/01/2026,Paris FC,Marseille,2.0,2.0,D,4.0,4.0,1.0,4.0,4.0,4.0,12.0,15.0,9.0,18.0
01/02/2026,Angers,Metz,1.0,0.0,H,4.0,3.0,2.0,2.0,7.0,0.0,11.0,11.0,17.0,5.0
01/02/2026,Lyon,Lille,1.0,0.0,H,2.0,7.0,1.0,4.0,2.0,4.0,15.0,11.0,4.0,11.0
01/02/2026,Nice,Brest,2.0,2.0,D,6.0,5.0,5.0,3.0,7.0,2.0,15.0,21.0,15.0,12.0
01/02/2026,Strasbourg,Paris SG,1.0,2.0,A,5.0,6.0,1.0,0.0,4.0,4.0,8.0,6.0,9.0,13.0
01/02/2026,Toulouse,Auxerre,0.0,0.0,D,5.0,4.0,1.0,2.0,4.0,2.0,12.0,13.0,12.0,8.0
06/02/2026,Metz,Lille,0.0,0.0,D,1.0,6.0,1.0,1.0,2.0,1.0,12.0,9.0,6.0,16.0
07/02/2026,Brest,Lorient,2.0,0.0,H,7.0,7.0,2.0,0.0,5.0,2.0,11.0,10.0,11.0,13.0
07/02/2026,Lens,Rennes,3.0,1.0,H,4.0,4.0,4.0,2.0,3.0,1.0,13.0,17.0,10.0,14.0
07/02/2026,Nantes,Lyon,0.0,1.0,A,5.0,4.0,4.0,2.0,2.0,3.0,13.0,11.0,13.0,10.0
08/02/2026,Angers,Toulouse,1.0,0.0,H,3.0,5.0,3.0,2.0,4.0,5.0,11.0,16.0,12.0,12.0
08/02/2026,Auxerre,Paris FC,0.0,0.0,D,7.0,4.0,1.0,4.0,2.0,4.0,8.0,12.0,12.0,8.0
08/02/2026,Le Havre,Strasbourg,2.0,1.0,H,9.0,3.0,2.0,1.0,7.0,3.0,15.0,12.0,15.0,10.0
08/02/2026,Nice,Monaco,0.0,0.0,D,8.0,6.0,2.0,2.0,3.0,2.0,10.0,11.0,13.0,10.0
08/02/2026,Paris SG,Marseille,5.0,0.0,H,5.0,2.0,2.0,2.0,7.0,3.0,11.0,18.0,22.0,9.0
13/02/2026,Monaco,Nantes,3.0,1.0,H,9.0,3.0,5.0,2.0,6.0,2.0,15.0,8.0,12.0,13.0
13/02/2026,Rennes,Paris SG,3.0,1.0,H,5.0,8.0,0.0,0.0,4.0,7.0,10.0,9.0,13.0,22.0
14/02/2026,Lille,Brest,1.0,1.0,D,13.0,1.0,0.0,1.0,5.0,4.0,6.0,12.0,20.0,11.0
14/02/2026,Marseille,Strasbourg,2.0,2.0,D,5.0,5.0,4.0,2.0,6.0,4.0,11.0,10.0,10.0,12.0
14/02/2026,Paris FC,Lens,0.0,5.0,A,3.0,5.0,2.0,1.0,6.0,6.0,13.0,9.0,11.0,17.0
15/02/2026,Le Havre,Toulouse,2.0,1.0,H,1.0,10.0,1.0,4.0,2.0,9.0,7.0,16.0,5.0,25.0
15/02/2026,Lorient,Angers,2.0,0.0,H,3.0,2.0,0.0,0.0,2.0,3.0,7.0,8.0,8.0,10.0
15/02/2026,Lyon,Nice,2.0,0.0,H,8.0,5.0,3.0,1.0,2.0,3.0,16.0,12.0,9.0,10.0
15/02/2026,Metz,Auxerre,1.0,3.0,A,4.0,3.0,2.0,3.0,4.0,3.0,13.0,12.0,13.0,14.0
20/02/2026,Brest,Marseille,2.0,0.0,H,3.0,2.0,1.0,4.0,4.0,4.0,10.0,17.0,12.0,17.0
21/02/2026,Lens,Monaco,2.0,3.0,A,7.0,2.0,2.0,1.0,7.0,5.0,13.0,12.0,18.0,10.0
21/02/2026,Paris SG,Metz,3.0,0.0,H,4.0,1.0,0.0,2.0,7.0,0.0,9.0,15.0,17.0,3.0
21/02/2026,Toulouse,Paris FC,1.0,1.0,D,12.0,3.0,1.0,5.0,10.0,2.0,13.0,7.0,23.0,5.0
22/02/2026,Angers,Lille,0.0,1.0,A,1.0,7.0,3.0,1.0,2.0,5.0,14.0,11.0,6.0,14.0
22/02/2026,Auxerre,Rennes,0.0,3.0,A,4.0,5.0,1.0,4.0,2.0,7.0,17.0,22.0,11.0,12.0
22/02/2026,Nantes,Le Havre,2.0,0.0,H,5.0,6.0,4.0,3.0,2.0,1.0,17.0,13.0,9.0,6.0
22/02/2026,Nice,Lorient,3.0,3.0,D,3.0,7.0,2.0,3.0,4.0,5.0,15.0,4.0,8.0,17.0
22/02/2026,Strasbourg,Lyon,3.0,1.0,H,4.0,2.0,1.0,2.0,7.0,2.0,11.0,12.0,13.0,4.0
27/02/2026,Strasbourg,Lens,1.0,1.0,D,2.0,8.0,2.0,2.0,5.0,5.0,9.0,8.0,8.0,25.0
28/02/2026,Le Havre,Paris SG,0.0,1.0,A,3.0,3.0,3.0,0.0,2.0,9.0,12.0,10.0,10.0,22.0
28/02/2026,Monaco,Angers,2.0,0.0,H,5.0,2.0,0.0,3.0,4.0,2.0,9.0,10.0,10.0,6.0
28/02/2026,Rennes,Toulouse,1.0,0.0,H,6.0,1.0,1.0,3.0,2.0,2.0,9.0,13.0,10.0,9.0
01/03/2026,Lille,Nantes,1.0,0.0,H,4.0,1.0,3.0,1.0,3.0,1.0,11.0,15.0,9.0,3.0
01/03/2026,Lorient,Auxerre,2.0,2.0,D,3.0,7.0,1.0,3.0,5.0,3.0,11.0,10.0,15.0,10.0
01/03/2026,Marseille,Lyon,3.0,2.0,H,8.0,1.0,3.0,2.0,7.0,6.0,16.0,8.0,18.0,12.0
01/03/2026,Metz,Brest,0.0,1.0,A,12.0,4.0,2.0,1.0,6.0,1.0,14.0,11.0,24.0,6.0
01/03/2026,Paris FC,Nice,1.0,0.0,H,8.0,6.0,6.0,3.0,6.0,3.0,7.0,8.0,16.0,11.0
06/03/2026,Paris SG,Monaco,1.0,3.0,A,7.0,3.0,1.0,3.0,6.0,6.0,12.0,6.0,20.0,11.0
07/03/2026,Auxerre,Strasbourg,0.0,0.0,D,5.0,4.0,1.0,2.0,4.0,5.0,10.0,11.0,10.0,13.0
07/03/2026,Nantes,Angers,0.0,1.0,A,3.0,4.0,1.0,1.0,3.0,4.0,14.0,19.0,13.0,11.0
07/03/2026,Toulouse,Marseille,0.0,1.0,A,4.0,2.0,2.0,3.0,2.0,3.0,15.0,14.0,12.0,10.0
08/03/2026,Brest,Le Havre,2.0,0.0,H,1.0,3.0,3.0,1.0,2.0,0.0,15.0,17.0,11.0,14.0
08/03/2026,Lens,Metz,3.0,0.0,H,6.0,4.0,0.0,3.0,7.0,0.0,12.0,17.0,24.0,5.0
08/03/2026,Lille,Lorient,1.0,1.0,D,5.0,1.0,4.0,1.0,2.0,5.0,14.0,13.0,12.0,9.0
08/03/2026,Lyon,Paris FC,1.0,1.0,D,8.0,2.0,2.0,0.0,4.0,4.0,7.0,9.0,14.0,14.0
08/03/2026,Nice,Rennes,0.0,4.0,A,7.0,1.0,2.0,1.0,2.0,6.0,9.0,8.0,14.0,12.0
13/03/2026,Marseille,Auxerre,1.0,0.0,H,9.0,2.0,4.0,2.0,3.0,3.0,12.0,17.0,16.0,8.0
14/03/2026,Angers,Nice,0.0,2.0,A,7.0,6.0,1.0,3.0,1.0,8.0,10.0,13.0,11.0,12.0
14/03/2026,Lorient,Lens,2.0,1.0,H,1.0,10.0,2.0,3.0,3.0,6.0,6.0,11.0,6.0,20.0
14/03/2026,Monaco,Brest,2.0,0.0,H,3.0,8.0,2.0,1.0,4.0,1.0,9.0,8.0,10.0,13.0
15/03/2026,Le Havre,Lyon,0.0,0.0,D,2.0,2.0,1.0,3.0,4.0,4.0,7.0,16.0,12.0,13.0
15/03/2026,Metz,Toulouse,3.0,4.0,A,4.0,4.0,0.0,3.0,8.0,6.0,10.0,13.0,17.0,19.0
15/03/2026,Rennes,Lille,1.0,2.0,A,5.0,2.0,2.0,5.0,4.0,3.0,16.0,7.0,12.0,8.0
15/03/2026,Strasbourg,Paris FC,0.0,0.0,D,12.0,4.0,1.0,0.0,3.0,2.0,11.0,17.0,12.0,11.0
20/03/2026,Lens,Angers,5.0,1.0,H,7.0,3.0,0.0,0.0,9.0,5.0,7.0,5.0,26.0,16.0
21/03/2026,Auxerre,Brest,3.0,0.0,H,6.0,3.0,0.0,4.0,7.0,2.0,10.0,14.0,11.0,9.0
21/03/2026,Nice,Paris SG,0.0,4.0,A,2.0,5.0,0.0,1.0,1.0,10.0,12.0,5.0,6.0,17.0
21/03/2026,Toulouse,Lorient,1.0,0.0,H,1.0,4.0,2.0,3.0,4.0,2.0,9.0,10.0,12.0,7.0
22/03/2026,Lyon,Monaco,1.0,2.0,A,2.0,6.0,1.0,3.0,4.0,7.0,11.0,19.0,15.0,21.0
22/03/2026,Marseille,Lille,1.0,2.0,A,6.0,4.0,1.0,3.0,3.0,4.0,8.0,6.0,14.0,11.0
22/03/2026,Nantes,Strasbourg,2.0,3.0,A,3.0,6.0,3.0,3.0,9.0,9.0,15.0,17.0,14.0,13.0
22/03/2026,Paris FC,Le Havre,3.0,2.0,H,9.0,5.0,0.0,1.0,4.0,6.0,9.0,13.0,15.0,20.0
22/03/2026,Rennes,Metz,0.0,0.0,D,8.0,2.0,1.0,3.0,8.0,2.0,13.0,13.0,25.0,7.0
03/04/2026,Paris SG,Toulouse,3.0,1.0,H,5.0,2.0,0.0,1.0,7.0,1.0,4.0,13.0,17.0,5.0
04/04/2026,Brest,Rennes,3.0,4.0,A,3.0,7.0,2.0,4.0,4.0,7.0,13.0,11.0,10.0,15.0
04/04/2026,Lille,Lens,3.0,0.0,H,3.0,3.0,3.0,2.0,7.0,1.0,9.0,13.0,13.0,5.0
04/04/2026,Strasbourg,Nice,3.0,1.0,H,4.0,10.0,0.0,2.0,6.0,3.0,7.0,15.0,16.0,8.0
05/04/2026,Angers,Lyon,0.0,0.0,D,3.0,7.0,3.0,0.0,1.0,2.0,14.0,13.0,7.0,11.0
05/04/2026,Le Havre,Auxerre,1.0,1.0,D,5.0,5.0,2.0,2.0,3.0,2.0,16.0,21.0,10.0,12.0
05/04/2026,Lorient,Paris FC,1.0,1.0,D,5.0,6.0,1.0,2.0,3.0,5.0,8.0,6.0,10.0,7.0
05/04/2026,Metz,Nantes,0.0,0.0,D,6.0,3.0,2.0,1.0,5.0,2.0,14.0,10.0,19.0,6.0
05/04/2026,Monaco,Marseille,2.0,1.0,H,0.0,8.0,2.0,2.0,3.0,9.0,14.0,9.0,7.0,19.0
10/04/2026,Marseille,Metz,3.0,1.0,H,7.0,4.0,1.0,2.0,9.0,2.0,12.0,8.0,18.0,6.0
10/04/2026,Paris FC,Monaco,4.0,1.0,H,1.0,11.0,1.0,0.0,6.0,5.0,5.0,6.0,12.0,19.0
11/04/2026,Auxerre,Nantes,0.0,0.0,D,3.0,2.0,0.0,4.0,0.0,4.0,20.0,15.0,5.0,13.0
11/04/2026,Rennes,Angers,2.0,1.0,H,11.0,3.0,0.0,2.0,7.0,4.0,9.0,15.0,15.0,6.0
12/04/2026,Lyon,Lorient,2.0,0.0,H,4.0,6.0,4.0,1.0,5.0,6.0,17.0,14.0,11.0,12.0
12/04/2026,Nice,Le Havre,1.0,1.0,D,5.0,2.0,1.0,1.0,5.0,6.0,20.0,14.0,15.0,11.0
12/04/2026,Toulouse,Lille,0.0,4.0,A,4.0,2.0,2.0,0.0,1.0,9.0,13.0,12.0,9.0,15.0
17/04/2026,Lens,Toulouse,3.0,2.0,H,14.0,1.0,1.0,1.0,13.0,2.0,9.0,15.0,41.0,5.0
18/04/2026,Angers,Le Havre,1.0,1.0,D,4.0,3.0,1.0,3.0,5.0,8.0,15.0,20.0,11.0,16.0
18/04/2026,Lille,Nice,0.0,0.0,D,5.0,3.0,3.0,1.0,2.0,1.0,9.0,10.0,9.0,5.0
18/04/2026,Lorient,Marseille,2.0,0.0,H,1.0,7.0,0.0,3.0,4.0,2.0,6.0,10.0,11.0,16.0
19/04/2026,Metz,Paris FC,1.0,3.0,A,6.0,5.0,2.0,2.0,6.0,7.0,9.0,8.0,13.0,15.0
19/04/2026,Monaco,Auxerre,2.0,2.0,D,11.0,3.0,2.0,3.0,6.0,7.0,19.0,8.0,15.0,12.0
19/04/2026,Nantes,Brest,1.0,1.0,D,11.0,0.0,2.0,2.0,4.0,2.0,13.0,17.0,17.0,4.0
19/04/2026,Paris SG,Lyon,1.0,2.0,A,13.0,5.0,5.0,1.0,6.0,5.0,10.0,8.0,23.0,6.0
19/04/2026,Strasbourg,Rennes,0.0,3.0,A,2.0,9.0,0.0,1.0,1.0,9.0,10.0,12.0,9.0,26.0
22/04/2026,Paris SG,Nantes,3.0,0.0,H,7.0,6.0,2.0,1.0,6.0,4.0,11.0,8.0,14.0,11.0
24/04/2026,Brest,Lens,3.0,3.0,D,0.0,6.0,3.0,3.0,3.0,7.0,7.0,11.0,6.0,25.0
25/04/2026,Angers,Paris SG,0.0,3.0,A,5.0,4.0,0.0,2.0,1.0,10.0,9.0,3.0,6.0,17.0
25/04/2026,Lyon,Auxerre,3.0,2.0,H,6.0,3.0,1.0,2.0,6.0,2.0,11.0,15.0,12.0,9.0
25/04/2026,Toulouse,Monaco,2.0,2.0,D,4.0,2.0,3.0,2.0,5.0,5.0,17.0,10.0,18.0,8.0
26/04/2026,Le Havre,Metz,4.0,4.0,D,6.0,4.0,3.0,1.0,5.0,5.0,12.0,12.0,14.0,12.0
26/04/2026,Lorient,Strasbourg,2.0,3.0,A,9.0,7.0,1.0,2.0,6.0,5.0,9.0,16.0,14.0,11.0
26/04/2026,Marseille,Nice,1.0,1.0,D,7.0,1.0,4.0,1.0,6.0,2.0,14.0,7.0,24.0,5.0
26/04/2026,Paris FC,Lille,0.0,1.0,A,7.0,3.0,6.0,3.0,2.0,4.0,12.0,10.0,7.0,10.0
26/04/2026,Rennes,Nantes,2.0,1.0,H,6.0,8.0,3.0,2.0,5.0,8.0,15.0,15.0,14.0,24.0
02/05/2026,Metz,Monaco,1.0,2.0,A,5.0,9.0,0.0,2.0,1.0,3.0,10.0,15.0,13.0,15.0
02/05/2026,Nantes,Marseille,3.0,0.0,H,7.0,8.0,1.0,3.0,6.0,8.0,12.0,11.0,17.0,16.0
02/05/2026,Nice,Lens,1.0,1.0,D,7.0,8.0,2.0,3.0,2.0,4.0,11.0,10.0,9.0,16.0
02/05/2026,Paris SG,Lorient,2.0,2.0,D,12.0,2.0,1.0,1.0,6.0,3.0,9.0,7.0,24.0,5.0
03/05/2026,Auxerre,Angers,3.0,1.0,H,4.0,6.0,2.0,4.0,10.0,3.0,12.0,2.0,19.0,9.0
03/05/2026,Lille,Le Havre,1.0,1.0,D,14.0,5.0,2.0,3.0,10.0,2.0,9.0,15.0,22.0,2.0
03/05/2026,Lyon,Rennes,4.0,2.0,H,7.0,5.0,0.0,3.0,9.0,5.0,10.0,14.0,16.0,8.0
03/05/2026,Paris FC,Brest,4.0,0.0,H,7.0,3.0,2.0,1.0,8.0,1.0,10.0,8.0,17.0,10.0
03/05/2026,Strasbourg,Toulouse,1.0,2.0,A,8.0,3.0,1.0,3.0,4.0,6.0,7.0,15.0,9.0,16.0
08/05/2026,Lens,Nantes,1.0,0.0,H,8.0,3.0,2.0,1.0,5.0,3.0,15.0,15.0,14.0,15.0
10/05/2026,Angers,Strasbourg,1.0,1.0,D,0.0,2.0,2.0,2.0,4.0,6.0,16.0,13.0,11.0,15.0
10/05/2026,Auxerre,Nice,2.0,1.0,H,10.0,1.0,1.0,0.0,4.0,6.0,15.0,9.0,12.0,10.0
10/05/2026,Le Havre,Marseille,0.0,1.0,A,3.0,0.0,4.0,2.0,2.0,3.0,20.0,22.0,10.0,8.0
10/05/2026,Metz,Lorient,0.0,4.0,A,7.0,4.0,2.0,2.0,2.0,7.0,8.0,8.0,8.0,14.0
10/05/2026,Monaco,Lille,0.0,1.0,A,5.0,2.0,1.0,3.0,3.0,2.0,13.0,10.0,7.0,7.0
10/05/2026,Paris SG,Brest,1.0,0.0,H,13.0,2.0,0.0,0.0,6.0,2.0,5.0,12.0,23.0,3.0
10/05/2026,Rennes,Paris FC,2.0,1.0,H,8.0,2.0,0.0,2.0,5.0,1.0,13.0,11.0,14.0,11.0
10/05/2026,Toulouse,Lyon,2.0,1.0,H,7.0,8.0,6.0,2.0,6.0,3.0,20.0,9.0,14.0,18.0
13/05/2026,Brest,Strasbourg,1.0,2.0,A,5.0,4.0,0.0,1.0,6.0,5.0,10.0,11.0,21.0,10.0
13/05/2026,Lens,Paris SG,0.0,2.0,A,6.0,3.0,0.0,1.0,10.0,3.0,9.0,3.0,25.0,10.0
17/05/2026,Brest,Angers,1.0,1.0,D,6.0,3.0,1.0,1.0,5.0,2.0,9.0,8.0,18.0,8.0
17/05/2026,Lille,Auxerre,0.0,2.0,A,4.0,2.0,3.0,2.0,3.0,4.0,9.0,16.0,12.0,7.0
17/05/2026,Lorient,Le Havre,0.0,2.0,A,5.0,1.0,2.0,1.0,2.0,4.0,11.0,11.0,12.0,7.0
17/05/2026,Lyon,Lens,0.0,4.0,A,20.0,8.0,1.0,4.0,4.0,4.0,10.0,11.0,16.0,14.0
17/05/2026,Marseille,Rennes,3.0,1.0,H,4.0,11.0,3.0,1.0,11.0,6.0,11.0,10.0,27.0,27.0
17/05/2026,Nantes,Toulouse,0.0,0.0,D,2.0,2.0,0.0,0.0,1.0,1.0,3.0,5.0,2.0,2.0
17/05/2026,Nice,Metz,0.0,0.0,D,10.0,4.0,2.0,1.0,4.0,4.0,11.0,15.0,22.0,16.0
17/05/2026,Paris FC,Paris SG,2.0,1.0,H,3.0,3.0,2.0,1.0,9.0,2.0,8.0,9.0,17.0,9.0
17/05/2026,Strasbourg,Monaco,5.0,4.0,H,4.0,6.0,1.0,2.0,7.0,8.0,7.0,11.0,15.0,21.0
21/08/2026,Marseille,Strasbourg,4.0,0.0,H,3.0,4.0,1.0,2.0,8.0,2.0,6.0,12.0,14.0,5.0
22/08/2026,Le Mans,Brest,2.0,2.0,D,1.0,10.0,1.0,1.0,5.0,7.0,14.0,12.0,8.0,26.0
22/08/2026,Lens,Auxerre,5.0,2.0,H,4.0,7.0,1.0,1.0,9.0,4.0,6.0,21.0,12.0,10.0
22/08/2026,Nice,Lorient,0.0,0.0,D,9.0,3.0,1.0,0.0,1.0,2.0,15.0,8.0,14.0,10.0
22/08/2026,Toulouse,Lyon,0.0,2.0,A,6.0,5.0,1.0,2.0,2.0,3.0,15.0,15.0,17.0,11.0
22/08/2026,Troyes,Paris FC,0.0,0.0,D,6.0,2.0,2.0,1.0,2.0,1.0,8.0,14.0,9.0,10.0
23/08/2026,Angers,Lille,0.0,2.0,A,8.0,3.0,2.0,2.0,2.0,8.0,11.0,13.0,20.0,11.0
23/08/2026,Le Havre,Monaco,0.0,1.0,A,7.0,4.0,3.0,2.0,4.0,7.0,13.0,12.0,15.0,15.0
23/08/2026,Rennes,Paris SG,2.0,2.0,D,0.0,10.0,2.0,2.0,3.0,5.0,7.0,6.0,9.0,19.0
28/08/2026,Lille,Paris SG,2.0,2.0,D,0.0,5.0,2.0,1.0,4.0,4.0,11.0,7.0,9.0,18.0
29/08/2026,Auxerre,Angers,1.0,3.0,A,7.0,10.0,3.0,2.0,7.0,6.0,16.0,6.0,20.0,15.0
29/08/2026,Brest,Toulouse,2.0,2.0,D,7.0,2.0,2.0,3.0,7.0,2.0,19.0,18.0,26.0,6.0
29/08/2026,Lorient,Troyes,1.0,2.0,A,2.0,5.0,0.0,0.0,6.0,2.0,9.0,11.0,15.0,11.0
29/08/2026,Lyon,Le Havre,1.0,1.0,D,5.0,5.0,0.0,2.0,5.0,4.0,7.0,16.0,16.0,12.0
29/08/2026,Strasbourg,Lens,2.0,1.0,H,3.0,6.0,2.0,2.0,7.0,7.0,10.0,11.0,16.0,17.0
30/08/2026,Monaco,Marseille,2.0,0.0,H,5.0,7.0,4.0,0.0,5.0,2.0,9.0,10.0,11.0,13.0
30/08/2026,Paris FC,Nice,3.0,0.0,H,2.0,4.0,0.0,1.0,4.0,4.0,7.0,7.0,15.0,15.0
30/08/2026,Rennes,Le Mans,3.0,2.0,H,8.0,6.0,3.0,2.0,8.0,5.0,15.0,15.0,22.0,12.0
03/09/2026,Toulouse,Lille,0.0,1.0,A,6.0,2.0,1.0,0.0,10.0,6.0,16.0,9.0,24.0,10.0
04/09/2026,Lyon,Auxerre,3.0,1.0,H,9.0,5.0,2.0,2.0,7.0,3.0,11.0,8.0,21.0,8.0
04/09/2026,Paris SG,Monaco,1.0,2.0,A,6.0,0.0,1.0,1.0,10.0,2.0,9.0,11.0,23.0,4.0
05/09/2026,Le Havre,Brest,1.0,2.0,A,5.0,5.0,1.0,1.0,4.0,9.0,15.0,18.0,18.0,19.0
05/09/2026,Lens,Lorient,0.0,1.0,A,8.0,0.0,4.0,1.0,6.0,3.0,18.0,6.0,17.0,8.0
05/09/2026,Nice,Le Mans,1.0,1.0,D,5.0,2.0,2.0,2.0,2.0,3.0,4.0,11.0,8.0,8.0
06/09/2026,Angers,Rennes,1.0,2.0,A,12.0,6.0,1.0,1.0,3.0,5.0,10.0,15.0,19.0,17.0
06/09/2026,Marseille,Paris FC,2.0,3.0,A,5.0,4.0,0.0,2.0,5.0,7.0,10.0,12.0,14.0,18.0
06/09/2026,Troyes,Strasbourg,2.0,6.0,A,11.0,0.0,1.0,1.0,6.0,12.0,6.0,16.0,27.0,19.0
11/09/2026,Rennes,Marseille,1.0,0.0,H,3.0,5.0,1.0,4.0,7.0,5.0,15.0,13.0,20.0,13.0
12/09/2026,Auxerre,Nice,1.0,0.0,H,3.0,8.0,1.0,1.0,7.0,4.0,9.0,7.0,11.0,12.0
12/09/2026,Le Havre,Angers,0.0,0.0,D,4.0,6.0,1.0,1.0,6.0,1.0,15.0,13.0,15.0,9.0
12/09/2026,Lorient,Toulouse,2.0,2.0,D,4.0,3.0,1.0,0.0,3.0,4.0,8.0,18.0,10.0,13.0
12/09/2026,Paris FC,Lyon,0.0,0.0,D,4.0,3.0,2.0,1.0,4.0,1.0,19.0,13.0,6.0,5.0
12/09/2026,Strasbourg,Monaco,1.0,1.0,D,2.0,7.0,1.0,1.0,2.0,3.0,9.0,10.0,13.0,12.0
13/09/2026,Brest,Paris SG,0.0,1.0,A,3.0,2.0,1.0,2.0,4.0,7.0,13.0,7.0,16.0,15.0
13/09/2026,Le Mans,Lens,2.0,2.0,D,3.0,9.0,2.0,3.0,5.0,6.0,17.0,11.0,13.0,16.0
13/09/2026,Lille,Troyes,2.0,0.0,H,2.0,5.0,1.0,0.0,6.0,1.0,11.0,20.0,13.0,8.0
18/09/2026,Monaco,Lens,2.0,1.0,H,,,,,,,,,,
