Date,HomeTeam,AwayTeam,FTHG,FTAG,FTR,HC,AC,HY,AY,HST,AST,HF,AF,HS,AS
16/08/2013,Pacos Ferreira,Sp Braga,0.0,2.0,A,,,,,,,,,,
17/08/2013,Estoril,Nacional,3.0,1.0,H,,,,,,,,,,
17/08/2013,Guimaraes,Olhanense,2.0,0.0,H,,,,,,,,,,
18/08/2013,Belenenses,Rio Ave,0.0,3.0,A,,,,,,,,,,
18/08/2013,Gil Vicente,Academica,2.0,0.0,H,,,,,,,,,,
18/08/2013,Maritimo,Benfica,2.0,1.0,H,,,,,,,,,,
18/08/2013,Setubal,Porto,1.0,3.0,A,,,,,,,,,,
18/08/2013,Sp Lisbon,Arouca,5.0,1.0,H,,,,,,,,,,
24/08/2013,Academica,Sp Lisbon,0.0,4.0,A,,,,,,,,,,
24/08/2013,Olhanense,Pacos Ferreira,1.0,0.0,H,,,,,,,,,,
25/08/2013,Arouca,Estoril,1.0,2.0,A,,,,,,,,,,
25/08/2013,Benfica,Gil Vicente,2.0,1.0,H,,,,,,,,,,
25/08/2013,Nacional,Guimaraes,1.0,1.0,D,,,,,,,,,,
25/08/2013,Porto,Maritimo,3.0,0.0,H,,,,,,,,,,
25/08/2013,Rio Ave,Setubal,2.0,0.0,H,,,,,,,,,,
26/08/2013,Sp Braga,Belenenses,2.0,1.0,H,,,,,,,,,,
31/08/2013,Guimaraes,Setubal,1.0,4.0,A,,,,,,,,,,
31/08/2013,Sp Lisbon,Benfica,1.0,1.0,D,,,,,,,,,,
01/09/2013,Arouca,Rio Ave,1.0,0.0,H,,,,,,,,,,
01/09/2013,Belenenses,Nacional,2.0,3.0,A,,,,,,,,,,
01/09/2013,Gil Vicente,Sp Braga,1.0,0.0,H,,,,,,,,,,
01/09/2013,Maritimo,Olhanense,1.0,1.0,D,,,,,,,,,,
01/09/2013,Pacos Ferreira,Porto,0.0,1.0,A,,,,,,,,,,
02/09/2013,Estoril,Academica,1.0,1.0,D,,,,,,,,,,
14/09/2013,Benfica,Pacos Ferreira,3.0,1.0,H,,,,,,,,,,
14/09/2013,Porto,Gil Vicente,2.0,0.0,H,,,,,,,,,,
14/09/2013,Rio Ave,Guimaraes,0.0,1.0,A,,,,,,,,,,
15/09/2013,Academica,Belenenses,2.0,1.0,H,,,,,,,,,,
15/09/2013,Nacional,Arouca,0.0,1.0,A,,,,,,,,,,
15/09/2013,Olhanense,Sp Lisbon,0.0,2.0,A,,,,,,,,,,
15/09/2013,Setubal,Maritimo,2.0,4.0,A,,,,,,,,,,
15/09/2013,Sp Braga,Estoril,3.0,2.0,H,,,,,,,,,,
20/09/2013,Arouca,Sp Braga,0.0,1.0,A,,,,,,,,,,
21/09/2013,Belenenses,Maritimo,1.0,0.0,H,,,,,,,,,,
21/09/2013,Gil Vicente,Olhanense,1.0,1.0,D,,,,,,,,,,
21/09/2013,Sp Lisbon,Rio Ave,1.0,1.0,D,,,,,,,,,,
22/09/2013,Estoril,Porto,2.0,2.0,D,,,,,,,,,,
22/09/2013,Guimaraes,Benfica,0.0,1.0,A,,,,,,,,,,
22/09/2013,Nacional,Academica,1.0,0.0,H,,,,,,,,,,
23/09/2013,Pacos Ferreira,Setubal,1.0,1.0,D,,,,,,,,,,
27/09/2013,Porto,Guimaraes,1.0,0.0,H,,,,,,,,,,
28/09/2013,Academica,Arouca,0.0,0.0,D,,,,,,,,,,
28/09/2013,Benfica,Belenenses,1.0,1.0,D,,,,,,,,,,
28/09/2013,Maritimo,Pacos Ferreira,3.0,4.0,A,,,,,,,,,,
28/09/2013,Olhanense,Estoril,1.0,2.0,A,,,,,,,,,,
28/09/2013,Rio Ave,Nacional,0.0,3.0,A,,,,,,,,,,
28/09/2013,Sp Braga,Sp Lisbon,1.0,2.0,A,,,,,,,,,,
30/09/2013,Setubal,Gil Vicente,2.0,2.0,D,,,,,,,,,,
04/10/2013,Academica,Rio Ave,0.0,1.0,A,,,,,,,,,,
05/10/2013,Belenenses,Olhanense,2.0,0.0,H,,,,,,,,,,
05/10/2013,Sp Lisbon,Setubal,4.0,0.0,H,,,,,,,,,,
06/10/2013,Arouca,Porto,1.0,3.0,A,,,,,,,,,,
06/10/2013,Estoril,Benfica,1.0,2.0,A,,,,,,,,,,
06/10/2013,Gil Vicente,Pacos Ferreira,2.0,1.0,H,,,,,,,,,,
06/10/2013,Nacional,Sp Braga,3.0,0.0,H,,,,,,,,,,
07/10/2013,Guimaraes,Maritimo,1.0,0.0,H,,,,,,,,,,
25/10/2013,Sp Braga,Academica,0.0,1.0,A,,,,,,,,,,
26/10/2013,Olhanense,Arouca,1.0,0.0,H,,,,,,,,,,
26/10/2013,Rio Ave,Gil Vicente,0.0,1.0,A,,,,,,,,,,
26/10/2013,Setubal,Belenenses,0.0,0.0,D,,,,,,,,,,
27/10/2013,Benfica,Nacional,2.0,0.0,H,,,,,,,,,,
27/10/2013,Maritimo,Estoril,1.0,3.0,A,,,,,,,,,,
27/10/2013,Porto,Sp Lisbon,3.0,1.0,H,,,,,,,,,,
28/10/2013,Pacos Ferreira,Guimaraes,1.0,3.0,A,,,,,,,,,,
01/11/2013,Academica,Benfica,0.0,3.0,A,,,,,,,,,,
02/11/2013,Belenenses,Porto,1.0,1.0,D,,,,,,,,,,
02/11/2013,Sp Lisbon,Maritimo,3.0,2.0,H,,,,,,,,,,
03/11/2013,Arouca,Pacos Ferreira,0.0,0.0,D,,,,,,,,,,
03/11/2013,Estoril,Setubal,0.0,2.0,A,,,,,,,,,,
03/11/2013,Gil Vicente,Guimaraes,1.0,0.0,H,,,,,,,,,,
03/11/2013,Nacional,Olhanense,0.0,0.0,D,,,,,,,,,,
03/11/2013,Sp Braga,Rio Ave,0.0,1.0,A,,,,,,,,,,
23/11/2013,Benfica,Sp Braga,1.0,0.0,H,,,,,,,,,,
23/11/2013,Porto,Nacional,1.0,1.0,D,,,,,,,,,,
24/11/2013,Guimaraes,Sp Lisbon,0.0,1.0,A,,,,,,,,,,
24/11/2013,Maritimo,Gil Vicente,3.0,2.0,H,,,,,,,,,,
24/11/2013,Pacos Ferreira,Belenenses,1.0,0.0,H,,,,,,,,,,
24/11/2013,Rio Ave,Estoril,0.0,2.0,A,,,,,,,,,,
24/11/2013,Setubal,Arouca,1.0,0.0,H,,,,,,,,,,
25/11/2013,Olhanense,Academica,0.0,1.0,A,,,,,,,,,,
29/11/2013,Sp Braga,Olhanense,4.0,1.0,H,,,,,,,,,,
30/11/2013,Academica,Porto,1.0,0.0,H,,,,,,,,,,
01/12/2013,Arouca,Maritimo,1.0,2.0,A,,,,,,,,,,
01/12/2013,Belenenses,Gil Vicente,0.0,0.0,D,,,,,,,,,,
01/12/2013,Nacional,Setubal,2.0,2.0,D,,,,,,,,,,
01/12/2013,Rio Ave,Benfica,1.0,3.0,A,,,,,,,,,,
01/12/2013,Sp Lisbon,Pacos Ferreira,4.0,0.0,H,,,,,,,,,,
02/12/2013,Estoril,Guimaraes,0.0,2.0,A,,,,,,,,,,
06/12/2013,Benfica,Arouca,2.0,2.0,D,,,,,,,,,,
07/12/2013,Guimaraes,Belenenses,0.0,0.0,D,,,,,,,,,,
07/12/2013,Pacos Ferreira,Estoril,0.0,3.0,A,,,,,,,,,,
07/12/2013,Porto,Sp Braga,2.0,0.0,H,,,,,,,,,,
08/12/2013,Gil Vicente,Sp Lisbon,0.0,2.0,A,,,,,,,,,,
08/12/2013,Maritimo,Nacional,2.0,2.0,D,,,,,,,,,,
08/12/2013,Olhanense,Rio Ave,0.0,1.0,A,,,,,,,,,,
09/12/2013,Setubal,Academica,1.0,0.0,H,,,,,,,,,,
13/12/2013,Academica,Maritimo,1.0,1.0,D,,,,,,,,,,
14/12/2013,Sp Braga,Setubal,2.0,0.0,H,,,,,,,,,,
14/12/2013,Sp Lisbon,Belenenses,3.0,0.0,H,,,,,,,,,,
15/12/2013,Arouca,Guimaraes,0.0,2.0,A,,,,,,,,,,
15/12/2013,Olhanense,Benfica,2.0,3.0,A,,,,,,,,,,
15/12/2013,Rio Ave,Porto,1.0,3.0,A,,,,,,,,,,
16/12/2013,Estoril,Gil Vicente,2.0,0.0,H,,,,,,,,,,
16/12/2013,Nacional,Pacos Ferreira,2.0,1.0,H,,,,,,,,,,
19/12/2013,Maritimo,Sp Braga,2.0,2.0,D,,,,,,,,,,
20/12/2013,Porto,Olhanense,4.0,0.0,H,,,,,,,,,,
20/12/2013,Setubal,Benfica,0.0,2.0,A,,,,,,,,,,
21/12/2013,Guimaraes,Academica,3.0,0.0,H,,,,,,,,,,
21/12/2013,Pacos Ferreira,Rio Ave,0.0,0.0,D,,,,,,,,,,
21/12/2013,Sp Lisbon,Nacional,0.0,0.0,D,,,,,,,,,,
22/12/2013,Belenenses,Estoril,0.0,0.0,D,,,,,,,,,,
22/12/2013,Gil Vicente,Arouca,0.0,3.0,A,,,,,,,,,,
10/01/2014,Sp Braga,Guimaraes,3.0,0.0,H,,,,,,,,,,
11/01/2014,Estoril,Sp Lisbon,0.0,0.0,D,,,,,,,,,,
11/01/2014,Rio Ave,Maritimo,1.0,1.0,D,,,,,,,,,,
12/01/2014,Academica,Pacos Ferreira,4.0,2.0,H,,,,,,,,,,
12/01/2014,Arouca,Belenenses,2.0,0.0,H,,,,,,,,,,
12/01/2014,Benfica,Porto,2.0,0.0,H,,,,,,,,,,
12/01/2014,Nacional,Gil Vicente,2.0,0.0,H,,,,,,,,,,
12/01/2014,Olhanense,Setubal,2.0,1.0,H,,,,,,,,,,
17/01/2014,Olhanense,Guimaraes,0.0,1.0,A,,,,,,,,,,
18/01/2014,Arouca,Sp Lisbon,1.0,2.0,A,,,,,,,,,,
19/01/2014,Academica,Gil Vicente,1.0,0.0,H,,,,,,,,,,
19/01/2014,Benfica,Maritimo,2.0,0.0,H,,,,,,,,,,
19/01/2014,Porto,Setubal,3.0,0.0,H,,,,,,,,,,
19/01/2014,Rio Ave,Belenenses,1.0,0.0,H,,,,,,,,,,
19/01/2014,Sp Braga,Pacos Ferreira,1.0,1.0,D,,,,,,,,,,
20/01/2014,Nacional,Estoril,2.0,2.0,D,,,,,,,,,,
31/01/2014,Estoril,Arouca,1.0,1.0,D,,,,,,,,,,
01/02/2014,Gil Vicente,Benfica,1.0,1.0,D,,,,,,,,,,
01/02/2014,Maritimo,Porto,1.0,0.0,H,,,,,,,,,,
01/02/2014,Setubal,Rio Ave,2.0,0.0,H,,,,,,,,,,
02/02/2014,Belenenses,Sp Braga,2.0,1.0,H,,,,,,,,,,
02/02/2014,Sp Lisbon,Academica,0.0,0.0,D,,,,,,,,,,
03/02/2014,Guimaraes,Nacional,1.0,2.0,A,,,,,,,,,,
05/02/2014,Pacos Ferreira,Olhanense,3.0,1.0,H,,,,,,,,,,
08/02/2014,Nacional,Belenenses,2.0,0.0,H,,,,,,,,,,
08/02/2014,Setubal,Guimaraes,3.0,2.0,H,,,,,,,,,,
09/02/2014,Olhanense,Maritimo,1.0,1.0,D,,,,,,,,,,
09/02/2014,Porto,Pacos Ferreira,3.0,0.0,H,,,,,,,,,,
09/02/2014,Rio Ave,Arouca,1.0,1.0,D,,,,,,,,,,
09/02/2014,Sp Braga,Gil Vicente,4.0,1.0,H,,,,,,,,,,
10/02/2014,Academica,Estoril,0.0,1.0,A,,,,,,,,,,
11/02/2014,Benfica,Sp Lisbon,2.0,0.0,H,,,,,,,,,,
15/02/2014,Belenenses,Academica,0.0,0.0,D,,,,,,,,,,
15/02/2014,Sp Lisbon,Olhanense,1.0,0.0,H,,,,,,,,,,
16/02/2014,Arouca,Nacional,1.0,1.0,D,,,,,,,,,,
16/02/2014,Gil Vicente,Porto,1.0,2.0,A,,,,,,,,,,
16/02/2014,Guimaraes,Rio Ave,1.0,0.0,H,,,,,,,,,,
16/02/2014,Maritimo,Setubal,1.0,0.0,H,,,,,,,,,,
16/02/2014,Pacos Ferreira,Benfica,0.0,2.0,A,,,,,,,,,,
17/02/2014,Estoril,Sp Braga,2.0,1.0,H,,,,,,,,,,
21/02/2014,Academica,Nacional,0.0,0.0,D,,,,,,,,,,
22/02/2014,Rio Ave,Sp Lisbon,1.0,2.0,A,,,,,,,,,,
22/02/2014,Sp Braga,Arouca,2.0,2.0,D,,,,,,,,,,
23/02/2014,Maritimo,Belenenses,2.0,0.0,H,,,,,,,,,,
23/02/2014,Olhanense,Gil Vicente,2.0,1.0,H,,,,,,,,,,
23/02/2014,Porto,Estoril,0.0,1.0,A,,,,,,,,,,
23/02/2014,Setubal,Pacos Ferreira,4.0,0.0,H,,,,,,,,,,
24/02/2014,Benfica,Guimaraes,1.0,0.0,H,,,,,,,,,,
01/03/2014,Estoril,Olhanense,4.0,0.0,H,,,,,,,,,,
01/03/2014,Sp Lisbon,Sp Braga,2.0,1.0,H,,,,,,,,,,
02/03/2014,Belenenses,Benfica,0.0,1.0,A,,,,,,,,,,
02/03/2014,Gil Vicente,Setubal,1.0,0.0,H,,,,,,,,,,
02/03/2014,Guimaraes,Porto,2.0,2.0,D,,,,,,,,,,
02/03/2014,Nacional,Rio Ave,1.0,1.0,D,,,,,,,,,,
02/03/2014,Pacos Ferreira,Maritimo,3.0,1.0,H,,,,,,,,,,
03/03/2014,Arouca,Academica,0.0,3.0,A,,,,,,,,,,
07/03/2014,Rio Ave,Academica,0.0,0.0,D,,,,,,,,,,
08/03/2014,Sp Braga,Nacional,2.0,1.0,H,,,,,,,,,,
09/03/2014,Benfica,Estoril,2.0,0.0,H,,,,,,,,,,
09/03/2014,Olhanense,Belenenses,0.0,0.0,D,,,,,,,,,,
09/03/2014,Pacos Ferreira,Gil Vicente,0.0,2.0,A,,,,,,,,,,
09/03/2014,Porto,Arouca,4.0,1.0,H,,,,,,,,,,
09/03/2014,Setubal,Sp Lisbon,2.0,2.0,D,,,,,,,,,,
10/03/2014,Maritimo,Guimaraes,2.0,1.0,H,,,,,,,,,,
14/03/2014,Academica,Sp Braga,1.0,1.0,D,,,,,,,,,,
15/03/2014,Estoril,Maritimo,1.0,0.0,H,,,,,,,,,,
15/03/2014,Gil Vicente,Rio Ave,1.0,2.0,A,,,,,,,,,,
15/03/2014,Guimaraes,Pacos Ferreira,1.0,2.0,A,,,,,,,,,,
16/03/2014,Arouca,Olhanense,2.0,0.0,H,,,,,,,,,,
16/03/2014,Belenenses,Setubal,1.0,3.0,A,,,,,,,,,,
16/03/2014,Sp Lisbon,Porto,1.0,0.0,H,,,,,,,,,,
17/03/2014,Nacional,Benfica,2.0,4.0,A,,,,,,,,,,
21/03/2014,Rio Ave,Sp Braga,1.0,1.0,D,,,,,,,,,,
22/03/2014,Guimaraes,Gil Vicente,0.0,0.0,D,,,,,,,,,,
22/03/2014,Maritimo,Sp Lisbon,1.0,3.0,A,,,,,,,,,,
23/03/2014,Benfica,Academica,3.0,0.0,H,,,,,,,,,,
23/03/2014,Olhanense,Nacional,1.0,1.0,D,,,,,,,,,,
23/03/2014,Pacos Ferreira,Arouca,3.0,1.0,H,,,,,,,,,,
23/03/2014,Porto,Belenenses,1.0,0.0,H,,,,,,,,,,
24/03/2014,Setubal,Estoril,1.0,1.0,D,,,,,,,,,,
28/03/2014,Belenenses,Pacos Ferreira,1.0,1.0,D,,,,,,,,,,
29/03/2014,Sp Lisbon,Guimaraes,1.0,0.0,H,,,,,,,,,,
30/03/2014,Academica,Olhanense,2.0,1.0,H,,,,,,,,,,
30/03/2014,Arouca,Setubal,1.0,0.0,H,,,,,,,,,,
30/03/2014,Estoril,Rio Ave,0.0,1.0,A,,,,,,,,,,
30/03/2014,Gil Vicente,Maritimo,1.0,1.0,D,,,,,,,,,,
30/03/2014,Nacional,Porto,2.0,1.0,H,,,,,,,,,,
30/03/2014,Sp Braga,Benfica,0.0,1.0,A,,,,,,,,,,
04/04/2014,Guimaraes,Estoril,1.0,3.0,A,,,,,,,,,,
05/04/2014,Olhanense,Sp Braga,0.0,2.0,A,,,,,,,,,,
05/04/2014,Pacos Ferreira,Sp Lisbon,1.0,3.0,A,,,,,,,,,,
06/04/2014,Gil Vicente,Belenenses,0.0,1.0,A,,,,,,,,,,
06/04/2014,Maritimo,Arouca,1.0,0.0,H,,,,,,,,,,
06/04/2014,Porto,Academica,3.0,1.0,H,,,,,,,,,,
06/04/2014,Setubal,Nacional,3.0,0.0,H,,,,,,,,,,
07/04/2014,Benfica,Rio Ave,4.0,0.0,H,,,,,,,,,,
11/04/2014,Academica,Setubal,1.0,1.0,D,,,,,,,,,,
12/04/2014,Belenenses,Guimaraes,3.0,1.0,H,,,,,,,,,,
12/04/2014,Nacional,Maritimo,2.0,0.0,H,,,,,,,,,,
12/04/2014,Rio Ave,Olhanense,1.0,2.0,A,,,,,,,,,,
12/04/2014,Sp Lisbon,Gil Vicente,2.0,0.0,H,,,,,,,,,,
13/04/2014,Arouca,Benfica,0.0,2.0,A,,,,,,,,,,
13/04/2014,Sp Braga,Porto,1.0,3.0,A,,,,,,,,,,
14/04/2014,Estoril,Pacos Ferreira,1.0,0.0,H,,,,,,,,,,
17/04/2014,Guimaraes,Arouca,2.0,3.0,A,,,,,,,,,,
19/04/2014,Belenenses,Sp Lisbon,0.0,1.0,A,,,,,,,,,,
19/04/2014,Benfica,Olhanense,2.0,0.0,H,,,,,,,,,,
19/04/2014,Gil Vicente,Estoril,0.0,0.0,D,,,,,,,,,,
19/04/2014,Maritimo,Academica,3.0,1.0,H,,,,,,,,,,
19/04/2014,Pacos Ferreira,Nacional,0.0,5.0,A,,,,,,,,,,
21/04/2014,Porto,Rio Ave,3.0,0.0,H,,,,,,,,,,
21/04/2014,Setubal,Sp Braga,1.0,1.0,D,,,,,,,,,,
03/05/2014,Nacional,Sp Lisbon,1.0,1.0,D,,,,,,,,,,
04/05/2014,Academica,Guimaraes,0.0,0.0,D,,,,,,,,,,
04/05/2014,Arouca,Gil Vicente,1.0,0.0,H,,,,,,,,,,
04/05/2014,Benfica,Setubal,1.0,1.0,D,,,,,,,,,,
04/05/2014,Estoril,Belenenses,1.0,1.0,D,,,,,,,,,,
04/05/2014,Olhanense,Porto,2.0,1.0,H,,,,,,,,,,
04/05/2014,Rio Ave,Pacos Ferreira,0.0,0.0,D,,,,,,,,,,
04/05/2014,Sp Braga,Maritimo,1.0,1.0,D,,,,,,,,,,
10/05/2014,Belenenses,Arouca,1.0,0.0,H,,,,,,,,,,
10/05/2014,Guimaraes,Sp Braga,1.0,0.0,H,,,,,,,,,,
10/05/2014,Pacos Ferreira,Academica,2.0,4.0,A,,,,,,,,,,
10/05/2014,Porto,Benfica,2.0,1.0,H,,,,,,,,,,
10/05/2014,Setubal,Olhanense,3.0,1.0,H,,,,,,,,,,
11/05/2014,Gil Vicente,Nacional,1.0,0.0,H,,,,,,,,,,
11/05/2014,Maritimo,Rio Ave,1.0,0.0,H,,,,,,,,,,
11/05/2014,Sp Lisbon,Estoril,0.0,1.0,A,,,,,,,,,,
15/08/2014,Porto,Maritimo,2.0,0.0,H,,,,,,,,,,
16/08/2014,Academica,Sp Lisbon,1.0,1.0,D,,,,,,,,,,
16/08/2014,Gil Vicente,Guimaraes,1.0,3.0,A,,,,,,,,,,
17/08/2014,Benfica,Pacos Ferreira,2.0,0.0,H,,,,,,,,,,
17/08/2014,Nacional,Moreirense,0.0,1.0,A,,,,,,,,,,
17/08/2014,Penafiel,Belenenses,1.0,3.0,A,,,,,,,,,,
17/08/2014,Rio Ave,Setubal,2.0,0.0,H,,,,,,,,,,
17/08/2014,Sp Braga,Boavista,3.0,0.0,H,,,,,,,,,,
18/08/2014,Arouca,Estoril,1.0,1.0,D,,,,,,,,,,
22/08/2014,Guimaraes,Penafiel,3.0,0.0,H,,,,,,,,,,
23/08/2014,Maritimo,Academica,2.0,1.0,H,,,,,,,,,,
23/08/2014,Pacos Ferreira,Porto,0.0,1.0,A,,,,,,,,,,
23/08/2014,Sp Lisbon,Arouca,1.0,0.0,H,,,,,,,,,,
24/08/2014,Belenenses,Nacional,3.0,1.0,H,,,,,,,,,,
24/08/2014,Boavista,Benfica,0.0,1.0,A,,,,,,,,,,
24/08/2014,Estoril,Rio Ave,1.0,5.0,A,,,,,,,,,,
24/08/2014,Setubal,Gil Vicente,2.0,0.0,H,,,,,,,,,,
25/08/2014,Moreirense,Sp Braga,0.0,0.0,D,,,,,,,,,,
29/08/2014,Academica,Setubal,1.0,1.0,D,,,,,,,,,,
30/08/2014,Belenenses,Guimaraes,0.0,3.0,A,,,,,,,,,,
30/08/2014,Sp Braga,Estoril,2.0,1.0,H,,,,,,,,,,
31/08/2014,Benfica,Sp Lisbon,1.0,1.0,D,,,,,,,,,,
31/08/2014,Gil Vicente,Maritimo,1.0,2.0,A,,,,,,,,,,
31/08/2014,Nacional,Arouca,2.0,0.0,H,,,,,,,,,,
31/08/2014,Penafiel,Pacos Ferreira,0.0,1.0,A,,,,,,,,,,
31/08/2014,Porto,Moreirense,3.0,0.0,H,,,,,,,,,,
01/09/2014,Rio Ave,Boavista,4.0,0.0,H,,,,,,,,,,
12/09/2014,Setubal,Benfica,0.0,5.0,A,,,,,,,,,,
13/09/2014,Arouca,Sp Braga,1.0,0.0,H,,,,,,,,,,
13/09/2014,Moreirense,Rio Ave,1.0,1.0,D,,,,,,,,,,
13/09/2014,Sp Lisbon,Belenenses,1.0,1.0,D,,,,,,,,,,
14/09/2014,Boavista,Academica,1.0,0.0,H,,,,,,,,,,
14/09/2014,Estoril,Nacional,2.0,1.0,H,,,,,,,,,,
14/09/2014,Guimaraes,Porto,1.0,1.0,D,,,,,,,,,,
14/09/2014,Maritimo,Penafiel,2.0,0.0,H,,,,,,,,,,
14/09/2014,Pacos Ferreira,Gil Vicente,1.0,1.0,D,,,,,,,,,,
19/09/2014,Guimaraes,Pacos Ferreira,1.0,1.0,D,,,,,,,,,,
20/09/2014,Nacional,Sp Braga,1.0,1.0,D,,,,,,,,,,
20/09/2014,Penafiel,Setubal,2.0,0.0,H,,,,,,,,,,
21/09/2014,Belenenses,Maritimo,1.0,0.0,H,,,,,,,,,,
21/09/2014,Benfica,Moreirense,3.0,1.0,H,,,,,,,,,,
21/09/2014,Gil Vicente,Sp Lisbon,0.0,4.0,A,,,,,,,,,,
21/09/2014,Porto,Boavista,0.0,0.0,D,,,,,,,,,,
21/09/2014,Rio Ave,Arouca,1.0,2.0,A,,,,,,,,,,
22/09/2014,Academica,Estoril,2.0,2.0,D,,,,,,,,,,
26/09/2014,Sp Lisbon,Porto,1.0,1.0,D,,,,,,,,,,
27/09/2014,Estoril,Benfica,2.0,3.0,A,,,,,,,,,,
27/09/2014,Sp Braga,Rio Ave,3.0,0.0,H,,,,,,,,,,
28/09/2014,Arouca,Academica,0.0,1.0,A,,,,,,,,,,
28/09/2014,Boavista,Gil Vicente,3.0,2.0,H,,,,,,,,,,
28/09/2014,Maritimo,Guimaraes,4.0,0.0,H,,,,,,,,,,
28/09/2014,Moreirense,Penafiel,0.0,0.0,D,,,,,,,,,,
28/09/2014,Setubal,Nacional,2.0,0.0,H,,,,,,,,,,
29/09/2014,Pacos Ferreira,Belenenses,2.0,0.0,H,,,,,,,,,,
03/10/2014,Guimaraes,Boavista,3.0,0.0,H,,,,,,,,,,
04/10/2014,Penafiel,Sp Lisbon,0.0,4.0,A,,,,,,,,,,
05/10/2014,Academica,Moreirense,0.0,0.0,D,,,,,,,,,,
05/10/2014,Belenenses,Setubal,1.0,1.0,D,,,,,,,,,,
05/10/2014,Benfica,Arouca,4.0,0.0,H,,,,,,,,,,
05/10/2014,Gil Vicente,Estoril,1.0,1.0,D,,,,,,,,,,
05/10/2014,Nacional,Rio Ave,0.0,0.0,D,,,,,,,,,,
05/10/2014,Pacos Ferreira,Maritimo,3.0,2.0,H,,,,,,,,,,
05/10/2014,Porto,Sp Braga,2.0,1.0,H,,,,,,,,,,
24/10/2014,Setubal,Guimaraes,0.0,1.0,A,,,,,,,,,,
25/10/2014,Arouca,Porto,0.0,5.0,A,,,,,,,,,,
25/10/2014,Boavista,Pacos Ferreira,1.0,2.0,A,,,,,,,,,,
25/10/2014,Moreirense,Gil Vicente,2.0,0.0,H,,,,,,,,,,
26/10/2014,Estoril,Belenenses,1.0,2.0,A,,,,,,,,,,
26/10/2014,Nacional,Academica,1.0,0.0,H,,,,,,,,,,
26/10/2014,Sp Braga,Benfica,2.0,1.0,H,,,,,,,,,,
26/10/2014,Sp Lisbon,Maritimo,4.0,2.0,H,,,,,,,,,,
27/10/2014,Rio Ave,Penafiel,3.0,2.0,H,,,,,,,,,,
31/10/2014,Benfica,Rio Ave,1.0,0.0,H,,,,,,,,,,
01/11/2014,Guimaraes,Sp Lisbon,3.0,0.0,H,,,,,,,,,,
01/11/2014,Penafiel,Estoril,1.0,2.0,A,,,,,,,,,,
01/11/2014,Porto,Nacional,2.0,0.0,H,,,,,,,,,,
02/11/2014,Academica,Sp Braga,1.0,1.0,D,,,,,,,,,,
02/11/2014,Gil Vicente,Arouca,1.0,1.0,D,,,,,,,,,,
02/11/2014,Maritimo,Moreirense,1.0,2.0,A,,,,,,,,,,
02/11/2014,Pacos Ferreira,Setubal,4.0,1.0,H,,,,,,,,,,
03/11/2014,Belenenses,Boavista,3.0,1.0,H,,,,,,,,,,
07/11/2014,Arouca,Guimaraes,1.0,2.0,A,,,,,,,,,,
08/11/2014,Sp Braga,Gil Vicente,2.0,0.0,H,,,,,,,,,,
09/11/2014,Boavista,Penafiel,1.0,0.0,H,,,,,,,,,,
09/11/2014,Estoril,Porto,2.0,2.0,D,,,,,,,,,,
09/11/2014,Moreirense,Belenenses,0.0,1.0,A,,,,,,,,,,
09/11/2014,Nacional,Benfica,1.0,2.0,A,,,,,,,,,,
09/11/2014,Setubal,Maritimo,1.0,0.0,H,,,,,,,,,,
09/11/2014,Sp Lisbon,Pacos Ferreira,1.0,1.0,D,,,,,,,,,,
10/11/2014,Rio Ave,Academica,3.0,0.0,H,,,,,,,,,,
28/11/2014,Guimaraes,Moreirense,2.0,1.0,H,,,,,,,,,,
29/11/2014,Belenenses,Arouca,0.0,0.0,D,,,,,,,,,,
29/11/2014,Penafiel,Sp Braga,1.0,6.0,A,,,,,,,,,,
29/11/2014,Sp Lisbon,Setubal,3.0,0.0,H,,,,,,,,,,
30/11/2014,Academica,Benfica,0.0,2.0,A,,,,,,,,,,
30/11/2014,Gil Vicente,Nacional,0.0,0.0,D,,,,,,,,,,
30/11/2014,Maritimo,Boavista,4.0,0.0,H,,,,,,,,,,
30/11/2014,Porto,Rio Ave,5.0,0.0,H,,,,,,,,,,
01/12/2014,Pacos Ferreira,Estoril,1.0,1.0,D,,,,,,,,,,
05/12/2014,Boavista,Sp Lisbon,1.0,3.0,A,,,,,,,,,,
06/12/2014,Academica,Porto,0.0,3.0,A,,,,,,,,,,
06/12/2014,Benfica,Belenenses,3.0,0.0,H,,,,,,,,,,
06/12/2014,Estoril,Setubal,1.0,0.0,H,,,,,,,,,,
06/12/2014,Rio Ave,Gil Vicente,0.0,0.0,D,,,,,,,,,,
07/12/2014,Arouca,Penafiel,0.0,1.0,A,,,,,,,,,,
07/12/2014,Moreirense,Pacos Ferreira,2.0,0.0,H,,,,,,,,,,
07/12/2014,Sp Braga,Guimaraes,0.0,0.0,D,,,,,,,,,,
08/12/2014,Nacional,Maritimo,3.0,0.0,H,,,,,,,,,,
12/12/2014,Setubal,Boavista,0.0,1.0,A,,,,,,,,,,
13/12/2014,Belenenses,Sp Braga,0.0,1.0,A,,,,,,,,,,
13/12/2014,Gil Vicente,Academica,1.0,1.0,D,,,,,,,,,,
13/12/2014,Pacos Ferreira,Arouca,2.0,1.0,H,,,,,,,,,,
13/12/2014,Penafiel,Nacional,2.0,1.0,H,,,,,,,,,,
14/12/2014,Guimaraes,Rio Ave,0.0,0.0,D,,,,,,,,,,
14/12/2014,Maritimo,Estoril,0.0,0.0,D,,,,,,,,,,
14/12/2014,Porto,Benfica,0.0,2.0,A,,,,,,,,,,
14/12/2014,Sp Lisbon,Moreirense,1.0,1.0,D,,,,,,,,,,
19/12/2014,Porto,Setubal,4.0,0.0,H,,,,,,,,,,
20/12/2014,Estoril,Guimaraes,1.0,0.0,H,,,,,,,,,,
21/12/2014,Academica,Penafiel,1.0,1.0,D,,,,,,,,,,
21/12/2014,Arouca,Maritimo,1.0,0.0,H,,,,,,,,,,
21/12/2014,Benfica,Gil Vicente,1.0,0.0,H,,,,,,,,,,
21/12/2014,Moreirense,Boavista,1.0,0.0,H,,,,,,,,,,
21/12/2014,Nacional,Sp Lisbon,0.0,1.0,A,,,,,,,,,,
22/12/2014,Rio Ave,Belenenses,0.0,0.0,D,,,,,,,,,,
22/12/2014,Sp Braga,Pacos Ferreira,3.0,0.0,H,,,,,,,,,,
02/01/2015,Belenenses,Academica,0.0,0.0,D,,,,,,,,,,
03/01/2015,Gil Vicente,Porto,1.0,5.0,A,,,,,,,,,,
03/01/2015,Maritimo,Sp Braga,2.0,1.0,H,,,,,,,,,,
03/01/2015,Pacos Ferreira,Rio Ave,1.0,2.0,A,,,,,,,,,,
03/01/2015,Sp Lisbon,Estoril,3.0,0.0,H,,,,,,,,,,
04/01/2015,Boavista,Arouca,3.0,1.0,H,,,,,,,,,,
04/01/2015,Guimaraes,Nacional,4.0,0.0,H,,,,,,,,,,
04/01/2015,Penafiel,Benfica,0.0,3.0,A,,,,,,,,,,
04/01/2015,Setubal,Moreirense,2.0,1.0,H,,,,,,,,,,
09/01/2015,Estoril,Moreirense,1.0,1.0,D,,,,,,,,,,
10/01/2015,Academica,Pacos Ferreira,2.0,2.0,D,,,,,,,,,,
10/01/2015,Benfica,Guimaraes,3.0,0.0,H,,,,,,,,,,
10/01/2015,Porto,Belenenses,3.0,0.0,H,,,,,,,,,,
11/01/2015,Arouca,Setubal,1.0,0.0,H,,,,,,,,,,
11/01/2015,Gil Vicente,Penafiel,2.0,1.0,H,,,,,,,,,,
11/01/2015,Nacional,Boavista,2.0,1.0,H,,,,,,,,,,
11/01/2015,Rio Ave,Maritimo,0.0,0.0,D,,,,,,,,,,
11/01/2015,Sp Braga,Sp Lisbon,0.0,1.0,A,,,,,,,,,,
17/01/2015,Guimaraes,Academica,4.0,0.0,H,,,,,,,,,,
17/01/2015,Penafiel,Porto,1.0,3.0,A,,,,,,,,,,
18/01/2015,Belenenses,Gil Vicente,2.0,0.0,H,,,,,,,,,,
18/01/2015,Boavista,Estoril,1.0,2.0,A,,,,,,,,,,
18/01/2015,Maritimo,Benfica,0.0,4.0,A,,,,,,,,,,
18/01/2015,Moreirense,Arouca,1.0,0.0,H,,,,,,,,,,
18/01/2015,Pacos Ferreira,Nacional,2.0,3.0,A,,,,,,,,,,
18/01/2015,Setubal,Sp Braga,1.0,3.0,A,,,,,,,,,,
18/01/2015,Sp Lisbon,Rio Ave,4.0,2.0,H,,,,,,,,,,
24/01/2015,Guimaraes,Gil Vicente,2.0,2.0,D,,,,,,,,,,
25/01/2015,Belenenses,Penafiel,0.0,0.0,D,,,,,,,,,,
25/01/2015,Boavista,Sp Braga,1.0,0.0,H,,,,,,,,,,
25/01/2015,Estoril,Arouca,1.0,0.0,H,,,,,,,,,,
25/01/2015,Maritimo,Porto,1.0,0.0,H,,,,,,,,,,
25/01/2015,Moreirense,Nacional,2.0,3.0,A,,,,,,,,,,
25/01/2015,Setubal,Rio Ave,4.0,1.0,H,,,,,,,,,,
25/01/2015,Sp Lisbon,Academica,1.0,0.0,H,,,,,,,,,,
26/01/2015,Pacos Ferreira,Benfica,1.0,0.0,H,,,,,,,,,,
30/01/2015,Sp Braga,Moreirense,1.0,0.0,H,,,,,,,,,,
31/01/2015,Benfica,Boavista,3.0,0.0,H,,,,,,,,,,
31/01/2015,Nacional,Belenenses,2.0,1.0,H,,,,,,,,,,
31/01/2015,Penafiel,Guimaraes,1.0,1.0,D,,,,,,,,,,
01/02/2015,Academica,Maritimo,1.0,1.0,D,,,,,,,,,,
01/02/2015,Arouca,Sp Lisbon,1.0,3.0,A,,,,,,,,,,
01/02/2015,Gil Vicente,Setubal,1.0,1.0,D,,,,,,,,,,
01/02/2015,Porto,Pacos Ferreira,5.0,0.0,H,,,,,,,,,,
01/02/2015,Rio Ave,Estoril,2.0,1.0,H,,,,,,,,,,
07/02/2015,Moreirense,Porto,0.0,2.0,A,,,,,,,,,,
08/02/2015,Arouca,Nacional,3.0,3.0,D,,,,,,,,,,
08/02/2015,Estoril,Sp Braga,0.0,2.0,A,,,,,,,,,,
08/02/2015,Guimaraes,Belenenses,0.0,1.0,A,,,,,,,,,,
08/02/2015,Maritimo,Gil Vicente,1.0,2.0,A,,,,,,,,,,
08/02/2015,Pacos Ferreira,Penafiel,2.0,1.0,H,,,,,,,,,,
08/02/2015,Setubal,Academica,0.0,0.0,D,,,,,,,,,,
08/02/2015,Sp Lisbon,Benfica,1.0,1.0,D,,,,,,,,,,
09/02/2015,Boavista,Rio Ave,1.0,1.0,D,,,,,,,,,,
13/02/2015,Porto,Guimaraes,1.0,0.0,H,,,,,,,,,,
14/02/2015,Belenenses,Sp Lisbon,1.0,1.0,D,,,,,,,,,,
14/02/2015,Gil Vicente,Pacos Ferreira,1.0,0.0,H,,,,,,,,,,
15/02/2015,Academica,Boavista,0.0,0.0,D,,,,,,,,,,
15/02/2015,Benfica,Setubal,3.0,0.0,H,,,,,,,,,,
15/02/2015,Penafiel,Maritimo,3.0,4.0,A,,,,,,,,,,
15/02/2015,Rio Ave,Moreirense,1.0,1.0,D,,,,,,,,,,
15/02/2015,Sp Braga,Arouca,2.0,0.0,H,,,,,,,,,,
16/02/2015,Nacional,Estoril,1.0,0.0,H,,,,,,,,,,
20/02/2015,Pacos Ferreira,Guimaraes,2.0,2.0,D,,,,,,,,,,
21/02/2015,Moreirense,Benfica,1.0,3.0,A,,,,,,,,,,
21/02/2015,Setubal,Penafiel,0.0,1.0,A,,,,,,,,,,
21/02/2015,Sp Braga,Nacional,3.0,1.0,H,,,,,,,,,,
22/02/2015,Arouca,Rio Ave,1.0,0.0,H,,,,,,,,,,
22/02/2015,Estoril,Academica,1.0,2.0,A,,,,,,,,,,
22/02/2015,Maritimo,Belenenses,1.0,2.0,A,,,,,,,,,,
22/02/2015,Sp Lisbon,Gil Vicente,2.0,0.0,H,,,,,,,,,,
23/02/2015,Boavista,Porto,0.0,2.0,A,,,,,,,,,,
27/02/2015,Guimaraes,Maritimo,1.0,0.0,H,,,,,,,,,,
28/02/2015,Benfica,Estoril,6.0,0.0,H,,,,,,,,,,
28/02/2015,Gil Vicente,Boavista,1.0,1.0,D,,,,,,,,,,
28/02/2015,Rio Ave,Sp Braga,0.0,2.0,A,,,,,,,,,,
01/03/2015,Academica,Arouca,1.0,1.0,D,,,,,,,,,,
01/03/2015,Nacional,Setubal,3.0,0.0,H,,,,,,,,,,
01/03/2015,Penafiel,Moreirense,1.0,2.0,A,,,,,,,,,,
01/03/2015,Porto,Sp Lisbon,3.0,0.0,H,,,,,,,,,,
02/03/2015,Belenenses,Pacos Ferreira,0.0,1.0,A,,,,,,,,,,
06/03/2015,Sp Braga,Porto,0.0,1.0,A,,,,,,,,,,
07/03/2015,Setubal,Belenenses,1.0,1.0,D,,,,,,,,,,
08/03/2015,Arouca,Benfica,1.0,3.0,A,,,,,,,,,,
08/03/2015,Boavista,Guimaraes,3.0,1.0,H,,,,,,,,,,
08/03/2015,Estoril,Gil Vicente,1.0,1.0,D,,,,,,,,,,
08/03/2015,Maritimo,Pacos Ferreira,2.0,1.0,H,,,,,,,,,,
08/03/2015,Moreirense,Academica,0.0,2.0,A,,,,,,,,,,
09/03/2015,Rio Ave,Nacional,1.0,1.0,D,,,,,,,,,,
09/03/2015,Sp Lisbon,Penafiel,3.0,2.0,H,,,,,,,,,,
13/03/2015,Pacos Ferreira,Boavista,1.0,0.0,H,,,,,,,,,,
14/03/2015,Belenenses,Estoril,2.0,2.0,D,,,,,,,,,,
14/03/2015,Benfica,Sp Braga,2.0,0.0,H,,,,,,,,,,
14/03/2015,Guimaraes,Setubal,0.0,1.0,A,,,,,,,,,,
15/03/2015,Academica,Nacional,2.0,1.0,H,,,,,,,,,,
15/03/2015,Gil Vicente,Moreirense,0.0,1.0,A,,,,,,,,,,
15/03/2015,Maritimo,Sp Lisbon,0.0,1.0,A,,,,,,,,,,
15/03/2015,Penafiel,Rio Ave,0.0,2.0,A,,,,,,,,,,
15/03/2015,Porto,Arouca,1.0,0.0,H,,,,,,,,,,
20/03/2015,Sp Braga,Academica,0.0,0.0,D,,,,,,,,,,
21/03/2015,Estoril,Penafiel,3.0,3.0,D,,,,,,,,,,
21/03/2015,Nacional,Porto,1.0,1.0,D,,,,,,,,,,
21/03/2015,Rio Ave,Benfica,2.0,1.0,H,,,,,,,,,,
22/03/2015,Arouca,Gil Vicente,3.0,1.0,H,,,,,,,,,,
22/03/2015,Boavista,Belenenses,1.0,0.0,H,,,,,,,,,,
22/03/2015,Moreirense,Maritimo,1.0,1.0,D,,,,,,,,,,
22/03/2015,Sp Lisbon,Guimaraes,4.0,1.0,H,,,,,,,,,,
23/03/2015,Setubal,Pacos Ferreira,0.0,0.0,D,,,,,,,,,,
03/04/2015,Academica,Rio Ave,0.0,0.0,D,,,,,,,,,,
03/04/2015,Gil Vicente,Sp Braga,0.0,2.0,A,,,,,,,,,,
03/04/2015,Guimaraes,Arouca,1.0,0.0,H,,,,,,,,,,
04/04/2015,Belenenses,Moreirense,2.0,0.0,H,,,,,,,,,,
04/04/2015,Benfica,Nacional,3.0,1.0,H,,,,,,,,,,
04/04/2015,Pacos Ferreira,Sp Lisbon,1.0,1.0,D,,,,,,,,,,
04/04/2015,Penafiel,Boavista,2.0,2.0,D,,,,,,,,,,
06/04/2015,Maritimo,Setubal,1.0,1.0,D,,,,,,,,,,
06/04/2015,Porto,Estoril,5.0,0.0,H,,,,,,,,,,
10/04/2015,Arouca,Belenenses,0.0,1.0,A,,,,,,,,,,
11/04/2015,Benfica,Academica,5.0,1.0,H,,,,,,,,,,
11/04/2015,Boavista,Maritimo,0.0,2.0,A,,,,,,,,,,
11/04/2015,Moreirense,Guimaraes,2.0,1.0,H,,,,,,,,,,
11/04/2015,Rio Ave,Porto,1.0,3.0,A,,,,,,,,,,
12/04/2015,Nacional,Gil Vicente,3.0,2.0,H,,,,,,,,,,
12/04/2015,Setubal,Sp Lisbon,1.0,2.0,A,,,,,,,,,,
12/04/2015,Sp Braga,Penafiel,4.0,0.0,H,,,,,,,,,,
13/04/2015,Estoril,Pacos Ferreira,1.0,0.0,H,,,,,,,,,,
17/04/2015,Guimaraes,Sp Braga,1.0,0.0,H,,,,,,,,,,
18/04/2015,Belenenses,Benfica,0.0,2.0,A,,,,,,,,,,
18/04/2015,Porto,Academica,1.0,0.0,H,,,,,,,,,,
19/04/2015,Gil Vicente,Rio Ave,0.0,0.0,D,,,,,,,,,,
19/04/2015,Pacos Ferreira,Moreirense,0.0,0.0,D,,,,,,,,,,
19/04/2015,Penafiel,Arouca,0.0,2.0,A,,,,,,,,,,
19/04/2015,Setubal,Estoril,1.0,2.0,A,,,,,,,,,,
19/04/2015,Sp Lisbon,Boavista,2.0,1.0,H,,,,,,,,,,
20/04/2015,Maritimo,Nacional,1.0,1.0,D,,,,,,,,,,
24/04/2015,Sp Braga,Belenenses,1.0,1.0,D,,,,,,,,,,
25/04/2015,Academica,Gil Vicente,1.0,2.0,A,,,,,,,,,,
25/04/2015,Estoril,Maritimo,1.0,1.0,D,,,,,,,,,,
25/04/2015,Rio Ave,Guimaraes,1.0,1.0,D,,,,,,,,,,
26/04/2015,Arouca,Pacos Ferreira,1.0,3.0,A,,,,,,,,,,
26/04/2015,Benfica,Porto,0.0,0.0,D,,,,,,,,,,
26/04/2015,Boavista,Setubal,0.0,0.0,D,,,,,,,,,,
26/04/2015,Nacional,Penafiel,2.0,0.0,H,,,,,,,,,,
27/04/2015,Moreirense,Sp Lisbon,1.0,4.0,A,,,,,,,,,,
01/05/2015,Guimaraes,Estoril,2.0,0.0,H,,,,,,,,,,
02/05/2015,Gil Vicente,Benfica,0.0,5.0,A,,,,,,,,,,
02/05/2015,Sp Lisbon,Nacional,2.0,0.0,H,,,,,,,,,,
03/05/2015,Boavista,Moreirense,3.0,1.0,H,,,,,,,,,,
03/05/2015,Maritimo,Arouca,1.0,1.0,D,,,,,,,,,,
03/05/2015,Penafiel,Academica,0.0,0.0,D,,,,,,,,,,
03/05/2015,Setubal,Porto,0.0,2.0,A,,,,,,,,,,
04/05/2015,Belenenses,Rio Ave,1.0,3.0,A,,,,,,,,,,
04/05/2015,Pacos Ferreira,Sp Braga,2.0,2.0,D,,,,,,,,,,
09/05/2015,Academica,Belenenses,1.0,1.0,D,,,,,,,,,,
09/05/2015,Benfica,Penafiel,4.0,0.0,H,,,,,,,,,,
09/05/2015,Rio Ave,Pacos Ferreira,0.0,0.0,D,,,,,,,,,,
09/05/2015,Sp Braga,Maritimo,1.0,3.0,A,,,,,,,,,,
10/05/2015,Arouca,Boavista,0.0,0.0,D,,,,,,,,,,
10/05/2015,Estoril,Sp Lisbon,1.0,1.0,D,,,,,,,,,,
10/05/2015,Moreirense,Setubal,3.0,1.0,H,,,,,,,,,,
10/05/2015,Porto,Gil Vicente,2.0,0.0,H,,,,,,,,,,
11/05/2015,Nacional,Guimaraes,2.0,2.0,D,,,,,,,,,,
17/05/2015,Belenenses,Porto,1.0,1.0,D,,,,,,,,,,
17/05/2015,Guimaraes,Benfica,0.0,0.0,D,,,,,,,,,,
17/05/2015,Maritimo,Rio Ave,4.0,0.0,H,,,,,,,,,,
17/05/2015,Moreirense,Estoril,1.0,1.0,D,,,,,,,,,,
17/05/2015,Pacos Ferreira,Academica,3.0,2.0,H,,,,,,,,,,
17/05/2015,Penafiel,Gil Vicente,2.0,1.0,H,,,,,,,,,,
17/05/2015,Setubal,Arouca,2.0,1.0,H,,,,,,,,,,
17/05/2015,Sp Lisbon,Sp Braga,4.0,1.0,H,,,,,,,,,,
18/05/2015,Boavista,Nacional,0.0,1.0,A,,,,,,,,,,
22/05/2015,Porto,Penafiel,2.0,0.0,H,,,,,,,,,,
23/05/2015,Academica,Guimaraes,2.0,4.0,A,,,,,,,,,,
23/05/2015,Arouca,Moreirense,1.0,2.0,A,,,,,,,,,,
23/05/2015,Benfica,Maritimo,4.0,1.0,H,,,,,,,,,,
23/05/2015,Estoril,Boavista,2.0,0.0,H,,,,,,,,,,
23/05/2015,Gil Vicente,Belenenses,0.0,2.0,A,,,,,,,,,,
23/05/2015,Nacional,Pacos Ferreira,3.0,0.0,H,,,,,,,,,,
23/05/2015,Rio Ave,Sp Lisbon,0.0,1.0,A,,,,,,,,,,
23/05/2015,Sp Braga,Setubal,5.0,0.0,H,,,,,,,,,,
14/08/2015,Tondela,Sp Lisbon,1.0,2.0,A,,,,,,,,,,
15/08/2015,Belenenses,Rio Ave,3.0,3.0,D,,,,,,,,,,
15/08/2015,Porto,Guimaraes,3.0,0.0,H,,,,,,,,,,
16/08/2015,Benfica,Estoril,4.0,0.0,H,,,,,,,,,,
16/08/2015,Moreirense,Arouca,0.0,2.0,A,,,,,,,,,,
16/08/2015,Setubal,Boavista,2.0,2.0,D,,,,,,,,,,
16/08/2015,Sp Braga,Nacional,2.0,1.0,H,,,,,,,,,,
16/08/2015,Uniao Madeira,Maritimo,2.0,1.0,H,,,,,,,,,,
17/08/2015,Pacos Ferreira,Academica,1.0,0.0,H,,,,,,,,,,
21/08/2015,Rio Ave,Sp Braga,1.0,0.0,H,,,,,,,,,,
22/08/2015,Maritimo,Porto,1.0,1.0,D,,,,,,,,,,
22/08/2015,Sp Lisbon,Pacos Ferreira,1.0,1.0,D,,,,,,,,,,
23/08/2015,Arouca,Benfica,1.0,0.0,H,,,,,,,,,,
23/08/2015,Boavista,Tondela,1.0,0.0,H,,,,,,,,,,
23/08/2015,Estoril,Moreirense,2.0,0.0,H,,,,,,,,,,
23/08/2015,Guimaraes,Belenenses,1.0,1.0,D,,,,,,,,,,
23/08/2015,Nacional,Uniao Madeira,1.0,0.0,H,,,,,,,,,,
24/08/2015,Academica,Setubal,0.0,4.0,A,,,,,,,,,,
29/08/2015,Benfica,Moreirense,3.0,2.0,H,,,,,,,,,,
29/08/2015,Porto,Estoril,2.0,0.0,H,,,,,,,,,,
29/08/2015,Setubal,Rio Ave,2.0,2.0,D,,,,,,,,,,
30/08/2015,Academica,Sp Lisbon,1.0,3.0,A,,,,,,,,,,
30/08/2015,Pacos Ferreira,Arouca,1.0,1.0,D,,,,,,,,,,
30/08/2015,Sp Braga,Boavista,4.0,0.0,H,,,,,,,,,,
30/08/2015,Tondela,Nacional,1.0,0.0,H,,,,,,,,,,
31/08/2015,Belenenses,Maritimo,1.0,1.0,D,,,,,,,,,,
31/08/2015,Uniao Madeira,Guimaraes,0.0,0.0,D,,,,,,,,,,
11/09/2015,Benfica,Belenenses,6.0,0.0,H,,,,,,,,,,
12/09/2015,Arouca,Porto,1.0,3.0,A,,,,,,,,,,
12/09/2015,Estoril,Sp Braga,1.0,0.0,H,,,,,,,,,,
13/09/2015,Guimaraes,Tondela,1.0,0.0,H,,,,,,,,,,
13/09/2015,Maritimo,Setubal,5.0,2.0,H,,,,,,,,,,
13/09/2015,Moreirense,Uniao Madeira,0.0,0.0,D,,,,,,,,,,
13/09/2015,Nacional,Academica,2.0,0.0,H,,,,,,,,,,
13/09/2015,Rio Ave,Sp Lisbon,1.0,2.0,A,,,,,,,,,,
14/09/2015,Boavista,Pacos Ferreira,0.0,1.0,A,,,,,,,,,,
18/09/2015,Setubal,Guimaraes,2.0,2.0,D,,,,,,,,,,
19/09/2015,Pacos Ferreira,Rio Ave,0.0,3.0,A,,,,,,,,,,
19/09/2015,Tondela,Estoril,0.0,1.0,A,,,,,,,,,,
20/09/2015,Academica,Boavista,0.0,2.0,A,,,,,,,,,,
20/09/2015,Porto,Benfica,1.0,0.0,H,,,,,,,,,,
20/09/2015,Uniao Madeira,Arouca,0.0,0.0,D,,,,,,,,,,
21/09/2015,Belenenses,Moreirense,2.0,0.0,H,,,,,,,,,,
21/09/2015,Sp Braga,Maritimo,5.0,1.0,H,,,,,,,,,,
21/09/2015,Sp Lisbon,Nacional,1.0,0.0,H,,,,,,,,,,
25/09/2015,Moreirense,Porto,2.0,2.0,D,,,,,,,,,,
26/09/2015,Benfica,Pacos Ferreira,3.0,0.0,H,,,,,,,,,,
26/09/2015,Boavista,Sp Lisbon,0.0,0.0,D,,,,,,,,,,
27/09/2015,Arouca,Belenenses,2.0,2.0,D,,,,,,,,,,
27/09/2015,Estoril,Uniao Madeira,2.0,1.0,H,,,,,,,,,,
27/09/2015,Guimaraes,Sp Braga,0.0,1.0,A,,,,,,,,,,
27/09/2015,Maritimo,Tondela,1.0,0.0,H,,,,,,,,,,
27/09/2015,Nacional,Setubal,1.0,1.0,D,,,,,,,,,,
28/09/2015,Rio Ave,Academica,1.0,0.0,H,,,,,,,,,,
02/10/2015,Setubal,Estoril,1.0,0.0,H,,,,,,,,,,
03/10/2015,Academica,Maritimo,1.0,0.0,H,,,,,,,,,,
03/10/2015,Pacos Ferreira,Nacional,3.0,1.0,H,,,,,,,,,,
03/10/2015,Rio Ave,Boavista,1.0,0.0,H,,,,,,,,,,
03/10/2015,Tondela,Moreirense,1.0,1.0,D,,,,,,,,,,
04/10/2015,Porto,Belenenses,4.0,0.0,H,,,,,,,,,,
04/10/2015,Sp Braga,Arouca,0.0,0.0,D,,,,,,,,,,
04/10/2015,Sp Lisbon,Guimaraes,5.0,1.0,H,,,,,,,,,,
23/10/2015,Nacional,Boavista,0.0,0.0,D,,,,,,,,,,
24/10/2015,Estoril,Rio Ave,2.0,2.0,D,,,,,,,,,,
24/10/2015,Guimaraes,Academica,1.0,1.0,D,,,,,,,,,,
24/10/2015,Maritimo,Pacos Ferreira,0.0,2.0,A,,,,,,,,,,
25/10/2015,Arouca,Tondela,1.0,1.0,D,,,,,,,,,,
25/10/2015,Benfica,Sp Lisbon,0.0,3.0,A,,,,,,,,,,
25/10/2015,Moreirense,Setubal,0.0,2.0,A,,,,,,,,,,
25/10/2015,Porto,Sp Braga,0.0,0.0,D,,,,,,,,,,
26/10/2015,Belenenses,Uniao Madeira,1.0,0.0,H,,,,,,,,,,
30/10/2015,Tondela,Benfica,0.0,4.0,A,,,,,,,,,,
31/10/2015,Sp Braga,Belenenses,4.0,0.0,H,,,,,,,,,,
31/10/2015,Sp Lisbon,Estoril,1.0,0.0,H,,,,,,,,,,
01/11/2015,Academica,Moreirense,1.0,1.0,D,,,,,,,,,,
01/11/2015,Boavista,Maritimo,0.0,1.0,A,,,,,,,,,,
01/11/2015,Rio Ave,Nacional,1.0,0.0,H,,,,,,,,,,
01/11/2015,Setubal,Arouca,0.0,0.0,D,,,,,,,,,,
02/11/2015,Pacos Ferreira,Guimaraes,0.0,1.0,A,,,,,,,,,,
06/11/2015,Estoril,Academica,1.0,1.0,D,,,,,,,,,,
07/11/2015,Guimaraes,Nacional,0.0,1.0,A,,,,,,,,,,
08/11/2015,Arouca,Sp Lisbon,0.0,1.0,A,,,,,,,,,,
08/11/2015,Benfica,Boavista,2.0,0.0,H,,,,,,,,,,
08/11/2015,Maritimo,Rio Ave,3.0,2.0,H,,,,,,,,,,
08/11/2015,Moreirense,Pacos Ferreira,2.0,0.0,H,,,,,,,,,,
08/11/2015,Porto,Setubal,2.0,0.0,H,,,,,,,,,,
09/11/2015,Belenenses,Tondela,2.0,1.0,H,,,,,,,,,,
09/11/2015,Uniao Madeira,Sp Braga,0.0,1.0,A,,,,,,,,,,
27/11/2015,Nacional,Maritimo,3.0,1.0,H,,,,,,,,,,
28/11/2015,Boavista,Guimaraes,1.0,2.0,A,,,,,,,,,,
28/11/2015,Setubal,Uniao Madeira,2.0,2.0,D,,,,,,,,,,
28/11/2015,Tondela,Porto,0.0,1.0,A,,,,,,,,,,
29/11/2015,Academica,Arouca,1.0,1.0,D,,,,,,,,,,
29/11/2015,Pacos Ferreira,Estoril,2.0,0.0,H,,,,,,,,,,
29/11/2015,Rio Ave,Moreirense,0.0,1.0,A,,,,,,,,,,
30/11/2015,Sp Braga,Benfica,0.0,2.0,A,,,,,,,,,,
30/11/2015,Sp Lisbon,Belenenses,1.0,0.0,H,,,,,,,,,,
02/12/2015,Uniao Madeira,Porto,0.0,4.0,A,,,,,,,,,,
04/12/2015,Benfica,Academica,3.0,0.0,H,,,,,,,,,,
05/12/2015,Belenenses,Setubal,0.0,3.0,A,,,,,,,,,,
05/12/2015,Maritimo,Sp Lisbon,0.0,1.0,A,,,,,,,,,,
05/12/2015,Porto,Pacos Ferreira,2.0,1.0,H,,,,,,,,,,
06/12/2015,Arouca,Boavista,3.0,2.0,H,,,,,,,,,,
06/12/2015,Estoril,Nacional,1.0,1.0,D,,,,,,,,,,
06/12/2015,Moreirense,Sp Braga,0.0,0.0,D,,,,,,,,,,
06/12/2015,Uniao Madeira,Tondela,2.0,0.0,H,,,,,,,,,,
07/12/2015,Guimaraes,Rio Ave,3.0,1.0,H,,,,,,,,,,
11/12/2015,Boavista,Estoril,1.0,1.0,D,,,,,,,,,,
12/12/2015,Guimaraes,Maritimo,3.0,4.0,A,,,,,,,,,,
12/12/2015,Pacos Ferreira,Uniao Madeira,6.0,0.0,H,,,,,,,,,,
12/12/2015,Rio Ave,Arouca,3.0,1.0,H,,,,,,,,,,
12/12/2015,Setubal,Benfica,2.0,4.0,A,,,,,,,,,,
13/12/2015,Sp Lisbon,Moreirense,3.0,1.0,H,,,,,,,,,,
13/12/2015,Tondela,Sp Braga,0.0,1.0,A,,,,,,,,,,
14/12/2015,Academica,Belenenses,4.0,3.0,H,,,,,,,,,,
14/12/2015,Nacional,Porto,1.0,2.0,A,,,,,,,,,,
15/12/2015,Uniao Madeira,Benfica,0.0,0.0,D,,,,,,,,,,
19/12/2015,Arouca,Maritimo,4.0,1.0,H,,,,,,,,,,
19/12/2015,Estoril,Guimaraes,0.0,1.0,A,,,,,,,,,,
20/12/2015,Benfica,Rio Ave,3.0,1.0,H,,,,,,,,,,
20/12/2015,Moreirense,Nacional,2.0,0.0,H,,,,,,,,,,
20/12/2015,Porto,Academica,3.0,1.0,H,,,,,,,,,,
20/12/2015,Tondela,Setubal,1.0,3.0,A,,,,,,,,,,
20/12/2015,Uniao Madeira,Sp Lisbon,1.0,0.0,H,,,,,,,,,,
21/12/2015,Belenenses,Boavista,1.0,0.0,H,,,,,,,,,,
21/12/2015,Sp Braga,Pacos Ferreira,1.0,1.0,D,,,,,,,,,,
02/01/2016,Academica,Uniao Madeira,3.0,1.0,H,,,,,,,,,,
02/01/2016,Boavista,Moreirense,0.0,3.0,A,,,,,,,,,,
02/01/2016,Guimaraes,Benfica,0.0,1.0,A,,,,,,,,,,
02/01/2016,Maritimo,Estoril,1.0,1.0,D,,,,,,,,,,
02/01/2016,Nacional,Arouca,2.0,2.0,D,,,,,,,,,,
02/01/2016,Pacos Ferreira,Belenenses,2.0,2.0,D,,,,,,,,,,
02/01/2016,Setubal,Sp Braga,1.0,1.0,D,,,,,,,,,,
02/01/2016,Sp Lisbon,Porto,2.0,0.0,H,,,,,,,,,,
03/01/2016,Rio Ave,Tondela,2.0,3.0,A,,,,,,,,,,
06/01/2016,Arouca,Estoril,1.0,0.0,H,,,,,,,,,,
06/01/2016,Belenenses,Nacional,2.0,2.0,D,,,,,,,,,,
06/01/2016,Benfica,Maritimo,6.0,0.0,H,,,,,,,,,,
06/01/2016,Moreirense,Guimaraes,3.0,4.0,A,,,,,,,,,,
06/01/2016,Porto,Rio Ave,1.0,1.0,D,,,,,,,,,,
06/01/2016,Setubal,Sp Lisbon,0.0,6.0,A,,,,,,,,,,
06/01/2016,Sp Braga,Academica,3.0,0.0,H,,,,,,,,,,
06/01/2016,Tondela,Pacos Ferreira,0.0,2.0,A,,,,,,,,,,
06/01/2016,Uniao Madeira,Boavista,1.0,0.0,H,,,,,,,,,,
09/01/2016,Guimaraes,Arouca,2.0,2.0,D,,,,,,,,,,
10/01/2016,Academica,Tondela,2.0,1.0,H,,,,,,,,,,
10/01/2016,Boavista,Porto,0.0,5.0,A,,,,,,,,,,
10/01/2016,Estoril,Belenenses,2.0,0.0,H,,,,,,,,,,
10/01/2016,Maritimo,Moreirense,5.0,1.0,H,,,,,,,,,,
10/01/2016,Rio Ave,Uniao Madeira,1.0,0.0,H,,,,,,,,,,
10/01/2016,Sp Lisbon,Sp Braga,3.0,2.0,H,,,,,,,,,,
11/01/2016,Nacional,Benfica,1.0,4.0,A,,,,,,,,,,
11/01/2016,Pacos Ferreira,Setubal,2.0,1.0,H,,,,,,,,,,
15/01/2016,Sp Lisbon,Tondela,2.0,2.0,D,,,,,,,,,,
16/01/2016,Academica,Pacos Ferreira,1.0,1.0,D,,,,,,,,,,
16/01/2016,Estoril,Benfica,1.0,2.0,A,,,,,,,,,,
16/01/2016,Maritimo,Uniao Madeira,0.0,1.0,A,,,,,,,,,,
17/01/2016,Arouca,Moreirense,1.0,2.0,A,,,,,,,,,,
17/01/2016,Guimaraes,Porto,1.0,0.0,H,,,,,,,,,,
17/01/2016,Nacional,Sp Braga,2.0,3.0,A,,,,,,,,,,
17/01/2016,Rio Ave,Belenenses,1.0,2.0,A,,,,,,,,,,
18/01/2016,Boavista,Setubal,4.0,0.0,H,,,,,,,,,,
22/01/2016,Setubal,Academica,2.0,1.0,H,,,,,,,,,,
23/01/2016,Benfica,Arouca,3.0,1.0,H,,,,,,,,,,
23/01/2016,Moreirense,Estoril,1.0,3.0,A,,,,,,,,,,
23/01/2016,Pacos Ferreira,Sp Lisbon,1.0,3.0,A,,,,,,,,,,
23/01/2016,Uniao Madeira,Nacional,3.0,0.0,H,,,,,,,,,,
24/01/2016,Belenenses,Guimaraes,3.0,3.0,D,,,,,,,,,,
24/01/2016,Porto,Maritimo,1.0,0.0,H,,,,,,,,,,
24/01/2016,Sp Braga,Rio Ave,5.0,1.0,H,,,,,,,,,,
25/01/2016,Tondela,Boavista,1.0,2.0,A,,,,,,,,,,
29/01/2016,Guimaraes,Uniao Madeira,3.0,1.0,H,,,,,,,,,,
30/01/2016,Estoril,Porto,1.0,3.0,A,,,,,,,,,,
30/01/2016,Sp Lisbon,Academica,3.0,2.0,H,,,,,,,,,,
31/01/2016,Arouca,Pacos Ferreira,2.0,2.0,D,,,,,,,,,,
31/01/2016,Boavista,Sp Braga,0.0,0.0,D,,,,,,,,,,
31/01/2016,Moreirense,Benfica,1.0,4.0,A,,,,,,,,,,
31/01/2016,Nacional,Tondela,3.0,1.0,H,,,,,,,,,,
31/01/2016,Rio Ave,Setubal,2.0,1.0,H,,,,,,,,,,
01/02/2016,Maritimo,Belenenses,1.0,2.0,A,,,,,,,,,,
05/02/2016,Belenenses,Benfica,0.0,5.0,A,,,,,,,,,,
06/02/2016,Setubal,Maritimo,1.0,1.0,D,,,,,,,,,,
06/02/2016,Tondela,Guimaraes,1.0,1.0,D,,,,,,,,,,
07/02/2016,Academica,Nacional,2.0,2.0,D,,,,,,,,,,
07/02/2016,Pacos Ferreira,Boavista,0.0,1.0,A,,,,,,,,,,
07/02/2016,Porto,Arouca,1.0,2.0,A,,,,,,,,,,
07/02/2016,Uniao Madeira,Moreirense,0.0,1.0,A,,,,,,,,,,
08/02/2016,Sp Braga,Estoril,2.0,0.0,H,,,,,,,,,,
08/02/2016,Sp Lisbon,Rio Ave,0.0,0.0,D,,,,,,,,,,
12/02/2016,Benfica,Porto,1.0,2.0,A,,,,,,,,,,
13/02/2016,Guimaraes,Setubal,2.0,2.0,D,,,,,,,,,,
13/02/2016,Moreirense,Belenenses,2.0,3.0,A,,,,,,,,,,
13/02/2016,Nacional,Sp Lisbon,0.0,4.0,A,,,,,,,,,,
14/02/2016,Arouca,Uniao Madeira,3.0,0.0,H,,,,,,,,,,
14/02/2016,Boavista,Academica,0.0,0.0,D,,,,,,,,,,
14/02/2016,Estoril,Tondela,2.0,1.0,H,,,,,,,,,,
14/02/2016,Maritimo,Sp Braga,1.0,3.0,A,,,,,,,,,,
15/02/2016,Rio Ave,Pacos Ferreira,1.0,1.0,D,,,,,,,,,,
19/02/2016,Uniao Madeira,Estoril,1.0,1.0,D,,,,,,,,,,
20/02/2016,Academica,Rio Ave,0.0,2.0,A,,,,,,,,,,
20/02/2016,Pacos Ferreira,Benfica,1.0,3.0,A,,,,,,,,,,
21/02/2016,Belenenses,Arouca,0.0,2.0,A,,,,,,,,,,
21/02/2016,Porto,Moreirense,3.0,2.0,H,,,,,,,,,,
21/02/2016,Setubal,Nacional,1.0,1.0,D,,,,,,,,,,
21/02/2016,Sp Braga,Guimaraes,3.0,3.0,D,,,,,,,,,,
21/02/2016,Tondela,Maritimo,3.0,4.0,A,,,,,,,,,,
22/02/2016,Sp Lisbon,Boavista,2.0,0.0,H,,,,,,,,,,
26/02/2016,Nacional,Pacos Ferreira,3.0,0.0,H,,,,,,,,,,
27/02/2016,Arouca,Sp Braga,0.0,0.0,D,,,,,,,,,,
27/02/2016,Boavista,Rio Ave,1.0,2.0,A,,,,,,,,,,
27/02/2016,Estoril,Setubal,3.0,0.0,H,,,,,,,,,,
28/02/2016,Belenenses,Porto,1.0,2.0,A,,,,,,,,,,
28/02/2016,Maritimo,Academica,1.0,0.0,H,,,,,,,,,,
28/02/2016,Moreirense,Tondela,1.0,2.0,A,,,,,,,,,,
29/02/2016,Benfica,Uniao Madeira,2.0,0.0,H,,,,,,,,,,
29/02/2016,Guimaraes,Sp Lisbon,0.0,0.0,D,,,,,,,,,,
04/03/2016,Pacos Ferreira,Maritimo,2.0,2.0,D,,,,,,,,,,
05/03/2016,Sp Lisbon,Benfica,0.0,1.0,A,,,,,,,,,,
06/03/2016,Academica,Guimaraes,2.0,0.0,H,,,,,,,,,,
06/03/2016,Boavista,Nacional,0.0,1.0,A,,,,,,,,,,
06/03/2016,Setubal,Moreirense,0.0,1.0,A,,,,,,,,,,
06/03/2016,Sp Braga,Porto,3.0,1.0,H,,,,,,,,,,
06/03/2016,Tondela,Arouca,0.0,1.0,A,,,,,,,,,,
06/03/2016,Uniao Madeira,Belenenses,0.0,0.0,D,,,,,,,,,,
07/03/2016,Rio Ave,Estoril,1.0,3.0,A,,,,,,,,,,
11/03/2016,Maritimo,Boavista,0.0,3.0,A,,,,,,,,,,
12/03/2016,Estoril,Sp Lisbon,1.0,2.0,A,,,,,,,,,,
12/03/2016,Porto,Uniao Madeira,3.0,2.0,H,,,,,,,,,,
13/03/2016,Arouca,Setubal,1.0,0.0,H,,,,,,,,,,
13/03/2016,Belenenses,Sp Braga,3.0,0.0,H,,,,,,,,,,
13/03/2016,Guimaraes,Pacos Ferreira,0.0,1.0,A,,,,,,,,,,
13/03/2016,Moreirense,Academica,2.0,2.0,D,,,,,,,,,,
13/03/2016,Nacional,Rio Ave,1.0,0.0,H,,,,,,,,,,
14/03/2016,Benfica,Tondela,4.0,1.0,H,,,,,,,,,,
18/03/2016,Rio Ave,Maritimo,1.0,0.0,H,,,,,,,,,,
19/03/2016,Setubal,Porto,0.0,1.0,A,,,,,,,,,,
19/03/2016,Sp Lisbon,Arouca,5.0,1.0,H,,,,,,,,,,
20/03/2016,Academica,Estoril,0.0,3.0,A,,,,,,,,,,
20/03/2016,Boavista,Benfica,0.0,1.0,A,,,,,,,,,,
20/03/2016,Nacional,Guimaraes,3.0,2.0,H,,,,,,,,,,
20/03/2016,Pacos Ferreira,Moreirense,0.0,0.0,D,,,,,,,,,,
20/03/2016,Sp Braga,Uniao Madeira,2.0,0.0,H,,,,,,,,,,
20/03/2016,Tondela,Belenenses,2.0,2.0,D,,,,,,,,,,
01/04/2016,Benfica,Sp Braga,5.0,1.0,H,,,,,,,,,,
02/04/2016,Arouca,Academica,3.0,2.0,H,,,,,,,,,,
02/04/2016,Guimaraes,Boavista,1.0,1.0,D,,,,,,,,,,
02/04/2016,Maritimo,Nacional,2.0,0.0,H,,,,,,,,,,
03/04/2016,Estoril,Pacos Ferreira,1.0,0.0,H,,,,,,,,,,
03/04/2016,Moreirense,Rio Ave,0.0,1.0,A,,,,,,,,,,
03/04/2016,Uniao Madeira,Setubal,2.0,2.0,D,,,,,,,,,,
04/04/2016,Belenenses,Sp Lisbon,2.0,5.0,A,,,,,,,,,,
04/04/2016,Porto,Tondela,0.0,1.0,A,,,,,,,,,,
08/04/2016,Boavista,Arouca,0.0,0.0,D,,,,,,,,,,
09/04/2016,Academica,Benfica,1.0,2.0,A,,,,,,,,,,
09/04/2016,Sp Lisbon,Maritimo,3.0,1.0,H,,,,,,,,,,
10/04/2016,Nacional,Estoril,4.0,1.0,H,,,,,,,,,,
10/04/2016,Pacos Ferreira,Porto,1.0,0.0,H,,,,,,,,,,
10/04/2016,Setubal,Belenenses,0.0,1.0,A,,,,,,,,,,
10/04/2016,Sp Braga,Moreirense,1.0,1.0,D,,,,,,,,,,
10/04/2016,Tondela,Uniao Madeira,1.0,0.0,H,,,,,,,,,,
11/04/2016,Rio Ave,Guimaraes,2.0,0.0,H,,,,,,,,,,
16/04/2016,Arouca,Rio Ave,0.0,0.0,D,,,,,,,,,,
16/04/2016,Estoril,Boavista,1.0,0.0,H,,,,,,,,,,
16/04/2016,Moreirense,Sp Lisbon,0.0,1.0,A,,,,,,,,,,
17/04/2016,Belenenses,Academica,1.0,1.0,D,,,,,,,,,,
17/04/2016,Maritimo,Guimaraes,3.0,0.0,H,,,,,,,,,,
17/04/2016,Porto,Nacional,4.0,0.0,H,,,,,,,,,,
17/04/2016,Uniao Madeira,Pacos Ferreira,3.0,4.0,A,,,,,,,,,,
18/04/2016,Benfica,Setubal,2.0,1.0,H,,,,,,,,,,
18/04/2016,Sp Braga,Tondela,3.0,0.0,H,,,,,,,,,,
22/04/2016,Boavista,Belenenses,1.0,0.0,H,,,,,,,,,,
23/04/2016,Academica,Porto,1.0,2.0,A,,,,,,,,,,
23/04/2016,Pacos Ferreira,Sp Braga,1.0,0.0,H,,,,,,,,,,
23/04/2016,Sp Lisbon,Uniao Madeira,2.0,0.0,H,,,,,,,,,,
24/04/2016,Guimaraes,Estoril,1.0,1.0,D,,,,,,,,,,
24/04/2016,Maritimo,Arouca,1.0,2.0,A,,,,,,,,,,
24/04/2016,Nacional,Moreirense,0.0,1.0,A,,,,,,,,,,
24/04/2016,Rio Ave,Benfica,0.0,1.0,A,,,,,,,,,,
24/04/2016,Setubal,Tondela,0.0,1.0,A,,,,,,,,,,
29/04/2016,Benfica,Guimaraes,1.0,0.0,H,,,,,,,,,,
29/04/2016,Sp Braga,Setubal,3.0,2.0,H,,,,,,,,,,
30/04/2016,Belenenses,Pacos Ferreira,0.0,2.0,A,,,,,,,,,,
30/04/2016,Porto,Sp Lisbon,1.0,3.0,A,,,,,,,,,,
30/04/2016,Tondela,Rio Ave,1.0,1.0,D,,,,,,,,,,
01/05/2016,Arouca,Nacional,3.0,0.0,H,,,,,,,,,,
01/05/2016,Estoril,Maritimo,2.0,1.0,H,,,,,,,,,,
01/05/2016,Moreirense,Boavista,1.0,1.0,D,,,,,,,,,,
01/05/2016,Uniao Madeira,Academica,3.0,1.0,H,,,,,,,,,,
06/05/2016,Pacos Ferreira,Tondela,1.0,4.0,A,,,,,,,,,,
07/05/2016,Academica,Sp Braga,0.0,0.0,D,,,,,,,,,,
07/05/2016,Rio Ave,Porto,1.0,3.0,A,,,,,,,,,,
07/05/2016,Sp Lisbon,Setubal,5.0,0.0,H,,,,,,,,,,
08/05/2016,Boavista,Uniao Madeira,1.0,0.0,H,,,,,,,,,,
08/05/2016,Guimaraes,Moreirense,4.0,1.0,H,,,,,,,,,,
08/05/2016,Maritimo,Benfica,0.0,2.0,A,,,,,,,,,,
08/05/2016,Nacional,Belenenses,2.0,2.0,D,,,,,,,,,,
09/05/2016,Estoril,Arouca,1.0,1.0,D,,,,,,,,,,
14/05/2016,Arouca,Guimaraes,2.0,2.0,D,,,,,,,,,,
14/05/2016,Belenenses,Estoril,2.0,1.0,H,,,,,,,,,,
14/05/2016,Porto,Boavista,4.0,0.0,H,,,,,,,,,,
14/05/2016,Setubal,Pacos Ferreira,0.0,0.0,D,,,,,,,,,,
14/05/2016,Tondela,Academica,2.0,0.0,H,,,,,,,,,,
14/05/2016,Uniao Madeira,Rio Ave,1.0,2.0,A,,,,,,,,,,
15/05/2016,Benfica,Nacional,4.0,1.0,H,,,,,,,,,,
15/05/2016,Moreirense,Maritimo,2.0,1.0,H,,,,,,,,,,
15/05/2016,Sp Braga,Sp Lisbon,0.0,4.0,A,,,,,,,,,,
12/08/2016,Rio Ave,Porto,1.0,3.0,A,,,,,,,,,,
13/08/2016,Moreirense,Pacos Ferreira,1.0,1.0,D,,,,,,,,,,
13/08/2016,Sp Lisbon,Maritimo,2.0,0.0,H,,,,,,,,,,
13/08/2016,Tondela,Benfica,0.0,2.0,A,,,,,,,,,,
14/08/2016,Boavista,Arouca,2.0,0.0,H,,,,,,,,,,
14/08/2016,Guimaraes,Sp Braga,0.0,1.0,A,,,,,,,,,,
14/08/2016,Setubal,Belenenses,2.0,0.0,H,,,,,,,,,,
15/08/2016,Estoril,Feirense,0.0,2.0,A,,,,,,,,,,
19/08/2016,Belenenses,Boavista,0.0,0.0,D,,,,,,,,,,
20/08/2016,Chaves,Tondela,1.0,1.0,D,,,,,,,,,,
20/08/2016,Maritimo,Guimaraes,0.0,2.0,A,,,,,,,,,,
20/08/2016,Pacos Ferreira,Sp Lisbon,0.0,1.0,A,,,,,,,,,,
20/08/2016,Porto,Estoril,1.0,0.0,H,,,,,,,,,,
21/08/2016,Arouca,Nacional,2.0,0.0,H,,,,,,,,,,
21/08/2016,Benfica,Setubal,1.0,1.0,D,,,,,,,,,,
21/08/2016,Feirense,Moreirense,0.0,3.0,A,,,,,,,,,,
22/08/2016,Sp Braga,Rio Ave,1.0,1.0,D,,,,,,,,,,
26/08/2016,Guimaraes,Pacos Ferreira,5.0,3.0,H,,,,,,,,,,
27/08/2016,Estoril,Sp Braga,1.0,3.0,A,,,,,,,,,,
27/08/2016,Nacional,Benfica,1.0,3.0,A,,,,,,,,,,
27/08/2016,Tondela,Belenenses,0.0,1.0,A,,,,,,,,,,
28/08/2016,Boavista,Chaves,2.0,2.0,D,,,,,,,,,,
28/08/2016,Moreirense,Maritimo,0.0,1.0,A,,,,,,,,,,
28/08/2016,Rio Ave,Feirense,1.0,0.0,H,,,,,,,,,,
28/08/2016,Setubal,Arouca,2.0,0.0,H,,,,,,,,,,
28/08/2016,Sp Lisbon,Porto,2.0,1.0,H,,,,,,,,,,
04/09/2016,Nacional,Chaves,0.0,1.0,A,,,,,,,,,,
09/09/2016,Arouca,Benfica,1.0,2.0,A,,,,,,,,,,
10/09/2016,Belenenses,Nacional,2.0,1.0,H,,,,,,,,,,
10/09/2016,Porto,Guimaraes,3.0,0.0,H,,,,,,,,,,
10/09/2016,Sp Lisbon,Moreirense,3.0,0.0,H,,,,,,,,,,
11/09/2016,Chaves,Setubal,0.0,0.0,D,,,,,,,,,,
11/09/2016,Maritimo,Rio Ave,0.0,1.0,A,,,,,,,,,,
11/09/2016,Pacos Ferreira,Estoril,0.0,0.0,D,,,,,,,,,,
11/09/2016,Sp Braga,Boavista,3.0,0.0,H,,,,,,,,,,
12/09/2016,Feirense,Tondela,2.0,1.0,H,,,,,,,,,,
16/09/2016,Nacional,Maritimo,2.0,0.0,H,,,,,,,,,,
17/09/2016,Estoril,Moreirense,2.0,0.0,H,,,,,,,,,,
17/09/2016,Guimaraes,Belenenses,1.0,1.0,D,,,,,,,,,,
17/09/2016,Setubal,Pacos Ferreira,1.0,4.0,A,,,,,,,,,,
18/09/2016,Arouca,Chaves,0.0,1.0,A,,,,,,,,,,
18/09/2016,Boavista,Feirense,1.0,2.0,A,,,,,,,,,,
18/09/2016,Rio Ave,Sp Lisbon,3.0,1.0,H,,,,,,,,,,
18/09/2016,Tondela,Porto,0.0,0.0,D,,,,,,,,,,
19/09/2016,Benfica,Sp Braga,3.0,1.0,H,,,,,,,,,,
23/09/2016,Porto,Boavista,3.0,1.0,H,,,,,,,,,,
23/09/2016,Sp Lisbon,Estoril,4.0,2.0,H,,,,,,,,,,
24/09/2016,Chaves,Benfica,0.0,2.0,A,,,,,,,,,,
24/09/2016,Feirense,Nacional,0.0,3.0,A,,,,,,,,,,
24/09/2016,Sp Braga,Setubal,2.0,1.0,H,,,,,,,,,,
25/09/2016,Maritimo,Tondela,2.0,0.0,H,,,,,,,,,,
25/09/2016,Moreirense,Guimaraes,0.0,1.0,A,,,,,,,,,,
25/09/2016,Pacos Ferreira,Rio Ave,2.0,1.0,H,,,,,,,,,,
26/09/2016,Belenenses,Arouca,1.0,1.0,D,,,,,,,,,,
30/09/2016,Tondela,Pacos Ferreira,2.0,1.0,H,,,,,,,,,,
01/10/2016,Chaves,Belenenses,3.0,1.0,H,,,,,,,,,,
01/10/2016,Guimaraes,Sp Lisbon,3.0,3.0,D,,,,,,,,,,
01/10/2016,Nacional,Porto,0.0,4.0,A,,,,,,,,,,
01/10/2016,Rio Ave,Estoril,1.0,2.0,A,,,,,,,,,,
02/10/2016,Arouca,Sp Braga,1.0,1.0,D,,,,,,,,,,
02/10/2016,Benfica,Feirense,4.0,0.0,H,,,,,,,,,,
02/10/2016,Boavista,Moreirense,2.0,0.0,H,,,,,,,,,,
02/10/2016,Setubal,Maritimo,0.0,1.0,A,,,,,,,,,,
21/10/2016,Maritimo,Boavista,1.0,1.0,D,,,,,,,,,,
21/10/2016,Pacos Ferreira,Nacional,1.0,1.0,D,,,,,,,,,,
22/10/2016,Feirense,Setubal,1.0,1.0,D,,,,,,,,,,
22/10/2016,Porto,Arouca,3.0,0.0,H,,,,,,,,,,
22/10/2016,Sp Lisbon,Tondela,1.0,1.0,D,,,,,,,,,,
23/10/2016,Belenenses,Benfica,0.0,2.0,A,,,,,,,,,,
23/10/2016,Estoril,Guimaraes,0.0,2.0,A,,,,,,,,,,
23/10/2016,Moreirense,Rio Ave,1.0,1.0,D,,,,,,,,,,
24/10/2016,Sp Braga,Chaves,1.0,0.0,H,,,,,,,,,,
28/10/2016,Benfica,Pacos Ferreira,3.0,0.0,H,,,,,,,,,,
28/10/2016,Nacional,Sp Lisbon,0.0,0.0,D,,,,,,,,,,
29/10/2016,Boavista,Estoril,0.0,0.0,D,,,,,,,,,,
29/10/2016,Setubal,Porto,0.0,0.0,D,,,,,,,,,,
29/10/2016,Tondela,Moreirense,1.0,2.0,A,,,,,,,,,,
30/10/2016,Arouca,Maritimo,1.0,0.0,H,,,,,,,,,,
30/10/2016,Rio Ave,Guimaraes,0.0,3.0,A,,,,,,,,,,
30/10/2016,Sp Braga,Belenenses,2.0,1.0,H,,,,,,,,,,
31/10/2016,Chaves,Feirense,1.0,1.0,D,,,,,,,,,,
04/11/2016,Guimaraes,Nacional,2.0,1.0,H,,,,,,,,,,
05/11/2016,Estoril,Tondela,2.0,0.0,H,,,,,,,,,,
05/11/2016,Feirense,Belenenses,0.0,1.0,A,,,,,,,,,,
05/11/2016,Pacos Ferreira,Chaves,1.0,1.0,D,,,,,,,,,,
05/11/2016,Rio Ave,Boavista,1.0,2.0,A,,,,,,,,,,
06/11/2016,Maritimo,Sp Braga,1.0,0.0,H,,,,,,,,,,
06/11/2016,Moreirense,Setubal,1.0,2.0,A,,,,,,,,,,
06/11/2016,Porto,Benfica,1.0,1.0,D,,,,,,,,,,
06/11/2016,Sp Lisbon,Arouca,3.0,0.0,H,,,,,,,,,,
25/11/2016,Setubal,Rio Ave,0.0,1.0,A,,,,,,,,,,
26/11/2016,Belenenses,Porto,0.0,0.0,D,,,,,,,,,,
26/11/2016,Boavista,Sp Lisbon,0.0,1.0,A,,,,,,,,,,
26/11/2016,Chaves,Maritimo,0.0,0.0,D,,,,,,,,,,
26/11/2016,Nacional,Estoril,0.0,1.0,A,,,,,,,,,,
27/11/2016,Arouca,Pacos Ferreira,1.0,0.0,H,,,,,,,,,,
27/11/2016,Benfica,Moreirense,3.0,0.0,H,,,,,,,,,,
27/11/2016,Tondela,Guimaraes,2.0,1.0,H,,,,,,,,,,
28/11/2016,Sp Braga,Feirense,6.0,2.0,H,,,,,,,,,,
02/12/2016,Maritimo,Benfica,2.0,1.0,H,,,,,,,,,,
03/12/2016,Porto,Sp Braga,1.0,0.0,H,,,,,,,,,,
03/12/2016,Rio Ave,Tondela,3.0,1.0,H,,,,,,,,,,
03/12/2016,Sp Lisbon,Setubal,2.0,0.0,H,,,,,,,,,,
04/12/2016,Estoril,Belenenses,1.0,1.0,D,,,,,,,,,,
04/12/2016,Feirense,Arouca,0.0,2.0,A,,,,,,,,,,
04/12/2016,Guimaraes,Chaves,1.0,1.0,D,,,,,,,,,,
04/12/2016,Moreirense,Nacional,3.0,1.0,H,,,,,,,,,,
05/12/2016,Pacos Ferreira,Boavista,2.0,1.0,H,,,,,,,,,,
09/12/2016,Setubal,Estoril,2.0,0.0,H,,,,,,,,,,
10/12/2016,Belenenses,Maritimo,1.0,0.0,H,,,,,,,,,,
10/12/2016,Boavista,Guimaraes,1.0,2.0,A,,,,,,,,,,
10/12/2016,Chaves,Moreirense,2.0,1.0,H,,,,,,,,,,
11/12/2016,Benfica,Sp Lisbon,2.0,1.0,H,,,,,,,,,,
11/12/2016,Feirense,Porto,0.0,4.0,A,,,,,,,,,,
11/12/2016,Nacional,Tondela,3.0,2.0,H,,,,,,,,,,
11/12/2016,Sp Braga,Pacos Ferreira,3.0,0.0,H,,,,,,,,,,
12/12/2016,Arouca,Rio Ave,0.0,2.0,A,,,,,,,,,,
15/12/2016,Porto,Maritimo,2.0,1.0,H,,,,,,,,,,
16/12/2016,Pacos Ferreira,Belenenses,1.0,0.0,H,,,,,,,,,,
17/12/2016,Estoril,Benfica,0.0,1.0,A,,,,,,,,,,
17/12/2016,Moreirense,Arouca,1.0,4.0,A,,,,,,,,,,
18/12/2016,Guimaraes,Setubal,3.0,1.0,H,,,,,,,,,,
18/12/2016,Rio Ave,Nacional,2.0,1.0,H,,,,,,,,,,
18/12/2016,Sp Lisbon,Sp Braga,0.0,1.0,A,,,,,,,,,,
18/12/2016,Tondela,Boavista,1.0,1.0,D,,,,,,,,,,
19/12/2016,Maritimo,Feirense,2.0,0.0,H,,,,,,,,,,
19/12/2016,Porto,Chaves,2.0,1.0,H,,,,,,,,,,
21/12/2016,Benfica,Rio Ave,2.0,0.0,H,,,,,,,,,,
22/12/2016,Belenenses,Sp Lisbon,0.0,1.0,A,,,,,,,,,,
22/12/2016,Chaves,Estoril,1.0,0.0,H,,,,,,,,,,
22/12/2016,Feirense,Pacos Ferreira,2.0,0.0,H,,,,,,,,,,
22/12/2016,Nacional,Boavista,0.0,2.0,A,,,,,,,,,,
22/12/2016,Sp Braga,Moreirense,2.0,1.0,H,,,,,,,,,,
23/12/2016,Arouca,Guimaraes,0.0,1.0,A,,,,,,,,,,
23/12/2016,Setubal,Tondela,3.0,0.0,H,,,,,,,,,,
07/01/2017,Estoril,Maritimo,0.0,1.0,A,,,,,,,,,,
07/01/2017,Guimaraes,Benfica,0.0,2.0,A,,,,,,,,,,
07/01/2017,Nacional,Sp Braga,0.0,0.0,D,,,,,,,,,,
07/01/2017,Pacos Ferreira,Porto,0.0,0.0,D,,,,,,,,,,
08/01/2017,Boavista,Setubal,1.0,0.0,H,,,,,,,,,,
08/01/2017,Rio Ave,Chaves,2.0,2.0,D,,,,,,,,,,
08/01/2017,Sp Lisbon,Feirense,2.0,1.0,H,,,,,,,,,,
08/01/2017,Tondela,Arouca,1.0,2.0,A,,,,,,,,,,
09/01/2017,Moreirense,Belenenses,1.0,0.0,H,,,,,,,,,,
13/01/2017,Arouca,Estoril,2.0,1.0,H,,,,,,,,,,
14/01/2017,Benfica,Boavista,3.0,3.0,D,,,,,,,,,,
14/01/2017,Chaves,Sp Lisbon,2.0,2.0,D,,,,,,,,,,
14/01/2017,Feirense,Guimaraes,0.0,0.0,D,,,,,,,,,,
14/01/2017,Setubal,Nacional,1.0,0.0,H,,,,,,,,,,
15/01/2017,Belenenses,Rio Ave,1.0,0.0,H,,,,,,,,,,
15/01/2017,Maritimo,Pacos Ferreira,3.0,1.0,H,,,,,,,,,,
15/01/2017,Porto,Moreirense,3.0,0.0,H,,,,,,,,,,
16/01/2017,Sp Braga,Tondela,2.0,0.0,H,,,,,,,,,,
20/01/2017,Pacos Ferreira,Moreirense,0.0,2.0,A,,,,,,,,,,
21/01/2017,Arouca,Boavista,1.0,2.0,A,,,,,,,,,,
21/01/2017,Maritimo,Sp Lisbon,2.0,2.0,D,,,,,,,,,,
21/01/2017,Porto,Rio Ave,4.0,2.0,H,,,,,,,,,,
22/01/2017,Belenenses,Setubal,1.0,2.0,A,,,,,,,,,,
22/01/2017,Benfica,Tondela,4.0,0.0,H,,,,,,,,,,
22/01/2017,Feirense,Estoril,1.0,0.0,H,,,,,,,,,,
22/01/2017,Sp Braga,Guimaraes,1.0,2.0,A,,,,,,,,,,
23/01/2017,Chaves,Nacional,2.0,0.0,H,,,,,,,,,,
27/01/2017,Boavista,Belenenses,0.0,1.0,A,,,,,,,,,,
28/01/2017,Estoril,Porto,1.0,2.0,A,,,,,,,,,,
28/01/2017,Guimaraes,Maritimo,0.0,0.0,D,,,,,,,,,,
28/01/2017,Nacional,Arouca,1.0,1.0,D,,,,,,,,,,
28/01/2017,Sp Lisbon,Pacos Ferreira,4.0,2.0,H,,,,,,,,,,
28/01/2017,Tondela,Chaves,2.0,0.0,H,,,,,,,,,,
30/01/2017,Setubal,Benfica,1.0,0.0,H,,,,,,,,,,
02/02/2017,Moreirense,Feirense,1.0,1.0,D,,,,,,,,,,
02/02/2017,Rio Ave,Sp Braga,1.0,0.0,H,,,,,,,,,,
03/02/2017,Pacos Ferreira,Guimaraes,2.0,0.0,H,,,,,,,,,,
04/02/2017,Chaves,Boavista,0.0,0.0,D,,,,,,,,,,
04/02/2017,Porto,Sp Lisbon,2.0,1.0,H,,,,,,,,,,
05/02/2017,Arouca,Setubal,2.0,1.0,H,,,,,,,,,,
05/02/2017,Belenenses,Tondela,0.0,0.0,D,,,,,,,,,,
05/02/2017,Benfica,Nacional,3.0,0.0,H,,,,,,,,,,
06/02/2017,Feirense,Rio Ave,2.0,1.0,H,,,,,,,,,,
06/02/2017,Maritimo,Moreirense,1.0,0.0,H,,,,,,,,,,
06/02/2017,Sp Braga,Estoril,1.0,1.0,D,,,,,,,,,,
10/02/2017,Benfica,Arouca,3.0,0.0,H,,,,,,,,,,
11/02/2017,Estoril,Pacos Ferreira,2.0,1.0,H,,,,,,,,,,
11/02/2017,Guimaraes,Porto,0.0,2.0,A,,,,,,,,,,
11/02/2017,Setubal,Chaves,0.0,0.0,D,,,,,,,,,,
11/02/2017,Tondela,Feirense,0.0,1.0,A,,,,,,,,,,
12/02/2017,Boavista,Sp Braga,1.0,1.0,D,,,,,,,,,,
12/02/2017,Moreirense,Sp Lisbon,2.0,3.0,A,,,,,,,,,,
12/02/2017,Nacional,Belenenses,1.0,1.0,D,,,,,,,,,,
13/02/2017,Rio Ave,Maritimo,0.0,0.0,D,,,,,,,,,,
17/02/2017,Porto,Tondela,4.0,0.0,H,,,,,,,,,,
18/02/2017,Chaves,Arouca,2.0,0.0,H,,,,,,,,,,
18/02/2017,Feirense,Boavista,0.0,1.0,A,,,,,,,,,,
18/02/2017,Moreirense,Estoril,1.0,1.0,D,,,,,,,,,,
18/02/2017,Sp Lisbon,Rio Ave,1.0,0.0,H,,,,,,,,,,
19/02/2017,Belenenses,Guimaraes,1.0,1.0,D,,,,,,,,,,
19/02/2017,Pacos Ferreira,Setubal,2.0,1.0,H,,,,,,,,,,
19/02/2017,Sp Braga,Benfica,0.0,1.0,A,,,,,,,,,,
20/02/2017,Maritimo,Nacional,0.0,0.0,D,,,,,,,,,,
24/02/2017,Benfica,Chaves,3.0,1.0,H,,,,,,,,,,
24/02/2017,Guimaraes,Moreirense,1.0,0.0,H,,,,,,,,,,
25/02/2017,Estoril,Sp Lisbon,0.0,2.0,A,,,,,,,,,,
25/02/2017,Rio Ave,Pacos Ferreira,0.0,0.0,D,,,,,,,,,,
25/02/2017,Tondela,Maritimo,1.0,1.0,D,,,,,,,,,,
26/02/2017,Boavista,Porto,0.0,1.0,A,,,,,,,,,,
26/02/2017,Nacional,Feirense,0.0,0.0,D,,,,,,,,,,
26/02/2017,Setubal,Sp Braga,1.0,1.0,D,,,,,,,,,,
27/02/2017,Arouca,Belenenses,1.0,2.0,A,,,,,,,,,,
03/03/2017,Moreirense,Boavista,0.0,0.0,D,,,,,,,,,,
04/03/2017,Feirense,Benfica,0.0,1.0,A,,,,,,,,,,
04/03/2017,Porto,Nacional,7.0,0.0,H,,,,,,,,,,
04/03/2017,Sp Braga,Arouca,3.0,1.0,H,,,,,,,,,,
05/03/2017,Belenenses,Chaves,2.0,1.0,H,,,,,,,,,,
05/03/2017,Maritimo,Setubal,1.0,0.0,H,,,,,,,,,,
05/03/2017,Pacos Ferreira,Tondela,0.0,0.0,D,,,,,,,,,,
05/03/2017,Sp Lisbon,Guimaraes,1.0,1.0,D,,,,,,,,,,
06/03/2017,Estoril,Rio Ave,0.0,2.0,A,,,,,,,,,,
10/03/2017,Arouca,Porto,0.0,4.0,A,,,,,,,,,,
11/03/2017,Chaves,Sp Braga,0.0,0.0,D,,,,,,,,,,
11/03/2017,Setubal,Feirense,1.0,2.0,A,,,,,,,,,,
11/03/2017,Tondela,Sp Lisbon,1.0,4.0,A,,,,,,,,,,
12/03/2017,Boavista,Maritimo,3.0,0.0,H,,,,,,,,,,
12/03/2017,Guimaraes,Estoril,3.0,3.0,D,,,,,,,,,,
12/03/2017,Rio Ave,Moreirense,3.0,2.0,H,,,,,,,,,,
13/03/2017,Benfica,Belenenses,4.0,0.0,H,,,,,,,,,,
13/03/2017,Nacional,Pacos Ferreira,1.0,1.0,D,,,,,,,,,,
17/03/2017,Estoril,Boavista,0.0,0.0,D,,,,,,,,,,
18/03/2017,Belenenses,Sp Braga,1.0,2.0,A,,,,,,,,,,
18/03/2017,Moreirense,Tondela,1.0,1.0,D,,,,,,,,,,
18/03/2017,Pacos Ferreira,Benfica,0.0,0.0,D,,,,,,,,,,
18/03/2017,Sp Lisbon,Nacional,2.0,0.0,H,,,,,,,,,,
19/03/2017,Feirense,Chaves,3.0,2.0,H,,,,,,,,,,
19/03/2017,Guimaraes,Rio Ave,3.0,0.0,H,,,,,,,,,,
19/03/2017,Maritimo,Arouca,3.0,1.0,H,,,,,,,,,,
19/03/2017,Porto,Setubal,1.0,1.0,D,,,,,,,,,,
31/03/2017,Chaves,Pacos Ferreira,1.0,0.0,H,,,,,,,,,,
31/03/2017,Nacional,Guimaraes,1.0,2.0,A,,,,,,,,,,
01/04/2017,Benfica,Porto,1.0,1.0,D,,,,,,,,,,
01/04/2017,Boavista,Rio Ave,0.0,1.0,A,,,,,,,,,,
01/04/2017,Tondela,Estoril,0.0,2.0,A,,,,,,,,,,
02/04/2017,Arouca,Sp Lisbon,1.0,2.0,A,,,,,,,,,,
02/04/2017,Belenenses,Feirense,1.0,2.0,A,,,,,,,,,,
02/04/2017,Setubal,Moreirense,2.0,0.0,H,,,,,,,,,,
02/04/2017,Sp Braga,Maritimo,3.0,3.0,D,,,,,,,,,,
07/04/2017,Feirense,Sp Braga,0.0,1.0,A,,,,,,,,,,
08/04/2017,Pacos Ferreira,Arouca,1.0,1.0,D,,,,,,,,,,
08/04/2017,Porto,Belenenses,3.0,0.0,H,,,,,,,,,,
08/04/2017,Sp Lisbon,Boavista,4.0,0.0,H,,,,,,,,,,
09/04/2017,Estoril,Nacional,0.0,1.0,A,,,,,,,,,,
09/04/2017,Guimaraes,Tondela,2.0,1.0,H,,,,,,,,,,
09/04/2017,Moreirense,Benfica,0.0,1.0,A,,,,,,,,,,
09/04/2017,Rio Ave,Setubal,0.0,0.0,D,,,,,,,,,,
10/04/2017,Maritimo,Chaves,2.0,1.0,H,,,,,,,,,,
14/04/2017,Belenenses,Estoril,1.0,3.0,A,,,,,,,,,,
14/04/2017,Benfica,Maritimo,3.0,0.0,H,,,,,,,,,,
14/04/2017,Boavista,Pacos Ferreira,0.0,0.0,D,,,,,,,,,,
14/04/2017,Setubal,Sp Lisbon,0.0,3.0,A,,,,,,,,,,
15/04/2017,Arouca,Feirense,2.0,0.0,H,,,,,,,,,,
15/04/2017,Chaves,Guimaraes,2.0,3.0,A,,,,,,,,,,
15/04/2017,Sp Braga,Porto,1.0,1.0,D,,,,,,,,,,
15/04/2017,Tondela,Rio Ave,2.0,1.0,H,,,,,,,,,,
17/04/2017,Nacional,Moreirense,0.0,1.0,A,,,,,,,,,,
21/04/2017,Rio Ave,Arouca,3.0,0.0,H,,,,,,,,,,
22/04/2017,Estoril,Setubal,3.0,0.0,H,,,,,,,,,,
22/04/2017,Maritimo,Belenenses,3.0,0.0,H,,,,,,,,,,
22/04/2017,Sp Lisbon,Benfica,1.0,1.0,D,,,,,,,,,,
22/04/2017,Tondela,Nacional,2.0,0.0,H,,,,,,,,,,
23/04/2017,Guimaraes,Boavista,2.0,0.0,H,,,,,,,,,,
23/04/2017,Pacos Ferreira,Sp Braga,3.0,1.0,H,,,,,,,,,,
23/04/2017,Porto,Feirense,0.0,0.0,D,,,,,,,,,,
24/04/2017,Moreirense,Chaves,0.0,0.0,D,,,,,,,,,,
28/04/2017,Setubal,Guimaraes,0.0,2.0,A,,,,,,,,,,
29/04/2017,Benfica,Estoril,2.0,1.0,H,,,,,,,,,,
29/04/2017,Boavista,Tondela,1.0,0.0,H,,,,,,,,,,
29/04/2017,Chaves,Porto,0.0,2.0,A,,,,,,,,,,
29/04/2017,Nacional,Rio Ave,0.0,2.0,A,,,,,,,,,,
30/04/2017,Arouca,Moreirense,2.0,2.0,D,,,,,,,,,,
30/04/2017,Belenenses,Pacos Ferreira,1.0,2.0,A,,,,,,,,,,
30/04/2017,Feirense,Maritimo,2.0,1.0,H,,,,,,,,,,
30/04/2017,Sp Braga,Sp Lisbon,2.0,3.0,A,,,,,,,,,,
05/05/2017,Moreirense,Sp Braga,2.0,1.0,H,,,,,,,,,,
06/05/2017,Boavista,Nacional,2.0,2.0,D,,,,,,,,,,
06/05/2017,Maritimo,Porto,1.0,1.0,D,,,,,,,,,,
06/05/2017,Pacos Ferreira,Feirense,0.0,1.0,A,,,,,,,,,,
07/05/2017,Guimaraes,Arouca,1.0,0.0,H,,,,,,,,,,
07/05/2017,Rio Ave,Benfica,0.0,1.0,A,,,,,,,,,,
07/05/2017,Sp Lisbon,Belenenses,1.0,3.0,A,,,,,,,,,,
07/05/2017,Tondela,Setubal,2.0,1.0,H,,,,,,,,,,
08/05/2017,Estoril,Chaves,2.0,1.0,H,,,,,,,,,,
12/05/2017,Belenenses,Moreirense,1.0,1.0,D,,,,,,,,,,
13/05/2017,Arouca,Tondela,1.0,2.0,A,,,,,,,,,,
13/05/2017,Benfica,Guimaraes,5.0,0.0,H,,,,,,,,,,
13/05/2017,Feirense,Sp Lisbon,2.0,1.0,H,,,,,,,,,,
14/05/2017,Chaves,Rio Ave,2.0,2.0,D,,,,,,,,,,
14/05/2017,Maritimo,Estoril,1.0,1.0,D,,,,,,,,,,
14/05/2017,Porto,Pacos Ferreira,4.0,1.0,H,,,,,,,,,,
14/05/2017,Sp Braga,Nacional,4.0,0.0,H,,,,,,,,,,
15/05/2017,Setubal,Boavista,0.0,1.0,A,,,,,,,,,,
20/05/2017,Boavista,Benfica,2.0,2.0,D,,,,,,,,,,
20/05/2017,Guimaraes,Feirense,0.0,1.0,A,,,,,,,,,,
20/05/2017,Nacional,Setubal,1.0,2.0,A,,,,,,,,,,
20/05/2017,Pacos Ferreira,Maritimo,0.0,0.0,D,,,,,,,,,,
20/05/2017,Rio Ave,Belenenses,2.0,0.0,H,,,,,,,,,,
21/05/2017,Estoril,Arouca,4.0,2.0,H,,,,,,,,,,
21/05/2017,Moreirense,Porto,3.0,1.0,H,,,,,,,,,,
21/05/2017,Sp Lisbon,Chaves,4.0,1.0,H,,,,,,,,,,
21/05/2017,Tondela,Sp Braga,2.0,0.0,H,,,,,,,,,,
06/08/2017,Aves,Sp Lisbon,0.0,2.0,A,6.0,3.0,1.0,0.0,2.0,9.0,15.0,16.0,12.0,12.0
06/08/2017,Setubal,Moreirense,1.0,1.0,D,4.0,8.0,1.0,3.0,2.0,4.0,18.0,22.0,6.0,12.0
07/08/2017,Feirense,Tondela,1.0,1.0,D,5.0,3.0,4.0,1.0,5.0,6.0,19.0,25.0,12.0,13.0
07/08/2017,Portimonense,Boavista,2.0,1.0,H,9.0,4.0,1.0,1.0,4.0,2.0,14.0,10.0,12.0,5.0
07/08/2017,Rio Ave,Belenenses,1.0,0.0,H,4.0,8.0,2.0,2.0,5.0,3.0,17.0,23.0,11.0,10.0
08/08/2017,Maritimo,Pacos Ferreira,1.0,0.0,H,0.0,7.0,2.0,2.0,3.0,1.0,13.0,14.0,7.0,4.0
09/08/2017,Benfica,Sp Braga,3.0,1.0,H,6.0,2.0,2.0,3.0,9.0,1.0,13.0,18.0,15.0,6.0
09/08/2017,Porto,Estoril,4.0,0.0,H,10.0,5.0,1.0,1.0,8.0,4.0,18.0,12.0,17.0,10.0
10/08/2017,Guimaraes,Chaves,3.0,2.0,H,9.0,7.0,1.0,4.0,8.0,3.0,21.0,13.0,16.0,15.0
11/08/2017,Sp Lisbon,Setubal,1.0,0.0,H,7.0,1.0,1.0,2.0,5.0,1.0,16.0,24.0,12.0,3.0
12/08/2017,Belenenses,Maritimo,1.0,0.0,H,9.0,4.0,3.0,1.0,4.0,5.0,20.0,18.0,10.0,7.0
12/08/2017,Boavista,Rio Ave,1.0,2.0,A,2.0,3.0,3.0,3.0,2.0,2.0,17.0,17.0,5.0,7.0
12/08/2017,Moreirense,Feirense,0.0,0.0,D,8.0,4.0,1.0,2.0,0.0,4.0,18.0,23.0,11.0,6.0
13/08/2017,Pacos Ferreira,Aves,2.0,2.0,D,2.0,3.0,1.0,3.0,5.0,3.0,17.0,20.0,16.0,7.0
13/08/2017,Sp Braga,Portimonense,2.0,1.0,H,5.0,7.0,3.0,3.0,4.0,1.0,14.0,21.0,8.0,8.0
13/08/2017,Tondela,Porto,0.0,1.0,A,2.0,6.0,3.0,2.0,2.0,6.0,22.0,10.0,5.0,15.0
14/08/2017,Chaves,Benfica,0.0,1.0,A,5.0,13.0,1.0,2.0,4.0,9.0,12.0,15.0,9.0,21.0
14/08/2017,Estoril,Guimaraes,3.0,0.0,H,4.0,7.0,2.0,3.0,5.0,1.0,16.0,13.0,18.0,11.0
18/08/2017,Rio Ave,Portimonense,2.0,0.0,H,4.0,6.0,0.0,0.0,7.0,4.0,15.0,11.0,11.0,11.0
19/08/2017,Benfica,Belenenses,5.0,0.0,H,6.0,2.0,0.0,1.0,14.0,4.0,22.0,11.0,20.0,7.0
19/08/2017,Guimaraes,Sp Lisbon,0.0,5.0,A,5.0,3.0,3.0,2.0,3.0,10.0,18.0,20.0,8.0,13.0
19/08/2017,Tondela,Estoril,2.0,3.0,A,6.0,1.0,3.0,2.0,7.0,4.0,23.0,18.0,14.0,8.0
20/08/2017,Aves,Sp Braga,0.0,2.0,A,4.0,8.0,1.0,0.0,4.0,9.0,14.0,10.0,9.0,18.0
20/08/2017,Maritimo,Boavista,1.0,0.0,H,2.0,6.0,0.0,1.0,2.0,1.0,20.0,10.0,10.0,9.0
20/08/2017,Porto,Moreirense,3.0,0.0,H,13.0,3.0,0.0,2.0,11.0,2.0,12.0,9.0,27.0,6.0
20/08/2017,Setubal,Chaves,1.0,1.0,D,8.0,1.0,1.0,4.0,9.0,2.0,16.0,16.0,19.0,5.0
21/08/2017,Feirense,Pacos Ferreira,2.0,1.0,H,5.0,5.0,2.0,2.0,7.0,3.0,20.0,18.0,12.0,12.0
25/08/2017,Belenenses,Setubal,1.0,1.0,D,6.0,6.0,3.0,2.0,5.0,4.0,24.0,16.0,12.0,12.0
26/08/2017,Chaves,Feirense,0.0,2.0,A,13.0,3.0,1.0,4.0,5.0,5.0,12.0,14.0,17.0,7.0
26/08/2017,Moreirense,Tondela,0.0,3.0,A,8.0,5.0,3.0,1.0,3.0,6.0,11.0,21.0,11.0,12.0
26/08/2017,Pacos Ferreira,Guimaraes,0.0,0.0,D,4.0,7.0,3.0,4.0,4.0,2.0,14.0,20.0,7.0,14.0
26/08/2017,Rio Ave,Benfica,1.0,1.0,D,4.0,5.0,4.0,2.0,3.0,4.0,16.0,26.0,9.0,10.0
27/08/2017,Boavista,Aves,1.0,0.0,H,2.0,2.0,2.0,1.0,3.0,4.0,26.0,12.0,12.0,14.0
27/08/2017,Sp Braga,Porto,0.0,1.0,A,5.0,7.0,3.0,4.0,0.0,7.0,21.0,10.0,14.0,21.0
27/08/2017,Sp Lisbon,Estoril,2.0,1.0,H,7.0,3.0,4.0,5.0,4.0,3.0,18.0,24.0,13.0,8.0
28/08/2017,Portimonense,Maritimo,1.0,2.0,A,4.0,5.0,1.0,3.0,3.0,3.0,11.0,15.0,13.0,7.0
08/09/2017,Benfica,Portimonense,2.0,1.0,H,5.0,3.0,0.0,4.0,8.0,2.0,11.0,16.0,15.0,5.0
08/09/2017,Feirense,Sp Lisbon,2.0,3.0,A,5.0,10.0,3.0,1.0,7.0,10.0,13.0,16.0,10.0,13.0
09/09/2017,Maritimo,Rio Ave,1.0,0.0,H,8.0,3.0,0.0,3.0,4.0,1.0,16.0,21.0,9.0,4.0
09/09/2017,Porto,Chaves,3.0,0.0,H,8.0,2.0,1.0,3.0,7.0,3.0,16.0,14.0,14.0,8.0
09/09/2017,Tondela,Pacos Ferreira,2.0,2.0,D,10.0,4.0,1.0,4.0,8.0,7.0,0.0,0.0,12.0,10.0
10/09/2017,Estoril,Moreirense,0.0,2.0,A,7.0,4.0,2.0,3.0,8.0,4.0,0.0,0.0,13.0,6.0
10/09/2017,Guimaraes,Boavista,1.0,0.0,H,10.0,5.0,1.0,1.0,4.0,5.0,0.0,0.0,7.0,5.0
10/09/2017,Setubal,Sp Braga,2.0,0.0,H,2.0,8.0,3.0,3.0,3.0,4.0,0.0,0.0,5.0,9.0
11/09/2017,Aves,Belenenses,2.0,1.0,H,4.0,3.0,2.0,3.0,4.0,4.0,17.0,18.0,13.0,7.0
15/09/2017,Pacos Ferreira,Setubal,1.0,0.0,H,5.0,4.0,4.0,3.0,3.0,4.0,17.0,12.0,5.0,9.0
16/09/2017,Boavista,Benfica,2.0,1.0,H,3.0,11.0,2.0,1.0,4.0,9.0,15.0,19.0,6.0,13.0
16/09/2017,Maritimo,Aves,2.0,1.0,H,3.0,7.0,3.0,2.0,5.0,6.0,18.0,12.0,7.0,11.0
16/09/2017,Sp Lisbon,Tondela,2.0,0.0,H,3.0,4.0,2.0,3.0,4.0,0.0,14.0,20.0,8.0,1.0
17/09/2017,Belenenses,Estoril,2.0,1.0,H,6.0,4.0,4.0,3.0,7.0,7.0,18.0,18.0,12.0,14.0
17/09/2017,Rio Ave,Porto,1.0,2.0,A,2.0,4.0,5.0,4.0,2.0,5.0,10.0,24.0,5.0,8.0
17/09/2017,Sp Braga,Guimaraes,2.0,1.0,H,1.0,1.0,3.0,3.0,3.0,2.0,24.0,18.0,8.0,5.0
18/09/2017,Chaves,Moreirense,3.0,0.0,H,3.0,2.0,0.0,2.0,4.0,4.0,15.0,15.0,9.0,9.0
18/09/2017,Portimonense,Feirense,2.0,1.0,H,7.0,4.0,2.0,3.0,7.0,1.0,18.0,13.0,12.0,5.0
22/09/2017,Porto,Portimonense,5.0,2.0,H,5.0,4.0,2.0,2.0,9.0,6.0,13.0,9.0,16.0,9.0
23/09/2017,Benfica,Pacos Ferreira,2.0,0.0,H,11.0,2.0,3.0,2.0,9.0,2.0,12.0,11.0,17.0,3.0
23/09/2017,Estoril,Chaves,0.0,2.0,A,10.0,6.0,2.0,0.0,1.0,5.0,15.0,13.0,7.0,10.0
23/09/2017,Moreirense,Sp Lisbon,1.0,1.0,D,3.0,8.0,3.0,4.0,6.0,1.0,25.0,15.0,11.0,5.0
24/09/2017,Aves,Rio Ave,0.0,0.0,D,2.0,3.0,3.0,2.0,6.0,1.0,17.0,10.0,10.0,9.0
24/09/2017,Feirense,Belenenses,1.0,4.0,A,8.0,1.0,1.0,3.0,3.0,7.0,17.0,15.0,7.0,14.0
24/09/2017,Guimaraes,Maritimo,2.0,1.0,H,10.0,4.0,2.0,2.0,5.0,2.0,17.0,19.0,12.0,5.0
24/09/2017,Tondela,Sp Braga,1.0,2.0,A,3.0,6.0,2.0,3.0,2.0,3.0,14.0,21.0,6.0,11.0
25/09/2017,Setubal,Boavista,1.0,1.0,D,4.0,6.0,0.0,1.0,4.0,4.0,11.0,20.0,7.0,9.0
29/09/2017,Chaves,Tondela,1.0,1.0,D,10.0,3.0,2.0,2.0,7.0,1.0,11.0,16.0,15.0,5.0
30/09/2017,Boavista,Feirense,1.0,0.0,H,6.0,8.0,3.0,4.0,2.0,3.0,15.0,15.0,9.0,5.0
30/09/2017,Pacos Ferreira,Moreirense,3.0,2.0,H,2.0,6.0,4.0,1.0,5.0,8.0,20.0,19.0,6.0,13.0
30/09/2017,Portimonense,Aves,2.0,2.0,D,11.0,1.0,3.0,2.0,5.0,2.0,15.0,7.0,15.0,8.0
30/09/2017,Rio Ave,Setubal,2.0,1.0,H,3.0,4.0,3.0,2.0,6.0,1.0,12.0,20.0,9.0,5.0
01/10/2017,Belenenses,Guimaraes,1.0,0.0,H,1.0,11.0,4.0,1.0,2.0,2.0,15.0,15.0,4.0,8.0
01/10/2017,Maritimo,Benfica,1.0,1.0,D,4.0,8.0,2.0,1.0,6.0,5.0,12.0,17.0,10.0,11.0
01/10/2017,Sp Braga,Estoril,6.0,0.0,H,4.0,5.0,0.0,2.0,9.0,3.0,21.0,17.0,12.0,10.0
01/10/2017,Sp Lisbon,Porto,0.0,0.0,D,10.0,2.0,2.0,3.0,1.0,6.0,13.0,17.0,3.0,9.0
20/10/2017,Estoril,Boavista,0.0,3.0,A,11.0,2.0,2.0,4.0,4.0,6.0,15.0,13.0,11.0,9.0
21/10/2017,Feirense,Rio Ave,1.0,0.0,H,5.0,5.0,5.0,5.0,2.0,3.0,18.0,12.0,6.0,6.0
21/10/2017,Porto,Pacos Ferreira,6.0,1.0,H,6.0,2.0,2.0,4.0,12.0,3.0,12.0,20.0,17.0,6.0
21/10/2017,Setubal,Maritimo,3.0,1.0,H,6.0,2.0,0.0,2.0,6.0,3.0,18.0,21.0,14.0,4.0
22/10/2017,Aves,Benfica,1.0,3.0,A,5.0,10.0,1.0,3.0,3.0,12.0,7.0,18.0,8.0,17.0
22/10/2017,Sp Lisbon,Chaves,5.0,1.0,H,4.0,4.0,1.0,1.0,5.0,2.0,15.0,11.0,8.0,7.0
22/10/2017,Tondela,Belenenses,2.0,0.0,H,2.0,1.0,4.0,4.0,5.0,2.0,19.0,23.0,16.0,8.0
23/10/2017,Guimaraes,Portimonense,3.0,3.0,D,8.0,3.0,1.0,2.0,8.0,6.0,16.0,18.0,14.0,8.0
23/10/2017,Moreirense,Sp Braga,0.0,1.0,A,4.0,7.0,3.0,2.0,1.0,6.0,21.0,22.0,1.0,13.0
27/10/2017,Benfica,Feirense,1.0,0.0,H,7.0,6.0,0.0,3.0,5.0,4.0,20.0,16.0,11.0,6.0
27/10/2017,Rio Ave,Sp Lisbon,0.0,1.0,A,8.0,3.0,0.0,2.0,5.0,1.0,12.0,12.0,19.0,5.0
28/10/2017,Belenenses,Moreirense,3.0,0.0,H,3.0,6.0,3.0,1.0,4.0,2.0,19.0,12.0,7.0,9.0
28/10/2017,Boavista,Porto,0.0,3.0,A,7.0,5.0,6.0,5.0,1.0,6.0,18.0,19.0,6.0,12.0
28/10/2017,Maritimo,Tondela,2.0,0.0,H,3.0,2.0,4.0,3.0,4.0,3.0,18.0,21.0,7.0,9.0
29/10/2017,Aves,Guimaraes,1.0,3.0,A,6.0,1.0,1.0,2.0,4.0,5.0,18.0,12.0,12.0,9.0
29/10/2017,Pacos Ferreira,Estoril,1.0,0.0,H,6.0,7.0,5.0,1.0,1.0,1.0,25.0,13.0,5.0,6.0
29/10/2017,Sp Braga,Chaves,1.0,0.0,H,12.0,5.0,3.0,1.0,5.0,2.0,20.0,12.0,8.0,6.0
30/10/2017,Portimonense,Setubal,5.0,2.0,H,4.0,2.0,3.0,3.0,11.0,4.0,23.0,9.0,13.0,7.0
03/11/2017,Setubal,Aves,0.0,1.0,A,2.0,7.0,3.0,4.0,4.0,5.0,12.0,23.0,7.0,6.0
04/11/2017,Estoril,Rio Ave,0.0,2.0,A,2.0,5.0,3.0,2.0,3.0,8.0,22.0,22.0,8.0,12.0
04/11/2017,Moreirense,Portimonense,1.0,1.0,D,3.0,4.0,2.0,1.0,5.0,4.0,18.0,9.0,7.0,12.0
04/11/2017,Porto,Belenenses,2.0,0.0,H,8.0,3.0,0.0,1.0,9.0,3.0,12.0,10.0,17.0,6.0
04/11/2017,Tondela,Boavista,3.0,2.0,H,3.0,9.0,1.0,2.0,6.0,4.0,14.0,18.0,15.0,11.0
05/11/2017,Chaves,Pacos Ferreira,4.0,2.0,H,7.0,4.0,3.0,2.0,7.0,6.0,10.0,19.0,12.0,12.0
05/11/2017,Feirense,Maritimo,0.0,1.0,A,9.0,4.0,3.0,6.0,1.0,4.0,15.0,17.0,8.0,6.0
05/11/2017,Guimaraes,Benfica,1.0,3.0,A,7.0,5.0,0.0,4.0,1.0,5.0,19.0,22.0,6.0,9.0
05/11/2017,Sp Lisbon,Sp Braga,2.0,2.0,D,5.0,9.0,1.0,3.0,6.0,4.0,15.0,22.0,11.0,8.0
24/11/2017,Belenenses,Chaves,0.0,1.0,A,10.0,4.0,4.0,2.0,4.0,1.0,17.0,27.0,8.0,8.0
25/11/2017,Aves,Porto,1.0,1.0,D,2.0,4.0,4.0,3.0,3.0,1.0,17.0,15.0,11.0,8.0
25/11/2017,Boavista,Moreirense,1.0,0.0,H,3.0,6.0,2.0,3.0,3.0,1.0,14.0,21.0,10.0,6.0
25/11/2017,Portimonense,Tondela,2.0,0.0,H,5.0,5.0,1.0,0.0,7.0,3.0,16.0,22.0,13.0,8.0
26/11/2017,Benfica,Setubal,6.0,0.0,H,12.0,2.0,2.0,2.0,12.0,2.0,20.0,15.0,17.0,3.0
26/11/2017,Maritimo,Estoril,0.0,0.0,D,2.0,6.0,1.0,2.0,1.0,4.0,13.0,18.0,2.0,13.0
26/11/2017,Pacos Ferreira,Sp Lisbon,1.0,2.0,A,10.0,5.0,5.0,5.0,5.0,5.0,14.0,16.0,12.0,7.0
27/11/2017,Rio Ave,Guimaraes,0.0,1.0,A,12.0,5.0,0.0,4.0,4.0,2.0,16.0,21.0,11.0,6.0
27/11/2017,Sp Braga,Feirense,3.0,1.0,H,6.0,3.0,0.0,2.0,7.0,4.0,16.0,20.0,10.0,8.0
01/12/2017,Porto,Benfica,0.0,0.0,D,7.0,5.0,1.0,3.0,5.0,1.0,5.0,15.0,9.0,3.0
01/12/2017,Sp Lisbon,Belenenses,1.0,0.0,H,5.0,3.0,1.0,3.0,4.0,3.0,15.0,16.0,8.0,8.0
02/12/2017,Chaves,Boavista,0.0,0.0,D,6.0,1.0,1.0,5.0,3.0,5.0,13.0,18.0,9.0,7.0
02/12/2017,Moreirense,Maritimo,1.0,1.0,D,8.0,3.0,3.0,1.0,5.0,2.0,15.0,15.0,11.0,2.0
02/12/2017,Tondela,Rio Ave,1.0,3.0,A,4.0,2.0,2.0,2.0,2.0,3.0,14.0,3.0,4.0,7.0
03/12/2017,Feirense,Aves,0.0,1.0,A,4.0,9.0,3.0,2.0,3.0,8.0,18.0,14.0,6.0,15.0
03/12/2017,Setubal,Guimaraes,1.0,2.0,A,7.0,3.0,2.0,5.0,4.0,2.0,17.0,25.0,13.0,6.0
03/12/2017,Sp Braga,Pacos Ferreira,3.0,0.0,H,8.0,4.0,2.0,3.0,6.0,1.0,15.0,20.0,11.0,2.0
04/12/2017,Estoril,Portimonense,0.0,0.0,D,7.0,4.0,1.0,4.0,6.0,2.0,8.0,17.0,14.0,7.0
08/12/2017,Rio Ave,Moreirense,2.0,1.0,H,3.0,1.0,3.0,4.0,6.0,2.0,8.0,23.0,11.0,4.0
09/12/2017,Aves,Tondela,0.0,1.0,A,1.0,4.0,3.0,2.0,8.0,4.0,16.0,18.0,16.0,10.0
09/12/2017,Benfica,Estoril,3.0,1.0,H,5.0,9.0,3.0,2.0,3.0,5.0,17.0,12.0,7.0,7.0
09/12/2017,Boavista,Sp Lisbon,1.0,3.0,A,2.0,5.0,1.0,2.0,2.0,6.0,18.0,16.0,4.0,9.0
10/12/2017,Belenenses,Pacos Ferreira,1.0,1.0,D,10.0,3.0,1.0,5.0,4.0,3.0,11.0,17.0,11.0,6.0
10/12/2017,Portimonense,Chaves,0.0,1.0,A,8.0,7.0,3.0,3.0,7.0,1.0,18.0,18.0,14.0,3.0
10/12/2017,Setubal,Porto,0.0,5.0,A,2.0,7.0,2.0,2.0,1.0,9.0,16.0,21.0,4.0,14.0
11/12/2017,Guimaraes,Feirense,1.0,0.0,H,8.0,2.0,3.0,4.0,3.0,0.0,22.0,24.0,9.0,2.0
11/12/2017,Maritimo,Sp Braga,1.0,0.0,H,2.0,4.0,2.0,3.0,2.0,2.0,31.0,22.0,5.0,7.0
15/12/2017,Pacos Ferreira,Boavista,1.0,2.0,A,4.0,4.0,3.0,1.0,6.0,4.0,23.0,9.0,11.0,5.0
16/12/2017,Estoril,Aves,3.0,2.0,H,5.0,3.0,3.0,1.0,11.0,4.0,17.0,14.0,17.0,6.0
16/12/2017,Sp Braga,Belenenses,4.0,0.0,H,1.0,3.0,0.0,0.0,6.0,2.0,18.0,17.0,12.0,3.0
17/12/2017,Chaves,Rio Ave,1.0,1.0,D,9.0,4.0,3.0,4.0,7.0,5.0,25.0,18.0,10.0,9.0
17/12/2017,Feirense,Setubal,1.0,0.0,H,4.0,2.0,4.0,2.0,1.0,2.0,29.0,18.0,3.0,4.0
17/12/2017,Sp Lisbon,Portimonense,2.0,0.0,H,3.0,2.0,1.0,3.0,6.0,1.0,10.0,11.0,11.0,6.0
17/12/2017,Tondela,Benfica,1.0,5.0,A,2.0,6.0,2.0,2.0,1.0,7.0,7.0,10.0,2.0,8.0
18/12/2017,Moreirense,Guimaraes,2.0,1.0,H,5.0,8.0,3.0,3.0,5.0,4.0,20.0,16.0,8.0,10.0
18/12/2017,Porto,Maritimo,3.0,1.0,H,9.0,1.0,1.0,3.0,5.0,2.0,13.0,11.0,15.0,4.0
23/12/2017,Guimaraes,Tondela,0.0,1.0,A,9.0,4.0,3.0,2.0,6.0,3.0,13.0,24.0,14.0,8.0
03/01/2018,Aves,Moreirense,1.0,2.0,A,6.0,5.0,3.0,3.0,7.0,3.0,20.0,16.0,17.0,8.0
03/01/2018,Benfica,Sp Lisbon,1.0,1.0,D,10.0,5.0,1.0,3.0,3.0,3.0,14.0,16.0,14.0,5.0
03/01/2018,Boavista,Sp Braga,1.0,3.0,A,6.0,2.0,5.0,6.0,5.0,4.0,19.0,15.0,6.0,5.0
03/01/2018,Feirense,Porto,1.0,2.0,A,2.0,10.0,4.0,5.0,2.0,5.0,19.0,18.0,2.0,10.0
03/01/2018,Maritimo,Chaves,1.0,2.0,A,6.0,3.0,4.0,2.0,7.0,5.0,14.0,14.0,13.0,10.0
03/01/2018,Rio Ave,Pacos Ferreira,4.0,2.0,H,5.0,3.0,0.0,1.0,8.0,5.0,12.0,21.0,15.0,8.0
04/01/2018,Portimonense,Belenenses,0.0,0.0,D,3.0,3.0,1.0,1.0,3.0,3.0,16.0,14.0,12.0,7.0
04/01/2018,Setubal,Estoril,2.0,2.0,D,8.0,4.0,2.0,2.0,3.0,3.0,25.0,20.0,5.0,8.0
06/01/2018,Sp Braga,Rio Ave,2.0,1.0,H,5.0,5.0,4.0,2.0,4.0,5.0,22.0,16.0,12.0,12.0
07/01/2018,Chaves,Aves,1.0,1.0,D,9.0,0.0,1.0,3.0,5.0,5.0,14.0,17.0,9.0,8.0
07/01/2018,Moreirense,Benfica,0.0,2.0,A,2.0,10.0,1.0,0.0,2.0,11.0,17.0,7.0,5.0,13.0
07/01/2018,Porto,Guimaraes,4.0,2.0,H,5.0,3.0,0.0,3.0,8.0,2.0,13.0,16.0,14.0,4.0
07/01/2018,Sp Lisbon,Maritimo,5.0,0.0,H,7.0,5.0,0.0,1.0,6.0,2.0,13.0,15.0,13.0,6.0
08/01/2018,Estoril,Feirense,0.0,2.0,A,5.0,4.0,2.0,4.0,1.0,2.0,19.0,24.0,6.0,2.0
08/01/2018,Pacos Ferreira,Portimonense,1.0,1.0,D,10.0,3.0,2.0,5.0,5.0,5.0,16.0,13.0,11.0,7.0
09/01/2018,Belenenses,Boavista,1.0,1.0,D,5.0,4.0,1.0,3.0,4.0,4.0,16.0,13.0,7.0,6.0
09/01/2018,Tondela,Setubal,1.0,1.0,D,4.0,7.0,1.0,2.0,2.0,2.0,17.0,16.0,11.0,5.0
12/01/2018,Chaves,Guimaraes,4.0,3.0,H,5.0,2.0,1.0,3.0,8.0,7.0,9.0,11.0,19.0,10.0
13/01/2018,Pacos Ferreira,Maritimo,0.0,0.0,D,8.0,1.0,1.0,2.0,1.0,2.0,13.0,9.0,9.0,3.0
13/01/2018,Sp Braga,Benfica,1.0,3.0,A,4.0,2.0,2.0,3.0,5.0,7.0,14.0,13.0,9.0,10.0
14/01/2018,Belenenses,Rio Ave,1.0,2.0,A,3.0,5.0,6.0,4.0,6.0,4.0,22.0,15.0,8.0,6.0
14/01/2018,Boavista,Portimonense,2.0,0.0,H,4.0,6.0,4.0,2.0,6.0,5.0,21.0,14.0,11.0,10.0
14/01/2018,Sp Lisbon,Aves,3.0,0.0,H,4.0,7.0,0.0,0.0,5.0,3.0,14.0,15.0,11.0,6.0
14/01/2018,Tondela,Feirense,3.0,1.0,H,4.0,9.0,5.0,4.0,6.0,4.0,19.0,13.0,11.0,8.0
15/01/2018,Moreirense,Setubal,2.0,2.0,D,7.0,2.0,2.0,6.0,6.0,3.0,24.0,27.0,9.0,5.0
19/01/2018,Porto,Tondela,1.0,0.0,H,12.0,7.0,0.0,1.0,10.0,0.0,13.0,14.0,17.0,2.0
19/01/2018,Setubal,Sp Lisbon,1.0,1.0,D,0.0,8.0,4.0,3.0,1.0,2.0,16.0,17.0,3.0,10.0
20/01/2018,Benfica,Chaves,3.0,0.0,H,8.0,2.0,0.0,0.0,8.0,1.0,14.0,10.0,11.0,6.0
20/01/2018,Maritimo,Belenenses,0.0,0.0,D,2.0,4.0,1.0,5.0,1.0,3.0,23.0,20.0,3.0,10.0
20/01/2018,Portimonense,Sp Braga,1.0,2.0,A,6.0,2.0,1.0,4.0,4.0,2.0,22.0,18.0,11.0,4.0
21/01/2018,Aves,Pacos Ferreira,0.0,2.0,A,12.0,7.0,3.0,5.0,4.0,5.0,17.0,26.0,10.0,8.0
21/01/2018,Feirense,Moreirense,1.0,0.0,H,2.0,6.0,3.0,4.0,1.0,4.0,16.0,19.0,1.0,9.0
21/01/2018,Guimaraes,Estoril,3.0,1.0,H,10.0,3.0,4.0,2.0,7.0,5.0,21.0,14.0,13.0,13.0
21/01/2018,Rio Ave,Boavista,2.0,0.0,H,3.0,7.0,2.0,3.0,9.0,3.0,14.0,16.0,12.0,7.0
29/01/2018,Belenenses,Benfica,1.0,1.0,D,7.0,6.0,3.0,1.0,2.0,2.0,15.0,12.0,5.0,6.0
29/01/2018,Pacos Ferreira,Feirense,2.0,1.0,H,6.0,6.0,0.0,2.0,3.0,5.0,18.0,20.0,8.0,6.0
29/01/2018,Portimonense,Rio Ave,4.0,1.0,H,1.0,3.0,3.0,4.0,7.0,1.0,25.0,10.0,10.0,5.0
30/01/2018,Estoril,Tondela,3.0,0.0,H,1.0,4.0,0.0,0.0,4.0,2.0,18.0,18.0,10.0,6.0
30/01/2018,Moreirense,Porto,0.0,0.0,D,2.0,4.0,4.0,1.0,0.0,2.0,20.0,11.0,1.0,12.0
30/01/2018,Sp Braga,Aves,2.0,0.0,H,4.0,6.0,0.0,1.0,8.0,2.0,21.0,18.0,15.0,6.0
31/01/2018,Boavista,Maritimo,2.0,1.0,H,2.0,3.0,1.0,2.0,8.0,2.0,13.0,21.0,12.0,6.0
31/01/2018,Chaves,Setubal,2.0,2.0,D,4.0,8.0,1.0,2.0,5.0,5.0,14.0,22.0,7.0,8.0
31/01/2018,Sp Lisbon,Guimaraes,1.0,0.0,H,9.0,3.0,0.0,2.0,5.0,4.0,7.0,17.0,12.0,7.0
03/02/2018,Benfica,Rio Ave,5.0,1.0,H,10.0,3.0,1.0,2.0,8.0,1.0,13.0,12.0,13.0,2.0
03/02/2018,Porto,Sp Braga,3.0,1.0,H,7.0,3.0,1.0,2.0,6.0,3.0,23.0,13.0,11.0,7.0
04/02/2018,Estoril,Sp Lisbon,2.0,0.0,H,10.0,16.0,0.0,3.0,6.0,7.0,18.0,11.0,13.0,11.0
04/02/2018,Feirense,Chaves,1.0,2.0,A,8.0,5.0,2.0,0.0,1.0,5.0,22.0,11.0,6.0,8.0
04/02/2018,Guimaraes,Pacos Ferreira,3.0,2.0,H,6.0,4.0,2.0,2.0,4.0,1.0,14.0,16.0,8.0,5.0
04/02/2018,Tondela,Moreirense,1.0,2.0,A,7.0,4.0,1.0,1.0,6.0,5.0,13.0,17.0,12.0,7.0
05/02/2018,Maritimo,Portimonense,0.0,3.0,A,7.0,1.0,4.0,1.0,2.0,3.0,18.0,18.0,9.0,8.0
05/02/2018,Setubal,Belenenses,3.0,0.0,H,3.0,7.0,0.0,3.0,4.0,2.0,18.0,12.0,11.0,4.0
06/02/2018,Aves,Boavista,3.0,0.0,H,5.0,5.0,4.0,5.0,7.0,1.0,21.0,13.0,14.0,3.0
09/02/2018,Pacos Ferreira,Tondela,0.0,2.0,A,2.0,7.0,4.0,2.0,2.0,3.0,15.0,16.0,7.0,6.0
10/02/2018,Portimonense,Benfica,1.0,3.0,A,5.0,4.0,3.0,2.0,2.0,7.0,16.0,19.0,6.0,11.0
10/02/2018,Rio Ave,Maritimo,3.0,0.0,H,4.0,2.0,1.0,6.0,5.0,2.0,10.0,18.0,7.0,4.0
10/02/2018,Sp Braga,Setubal,3.0,1.0,H,7.0,2.0,2.0,4.0,6.0,3.0,19.0,16.0,10.0,3.0
11/02/2018,Belenenses,Aves,2.0,5.0,A,4.0,5.0,0.0,3.0,3.0,4.0,7.0,16.0,9.0,6.0
11/02/2018,Boavista,Guimaraes,1.0,0.0,H,4.0,4.0,2.0,3.0,4.0,2.0,14.0,19.0,11.0,5.0
11/02/2018,Chaves,Porto,0.0,4.0,A,1.0,3.0,2.0,4.0,2.0,6.0,7.0,20.0,5.0,12.0
11/02/2018,Sp Lisbon,Feirense,2.0,0.0,H,15.0,5.0,4.0,7.0,10.0,1.0,11.0,22.0,17.0,5.0
12/02/2018,Moreirense,Estoril,1.0,2.0,A,1.0,3.0,3.0,2.0,2.0,4.0,20.0,4.0,7.0,7.0
16/02/2018,Feirense,Portimonense,1.0,3.0,A,6.0,3.0,4.0,3.0,4.0,7.0,19.0,22.0,10.0,10.0
17/02/2018,Aves,Maritimo,0.0,0.0,D,6.0,5.0,2.0,4.0,3.0,1.0,13.0,20.0,7.0,4.0
17/02/2018,Benfica,Boavista,4.0,0.0,H,9.0,6.0,2.0,0.0,11.0,1.0,11.0,10.0,15.0,4.0
17/02/2018,Estoril,Belenenses,0.0,2.0,A,6.0,4.0,1.0,0.0,3.0,4.0,11.0,12.0,10.0,8.0
18/02/2018,Guimaraes,Sp Braga,0.0,5.0,A,8.0,6.0,1.0,0.0,0.0,7.0,7.0,13.0,5.0,13.0
18/02/2018,Moreirense,Chaves,0.0,1.0,A,8.0,0.0,3.0,3.0,1.0,2.0,19.0,14.0,6.0,2.0
18/02/2018,Porto,Rio Ave,5.0,0.0,H,9.0,4.0,2.0,2.0,7.0,4.0,25.0,12.0,12.0,5.0
18/02/2018,Setubal,Pacos Ferreira,1.0,0.0,H,2.0,3.0,2.0,3.0,2.0,2.0,20.0,25.0,8.0,11.0
19/02/2018,Tondela,Sp Lisbon,1.0,2.0,A,5.0,9.0,5.0,3.0,3.0,6.0,23.0,12.0,7.0,16.0
21/02/2018,Estoril,Porto,1.0,3.0,A,3.0,7.0,3.0,3.0,3.0,13.0,27.0,19.0,11.0,24.0
23/02/2018,Rio Ave,Aves,0.0,0.0,D,8.0,2.0,1.0,4.0,6.0,4.0,9.0,17.0,13.0,8.0
24/02/2018,Belenenses,Feirense,1.0,0.0,H,9.0,2.0,1.0,1.0,4.0,1.0,23.0,13.0,7.0,3.0
24/02/2018,Maritimo,Guimaraes,3.0,2.0,H,6.0,1.0,1.0,3.0,4.0,2.0,20.0,13.0,7.0,4.0
24/02/2018,Pacos Ferreira,Benfica,1.0,3.0,A,2.0,12.0,2.0,2.0,3.0,7.0,16.0,14.0,7.0,11.0
25/02/2018,Boavista,Setubal,4.0,0.0,H,5.0,5.0,2.0,3.0,5.0,2.0,24.0,16.0,9.0,8.0
25/02/2018,Chaves,Estoril,2.0,0.0,H,7.0,10.0,2.0,3.0,4.0,3.0,12.0,13.0,6.0,12.0
25/02/2018,Portimonense,Porto,1.0,5.0,A,1.0,4.0,1.0,0.0,5.0,6.0,23.0,19.0,9.0,7.0
26/02/2018,Sp Braga,Tondela,1.0,0.0,H,9.0,4.0,3.0,2.0,11.0,2.0,12.0,12.0,16.0,6.0
26/02/2018,Sp Lisbon,Moreirense,1.0,0.0,H,4.0,5.0,5.0,4.0,7.0,3.0,15.0,17.0,13.0,8.0
02/03/2018,Porto,Sp Lisbon,2.0,1.0,H,7.0,9.0,2.0,2.0,3.0,5.0,23.0,10.0,8.0,11.0
03/03/2018,Benfica,Maritimo,5.0,0.0,H,6.0,2.0,1.0,3.0,7.0,1.0,10.0,17.0,14.0,4.0
03/03/2018,Estoril,Sp Braga,0.0,6.0,A,5.0,4.0,3.0,1.0,3.0,6.0,14.0,19.0,13.0,10.0
03/03/2018,Feirense,Boavista,3.0,0.0,H,7.0,8.0,1.0,2.0,8.0,5.0,21.0,20.0,14.0,6.0
04/03/2018,Guimaraes,Belenenses,0.0,0.0,D,4.0,5.0,3.0,2.0,6.0,3.0,17.0,21.0,10.0,6.0
04/03/2018,Moreirense,Pacos Ferreira,2.0,0.0,H,12.0,7.0,4.0,3.0,7.0,6.0,15.0,21.0,10.0,7.0
04/03/2018,Setubal,Rio Ave,1.0,0.0,H,5.0,5.0,3.0,2.0,4.0,2.0,21.0,20.0,7.0,6.0
04/03/2018,Tondela,Chaves,2.0,0.0,H,4.0,8.0,4.0,3.0,7.0,5.0,23.0,14.0,9.0,12.0
05/03/2018,Aves,Portimonense,3.0,0.0,H,3.0,4.0,2.0,3.0,6.0,2.0,19.0,13.0,11.0,9.0
09/03/2018,Sp Braga,Moreirense,3.0,0.0,H,4.0,15.0,1.0,2.0,4.0,0.0,13.0,10.0,12.0,9.0
10/03/2018,Benfica,Aves,2.0,0.0,H,14.0,1.0,2.0,4.0,7.0,1.0,14.0,16.0,12.0,6.0
10/03/2018,Boavista,Estoril,1.0,0.0,H,4.0,3.0,3.0,3.0,2.0,3.0,19.0,19.0,5.0,7.0
10/03/2018,Rio Ave,Feirense,2.0,1.0,H,6.0,3.0,3.0,5.0,6.0,6.0,17.0,22.0,10.0,7.0
11/03/2018,Belenenses,Tondela,0.0,0.0,D,4.0,7.0,1.0,1.0,1.0,2.0,16.0,18.0,8.0,8.0
11/03/2018,Maritimo,Setubal,4.0,2.0,H,3.0,3.0,3.0,3.0,8.0,5.0,14.0,17.0,10.0,6.0
11/03/2018,Pacos Ferreira,Porto,1.0,0.0,H,3.0,15.0,4.0,2.0,4.0,3.0,15.0,21.0,9.0,9.0
11/03/2018,Portimonense,Guimaraes,2.0,1.0,H,6.0,5.0,3.0,1.0,6.0,4.0,16.0,17.0,16.0,4.0
12/03/2018,Chaves,Sp Lisbon,1.0,2.0,A,9.0,5.0,0.0,1.0,6.0,6.0,12.0,15.0,10.0,10.0
16/03/2018,Setubal,Portimonense,1.0,1.0,D,5.0,7.0,1.0,2.0,3.0,4.0,16.0,21.0,7.0,5.0
17/03/2018,Estoril,Pacos Ferreira,1.0,1.0,D,4.0,3.0,2.0,5.0,4.0,4.0,15.0,16.0,10.0,6.0
17/03/2018,Feirense,Benfica,0.0,2.0,A,0.0,9.0,4.0,2.0,1.0,16.0,13.0,12.0,4.0,25.0
17/03/2018,Porto,Boavista,2.0,0.0,H,10.0,3.0,2.0,4.0,5.0,2.0,17.0,11.0,9.0,4.0
17/03/2018,Tondela,Maritimo,1.0,2.0,A,5.0,6.0,2.0,1.0,2.0,8.0,17.0,7.0,6.0,9.0
18/03/2018,Chaves,Sp Braga,1.0,4.0,A,2.0,6.0,1.0,1.0,5.0,8.0,11.0,21.0,11.0,12.0
18/03/2018,Guimaraes,Aves,2.0,1.0,H,2.0,2.0,2.0,1.0,5.0,6.0,19.0,21.0,9.0,10.0
18/03/2018,Moreirense,Belenenses,2.0,1.0,H,9.0,4.0,7.0,3.0,6.0,4.0,19.0,11.0,9.0,5.0
18/03/2018,Sp Lisbon,Rio Ave,2.0,0.0,H,7.0,1.0,3.0,1.0,6.0,1.0,25.0,12.0,11.0,3.0
29/03/2018,Aves,Setubal,1.0,4.0,A,7.0,3.0,0.0,2.0,2.0,6.0,12.0,13.0,5.0,10.0
30/03/2018,Boavista,Tondela,1.0,1.0,D,8.0,12.0,3.0,4.0,6.0,3.0,12.0,24.0,7.0,5.0
30/03/2018,Maritimo,Feirense,4.0,1.0,H,13.0,3.0,1.0,3.0,10.0,7.0,19.0,16.0,13.0,10.0
30/03/2018,Rio Ave,Estoril,2.0,0.0,H,3.0,6.0,3.0,2.0,9.0,5.0,25.0,20.0,9.0,11.0
31/03/2018,Benfica,Guimaraes,2.0,0.0,H,5.0,4.0,2.0,3.0,6.0,2.0,9.0,12.0,13.0,3.0
31/03/2018,Pacos Ferreira,Chaves,2.0,0.0,H,9.0,5.0,1.0,0.0,2.0,3.0,15.0,10.0,6.0,9.0
31/03/2018,Portimonense,Moreirense,4.0,3.0,H,5.0,1.0,1.0,5.0,5.0,7.0,10.0,17.0,8.0,9.0
31/03/2018,Sp Braga,Sp Lisbon,1.0,0.0,H,4.0,4.0,3.0,3.0,6.0,2.0,15.0,20.0,13.0,6.0
02/04/2018,Belenenses,Porto,2.0,0.0,H,0.0,9.0,1.0,3.0,3.0,8.0,10.0,15.0,4.0,17.0
06/04/2018,Guimaraes,Rio Ave,3.0,0.0,H,5.0,7.0,0.0,1.0,6.0,4.0,11.0,17.0,11.0,12.0
07/04/2018,Estoril,Maritimo,1.0,1.0,D,5.0,4.0,3.0,5.0,4.0,2.0,15.0,15.0,13.0,4.0
07/04/2018,Feirense,Sp Braga,2.0,2.0,D,4.0,6.0,2.0,5.0,4.0,4.0,20.0,13.0,15.0,10.0
07/04/2018,Setubal,Benfica,1.0,2.0,A,3.0,5.0,2.0,2.0,2.0,5.0,16.0,18.0,6.0,9.0
07/04/2018,Tondela,Portimonense,2.0,2.0,D,3.0,5.0,2.0,1.0,4.0,7.0,25.0,8.0,8.0,12.0
08/04/2018,Chaves,Belenenses,1.0,1.0,D,4.0,5.0,2.0,3.0,3.0,6.0,12.0,10.0,11.0,9.0
08/04/2018,Porto,Aves,2.0,0.0,H,7.0,4.0,0.0,2.0,8.0,0.0,11.0,22.0,16.0,4.0
08/04/2018,Sp Lisbon,Pacos Ferreira,2.0,0.0,H,5.0,4.0,1.0,2.0,5.0,2.0,11.0,10.0,8.0,4.0
09/04/2018,Moreirense,Boavista,1.0,0.0,H,7.0,7.0,2.0,4.0,4.0,3.0,10.0,20.0,7.0,5.0
13/04/2018,Pacos Ferreira,Sp Braga,1.0,5.0,A,7.0,10.0,1.0,4.0,3.0,10.0,4.0,14.0,6.0,13.0
14/04/2018,Aves,Feirense,1.0,0.0,H,5.0,6.0,4.0,2.0,2.0,1.0,18.0,21.0,4.0,7.0
14/04/2018,Boavista,Chaves,3.0,3.0,D,4.0,2.0,4.0,2.0,5.0,4.0,22.0,14.0,12.0,8.0
14/04/2018,Guimaraes,Setubal,1.0,1.0,D,3.0,6.0,2.0,3.0,4.0,1.0,22.0,18.0,5.0,6.0
14/04/2018,Portimonense,Estoril,0.0,1.0,A,7.0,7.0,1.0,3.0,3.0,4.0,16.0,15.0,8.0,9.0
15/04/2018,Belenenses,Sp Lisbon,3.0,4.0,A,3.0,4.0,3.0,6.0,6.0,6.0,14.0,16.0,9.0,10.0
15/04/2018,Benfica,Porto,0.0,1.0,A,7.0,3.0,2.0,5.0,2.0,2.0,19.0,15.0,5.0,6.0
15/04/2018,Maritimo,Moreirense,1.0,1.0,D,5.0,3.0,2.0,2.0,5.0,1.0,10.0,16.0,10.0,4.0
16/04/2018,Rio Ave,Tondela,1.0,1.0,D,9.0,5.0,3.0,2.0,3.0,4.0,11.0,28.0,8.0,6.0
20/04/2018,Sp Braga,Maritimo,2.0,0.0,H,9.0,8.0,2.0,3.0,4.0,2.0,17.0,14.0,11.0,3.0
21/04/2018,Estoril,Benfica,1.0,2.0,A,3.0,3.0,4.0,3.0,3.0,7.0,14.0,13.0,7.0,10.0
21/04/2018,Feirense,Guimaraes,2.0,1.0,H,5.0,4.0,2.0,3.0,7.0,3.0,21.0,18.0,13.0,9.0
21/04/2018,Pacos Ferreira,Belenenses,1.0,1.0,D,6.0,3.0,2.0,1.0,4.0,3.0,9.0,11.0,10.0,7.0
22/04/2018,Chaves,Portimonense,2.0,1.0,H,11.0,4.0,1.0,1.0,9.0,7.0,10.0,13.0,13.0,13.0
22/04/2018,Moreirense,Rio Ave,2.0,1.0,H,4.0,14.0,3.0,2.0,5.0,4.0,20.0,12.0,8.0,12.0
22/04/2018,Sp Lisbon,Boavista,1.0,0.0,H,9.0,3.0,1.0,5.0,8.0,0.0,18.0,20.0,13.0,1.0
22/04/2018,Tondela,Aves,3.0,0.0,H,5.0,10.0,0.0,1.0,4.0,4.0,16.0,7.0,5.0,9.0
23/04/2018,Porto,Setubal,5.0,1.0,H,3.0,3.0,2.0,1.0,5.0,3.0,21.0,13.0,6.0,7.0
27/04/2018,Guimaraes,Moreirense,1.0,0.0,H,2.0,3.0,0.0,0.0,3.0,2.0,13.0,10.0,10.0,2.0
28/04/2018,Benfica,Tondela,2.0,3.0,A,14.0,0.0,2.0,3.0,8.0,3.0,16.0,14.0,15.0,3.0
28/04/2018,Portimonense,Sp Lisbon,1.0,2.0,A,4.0,5.0,0.0,1.0,4.0,7.0,17.0,11.0,8.0,14.0
28/04/2018,Setubal,Feirense,0.0,2.0,A,6.0,4.0,2.0,2.0,3.0,4.0,12.0,24.0,9.0,7.0
29/04/2018,Belenenses,Sp Braga,0.0,1.0,A,5.0,5.0,1.0,2.0,2.0,7.0,11.0,9.0,8.0,14.0
29/04/2018,Boavista,Pacos Ferreira,1.0,0.0,H,1.0,7.0,2.0,3.0,3.0,1.0,19.0,18.0,7.0,2.0
29/04/2018,Maritimo,Porto,0.0,1.0,A,3.0,7.0,3.0,3.0,1.0,6.0,18.0,18.0,2.0,12.0
29/04/2018,Rio Ave,Chaves,2.0,1.0,H,1.0,6.0,7.0,4.0,5.0,2.0,22.0,21.0,10.0,4.0
30/04/2018,Aves,Estoril,1.0,0.0,H,7.0,7.0,3.0,3.0,3.0,3.0,13.0,16.0,5.0,8.0
04/05/2018,Sp Braga,Boavista,1.0,1.0,D,6.0,3.0,1.0,3.0,6.0,2.0,13.0,13.0,11.0,11.0
05/05/2018,Belenenses,Portimonense,3.0,2.0,H,4.0,5.0,1.0,4.0,6.0,5.0,13.0,21.0,8.0,10.0
05/05/2018,Sp Lisbon,Benfica,0.0,0.0,D,8.0,3.0,3.0,1.0,1.0,1.0,16.0,17.0,5.0,5.0
05/05/2018,Tondela,Guimaraes,1.0,4.0,A,2.0,4.0,1.0,2.0,2.0,4.0,10.0,13.0,8.0,7.0
06/05/2018,Chaves,Maritimo,4.0,1.0,H,6.0,3.0,1.0,3.0,5.0,3.0,12.0,20.0,14.0,15.0
06/05/2018,Estoril,Setubal,2.0,1.0,H,0.0,10.0,4.0,1.0,5.0,4.0,18.0,15.0,8.0,14.0
06/05/2018,Moreirense,Aves,0.0,3.0,A,4.0,6.0,2.0,1.0,2.0,8.0,20.0,21.0,7.0,11.0
06/05/2018,Porto,Feirense,2.0,1.0,H,3.0,5.0,1.0,3.0,4.0,1.0,11.0,16.0,16.0,6.0
07/05/2018,Pacos Ferreira,Rio Ave,0.0,0.0,D,7.0,6.0,3.0,3.0,4.0,1.0,23.0,17.0,10.0,5.0
11/05/2018,Aves,Chaves,2.0,3.0,A,2.0,7.0,2.0,2.0,5.0,7.0,15.0,19.0,12.0,13.0
12/05/2018,Boavista,Belenenses,1.0,0.0,H,4.0,4.0,3.0,4.0,6.0,4.0,21.0,13.0,13.0,7.0
12/05/2018,Guimaraes,Porto,0.0,1.0,A,0.0,8.0,1.0,0.0,2.0,8.0,21.0,16.0,5.0,16.0
13/05/2018,Benfica,Moreirense,1.0,0.0,H,6.0,3.0,3.0,4.0,2.0,1.0,16.0,13.0,8.0,2.0
13/05/2018,Feirense,Estoril,0.0,0.0,D,1.0,5.0,2.0,1.0,4.0,5.0,21.0,14.0,8.0,13.0
13/05/2018,Maritimo,Sp Lisbon,2.0,1.0,H,4.0,8.0,0.0,0.0,2.0,2.0,12.0,14.0,5.0,7.0
13/05/2018,Portimonense,Pacos Ferreira,3.0,1.0,H,6.0,10.0,2.0,3.0,5.0,4.0,14.0,12.0,11.0,9.0
13/05/2018,Rio Ave,Sp Braga,1.0,0.0,H,7.0,9.0,2.0,4.0,4.0,3.0,15.0,16.0,7.0,8.0
13/05/2018,Setubal,Tondela,1.0,0.0,H,8.0,6.0,2.0,4.0,2.0,1.0,17.0,31.0,7.0,2.0
10/08/2018,Benfica,Guimaraes,3.0,2.0,H,5.0,2.0,0.0,4.0,7.0,5.0,15.0,24.0,9.0,9.0
11/08/2018,Porto,Chaves,5.0,0.0,H,7.0,0.0,0.0,2.0,6.0,0.0,11.0,12.0,14.0,2.0
11/08/2018,Setubal,Aves,2.0,0.0,H,9.0,3.0,2.0,3.0,5.0,1.0,17.0,16.0,13.0,2.0
11/08/2018,Tondela,Belenenses,0.0,1.0,A,10.0,5.0,2.0,2.0,4.0,3.0,15.0,13.0,14.0,6.0
12/08/2018,Feirense,Rio Ave,2.0,0.0,H,3.0,4.0,1.0,2.0,5.0,1.0,17.0,9.0,12.0,7.0
12/08/2018,Maritimo,Santa Clara,1.0,0.0,H,7.0,3.0,0.0,3.0,4.0,5.0,16.0,9.0,10.0,9.0
12/08/2018,Moreirense,Sp Lisbon,1.0,3.0,A,6.0,4.0,5.0,5.0,3.0,4.0,21.0,15.0,3.0,6.0
12/08/2018,Sp Braga,Nacional,4.0,2.0,H,4.0,2.0,1.0,3.0,12.0,8.0,10.0,15.0,16.0,10.0
13/08/2018,Portimonense,Boavista,0.0,2.0,A,9.0,4.0,1.0,4.0,3.0,4.0,19.0,27.0,8.0,9.0
17/08/2018,Aves,Tondela,2.0,2.0,D,5.0,9.0,3.0,3.0,6.0,5.0,15.0,13.0,16.0,12.0
18/08/2018,Boavista,Benfica,0.0,2.0,A,2.0,9.0,4.0,1.0,1.0,8.0,12.0,21.0,4.0,17.0
18/08/2018,Chaves,Portimonense,2.0,0.0,H,2.0,11.0,3.0,4.0,5.0,2.0,16.0,21.0,12.0,9.0
18/08/2018,Sp Lisbon,Setubal,2.0,1.0,H,7.0,3.0,2.0,5.0,5.0,3.0,20.0,29.0,17.0,9.0
19/08/2018,Belenenses,Porto,2.0,3.0,A,6.0,5.0,2.0,3.0,5.0,6.0,17.0,11.0,12.0,16.0
19/08/2018,Nacional,Moreirense,1.0,2.0,A,8.0,2.0,0.0,5.0,8.0,8.0,11.0,24.0,17.0,14.0
19/08/2018,Rio Ave,Maritimo,3.0,1.0,H,4.0,3.0,1.0,3.0,5.0,4.0,11.0,23.0,13.0,16.0
19/08/2018,Santa Clara,Sp Braga,3.0,3.0,D,5.0,4.0,2.0,3.0,8.0,8.0,13.0,8.0,12.0,14.0
20/08/2018,Guimaraes,Feirense,0.0,1.0,A,8.0,5.0,1.0,3.0,3.0,4.0,17.0,21.0,10.0,7.0
24/08/2018,Maritimo,Chaves,2.0,1.0,H,5.0,2.0,4.0,4.0,6.0,3.0,12.0,9.0,13.0,10.0
25/08/2018,Benfica,Sp Lisbon,1.0,1.0,D,11.0,1.0,4.0,5.0,10.0,4.0,14.0,17.0,19.0,11.0
25/08/2018,Portimonense,Santa Clara,2.0,2.0,D,6.0,5.0,0.0,3.0,11.0,3.0,13.0,23.0,26.0,9.0
25/08/2018,Porto,Guimaraes,2.0,3.0,A,8.0,3.0,3.0,2.0,10.0,3.0,16.0,12.0,18.0,8.0
26/08/2018,Feirense,Boavista,1.0,1.0,D,4.0,1.0,2.0,5.0,5.0,4.0,15.0,25.0,17.0,7.0
26/08/2018,Setubal,Nacional,1.0,2.0,A,4.0,2.0,4.0,5.0,4.0,4.0,17.0,26.0,11.0,11.0
26/08/2018,Sp Braga,Aves,3.0,1.0,H,9.0,1.0,1.0,4.0,6.0,4.0,12.0,18.0,20.0,8.0
26/08/2018,Tondela,Rio Ave,1.0,1.0,D,3.0,7.0,2.0,2.0,5.0,4.0,23.0,6.0,12.0,14.0
27/08/2018,Moreirense,Belenenses,1.0,1.0,D,8.0,1.0,2.0,2.0,7.0,3.0,22.0,11.0,17.0,9.0
31/08/2018,Chaves,Sp Braga,0.0,1.0,A,9.0,4.0,2.0,5.0,2.0,3.0,19.0,22.0,17.0,9.0
31/08/2018,Guimaraes,Tondela,1.0,0.0,H,2.0,10.0,2.0,1.0,2.0,3.0,18.0,17.0,6.0,9.0
01/09/2018,Belenenses,Setubal,0.0,0.0,D,2.0,5.0,0.0,1.0,4.0,2.0,20.0,13.0,8.0,6.0
01/09/2018,Santa Clara,Boavista,4.0,2.0,H,9.0,6.0,4.0,3.0,5.0,6.0,22.0,19.0,11.0,15.0
01/09/2018,Sp Lisbon,Feirense,1.0,0.0,H,9.0,0.0,4.0,6.0,12.0,2.0,21.0,15.0,26.0,6.0
02/09/2018,Aves,Maritimo,0.0,1.0,A,4.0,4.0,2.0,3.0,2.0,3.0,22.0,15.0,12.0,16.0
02/09/2018,Nacional,Benfica,0.0,4.0,A,2.0,5.0,1.0,3.0,2.0,7.0,7.0,15.0,5.0,16.0
02/09/2018,Porto,Moreirense,3.0,0.0,H,11.0,4.0,2.0,1.0,5.0,3.0,16.0,11.0,15.0,7.0
02/09/2018,Rio Ave,Portimonense,2.0,1.0,H,8.0,3.0,3.0,2.0,5.0,4.0,13.0,16.0,22.0,11.0
21/09/2018,Boavista,Chaves,1.0,2.0,A,10.0,2.0,3.0,4.0,4.0,3.0,15.0,17.0,19.0,7.0
22/09/2018,Maritimo,Belenenses,0.0,0.0,D,7.0,9.0,1.0,1.0,3.0,5.0,12.0,16.0,10.0,16.0
22/09/2018,Santa Clara,Rio Ave,1.0,3.0,A,11.0,3.0,2.0,4.0,8.0,4.0,22.0,12.0,20.0,10.0
22/09/2018,Setubal,Porto,0.0,2.0,A,6.0,2.0,1.0,2.0,2.0,4.0,13.0,16.0,10.0,11.0
23/09/2018,Benfica,Aves,2.0,0.0,H,13.0,3.0,1.0,4.0,7.0,4.0,15.0,18.0,26.0,12.0
23/09/2018,Feirense,Nacional,0.0,0.0,D,4.0,3.0,2.0,2.0,0.0,2.0,14.0,25.0,4.0,10.0
23/09/2018,Portimonense,Guimaraes,3.0,2.0,H,5.0,6.0,2.0,4.0,6.0,3.0,19.0,12.0,13.0,9.0
23/09/2018,Tondela,Moreirense,2.0,0.0,H,0.0,6.0,0.0,0.0,4.0,0.0,17.0,15.0,9.0,12.0
24/09/2018,Sp Braga,Sp Lisbon,1.0,0.0,H,5.0,4.0,1.0,2.0,4.0,3.0,10.0,11.0,13.0,12.0
27/09/2018,Chaves,Benfica,2.0,2.0,D,3.0,3.0,3.0,1.0,5.0,5.0,12.0,21.0,10.0,12.0
28/09/2018,Porto,Tondela,1.0,0.0,H,11.0,2.0,3.0,5.0,9.0,0.0,19.0,22.0,31.0,7.0
29/09/2018,Moreirense,Feirense,1.0,0.0,H,7.0,6.0,1.0,2.0,5.0,2.0,22.0,16.0,19.0,6.0
29/09/2018,Rio Ave,Boavista,2.0,1.0,H,7.0,9.0,2.0,3.0,4.0,5.0,16.0,18.0,19.0,15.0
29/09/2018,Sp Lisbon,Maritimo,2.0,0.0,H,4.0,1.0,2.0,3.0,3.0,1.0,14.0,14.0,12.0,7.0
30/09/2018,Belenenses,Sp Braga,0.0,3.0,A,6.0,4.0,4.0,0.0,0.0,8.0,10.0,7.0,8.0,18.0
30/09/2018,Guimaraes,Setubal,1.0,1.0,D,3.0,3.0,2.0,3.0,5.0,4.0,15.0,16.0,14.0,15.0
30/09/2018,Nacional,Santa Clara,0.0,3.0,A,6.0,10.0,1.0,2.0,1.0,4.0,7.0,18.0,12.0,12.0
01/10/2018,Aves,Portimonense,3.0,0.0,H,6.0,5.0,2.0,1.0,4.0,2.0,12.0,10.0,12.0,17.0
05/10/2018,Feirense,Belenenses,0.0,0.0,D,10.0,2.0,3.0,2.0,1.0,1.0,18.0,17.0,11.0,9.0
05/10/2018,Santa Clara,Chaves,1.0,0.0,H,7.0,7.0,2.0,1.0,4.0,2.0,17.0,9.0,12.0,8.0
05/10/2018,Tondela,Nacional,1.0,1.0,D,3.0,7.0,1.0,2.0,3.0,4.0,11.0,10.0,16.0,16.0
06/10/2018,Maritimo,Guimaraes,1.0,3.0,A,7.0,6.0,1.0,0.0,5.0,6.0,15.0,10.0,20.0,15.0
06/10/2018,Setubal,Moreirense,3.0,0.0,H,3.0,2.0,2.0,3.0,5.0,3.0,23.0,20.0,12.0,11.0
06/10/2018,Sp Braga,Rio Ave,1.0,1.0,D,4.0,7.0,4.0,4.0,5.0,3.0,26.0,11.0,13.0,8.0
07/10/2018,Benfica,Porto,1.0,0.0,H,2.0,4.0,4.0,5.0,2.0,1.0,24.0,20.0,10.0,11.0
07/10/2018,Boavista,Aves,1.0,0.0,H,11.0,4.0,3.0,4.0,5.0,2.0,12.0,23.0,20.0,11.0
07/10/2018,Portimonense,Sp Lisbon,4.0,2.0,H,5.0,5.0,5.0,1.0,6.0,5.0,22.0,14.0,12.0,17.0
26/10/2018,Guimaraes,Sp Braga,1.0,1.0,D,7.0,4.0,1.0,2.0,4.0,1.0,18.0,12.0,13.0,15.0
26/10/2018,Nacional,Portimonense,0.0,1.0,A,1.0,1.0,1.0,1.0,3.0,2.0,10.0,17.0,8.0,7.0
27/10/2018,Aves,Santa Clara,1.0,2.0,A,8.0,9.0,2.0,2.0,6.0,4.0,18.0,15.0,17.0,9.0
27/10/2018,Belenenses,Benfica,2.0,0.0,H,5.0,11.0,2.0,2.0,6.0,7.0,14.0,13.0,7.0,24.0
27/10/2018,Rio Ave,Chaves,1.0,0.0,H,3.0,8.0,3.0,3.0,5.0,2.0,18.0,23.0,7.0,12.0
28/10/2018,Moreirense,Maritimo,1.0,0.0,H,4.0,4.0,1.0,2.0,5.0,2.0,15.0,11.0,19.0,11.0
28/10/2018,Porto,Feirense,2.0,0.0,H,4.0,6.0,1.0,3.0,7.0,3.0,21.0,11.0,17.0,6.0
28/10/2018,Sp Lisbon,Boavista,3.0,0.0,H,9.0,4.0,2.0,3.0,9.0,1.0,12.0,13.0,21.0,10.0
28/10/2018,Tondela,Setubal,1.0,2.0,A,7.0,6.0,3.0,3.0,6.0,3.0,18.0,24.0,10.0,9.0
02/11/2018,Benfica,Moreirense,1.0,3.0,A,8.0,2.0,2.0,3.0,8.0,4.0,17.0,12.0,21.0,9.0
03/11/2018,Boavista,Guimaraes,0.0,0.0,D,7.0,11.0,3.0,4.0,3.0,4.0,25.0,13.0,7.0,20.0
03/11/2018,Maritimo,Porto,0.0,2.0,A,4.0,11.0,4.0,2.0,2.0,4.0,16.0,15.0,6.0,15.0
03/11/2018,Portimonense,Belenenses,1.0,1.0,D,1.0,6.0,2.0,3.0,3.0,1.0,19.0,10.0,12.0,8.0
04/11/2018,Feirense,Tondela,2.0,4.0,A,7.0,5.0,4.0,3.0,5.0,7.0,17.0,22.0,12.0,15.0
04/11/2018,Santa Clara,Sp Lisbon,1.0,2.0,A,3.0,7.0,2.0,3.0,1.0,7.0,10.0,7.0,8.0,18.0
04/11/2018,Sp Braga,Setubal,2.0,1.0,H,2.0,5.0,1.0,3.0,3.0,5.0,18.0,20.0,17.0,13.0
05/11/2018,Chaves,Aves,1.0,2.0,A,6.0,4.0,3.0,3.0,2.0,5.0,10.0,15.0,13.0,11.0
05/11/2018,Rio Ave,Nacional,3.0,3.0,D,3.0,3.0,2.0,5.0,5.0,6.0,13.0,17.0,13.0,13.0
09/11/2018,Moreirense,Portimonense,2.0,0.0,H,8.0,6.0,2.0,1.0,4.0,4.0,17.0,15.0,12.0,12.0
09/11/2018,Setubal,Feirense,2.0,1.0,H,7.0,3.0,4.0,4.0,2.0,1.0,20.0,20.0,10.0,6.0
10/11/2018,Aves,Rio Ave,2.0,1.0,H,13.0,4.0,3.0,3.0,8.0,5.0,22.0,11.0,19.0,11.0
10/11/2018,Belenenses,Boavista,0.0,0.0,D,4.0,2.0,5.0,6.0,2.0,3.0,23.0,26.0,12.0,11.0
10/11/2018,Nacional,Maritimo,1.0,0.0,H,0.0,3.0,3.0,2.0,3.0,2.0,12.0,22.0,16.0,9.0
10/11/2018,Porto,Sp Braga,1.0,0.0,H,9.0,5.0,1.0,1.0,3.0,2.0,16.0,18.0,17.0,10.0
11/11/2018,Guimaraes,Santa Clara,2.0,0.0,H,10.0,3.0,1.0,2.0,6.0,1.0,15.0,11.0,20.0,7.0
11/11/2018,Sp Lisbon,Chaves,2.0,1.0,H,10.0,2.0,1.0,2.0,5.0,1.0,11.0,10.0,17.0,3.0
11/11/2018,Tondela,Benfica,1.0,3.0,A,2.0,7.0,4.0,3.0,4.0,5.0,14.0,12.0,7.0,15.0
30/11/2018,Santa Clara,Belenenses,2.0,3.0,A,5.0,7.0,3.0,0.0,4.0,6.0,13.0,14.0,14.0,10.0
01/12/2018,Benfica,Feirense,4.0,0.0,H,7.0,0.0,2.0,2.0,7.0,1.0,17.0,14.0,15.0,3.0
01/12/2018,Maritimo,Setubal,0.0,1.0,A,4.0,6.0,1.0,2.0,3.0,4.0,17.0,22.0,12.0,10.0
01/12/2018,Sp Braga,Moreirense,2.0,0.0,H,2.0,5.0,1.0,2.0,5.0,2.0,15.0,19.0,14.0,15.0
02/12/2018,Aves,Nacional,2.0,3.0,A,9.0,4.0,3.0,4.0,5.0,7.0,16.0,19.0,15.0,16.0
02/12/2018,Boavista,Porto,0.0,1.0,A,1.0,8.0,6.0,1.0,2.0,6.0,25.0,11.0,4.0,24.0
02/12/2018,Chaves,Guimaraes,0.0,1.0,A,7.0,4.0,1.0,0.0,8.0,7.0,12.0,17.0,13.0,15.0
02/12/2018,Portimonense,Tondela,3.0,2.0,H,8.0,9.0,3.0,6.0,6.0,5.0,16.0,19.0,16.0,10.0
03/12/2018,Rio Ave,Sp Lisbon,1.0,3.0,A,6.0,11.0,3.0,5.0,4.0,6.0,11.0,27.0,12.0,20.0
07/12/2018,Porto,Portimonense,4.0,1.0,H,8.0,0.0,2.0,1.0,9.0,4.0,10.0,10.0,25.0,8.0
08/12/2018,Belenenses,Chaves,1.0,0.0,H,5.0,6.0,1.0,1.0,4.0,4.0,12.0,19.0,10.0,12.0
08/12/2018,Setubal,Benfica,0.0,1.0,A,3.0,5.0,3.0,4.0,3.0,3.0,23.0,20.0,14.0,12.0
08/12/2018,Tondela,Sp Braga,0.0,1.0,A,6.0,2.0,3.0,1.0,3.0,3.0,15.0,19.0,8.0,6.0
09/12/2018,Guimaraes,Rio Ave,3.0,2.0,H,3.0,7.0,4.0,2.0,7.0,3.0,23.0,14.0,12.0,11.0
09/12/2018,Moreirense,Santa Clara,0.0,1.0,A,9.0,6.0,5.0,4.0,3.0,3.0,21.0,14.0,11.0,11.0
09/12/2018,Nacional,Boavista,0.0,0.0,D,16.0,1.0,2.0,2.0,7.0,1.0,15.0,24.0,26.0,5.0
09/12/2018,Sp Lisbon,Aves,4.0,1.0,H,3.0,6.0,2.0,5.0,5.0,4.0,15.0,12.0,10.0,15.0
10/12/2018,Feirense,Maritimo,1.0,1.0,D,3.0,5.0,3.0,4.0,5.0,4.0,25.0,20.0,10.0,9.0
14/12/2018,Portimonense,Setubal,3.0,1.0,H,5.0,5.0,1.0,4.0,7.0,7.0,16.0,20.0,18.0,15.0
14/12/2018,Sp Braga,Feirense,4.0,0.0,H,4.0,4.0,0.0,1.0,6.0,1.0,19.0,16.0,16.0,4.0
15/12/2018,Aves,Guimaraes,1.0,1.0,D,10.0,5.0,2.0,0.0,5.0,6.0,20.0,14.0,15.0,13.0
15/12/2018,Boavista,Tondela,2.0,0.0,H,5.0,10.0,2.0,4.0,6.0,3.0,25.0,19.0,18.0,10.0
15/12/2018,Chaves,Moreirense,1.0,2.0,A,2.0,6.0,0.0,2.0,1.0,5.0,18.0,18.0,8.0,13.0
15/12/2018,Santa Clara,Porto,1.0,2.0,A,6.0,8.0,1.0,3.0,3.0,8.0,21.0,24.0,10.0,14.0
16/12/2018,Maritimo,Benfica,0.0,1.0,A,4.0,7.0,5.0,3.0,0.0,5.0,18.0,12.0,6.0,14.0
16/12/2018,Rio Ave,Belenenses,2.0,2.0,D,6.0,6.0,3.0,1.0,1.0,4.0,20.0,19.0,8.0,12.0
16/12/2018,Sp Lisbon,Nacional,5.0,2.0,H,6.0,7.0,3.0,3.0,9.0,5.0,26.0,9.0,20.0,15.0
22/12/2018,Belenenses,Aves,5.0,2.0,H,3.0,5.0,0.0,1.0,8.0,4.0,13.0,20.0,12.0,7.0
22/12/2018,Feirense,Portimonense,0.0,1.0,A,1.0,5.0,4.0,4.0,2.0,6.0,19.0,13.0,12.0,16.0
22/12/2018,Moreirense,Boavista,2.0,1.0,H,7.0,2.0,3.0,5.0,6.0,4.0,21.0,14.0,13.0,12.0
22/12/2018,Setubal,Santa Clara,0.0,2.0,A,5.0,2.0,4.0,4.0,5.0,3.0,31.0,16.0,8.0,10.0
22/12/2018,Tondela,Maritimo,2.0,1.0,H,6.0,3.0,4.0,3.0,6.0,2.0,16.0,19.0,15.0,10.0
23/12/2018,Benfica,Sp Braga,6.0,2.0,H,8.0,2.0,1.0,3.0,8.0,5.0,15.0,17.0,13.0,11.0
23/12/2018,Guimaraes,Sp Lisbon,1.0,0.0,H,10.0,7.0,3.0,3.0,7.0,2.0,13.0,15.0,19.0,17.0
23/12/2018,Nacional,Chaves,2.0,0.0,H,7.0,4.0,3.0,4.0,3.0,3.0,18.0,20.0,10.0,11.0
23/12/2018,Porto,Rio Ave,2.0,1.0,H,4.0,2.0,1.0,4.0,4.0,4.0,16.0,18.0,17.0,7.0
02/01/2019,Boavista,Setubal,1.0,0.0,H,4.0,7.0,6.0,4.0,3.0,7.0,19.0,19.0,12.0,16.0
02/01/2019,Nacional,Guimaraes,1.0,0.0,H,4.0,3.0,3.0,4.0,3.0,2.0,17.0,15.0,11.0,6.0
02/01/2019,Portimonense,Benfica,2.0,0.0,H,3.0,8.0,2.0,2.0,5.0,3.0,15.0,13.0,9.0,14.0
02/01/2019,Rio Ave,Moreirense,1.0,2.0,A,5.0,10.0,3.0,3.0,3.0,4.0,12.0,17.0,12.0,15.0
02/01/2019,Santa Clara,Tondela,1.0,2.0,A,4.0,1.0,3.0,3.0,4.0,4.0,20.0,19.0,9.0,12.0
02/01/2019,Sp Braga,Maritimo,2.0,0.0,H,6.0,1.0,2.0,1.0,5.0,1.0,14.0,17.0,14.0,6.0
03/01/2019,Aves,Porto,0.0,1.0,A,4.0,4.0,2.0,1.0,2.0,4.0,22.0,20.0,13.0,10.0
03/01/2019,Chaves,Feirense,0.0,0.0,D,7.0,5.0,2.0,3.0,4.0,1.0,14.0,26.0,12.0,6.0
03/01/2019,Sp Lisbon,Belenenses,2.0,1.0,H,4.0,1.0,3.0,4.0,4.0,4.0,12.0,5.0,12.0,11.0
05/01/2019,Maritimo,Portimonense,2.0,1.0,H,2.0,5.0,4.0,4.0,4.0,8.0,17.0,13.0,9.0,17.0
06/01/2019,Belenenses,Guimaraes,1.0,0.0,H,1.0,5.0,0.0,1.0,4.0,2.0,17.0,13.0,5.0,16.0
06/01/2019,Benfica,Rio Ave,4.0,2.0,H,5.0,4.0,3.0,3.0,6.0,5.0,25.0,19.0,11.0,13.0
06/01/2019,Feirense,Santa Clara,2.0,2.0,D,8.0,6.0,4.0,2.0,4.0,3.0,23.0,15.0,6.0,11.0
06/01/2019,Setubal,Chaves,0.0,0.0,D,4.0,8.0,0.0,1.0,1.0,3.0,22.0,15.0,13.0,12.0
06/01/2019,Sp Braga,Boavista,1.0,0.0,H,6.0,4.0,3.0,4.0,5.0,3.0,17.0,13.0,9.0,20.0
07/01/2019,Moreirense,Aves,1.0,0.0,H,5.0,2.0,1.0,1.0,9.0,4.0,12.0,13.0,17.0,8.0
07/01/2019,Porto,Nacional,3.0,1.0,H,6.0,6.0,0.0,0.0,4.0,3.0,17.0,10.0,13.0,8.0
07/01/2019,Tondela,Sp Lisbon,2.0,1.0,H,4.0,11.0,5.0,4.0,5.0,7.0,25.0,16.0,7.0,22.0
10/01/2019,Portimonense,Sp Braga,1.0,1.0,D,4.0,9.0,3.0,2.0,5.0,6.0,14.0,11.0,11.0,14.0
11/01/2019,Aves,Feirense,1.0,1.0,D,6.0,1.0,0.0,3.0,7.0,3.0,18.0,25.0,21.0,7.0
11/01/2019,Guimaraes,Moreirense,1.0,0.0,H,6.0,6.0,3.0,2.0,3.0,0.0,13.0,19.0,9.0,8.0
11/01/2019,Santa Clara,Benfica,0.0,2.0,A,2.0,6.0,3.0,3.0,5.0,4.0,13.0,16.0,7.0,20.0
12/01/2019,Boavista,Maritimo,0.0,1.0,A,8.0,3.0,2.0,3.0,4.0,3.0,20.0,17.0,23.0,8.0
12/01/2019,Sp Lisbon,Porto,0.0,0.0,D,7.0,3.0,4.0,4.0,3.0,1.0,23.0,19.0,12.0,9.0
13/01/2019,Chaves,Tondela,2.0,1.0,H,4.0,8.0,3.0,1.0,3.0,3.0,23.0,15.0,12.0,14.0
13/01/2019,Nacional,Belenenses,0.0,1.0,A,5.0,6.0,3.0,3.0,4.0,4.0,16.0,18.0,20.0,11.0
13/01/2019,Rio Ave,Setubal,1.0,1.0,D,1.0,9.0,5.0,6.0,6.0,8.0,17.0,29.0,8.0,14.0
18/01/2019,Chaves,Porto,1.0,4.0,A,5.0,6.0,1.0,2.0,3.0,6.0,20.0,10.0,10.0,15.0
18/01/2019,Guimaraes,Benfica,0.0,1.0,A,6.0,6.0,4.0,2.0,2.0,3.0,13.0,11.0,10.0,11.0
18/01/2019,Nacional,Sp Braga,0.0,3.0,A,2.0,4.0,2.0,2.0,0.0,6.0,25.0,13.0,4.0,15.0
19/01/2019,Belenenses,Tondela,2.0,2.0,D,2.0,4.0,3.0,0.0,4.0,3.0,19.0,22.0,13.0,13.0
19/01/2019,Santa Clara,Maritimo,0.0,1.0,A,11.0,2.0,1.0,6.0,1.0,4.0,18.0,19.0,13.0,12.0
19/01/2019,Sp Lisbon,Moreirense,2.0,1.0,H,2.0,4.0,2.0,2.0,4.0,2.0,14.0,8.0,10.0,7.0
20/01/2019,Aves,Setubal,2.0,1.0,H,9.0,9.0,1.0,4.0,4.0,1.0,21.0,15.0,16.0,6.0
20/01/2019,Boavista,Portimonense,0.0,2.0,A,6.0,1.0,1.0,1.0,1.0,4.0,16.0,11.0,13.0,12.0
20/01/2019,Rio Ave,Feirense,0.0,0.0,D,11.0,2.0,0.0,4.0,2.0,3.0,15.0,34.0,12.0,7.0
28/01/2019,Feirense,Guimaraes,1.0,2.0,A,1.0,11.0,0.0,1.0,3.0,6.0,22.0,14.0,7.0,16.0
28/01/2019,Maritimo,Rio Ave,0.0,2.0,A,3.0,4.0,3.0,2.0,2.0,6.0,17.0,13.0,12.0,11.0
28/01/2019,Moreirense,Nacional,2.0,1.0,H,4.0,5.0,1.0,4.0,5.0,3.0,12.0,16.0,15.0,6.0
28/01/2019,Tondela,Aves,0.0,2.0,A,6.0,7.0,2.0,1.0,3.0,8.0,11.0,19.0,6.0,14.0
29/01/2019,Benfica,Boavista,5.0,1.0,H,16.0,4.0,0.0,1.0,9.0,3.0,17.0,15.0,18.0,7.0
29/01/2019,Portimonense,Chaves,0.0,1.0,A,8.0,5.0,4.0,6.0,4.0,5.0,18.0,12.0,14.0,10.0
29/01/2019,Sp Braga,Santa Clara,1.0,0.0,H,5.0,4.0,2.0,1.0,2.0,2.0,19.0,16.0,16.0,12.0
30/01/2019,Porto,Belenenses,3.0,0.0,H,4.0,2.0,1.0,2.0,8.0,2.0,18.0,17.0,17.0,12.0
30/01/2019,Setubal,Sp Lisbon,1.0,1.0,D,4.0,9.0,4.0,6.0,5.0,9.0,20.0,18.0,10.0,23.0
01/02/2019,Rio Ave,Tondela,2.0,2.0,D,5.0,7.0,4.0,4.0,4.0,4.0,23.0,16.0,7.0,13.0
02/02/2019,Aves,Sp Braga,0.0,2.0,A,3.0,5.0,3.0,4.0,0.0,5.0,20.0,13.0,7.0,13.0
02/02/2019,Boavista,Feirense,2.0,0.0,H,4.0,4.0,4.0,4.0,7.0,1.0,16.0,21.0,12.0,7.0
02/02/2019,Chaves,Maritimo,1.0,0.0,H,7.0,6.0,2.0,4.0,3.0,2.0,22.0,19.0,11.0,9.0
03/02/2019,Guimaraes,Porto,0.0,0.0,D,1.0,9.0,1.0,4.0,3.0,6.0,19.0,19.0,8.0,22.0
03/02/2019,Nacional,Setubal,0.0,0.0,D,8.0,5.0,2.0,4.0,1.0,2.0,20.0,21.0,16.0,8.0
03/02/2019,Santa Clara,Portimonense,2.0,1.0,H,7.0,6.0,2.0,1.0,11.0,6.0,7.0,12.0,23.0,14.0
03/02/2019,Sp Lisbon,Benfica,2.0,4.0,A,5.0,4.0,5.0,2.0,6.0,7.0,21.0,26.0,17.0,13.0
04/02/2019,Belenenses,Moreirense,0.0,1.0,A,3.0,7.0,2.0,1.0,3.0,4.0,16.0,16.0,7.0,14.0
08/02/2019,Moreirense,Porto,1.0,1.0,D,4.0,8.0,4.0,0.0,2.0,3.0,19.0,9.0,14.0,13.0
09/02/2019,Maritimo,Aves,0.0,1.0,A,4.0,8.0,2.0,2.0,0.0,4.0,18.0,19.0,8.0,14.0
09/02/2019,Portimonense,Rio Ave,0.0,1.0,A,4.0,4.0,5.0,1.0,4.0,3.0,31.0,21.0,14.0,8.0
09/02/2019,Tondela,Guimaraes,1.0,0.0,H,8.0,3.0,2.0,1.0,5.0,3.0,19.0,12.0,12.0,10.0
10/02/2019,Benfica,Nacional,10.0,0.0,H,8.0,2.0,1.0,0.0,14.0,2.0,13.0,13.0,24.0,5.0
10/02/2019,Boavista,Santa Clara,1.0,0.0,H,5.0,3.0,1.0,1.0,1.0,4.0,16.0,16.0,13.0,10.0
10/02/2019,Feirense,Sp Lisbon,1.0,3.0,A,8.0,6.0,6.0,2.0,5.0,5.0,19.0,25.0,10.0,6.0
10/02/2019,Sp Braga,Chaves,2.0,1.0,H,8.0,3.0,2.0,2.0,6.0,2.0,10.0,10.0,15.0,9.0
11/02/2019,Setubal,Belenenses,0.0,0.0,D,5.0,2.0,2.0,3.0,3.0,2.0,26.0,18.0,8.0,9.0
15/02/2019,Rio Ave,Santa Clara,1.0,2.0,A,7.0,0.0,2.0,2.0,4.0,4.0,16.0,14.0,15.0,9.0
16/02/2019,Guimaraes,Portimonense,2.0,0.0,H,2.0,3.0,2.0,4.0,9.0,1.0,13.0,23.0,14.0,9.0
16/02/2019,Nacional,Feirense,4.0,0.0,H,2.0,5.0,1.0,4.0,6.0,0.0,17.0,17.0,12.0,6.0
16/02/2019,Porto,Setubal,2.0,0.0,H,7.0,2.0,3.0,5.0,6.0,0.0,16.0,7.0,20.0,3.0
17/02/2019,Belenenses,Maritimo,0.0,1.0,A,6.0,3.0,4.0,1.0,1.0,5.0,14.0,17.0,15.0,14.0
17/02/2019,Chaves,Boavista,1.0,1.0,D,10.0,8.0,2.0,2.0,3.0,5.0,14.0,12.0,14.0,13.0
17/02/2019,Moreirense,Tondela,2.0,0.0,H,7.0,9.0,2.0,1.0,5.0,2.0,14.0,18.0,12.0,8.0
17/02/2019,Sp Lisbon,Sp Braga,3.0,0.0,H,5.0,2.0,5.0,3.0,7.0,1.0,21.0,18.0,13.0,5.0
18/02/2019,Aves,Benfica,0.0,3.0,A,8.0,6.0,1.0,3.0,4.0,6.0,15.0,16.0,15.0,12.0
22/02/2019,Sp Braga,Belenenses,0.0,2.0,A,12.0,3.0,1.0,3.0,5.0,4.0,10.0,10.0,17.0,6.0
22/02/2019,Tondela,Porto,0.0,3.0,A,3.0,6.0,1.0,1.0,2.0,5.0,13.0,25.0,11.0,15.0
23/02/2019,Feirense,Moreirense,1.0,3.0,A,5.0,5.0,2.0,0.0,4.0,5.0,24.0,17.0,11.0,10.0
23/02/2019,Portimonense,Aves,1.0,1.0,D,5.0,6.0,2.0,3.0,5.0,2.0,15.0,21.0,11.0,7.0
23/02/2019,Setubal,Guimaraes,1.0,1.0,D,5.0,7.0,2.0,4.0,5.0,6.0,16.0,19.0,14.0,21.0
24/02/2019,Boavista,Rio Ave,1.0,0.0,H,4.0,10.0,4.0,5.0,5.0,4.0,21.0,20.0,7.0,16.0
24/02/2019,Santa Clara,Nacional,2.0,0.0,H,7.0,3.0,3.0,4.0,3.0,3.0,22.0,12.0,7.0,13.0
25/02/2019,Benfica,Chaves,4.0,0.0,H,5.0,2.0,3.0,3.0,11.0,2.0,12.0,14.0,25.0,5.0
25/02/2019,Maritimo,Sp Lisbon,0.0,0.0,D,1.0,7.0,5.0,5.0,2.0,5.0,17.0,11.0,6.0,17.0
01/03/2019,Aves,Boavista,2.0,0.0,H,4.0,3.0,2.0,3.0,7.0,1.0,14.0,19.0,22.0,3.0
02/03/2019,Moreirense,Setubal,1.0,1.0,D,8.0,3.0,2.0,4.0,2.0,1.0,19.0,16.0,14.0,5.0
02/03/2019,Nacional,Tondela,3.0,2.0,H,8.0,7.0,2.0,4.0,6.0,4.0,11.0,22.0,19.0,13.0
02/03/2019,Porto,Benfica,1.0,2.0,A,4.0,3.0,2.0,6.0,7.0,4.0,12.0,21.0,21.0,9.0
03/03/2019,Belenenses,Feirense,4.0,0.0,H,3.0,1.0,1.0,1.0,6.0,2.0,18.0,22.0,12.0,13.0
03/03/2019,Chaves,Santa Clara,0.0,0.0,D,9.0,3.0,2.0,3.0,2.0,1.0,22.0,18.0,11.0,7.0
03/03/2019,Rio Ave,Sp Braga,1.0,2.0,A,1.0,6.0,3.0,4.0,2.0,3.0,11.0,17.0,8.0,14.0
03/03/2019,Sp Lisbon,Portimonense,3.0,1.0,H,8.0,7.0,3.0,2.0,5.0,7.0,20.0,18.0,15.0,15.0
04/03/2019,Guimaraes,Maritimo,1.0,0.0,H,11.0,6.0,4.0,1.0,7.0,4.0,20.0,9.0,18.0,15.0
08/03/2019,Chaves,Rio Ave,1.0,1.0,D,11.0,5.0,4.0,8.0,5.0,1.0,18.0,17.0,20.0,7.0
09/03/2019,Boavista,Sp Lisbon,1.0,2.0,A,7.0,11.0,4.0,1.0,2.0,4.0,23.0,15.0,7.0,22.0
09/03/2019,Maritimo,Moreirense,3.0,2.0,H,4.0,4.0,2.0,1.0,4.0,5.0,24.0,17.0,12.0,15.0
09/03/2019,Sp Braga,Guimaraes,1.0,0.0,H,5.0,8.0,1.0,2.0,6.0,3.0,25.0,16.0,10.0,11.0
10/03/2019,Feirense,Porto,1.0,2.0,A,3.0,10.0,2.0,0.0,1.0,5.0,18.0,15.0,5.0,17.0
10/03/2019,Portimonense,Nacional,5.0,1.0,H,7.0,7.0,1.0,6.0,12.0,5.0,8.0,17.0,20.0,12.0
10/03/2019,Santa Clara,Aves,0.0,0.0,D,9.0,4.0,2.0,2.0,2.0,2.0,20.0,14.0,10.0,9.0
10/03/2019,Setubal,Tondela,0.0,0.0,D,7.0,6.0,3.0,7.0,2.0,0.0,16.0,12.0,11.0,5.0
11/03/2019,Benfica,Belenenses,2.0,2.0,D,7.0,1.0,0.0,5.0,2.0,3.0,12.0,15.0,22.0,8.0
15/03/2019,Sp Lisbon,Santa Clara,1.0,0.0,H,14.0,2.0,2.0,1.0,7.0,2.0,16.0,13.0,16.0,6.0
16/03/2019,Belenenses,Portimonense,2.0,2.0,D,7.0,4.0,1.0,1.0,4.0,6.0,14.0,16.0,10.0,17.0
16/03/2019,Guimaraes,Boavista,3.0,1.0,H,6.0,2.0,2.0,1.0,10.0,3.0,18.0,18.0,16.0,10.0
16/03/2019,Porto,Maritimo,3.0,0.0,H,11.0,0.0,1.0,2.0,8.0,0.0,12.0,8.0,31.0,0.0
16/03/2019,Setubal,Sp Braga,0.0,1.0,A,11.0,4.0,1.0,2.0,8.0,6.0,19.0,12.0,15.0,13.0
17/03/2019,Aves,Chaves,0.0,1.0,A,11.0,7.0,2.0,2.0,5.0,2.0,13.0,12.0,26.0,7.0
17/03/2019,Moreirense,Benfica,0.0,4.0,A,4.0,6.0,4.0,0.0,3.0,4.0,17.0,10.0,11.0,9.0
17/03/2019,Nacional,Rio Ave,0.0,1.0,A,13.0,2.0,2.0,2.0,5.0,2.0,15.0,17.0,19.0,4.0
17/03/2019,Tondela,Feirense,1.0,1.0,D,1.0,6.0,8.0,1.0,3.0,4.0,22.0,21.0,12.0,12.0
29/03/2019,Portimonense,Moreirense,0.0,2.0,A,9.0,6.0,3.0,1.0,8.0,5.0,14.0,14.0,23.0,13.0
30/03/2019,Benfica,Tondela,1.0,0.0,H,5.0,3.0,1.0,4.0,4.0,4.0,9.0,13.0,15.0,12.0
30/03/2019,Chaves,Sp Lisbon,1.0,3.0,A,6.0,6.0,5.0,2.0,2.0,7.0,13.0,11.0,8.0,19.0
30/03/2019,Santa Clara,Guimaraes,1.0,0.0,H,4.0,4.0,3.0,1.0,4.0,2.0,11.0,15.0,9.0,11.0
30/03/2019,Sp Braga,Porto,2.0,3.0,A,4.0,5.0,1.0,4.0,3.0,6.0,22.0,11.0,9.0,14.0
31/03/2019,Boavista,Belenenses,2.0,0.0,H,6.0,6.0,2.0,1.0,4.0,3.0,25.0,10.0,14.0,6.0
31/03/2019,Maritimo,Nacional,3.0,2.0,H,6.0,8.0,2.0,3.0,5.0,6.0,15.0,16.0,11.0,20.0
31/03/2019,Rio Ave,Aves,0.0,2.0,A,12.0,7.0,1.0,4.0,3.0,5.0,13.0,16.0,20.0,17.0
01/04/2019,Feirense,Setubal,0.0,1.0,A,5.0,5.0,1.0,2.0,3.0,3.0,13.0,16.0,16.0,9.0
05/04/2019,Porto,Boavista,2.0,0.0,H,8.0,0.0,0.0,2.0,7.0,1.0,15.0,17.0,17.0,5.0
06/04/2019,Belenenses,Santa Clara,1.0,1.0,D,1.0,2.0,2.0,5.0,2.0,1.0,13.0,17.0,8.0,15.0
06/04/2019,Guimaraes,Chaves,4.0,0.0,H,4.0,9.0,0.0,1.0,6.0,6.0,12.0,13.0,13.0,18.0
06/04/2019,Moreirense,Sp Braga,1.0,0.0,H,8.0,7.0,1.0,1.0,2.0,2.0,18.0,11.0,8.0,6.0
06/04/2019,Nacional,Aves,0.0,0.0,D,11.0,5.0,4.0,3.0,5.0,2.0,10.0,17.0,14.0,9.0
07/04/2019,Feirense,Benfica,1.0,4.0,A,3.0,5.0,2.0,0.0,1.0,7.0,14.0,11.0,6.0,18.0
07/04/2019,Setubal,Maritimo,1.0,0.0,H,8.0,4.0,2.0,1.0,4.0,2.0,20.0,20.0,13.0,5.0
07/04/2019,Sp Lisbon,Rio Ave,3.0,0.0,H,7.0,4.0,0.0,0.0,5.0,3.0,19.0,11.0,12.0,8.0
08/04/2019,Tondela,Portimonense,3.0,2.0,H,7.0,8.0,2.0,4.0,8.0,5.0,7.0,13.0,27.0,12.0
12/04/2019,Chaves,Belenenses,2.0,2.0,D,4.0,4.0,1.0,3.0,3.0,4.0,12.0,10.0,13.0,22.0
13/04/2019,Aves,Sp Lisbon,1.0,3.0,A,11.0,3.0,3.0,3.0,5.0,8.0,19.0,11.0,21.0,13.0
13/04/2019,Portimonense,Porto,0.0,3.0,A,3.0,7.0,4.0,2.0,1.0,5.0,14.0,19.0,9.0,11.0
13/04/2019,Santa Clara,Moreirense,1.0,1.0,D,6.0,4.0,2.0,0.0,6.0,5.0,18.0,11.0,11.0,16.0
14/04/2019,Benfica,Setubal,4.0,2.0,H,4.0,5.0,2.0,4.0,8.0,4.0,18.0,16.0,20.0,15.0
14/04/2019,Boavista,Nacional,1.0,0.0,H,9.0,10.0,1.0,1.0,6.0,0.0,19.0,8.0,15.0,14.0
14/04/2019,Maritimo,Feirense,2.0,0.0,H,2.0,5.0,4.0,8.0,2.0,2.0,13.0,16.0,8.0,5.0
14/04/2019,Rio Ave,Guimaraes,2.0,1.0,H,8.0,3.0,4.0,3.0,7.0,7.0,26.0,16.0,8.0,13.0
14/04/2019,Sp Braga,Tondela,3.0,0.0,H,5.0,2.0,2.0,2.0,8.0,0.0,14.0,12.0,20.0,9.0
19/04/2019,Guimaraes,Aves,0.0,2.0,A,7.0,3.0,0.0,0.0,4.0,6.0,12.0,14.0,18.0,14.0
19/04/2019,Nacional,Sp Lisbon,0.0,1.0,A,2.0,9.0,2.0,3.0,1.0,10.0,8.0,13.0,3.0,23.0
19/04/2019,Setubal,Portimonense,1.0,1.0,D,6.0,5.0,2.0,4.0,2.0,5.0,18.0,13.0,10.0,11.0
19/04/2019,Tondela,Boavista,1.0,0.0,H,4.0,7.0,1.0,3.0,4.0,4.0,14.0,18.0,19.0,16.0
20/04/2019,Belenenses,Rio Ave,1.0,3.0,A,5.0,2.0,2.0,1.0,3.0,7.0,20.0,11.0,16.0,16.0
20/04/2019,Feirense,Sp Braga,0.0,2.0,A,4.0,9.0,0.0,2.0,4.0,5.0,13.0,14.0,8.0,21.0
20/04/2019,Moreirense,Chaves,0.0,1.0,A,5.0,6.0,4.0,3.0,4.0,2.0,23.0,19.0,18.0,7.0
20/04/2019,Porto,Santa Clara,1.0,0.0,H,4.0,2.0,2.0,1.0,5.0,2.0,14.0,13.0,14.0,6.0
22/04/2019,Benfica,Maritimo,6.0,0.0,H,10.0,1.0,0.0,3.0,11.0,0.0,8.0,17.0,25.0,1.0
26/04/2019,Rio Ave,Porto,2.0,2.0,D,3.0,4.0,3.0,1.0,4.0,4.0,12.0,14.0,10.0,10.0
27/04/2019,Aves,Belenenses,3.0,0.0,H,6.0,2.0,2.0,4.0,8.0,3.0,14.0,12.0,14.0,10.0
27/04/2019,Portimonense,Feirense,1.0,0.0,H,5.0,2.0,2.0,0.0,6.0,3.0,13.0,12.0,18.0,5.0
27/04/2019,Santa Clara,Setubal,0.0,0.0,D,2.0,3.0,3.0,3.0,4.0,2.0,14.0,21.0,10.0,9.0
27/04/2019,Sp Lisbon,Guimaraes,2.0,0.0,H,7.0,4.0,0.0,1.0,7.0,1.0,17.0,7.0,24.0,10.0
28/04/2019,Boavista,Moreirense,3.0,1.0,H,6.0,4.0,2.0,3.0,4.0,4.0,12.0,14.0,8.0,7.0
28/04/2019,Chaves,Nacional,4.0,1.0,H,1.0,11.0,2.0,2.0,4.0,4.0,17.0,15.0,12.0,17.0
28/04/2019,Maritimo,Tondela,2.0,0.0,H,3.0,11.0,2.0,0.0,2.0,3.0,9.0,7.0,8.0,9.0
28/04/2019,Sp Braga,Benfica,1.0,4.0,A,5.0,5.0,4.0,6.0,3.0,9.0,14.0,16.0,12.0,17.0
03/05/2019,Moreirense,Rio Ave,1.0,2.0,A,5.0,1.0,2.0,3.0,6.0,2.0,16.0,21.0,14.0,6.0
04/05/2019,Benfica,Portimonense,5.0,1.0,H,7.0,1.0,0.0,0.0,12.0,5.0,10.0,11.0,19.0,11.0
04/05/2019,Feirense,Chaves,4.0,4.0,D,5.0,4.0,5.0,1.0,6.0,7.0,20.0,20.0,12.0,13.0
04/05/2019,Maritimo,Sp Braga,1.0,0.0,H,3.0,13.0,0.0,1.0,3.0,5.0,10.0,10.0,6.0,20.0
04/05/2019,Porto,Aves,4.0,0.0,H,6.0,3.0,1.0,2.0,11.0,1.0,14.0,16.0,19.0,7.0
05/05/2019,Belenenses,Sp Lisbon,1.0,8.0,A,2.0,0.0,2.0,2.0,3.0,10.0,10.0,17.0,9.0,21.0
05/05/2019,Guimaraes,Nacional,2.0,2.0,D,4.0,7.0,5.0,5.0,5.0,5.0,13.0,25.0,10.0,12.0
05/05/2019,Tondela,Santa Clara,1.0,3.0,A,8.0,3.0,1.0,3.0,7.0,4.0,18.0,11.0,15.0,10.0
06/05/2019,Setubal,Boavista,0.0,3.0,A,6.0,3.0,3.0,2.0,2.0,5.0,16.0,24.0,11.0,12.0
10/05/2019,Aves,Moreirense,0.0,1.0,A,4.0,5.0,2.0,2.0,4.0,3.0,8.0,17.0,12.0,7.0
11/05/2019,Boavista,Sp Braga,4.0,2.0,H,2.0,9.0,4.0,1.0,6.0,9.0,19.0,23.0,14.0,25.0
11/05/2019,Portimonense,Maritimo,3.0,2.0,H,3.0,3.0,0.0,2.0,5.0,3.0,13.0,18.0,16.0,6.0
11/05/2019,Santa Clara,Feirense,4.0,4.0,D,6.0,7.0,1.0,2.0,5.0,6.0,13.0,18.0,11.0,9.0
11/05/2019,Sp Lisbon,Tondela,1.0,1.0,D,5.0,7.0,4.0,6.0,6.0,4.0,16.0,18.0,17.0,15.0
12/05/2019,Chaves,Setubal,1.0,2.0,A,7.0,6.0,4.0,4.0,2.0,4.0,21.0,14.0,9.0,8.0
12/05/2019,Guimaraes,Belenenses,5.0,1.0,H,6.0,1.0,1.0,2.0,8.0,2.0,8.0,18.0,14.0,8.0
12/05/2019,Nacional,Porto,0.0,4.0,A,5.0,4.0,1.0,0.0,3.0,6.0,15.0,17.0,11.0,17.0
12/05/2019,Rio Ave,Benfica,2.0,3.0,A,5.0,2.0,3.0,4.0,6.0,6.0,9.0,11.0,12.0,13.0
16/05/2019,Belenenses,Nacional,3.0,0.0,H,5.0,7.0,2.0,3.0,5.0,4.0,17.0,15.0,9.0,18.0
17/05/2019,Sp Braga,Portimonense,2.0,0.0,H,5.0,3.0,1.0,2.0,7.0,1.0,17.0,25.0,13.0,7.0
18/05/2019,Benfica,Santa Clara,4.0,1.0,H,4.0,8.0,0.0,1.0,8.0,3.0,10.0,3.0,21.0,17.0
18/05/2019,Feirense,Aves,2.0,1.0,H,5.0,4.0,3.0,1.0,8.0,4.0,20.0,14.0,17.0,15.0
18/05/2019,Maritimo,Boavista,0.0,1.0,A,7.0,3.0,1.0,3.0,5.0,3.0,18.0,16.0,17.0,9.0
18/05/2019,Porto,Sp Lisbon,2.0,1.0,H,17.0,1.0,4.0,4.0,8.0,1.0,18.0,11.0,29.0,2.0
18/05/2019,Setubal,Rio Ave,1.0,3.0,A,4.0,7.0,1.0,2.0,4.0,7.0,17.0,19.0,9.0,15.0
19/05/2019,Moreirense,Guimaraes,1.0,3.0,A,12.0,2.0,3.0,2.0,6.0,6.0,23.0,17.0,16.0,14.0
19/05/2019,Tondela,Chaves,5.0,2.0,H,6.0,3.0,5.0,3.0,7.0,5.0,19.0,29.0,13.0,18.0
09/08/2019,Portimonense,Belenenses,0.0,0.0,D,5.0,5.0,1.0,1.0,5.0,2.0,19.0,15.0,16.0,8.0
10/08/2019,Benfica,Pacos Ferreira,5.0,0.0,H,10.0,3.0,0.0,4.0,7.0,0.0,15.0,11.0,15.0,7.0
10/08/2019,Gil Vicente,Porto,2.0,1.0,H,4.0,6.0,3.0,3.0,7.0,5.0,15.0,19.0,13.0,16.0
10/08/2019,Santa Clara,Famalicao,0.0,2.0,A,14.0,6.0,0.0,3.0,6.0,6.0,14.0,22.0,22.0,14.0
11/08/2019,Boavista,Aves,2.0,1.0,H,3.0,8.0,5.0,3.0,3.0,2.0,24.0,20.0,8.0,17.0
11/08/2019,Maritimo,Sp Lisbon,1.0,1.0,D,2.0,8.0,4.0,4.0,3.0,2.0,14.0,14.0,10.0,17.0
11/08/2019,Sp Braga,Moreirense,3.0,1.0,H,7.0,4.0,2.0,2.0,9.0,4.0,14.0,11.0,19.0,11.0
12/08/2019,Setubal,Tondela,0.0,0.0,D,3.0,3.0,7.0,2.0,4.0,2.0,23.0,18.0,7.0,7.0
16/08/2019,Famalicao,Rio Ave,1.0,0.0,H,5.0,2.0,3.0,5.0,4.0,1.0,16.0,16.0,16.0,13.0
17/08/2019,Belenenses,Benfica,0.0,2.0,A,5.0,4.0,7.0,1.0,1.0,5.0,11.0,10.0,7.0,21.0
17/08/2019,Moreirense,Gil Vicente,3.0,0.0,H,3.0,5.0,0.0,3.0,4.0,2.0,17.0,16.0,12.0,16.0
17/08/2019,Porto,Setubal,4.0,0.0,H,7.0,0.0,0.0,2.0,10.0,5.0,16.0,16.0,23.0,6.0
18/08/2019,Aves,Maritimo,3.0,1.0,H,4.0,6.0,2.0,4.0,4.0,1.0,25.0,14.0,11.0,10.0
18/08/2019,Guimaraes,Boavista,1.0,1.0,D,4.0,2.0,3.0,3.0,4.0,2.0,14.0,13.0,16.0,5.0
18/08/2019,Pacos Ferreira,Santa Clara,0.0,1.0,A,8.0,3.0,3.0,1.0,3.0,3.0,24.0,20.0,19.0,6.0
18/08/2019,Sp Lisbon,Sp Braga,2.0,1.0,H,2.0,7.0,3.0,5.0,6.0,7.0,13.0,16.0,11.0,21.0
19/08/2019,Tondela,Portimonense,1.0,2.0,A,6.0,3.0,1.0,1.0,3.0,6.0,11.0,16.0,8.0,14.0
23/08/2019,Rio Ave,Aves,5.0,1.0,H,3.0,6.0,0.0,3.0,9.0,1.0,17.0,15.0,17.0,7.0
23/08/2019,Setubal,Moreirense,0.0,0.0,D,9.0,5.0,3.0,1.0,1.0,2.0,18.0,27.0,18.0,5.0
24/08/2019,Benfica,Porto,0.0,2.0,A,5.0,4.0,2.0,5.0,1.0,5.0,15.0,12.0,6.0,11.0
24/08/2019,Boavista,Pacos Ferreira,1.0,1.0,D,6.0,8.0,5.0,2.0,2.0,5.0,17.0,17.0,15.0,14.0
25/08/2019,Gil Vicente,Sp Braga,1.0,1.0,D,5.0,1.0,2.0,2.0,6.0,4.0,13.0,13.0,15.0,8.0
25/08/2019,Guimaraes,Famalicao,1.0,1.0,D,12.0,5.0,4.0,1.0,4.0,3.0,16.0,12.0,18.0,15.0
25/08/2019,Maritimo,Tondela,2.0,3.0,A,4.0,6.0,2.0,5.0,5.0,7.0,11.0,13.0,15.0,10.0
25/08/2019,Portimonense,Sp Lisbon,1.0,3.0,A,3.0,6.0,1.0,0.0,2.0,6.0,16.0,13.0,16.0,11.0
25/08/2019,Santa Clara,Belenenses,0.0,0.0,D,9.0,2.0,2.0,1.0,3.0,1.0,10.0,12.0,15.0,6.0
30/08/2019,Belenenses,Boavista,0.0,1.0,A,5.0,1.0,3.0,4.0,3.0,7.0,17.0,20.0,9.0,12.0
30/08/2019,Moreirense,Portimonense,1.0,0.0,H,0.0,3.0,2.0,5.0,3.0,2.0,21.0,23.0,9.0,10.0
31/08/2019,Aves,Famalicao,2.0,3.0,A,4.0,7.0,5.0,3.0,6.0,7.0,21.0,11.0,18.0,12.0
31/08/2019,Gil Vicente,Setubal,0.0,0.0,D,7.0,6.0,3.0,6.0,2.0,3.0,16.0,18.0,15.0,8.0
31/08/2019,Pacos Ferreira,Maritimo,0.0,1.0,A,7.0,0.0,1.0,4.0,3.0,2.0,19.0,15.0,21.0,9.0
31/08/2019,Sp Lisbon,Rio Ave,2.0,3.0,A,1.0,2.0,2.0,2.0,5.0,3.0,18.0,14.0,9.0,6.0
01/09/2019,Porto,Guimaraes,3.0,0.0,H,7.0,5.0,3.0,3.0,10.0,3.0,19.0,7.0,18.0,8.0
01/09/2019,Sp Braga,Benfica,0.0,4.0,A,4.0,5.0,2.0,1.0,2.0,6.0,10.0,16.0,11.0,12.0
01/09/2019,Tondela,Santa Clara,0.0,0.0,D,7.0,10.0,2.0,2.0,4.0,4.0,9.0,11.0,11.0,13.0
08/09/2019,Rio Ave,Guimaraes,1.0,1.0,D,5.0,8.0,2.0,2.0,2.0,5.0,13.0,16.0,6.0,15.0
13/09/2019,Setubal,Sp Braga,1.0,0.0,H,1.0,7.0,1.0,4.0,4.0,6.0,13.0,11.0,7.0,22.0
14/09/2019,Benfica,Gil Vicente,2.0,0.0,H,9.0,7.0,1.0,4.0,4.0,1.0,13.0,14.0,13.0,8.0
14/09/2019,Famalicao,Pacos Ferreira,4.0,2.0,H,1.0,9.0,3.0,2.0,5.0,3.0,20.0,18.0,11.0,15.0
14/09/2019,Guimaraes,Aves,5.0,1.0,H,9.0,6.0,3.0,2.0,8.0,2.0,12.0,15.0,18.0,12.0
15/09/2019,Boavista,Sp Lisbon,1.0,1.0,D,5.0,8.0,2.0,6.0,4.0,3.0,22.0,17.0,11.0,13.0
15/09/2019,Maritimo,Belenenses,1.0,3.0,A,8.0,9.0,2.0,3.0,4.0,7.0,11.0,26.0,12.0,13.0
15/09/2019,Portimonense,Porto,2.0,3.0,A,1.0,10.0,1.0,1.0,4.0,6.0,10.0,14.0,8.0,21.0
15/09/2019,Rio Ave,Tondela,2.0,4.0,A,8.0,0.0,2.0,3.0,6.0,4.0,15.0,18.0,23.0,5.0
15/09/2019,Santa Clara,Moreirense,2.0,0.0,H,6.0,3.0,3.0,2.0,5.0,2.0,13.0,20.0,18.0,12.0
20/09/2019,Pacos Ferreira,Aves,2.0,1.0,H,9.0,2.0,5.0,3.0,2.0,3.0,24.0,13.0,15.0,8.0
21/09/2019,Belenenses,Rio Ave,0.0,2.0,A,4.0,1.0,3.0,0.0,2.0,4.0,20.0,13.0,9.0,16.0
21/09/2019,Moreirense,Benfica,1.0,2.0,A,3.0,5.0,3.0,2.0,2.0,2.0,12.0,15.0,6.0,20.0
22/09/2019,Gil Vicente,Boavista,0.0,0.0,D,10.0,4.0,5.0,2.0,6.0,0.0,18.0,19.0,15.0,4.0
22/09/2019,Porto,Santa Clara,2.0,0.0,H,9.0,0.0,4.0,4.0,7.0,2.0,25.0,11.0,19.0,6.0
22/09/2019,Setubal,Portimonense,0.0,0.0,D,4.0,2.0,3.0,0.0,3.0,1.0,17.0,9.0,7.0,7.0
22/09/2019,Tondela,Guimaraes,1.0,3.0,A,5.0,5.0,2.0,4.0,3.0,6.0,9.0,21.0,5.0,20.0
23/09/2019,Sp Braga,Maritimo,2.0,2.0,D,9.0,3.0,2.0,5.0,6.0,3.0,15.0,17.0,26.0,6.0
23/09/2019,Sp Lisbon,Famalicao,1.0,2.0,A,6.0,6.0,3.0,2.0,5.0,7.0,16.0,14.0,20.0,13.0
27/09/2019,Boavista,Tondela,0.0,0.0,D,6.0,4.0,3.0,4.0,3.0,0.0,21.0,17.0,16.0,5.0
28/09/2019,Benfica,Setubal,1.0,0.0,H,14.0,3.0,4.0,4.0,3.0,2.0,11.0,8.0,13.0,9.0
28/09/2019,Famalicao,Belenenses,3.0,1.0,H,6.0,2.0,2.0,2.0,6.0,3.0,15.0,10.0,16.0,9.0
28/09/2019,Maritimo,Moreirense,2.0,1.0,H,6.0,2.0,4.0,6.0,4.0,4.0,13.0,21.0,12.0,12.0
29/09/2019,Guimaraes,Pacos Ferreira,1.0,0.0,H,10.0,3.0,1.0,6.0,4.0,1.0,16.0,23.0,14.0,5.0
29/09/2019,Portimonense,Sp Braga,0.0,1.0,A,2.0,7.0,3.0,4.0,5.0,3.0,11.0,23.0,12.0,9.0
29/09/2019,Rio Ave,Porto,0.0,1.0,A,0.0,6.0,3.0,3.0,1.0,5.0,15.0,15.0,8.0,13.0
29/09/2019,Santa Clara,Gil Vicente,1.0,0.0,H,6.0,6.0,4.0,1.0,6.0,5.0,17.0,15.0,14.0,7.0
30/09/2019,Aves,Sp Lisbon,0.0,1.0,A,3.0,7.0,3.0,2.0,2.0,3.0,12.0,19.0,7.0,15.0
05/10/2019,Aves,Tondela,0.0,1.0,A,6.0,8.0,1.0,1.0,1.0,2.0,12.0,14.0,12.0,11.0
25/10/2019,Pacos Ferreira,Rio Ave,0.0,0.0,D,2.0,4.0,0.0,1.0,3.0,0.0,19.0,15.0,16.0,4.0
26/10/2019,Belenenses,Aves,3.0,2.0,H,7.0,6.0,3.0,2.0,5.0,2.0,16.0,21.0,11.0,8.0
26/10/2019,Gil Vicente,Portimonense,1.0,1.0,D,2.0,3.0,3.0,2.0,2.0,4.0,22.0,20.0,6.0,10.0
26/10/2019,Moreirense,Boavista,1.0,1.0,D,1.0,10.0,3.0,4.0,4.0,4.0,18.0,20.0,9.0,23.0
26/10/2019,Setubal,Maritimo,0.0,0.0,D,5.0,5.0,0.0,1.0,2.0,3.0,14.0,20.0,11.0,10.0
27/10/2019,Porto,Famalicao,3.0,0.0,H,4.0,3.0,0.0,3.0,9.0,2.0,14.0,12.0,19.0,5.0
27/10/2019,Sp Lisbon,Guimaraes,3.0,1.0,H,3.0,4.0,1.0,1.0,6.0,3.0,7.0,9.0,13.0,13.0
27/10/2019,Tondela,Benfica,0.0,1.0,A,5.0,5.0,1.0,2.0,4.0,3.0,17.0,14.0,9.0,12.0
28/10/2019,Sp Braga,Santa Clara,2.0,0.0,H,4.0,6.0,1.0,1.0,12.0,5.0,18.0,7.0,20.0,8.0
30/10/2019,Benfica,Portimonense,4.0,0.0,H,5.0,1.0,1.0,1.0,6.0,2.0,14.0,9.0,17.0,8.0
30/10/2019,Famalicao,Gil Vicente,2.0,1.0,H,9.0,2.0,3.0,1.0,2.0,4.0,17.0,15.0,10.0,12.0
30/10/2019,Guimaraes,Belenenses,5.0,0.0,H,6.0,3.0,1.0,4.0,6.0,2.0,13.0,13.0,14.0,6.0
30/10/2019,Maritimo,Porto,1.0,1.0,D,6.0,9.0,4.0,5.0,2.0,5.0,17.0,20.0,6.0,14.0
30/10/2019,Rio Ave,Moreirense,1.0,1.0,D,13.0,3.0,1.0,1.0,7.0,4.0,14.0,14.0,20.0,8.0
31/10/2019,Boavista,Sp Braga,2.0,0.0,H,3.0,7.0,4.0,2.0,2.0,2.0,14.0,8.0,10.0,19.0
31/10/2019,Pacos Ferreira,Sp Lisbon,1.0,2.0,A,10.0,4.0,5.0,7.0,5.0,4.0,19.0,25.0,12.0,12.0
31/10/2019,Santa Clara,Setubal,1.0,1.0,D,7.0,6.0,3.0,5.0,4.0,3.0,9.0,17.0,20.0,13.0
02/11/2019,Benfica,Rio Ave,2.0,0.0,H,10.0,2.0,1.0,3.0,4.0,0.0,11.0,14.0,20.0,3.0
02/11/2019,Moreirense,Guimaraes,1.0,1.0,D,8.0,9.0,5.0,3.0,1.0,6.0,21.0,11.0,7.0,15.0
03/11/2019,Gil Vicente,Maritimo,2.0,0.0,H,4.0,3.0,0.0,0.0,6.0,1.0,18.0,14.0,15.0,8.0
03/11/2019,Porto,Aves,1.0,0.0,H,6.0,2.0,1.0,1.0,4.0,0.0,21.0,15.0,12.0,9.0
03/11/2019,Sp Braga,Famalicao,2.0,2.0,D,11.0,2.0,5.0,4.0,5.0,4.0,11.0,15.0,18.0,6.0
03/11/2019,Tondela,Sp Lisbon,1.0,0.0,H,1.0,7.0,4.0,3.0,3.0,3.0,15.0,13.0,5.0,15.0
04/11/2019,Belenenses,Pacos Ferreira,1.0,0.0,H,1.0,9.0,1.0,4.0,2.0,5.0,22.0,23.0,8.0,16.0
04/11/2019,Portimonense,Santa Clara,1.0,1.0,D,4.0,8.0,4.0,2.0,4.0,4.0,11.0,15.0,14.0,15.0
04/11/2019,Setubal,Boavista,1.0,0.0,H,2.0,11.0,3.0,4.0,2.0,5.0,8.0,9.0,7.0,27.0
08/11/2019,Aves,Gil Vicente,1.0,2.0,A,7.0,4.0,2.0,3.0,4.0,4.0,19.0,26.0,5.0,5.0
09/11/2019,Famalicao,Moreirense,3.0,3.0,D,2.0,2.0,3.0,3.0,14.0,5.0,15.0,10.0,17.0,9.0
09/11/2019,Rio Ave,Setubal,1.0,0.0,H,9.0,4.0,0.0,1.0,3.0,3.0,14.0,10.0,7.0,10.0
09/11/2019,Santa Clara,Benfica,1.0,2.0,A,2.0,4.0,3.0,3.0,3.0,6.0,13.0,10.0,12.0,11.0
10/11/2019,Boavista,Porto,0.0,1.0,A,3.0,6.0,3.0,1.0,1.0,1.0,14.0,16.0,7.0,9.0
10/11/2019,Guimaraes,Sp Braga,0.0,2.0,A,11.0,2.0,5.0,2.0,2.0,5.0,17.0,16.0,14.0,9.0
10/11/2019,Maritimo,Portimonense,1.0,1.0,D,3.0,1.0,4.0,6.0,4.0,2.0,25.0,21.0,15.0,10.0
10/11/2019,Pacos Ferreira,Tondela,1.0,0.0,H,3.0,5.0,5.0,2.0,2.0,5.0,24.0,24.0,9.0,13.0
10/11/2019,Sp Lisbon,Belenenses,2.0,0.0,H,6.0,5.0,4.0,3.0,5.0,3.0,15.0,18.0,19.0,9.0
29/11/2019,Santa Clara,Boavista,1.0,2.0,A,10.0,2.0,2.0,2.0,2.0,7.0,17.0,19.0,15.0,17.0
30/11/2019,Benfica,Maritimo,4.0,0.0,H,4.0,3.0,3.0,2.0,9.0,1.0,12.0,13.0,12.0,12.0
30/11/2019,Moreirense,Aves,3.0,2.0,H,11.0,5.0,1.0,2.0,5.0,3.0,11.0,18.0,18.0,12.0
30/11/2019,Portimonense,Famalicao,2.0,1.0,H,6.0,3.0,1.0,1.0,5.0,4.0,21.0,17.0,12.0,12.0
01/12/2019,Gil Vicente,Sp Lisbon,3.0,1.0,H,1.0,3.0,4.0,2.0,4.0,2.0,14.0,13.0,7.0,9.0
01/12/2019,Setubal,Guimaraes,1.0,1.0,D,10.0,7.0,2.0,1.0,4.0,3.0,16.0,15.0,17.0,13.0
01/12/2019,Tondela,Belenenses,0.0,1.0,A,8.0,7.0,2.0,3.0,3.0,3.0,14.0,16.0,15.0,11.0
02/12/2019,Porto,Pacos Ferreira,2.0,0.0,H,8.0,1.0,2.0,3.0,6.0,4.0,18.0,13.0,8.0,5.0
02/12/2019,Sp Braga,Rio Ave,2.0,0.0,H,7.0,3.0,2.0,2.0,4.0,2.0,20.0,12.0,12.0,9.0
06/12/2019,Boavista,Benfica,1.0,4.0,A,3.0,5.0,4.0,4.0,5.0,6.0,17.0,10.0,9.0,11.0
07/12/2019,Aves,Sp Braga,1.0,0.0,H,3.0,13.0,5.0,5.0,1.0,2.0,24.0,17.0,6.0,13.0
07/12/2019,Famalicao,Tondela,2.0,3.0,A,9.0,3.0,2.0,7.0,10.0,5.0,16.0,18.0,27.0,8.0
07/12/2019,Maritimo,Santa Clara,2.0,2.0,D,11.0,4.0,3.0,4.0,7.0,2.0,12.0,19.0,12.0,6.0
08/12/2019,Belenenses,Porto,1.0,1.0,D,2.0,4.0,7.0,2.0,3.0,7.0,21.0,18.0,5.0,16.0
08/12/2019,Guimaraes,Portimonense,2.0,0.0,H,8.0,3.0,1.0,1.0,5.0,2.0,15.0,9.0,10.0,13.0
08/12/2019,Pacos Ferreira,Setubal,2.0,3.0,A,8.0,5.0,4.0,5.0,4.0,4.0,24.0,16.0,21.0,9.0
08/12/2019,Sp Lisbon,Moreirense,1.0,0.0,H,8.0,2.0,3.0,4.0,9.0,1.0,16.0,11.0,28.0,9.0
09/12/2019,Rio Ave,Gil Vicente,1.0,0.0,H,7.0,1.0,3.0,2.0,2.0,4.0,20.0,18.0,9.0,8.0
13/12/2019,Portimonense,Rio Ave,1.0,1.0,D,5.0,1.0,4.0,3.0,6.0,2.0,18.0,14.0,16.0,9.0
14/12/2019,Benfica,Famalicao,4.0,0.0,H,8.0,3.0,0.0,2.0,6.0,4.0,7.0,7.0,17.0,8.0
14/12/2019,Maritimo,Boavista,1.0,0.0,H,4.0,6.0,2.0,1.0,3.0,1.0,19.0,26.0,9.0,11.0
14/12/2019,Setubal,Aves,1.0,0.0,H,7.0,6.0,4.0,3.0,2.0,5.0,19.0,18.0,11.0,11.0
15/12/2019,Gil Vicente,Guimaraes,2.0,2.0,D,3.0,7.0,4.0,1.0,4.0,7.0,15.0,17.0,6.0,16.0
15/12/2019,Moreirense,Belenenses,2.0,1.0,H,8.0,3.0,1.0,5.0,7.0,2.0,18.0,15.0,13.0,8.0
15/12/2019,Sp Braga,Pacos Ferreira,0.0,1.0,A,10.0,3.0,1.0,5.0,5.0,1.0,14.0,22.0,23.0,3.0
16/12/2019,Porto,Tondela,3.0,0.0,H,8.0,0.0,0.0,0.0,5.0,0.0,16.0,9.0,12.0,2.0
16/12/2019,Santa Clara,Sp Lisbon,0.0,4.0,A,2.0,8.0,1.0,1.0,3.0,7.0,12.0,6.0,12.0,19.0
04/01/2020,Aves,Santa Clara,0.0,1.0,A,7.0,9.0,4.0,2.0,4.0,3.0,16.0,10.0,10.0,3.0
04/01/2020,Belenenses,Sp Braga,1.0,7.0,A,2.0,4.0,4.0,1.0,2.0,15.0,11.0,13.0,3.0,18.0
04/01/2020,Boavista,Portimonense,1.0,1.0,D,4.0,5.0,1.0,2.0,2.0,5.0,16.0,15.0,5.0,6.0
04/01/2020,Guimaraes,Benfica,0.0,1.0,A,6.0,7.0,4.0,3.0,5.0,3.0,12.0,15.0,11.0,4.0
05/01/2020,Famalicao,Setubal,3.0,0.0,H,3.0,2.0,2.0,1.0,7.0,2.0,24.0,13.0,13.0,4.0
05/01/2020,Pacos Ferreira,Moreirense,1.0,0.0,H,2.0,5.0,4.0,4.0,3.0,1.0,20.0,16.0,6.0,5.0
05/01/2020,Rio Ave,Maritimo,0.0,1.0,A,3.0,2.0,1.0,5.0,3.0,3.0,11.0,25.0,6.0,6.0
05/01/2020,Sp Lisbon,Porto,1.0,2.0,A,4.0,3.0,5.0,5.0,2.0,7.0,21.0,16.0,11.0,9.0
05/01/2020,Tondela,Gil Vicente,1.0,1.0,D,3.0,5.0,2.0,2.0,1.0,9.0,19.0,21.0,7.0,10.0
10/01/2020,Benfica,Aves,2.0,1.0,H,17.0,2.0,4.0,2.0,11.0,3.0,12.0,11.0,28.0,6.0
10/01/2020,Moreirense,Porto,2.0,4.0,A,4.0,7.0,2.0,4.0,5.0,6.0,11.0,11.0,8.0,14.0
10/01/2020,Santa Clara,Rio Ave,0.0,1.0,A,3.0,4.0,2.0,3.0,4.0,3.0,12.0,22.0,8.0,5.0
11/01/2020,Boavista,Famalicao,0.0,1.0,A,8.0,5.0,5.0,4.0,3.0,5.0,17.0,25.0,9.0,8.0
11/01/2020,Portimonense,Pacos Ferreira,0.0,0.0,D,3.0,4.0,2.0,3.0,4.0,0.0,18.0,21.0,8.0,2.0
11/01/2020,Setubal,Sp Lisbon,1.0,3.0,A,3.0,5.0,3.0,3.0,2.0,5.0,7.0,13.0,10.0,9.0
12/01/2020,Gil Vicente,Belenenses,2.0,0.0,H,5.0,5.0,0.0,0.0,7.0,2.0,16.0,20.0,9.0,4.0
12/01/2020,Maritimo,Guimaraes,0.0,0.0,D,3.0,16.0,1.0,2.0,1.0,9.0,19.0,16.0,4.0,15.0
12/01/2020,Sp Braga,Tondela,2.0,1.0,H,9.0,1.0,4.0,3.0,6.0,2.0,10.0,10.0,17.0,6.0
17/01/2020,Porto,Sp Braga,1.0,2.0,A,10.0,5.0,5.0,6.0,3.0,1.0,21.0,14.0,7.0,2.0
17/01/2020,Sp Lisbon,Benfica,0.0,2.0,A,6.0,3.0,4.0,4.0,6.0,4.0,17.0,11.0,10.0,9.0
18/01/2020,Aves,Portimonense,3.0,0.0,H,5.0,7.0,3.0,3.0,7.0,1.0,12.0,12.0,12.0,9.0
18/01/2020,Belenenses,Setubal,0.0,1.0,A,9.0,3.0,2.0,5.0,1.0,4.0,16.0,19.0,10.0,7.0
18/01/2020,Guimaraes,Santa Clara,1.0,0.0,H,5.0,4.0,4.0,5.0,5.0,1.0,15.0,21.0,15.0,3.0
18/01/2020,Tondela,Moreirense,1.0,1.0,D,2.0,2.0,1.0,3.0,4.0,1.0,11.0,21.0,16.0,5.0
19/01/2020,Famalicao,Maritimo,1.0,1.0,D,6.0,2.0,2.0,5.0,6.0,2.0,20.0,14.0,17.0,4.0
19/01/2020,Pacos Ferreira,Gil Vicente,0.0,0.0,D,7.0,4.0,1.0,1.0,5.0,3.0,16.0,13.0,8.0,8.0
19/01/2020,Rio Ave,Boavista,2.0,0.0,H,4.0,5.0,1.0,4.0,2.0,2.0,15.0,21.0,3.0,6.0
26/01/2020,Aves,Boavista,0.0,1.0,A,4.0,4.0,4.0,5.0,2.0,3.0,15.0,24.0,3.0,9.0
26/01/2020,Belenenses,Portimonense,2.0,1.0,H,2.0,6.0,1.0,2.0,4.0,6.0,13.0,13.0,9.0,13.0
26/01/2020,Famalicao,Santa Clara,0.0,1.0,A,12.0,7.0,2.0,4.0,1.0,2.0,14.0,14.0,11.0,5.0
26/01/2020,Pacos Ferreira,Benfica,0.0,2.0,A,6.0,7.0,3.0,2.0,2.0,6.0,17.0,16.0,6.0,11.0
26/01/2020,Tondela,Setubal,0.0,3.0,A,11.0,2.0,1.0,2.0,6.0,4.0,17.0,16.0,12.0,5.0
27/01/2020,Guimaraes,Rio Ave,1.0,2.0,A,14.0,1.0,0.0,4.0,7.0,3.0,14.0,18.0,14.0,5.0
27/01/2020,Sp Lisbon,Maritimo,1.0,0.0,H,12.0,3.0,2.0,3.0,5.0,2.0,14.0,14.0,14.0,4.0
28/01/2020,Porto,Gil Vicente,2.0,1.0,H,5.0,2.0,2.0,3.0,2.0,2.0,24.0,24.0,6.0,6.0
29/01/2020,Moreirense,Sp Braga,1.0,2.0,A,2.0,6.0,3.0,3.0,4.0,6.0,14.0,15.0,6.0,11.0
31/01/2020,Benfica,Belenenses,3.0,2.0,H,10.0,9.0,2.0,4.0,6.0,5.0,8.0,11.0,12.0,15.0
31/01/2020,Rio Ave,Famalicao,2.0,2.0,D,4.0,6.0,4.0,3.0,3.0,7.0,13.0,20.0,7.0,17.0
01/02/2020,Portimonense,Tondela,0.0,1.0,A,4.0,2.0,3.0,3.0,4.0,2.0,18.0,13.0,11.0,9.0
01/02/2020,Setubal,Porto,0.0,4.0,A,3.0,5.0,1.0,2.0,2.0,6.0,13.0,11.0,7.0,20.0
02/02/2020,Boavista,Guimaraes,2.0,0.0,H,1.0,11.0,5.0,2.0,5.0,8.0,21.0,14.0,9.0,18.0
02/02/2020,Gil Vicente,Moreirense,1.0,5.0,A,10.0,1.0,1.0,2.0,5.0,6.0,6.0,19.0,9.0,10.0
02/02/2020,Maritimo,Aves,1.0,2.0,A,8.0,2.0,2.0,3.0,4.0,2.0,19.0,13.0,11.0,9.0
02/02/2020,Santa Clara,Pacos Ferreira,2.0,1.0,H,3.0,2.0,2.0,4.0,4.0,2.0,12.0,16.0,10.0,7.0
02/02/2020,Sp Braga,Sp Lisbon,1.0,0.0,H,5.0,9.0,4.0,7.0,8.0,9.0,15.0,14.0,13.0,15.0
07/02/2020,Pacos Ferreira,Boavista,0.0,1.0,A,13.0,2.0,2.0,4.0,5.0,3.0,16.0,20.0,20.0,7.0
08/02/2020,Belenenses,Santa Clara,0.0,2.0,A,7.0,8.0,0.0,2.0,1.0,3.0,10.0,23.0,13.0,9.0
08/02/2020,Famalicao,Guimaraes,0.0,7.0,A,1.0,6.0,2.0,3.0,3.0,10.0,11.0,14.0,6.0,19.0
08/02/2020,Porto,Benfica,3.0,2.0,H,4.0,4.0,4.0,6.0,4.0,3.0,12.0,19.0,17.0,9.0
08/02/2020,Sp Braga,Gil Vicente,2.0,2.0,D,3.0,6.0,2.0,4.0,7.0,7.0,8.0,18.0,10.0,13.0
09/02/2020,Aves,Rio Ave,0.0,4.0,A,5.0,10.0,5.0,1.0,2.0,6.0,15.0,17.0,7.0,12.0
09/02/2020,Moreirense,Setubal,1.0,1.0,D,8.0,4.0,2.0,4.0,6.0,1.0,16.0,21.0,19.0,8.0
09/02/2020,Sp Lisbon,Portimonense,2.0,1.0,H,3.0,2.0,1.0,1.0,4.0,3.0,9.0,18.0,20.0,10.0
09/02/2020,Tondela,Maritimo,0.0,0.0,D,3.0,4.0,1.0,3.0,1.0,5.0,23.0,28.0,10.0,10.0
14/02/2020,Setubal,Gil Vicente,1.0,2.0,A,5.0,3.0,1.0,3.0,2.0,3.0,18.0,17.0,7.0,7.0
15/02/2020,Benfica,Sp Braga,0.0,1.0,A,3.0,6.0,2.0,5.0,3.0,7.0,21.0,16.0,10.0,12.0
15/02/2020,Portimonense,Moreirense,1.0,1.0,D,8.0,4.0,1.0,1.0,3.0,2.0,20.0,18.0,12.0,9.0
15/02/2020,Rio Ave,Sp Lisbon,1.0,1.0,D,9.0,1.0,3.0,3.0,6.0,2.0,16.0,14.0,15.0,7.0
15/02/2020,Santa Clara,Tondela,1.0,0.0,H,8.0,4.0,1.0,2.0,3.0,1.0,17.0,14.0,16.0,6.0
16/02/2020,Boavista,Belenenses,1.0,2.0,A,9.0,6.0,1.0,2.0,4.0,4.0,16.0,13.0,19.0,11.0
16/02/2020,Famalicao,Aves,1.0,1.0,D,10.0,5.0,6.0,1.0,7.0,4.0,20.0,10.0,17.0,12.0
16/02/2020,Guimaraes,Porto,1.0,2.0,A,4.0,5.0,0.0,2.0,3.0,1.0,14.0,17.0,13.0,8.0
16/02/2020,Maritimo,Pacos Ferreira,3.0,0.0,H,5.0,6.0,2.0,3.0,5.0,3.0,16.0,17.0,8.0,16.0
21/02/2020,Aves,Guimaraes,0.0,2.0,A,6.0,5.0,2.0,1.0,2.0,4.0,18.0,21.0,8.0,9.0
22/02/2020,Belenenses,Maritimo,1.0,0.0,H,0.0,2.0,4.0,4.0,3.0,1.0,18.0,15.0,9.0,18.0
22/02/2020,Tondela,Rio Ave,1.0,2.0,A,4.0,3.0,0.0,0.0,4.0,3.0,9.0,14.0,7.0,9.0
23/02/2020,Moreirense,Santa Clara,2.0,1.0,H,1.0,2.0,1.0,3.0,4.0,4.0,18.0,20.0,9.0,11.0
23/02/2020,Pacos Ferreira,Famalicao,2.0,1.0,H,4.0,3.0,5.0,3.0,4.0,5.0,23.0,13.0,9.0,11.0
23/02/2020,Porto,Portimonense,1.0,0.0,H,8.0,3.0,2.0,5.0,4.0,0.0,13.0,18.0,24.0,6.0
23/02/2020,Sp Braga,Setubal,3.0,1.0,H,13.0,4.0,3.0,4.0,7.0,4.0,15.0,11.0,23.0,6.0
23/02/2020,Sp Lisbon,Boavista,2.0,0.0,H,6.0,5.0,2.0,2.0,4.0,4.0,10.0,18.0,7.0,9.0
24/02/2020,Gil Vicente,Benfica,0.0,1.0,A,9.0,6.0,1.0,1.0,7.0,4.0,20.0,17.0,16.0,10.0
28/02/2020,Portimonense,Setubal,0.0,0.0,D,9.0,3.0,3.0,2.0,5.0,4.0,15.0,11.0,15.0,12.0
29/02/2020,Boavista,Gil Vicente,0.0,1.0,A,4.0,2.0,2.0,2.0,2.0,4.0,19.0,18.0,15.0,9.0
29/02/2020,Rio Ave,Belenenses,0.0,0.0,D,12.0,1.0,3.0,5.0,2.0,0.0,13.0,19.0,10.0,5.0
01/03/2020,Aves,Pacos Ferreira,1.0,3.0,A,7.0,7.0,2.0,1.0,3.0,4.0,11.0,23.0,10.0,10.0
01/03/2020,Guimaraes,Tondela,2.0,0.0,H,7.0,4.0,1.0,2.0,5.0,2.0,19.0,16.0,12.0,9.0
01/03/2020,Maritimo,Sp Braga,1.0,2.0,A,5.0,8.0,4.0,3.0,3.0,6.0,14.0,17.0,12.0,18.0
02/03/2020,Benfica,Moreirense,1.0,1.0,D,10.0,0.0,1.0,3.0,9.0,1.0,13.0,15.0,26.0,7.0
02/03/2020,Santa Clara,Porto,0.0,2.0,A,2.0,3.0,2.0,3.0,1.0,2.0,17.0,15.0,11.0,7.0
03/03/2020,Famalicao,Sp Lisbon,3.0,1.0,H,6.0,6.0,3.0,3.0,3.0,3.0,18.0,18.0,13.0,13.0
06/03/2020,Sp Braga,Portimonense,3.0,1.0,H,3.0,7.0,0.0,3.0,9.0,5.0,17.0,20.0,19.0,13.0
07/03/2020,Porto,Rio Ave,1.0,1.0,D,9.0,3.0,1.0,4.0,5.0,3.0,11.0,9.0,23.0,6.0
07/03/2020,Setubal,Benfica,1.0,1.0,D,1.0,8.0,4.0,3.0,2.0,6.0,13.0,12.0,3.0,15.0
07/03/2020,Tondela,Boavista,1.0,1.0,D,0.0,5.0,0.0,2.0,4.0,6.0,11.0,25.0,11.0,10.0
08/03/2020,Belenenses,Famalicao,0.0,0.0,D,5.0,6.0,1.0,3.0,2.0,3.0,12.0,11.0,11.0,18.0
08/03/2020,Gil Vicente,Santa Clara,1.0,1.0,D,6.0,5.0,1.0,0.0,3.0,2.0,21.0,15.0,9.0,4.0
08/03/2020,Moreirense,Maritimo,2.0,0.0,H,8.0,3.0,0.0,4.0,4.0,3.0,12.0,16.0,15.0,13.0
08/03/2020,Pacos Ferreira,Guimaraes,1.0,2.0,A,5.0,5.0,2.0,2.0,5.0,4.0,15.0,13.0,12.0,13.0
08/03/2020,Sp Lisbon,Aves,2.0,0.0,H,14.0,0.0,1.0,2.0,5.0,3.0,16.0,7.0,22.0,3.0
03/06/2020,Famalicao,Porto,2.0,1.0,H,1.0,7.0,4.0,1.0,2.0,6.0,20.0,15.0,7.0,16.0
03/06/2020,Portimonense,Gil Vicente,1.0,0.0,H,5.0,5.0,0.0,2.0,2.0,2.0,20.0,15.0,6.0,6.0
04/06/2020,Benfica,Tondela,0.0,0.0,D,14.0,0.0,1.0,0.0,5.0,0.0,11.0,12.0,26.0,4.0
04/06/2020,Guimaraes,Sp Lisbon,2.0,2.0,D,7.0,3.0,4.0,2.0,3.0,5.0,23.0,21.0,13.0,17.0
04/06/2020,Maritimo,Setubal,1.0,1.0,D,10.0,1.0,3.0,1.0,4.0,3.0,22.0,22.0,20.0,12.0
05/06/2020,Aves,Belenenses,0.0,2.0,A,5.0,4.0,5.0,2.0,2.0,4.0,17.0,15.0,10.0,11.0
05/06/2020,Santa Clara,Sp Braga,3.0,2.0,H,2.0,4.0,5.0,2.0,7.0,2.0,16.0,17.0,15.0,11.0
06/06/2020,Boavista,Moreirense,0.0,1.0,A,7.0,2.0,4.0,6.0,9.0,3.0,21.0,24.0,26.0,5.0
07/06/2020,Rio Ave,Pacos Ferreira,2.0,3.0,A,8.0,7.0,4.0,5.0,8.0,6.0,13.0,20.0,23.0,9.0
09/06/2020,Gil Vicente,Famalicao,1.0,3.0,A,4.0,3.0,2.0,3.0,2.0,3.0,18.0,19.0,6.0,7.0
10/06/2020,Portimonense,Benfica,2.0,2.0,D,5.0,3.0,5.0,3.0,4.0,4.0,18.0,17.0,10.0,11.0
10/06/2020,Porto,Maritimo,1.0,0.0,H,8.0,1.0,4.0,3.0,8.0,1.0,15.0,13.0,15.0,10.0
10/06/2020,Setubal,Santa Clara,2.0,2.0,D,4.0,3.0,6.0,1.0,4.0,3.0,21.0,14.0,6.0,8.0
11/06/2020,Belenenses,Guimaraes,1.0,1.0,D,1.0,13.0,2.0,1.0,2.0,6.0,16.0,14.0,7.0,17.0
11/06/2020,Tondela,Aves,2.0,0.0,H,5.0,7.0,3.0,2.0,4.0,1.0,21.0,17.0,6.0,12.0
12/06/2020,Moreirense,Rio Ave,0.0,1.0,A,9.0,6.0,0.0,0.0,1.0,2.0,14.0,17.0,7.0,14.0
12/06/2020,Sp Lisbon,Pacos Ferreira,1.0,0.0,H,5.0,4.0,2.0,2.0,2.0,5.0,24.0,18.0,6.0,11.0
13/06/2020,Sp Braga,Boavista,0.0,1.0,A,9.0,6.0,2.0,3.0,3.0,3.0,22.0,16.0,9.0,7.0
15/06/2020,Maritimo,Gil Vicente,2.0,1.0,H,4.0,4.0,2.0,0.0,9.0,2.0,17.0,13.0,15.0,6.0
16/06/2020,Aves,Porto,0.0,0.0,D,1.0,12.0,6.0,3.0,0.0,8.0,21.0,20.0,5.0,24.0
16/06/2020,Santa Clara,Portimonense,1.0,1.0,D,13.0,7.0,2.0,4.0,5.0,2.0,17.0,14.0,9.0,8.0
17/06/2020,Pacos Ferreira,Belenenses,2.0,1.0,H,4.0,5.0,5.0,3.0,3.0,1.0,24.0,15.0,16.0,4.0
17/06/2020,Rio Ave,Benfica,1.0,2.0,A,4.0,10.0,3.0,2.0,1.0,4.0,16.0,21.0,5.0,16.0
18/06/2020,Boavista,Setubal,3.0,1.0,H,3.0,11.0,4.0,2.0,6.0,6.0,17.0,18.0,9.0,15.0
18/06/2020,Sp Lisbon,Tondela,2.0,0.0,H,4.0,6.0,0.0,3.0,2.0,3.0,16.0,20.0,8.0,7.0
19/06/2020,Famalicao,Sp Braga,0.0,0.0,D,3.0,5.0,3.0,1.0,2.0,0.0,19.0,12.0,7.0,14.0
19/06/2020,Guimaraes,Moreirense,1.0,1.0,D,6.0,5.0,3.0,0.0,4.0,4.0,15.0,11.0,13.0,11.0
21/06/2020,Gil Vicente,Aves,3.0,0.0,H,9.0,2.0,1.0,3.0,9.0,1.0,23.0,18.0,17.0,10.0
22/06/2020,Portimonense,Maritimo,3.0,2.0,H,3.0,6.0,5.0,1.0,5.0,5.0,25.0,13.0,11.0,11.0
23/06/2020,Benfica,Santa Clara,3.0,4.0,A,4.0,7.0,2.0,1.0,8.0,6.0,15.0,13.0,15.0,8.0
23/06/2020,Porto,Boavista,4.0,0.0,H,6.0,3.0,2.0,3.0,7.0,2.0,17.0,19.0,12.0,6.0
23/06/2020,Setubal,Rio Ave,1.0,2.0,A,4.0,6.0,2.0,0.0,3.0,7.0,14.0,10.0,8.0,17.0
24/06/2020,Moreirense,Famalicao,1.0,1.0,D,5.0,5.0,3.0,3.0,4.0,6.0,17.0,21.0,11.0,16.0
24/06/2020,Tondela,Pacos Ferreira,1.0,3.0,A,10.0,4.0,3.0,4.0,4.0,5.0,20.0,22.0,12.0,14.0
25/06/2020,Sp Braga,Guimaraes,3.0,2.0,H,0.0,10.0,2.0,2.0,3.0,4.0,11.0,12.0,14.0,15.0
26/06/2020,Belenenses,Sp Lisbon,1.0,3.0,A,8.0,7.0,4.0,1.0,3.0,7.0,25.0,10.0,11.0,10.0
28/06/2020,Boavista,Santa Clara,1.0,0.0,H,4.0,4.0,3.0,2.0,2.0,4.0,17.0,25.0,12.0,10.0
29/06/2020,Aves,Moreirense,0.0,1.0,A,8.0,3.0,2.0,1.0,3.0,2.0,20.0,26.0,14.0,7.0
29/06/2020,Maritimo,Benfica,2.0,0.0,H,1.0,11.0,3.0,1.0,2.0,7.0,18.0,19.0,6.0,20.0
29/06/2020,Pacos Ferreira,Porto,0.0,1.0,A,5.0,4.0,3.0,3.0,3.0,3.0,19.0,18.0,11.0,5.0
30/06/2020,Famalicao,Portimonense,0.0,1.0,A,3.0,5.0,4.0,2.0,5.0,4.0,12.0,25.0,13.0,12.0
30/06/2020,Guimaraes,Setubal,2.0,0.0,H,8.0,6.0,0.0,1.0,5.0,1.0,10.0,9.0,18.0,5.0
30/06/2020,Rio Ave,Sp Braga,4.0,3.0,H,1.0,4.0,2.0,2.0,8.0,6.0,16.0,23.0,13.0,11.0
01/07/2020,Belenenses,Tondela,1.0,1.0,D,2.0,5.0,3.0,5.0,3.0,4.0,19.0,15.0,11.0,11.0
01/07/2020,Sp Lisbon,Gil Vicente,2.0,1.0,H,4.0,3.0,0.0,2.0,4.0,3.0,23.0,14.0,12.0,8.0
03/07/2020,Santa Clara,Maritimo,0.0,1.0,A,5.0,6.0,2.0,2.0,4.0,7.0,17.0,24.0,13.0,13.0
04/07/2020,Benfica,Boavista,3.0,1.0,H,8.0,2.0,1.0,2.0,9.0,3.0,13.0,15.0,15.0,6.0
04/07/2020,Portimonense,Guimaraes,0.0,1.0,A,5.0,3.0,1.0,1.0,3.0,3.0,21.0,13.0,13.0,9.0
04/07/2020,Setubal,Pacos Ferreira,2.0,3.0,A,3.0,7.0,1.0,2.0,3.0,8.0,10.0,16.0,7.0,21.0
04/07/2020,Sp Braga,Aves,4.0,0.0,H,6.0,3.0,1.0,1.0,9.0,1.0,13.0,13.0,14.0,6.0
05/07/2020,Gil Vicente,Rio Ave,1.0,0.0,H,0.0,0.0,0.0,0.0,4.0,1.0,0.0,0.0,13.0,5.0
05/07/2020,Porto,Belenenses,5.0,0.0,H,3.0,5.0,2.0,3.0,7.0,1.0,18.0,14.0,17.0,10.0
05/07/2020,Tondela,Famalicao,0.0,1.0,A,8.0,6.0,3.0,5.0,2.0,3.0,6.0,16.0,11.0,10.0
06/07/2020,Moreirense,Sp Lisbon,0.0,0.0,D,5.0,9.0,3.0,4.0,0.0,2.0,16.0,19.0,9.0,14.0
08/07/2020,Aves,Setubal,1.0,0.0,H,5.0,4.0,5.0,4.0,4.0,3.0,20.0,17.0,7.0,14.0
08/07/2020,Boavista,Maritimo,0.0,1.0,A,2.0,4.0,3.0,1.0,1.0,6.0,22.0,17.0,11.0,11.0
09/07/2020,Famalicao,Benfica,1.0,1.0,D,4.0,8.0,2.0,3.0,6.0,9.0,12.0,16.0,12.0,20.0
09/07/2020,Rio Ave,Portimonense,2.0,1.0,H,8.0,7.0,1.0,2.0,2.0,2.0,12.0,21.0,7.0,8.0
09/07/2020,Tondela,Porto,1.0,3.0,A,3.0,3.0,3.0,4.0,2.0,4.0,15.0,17.0,9.0,13.0
10/07/2020,Guimaraes,Gil Vicente,1.0,2.0,A,3.0,1.0,2.0,0.0,1.0,4.0,16.0,13.0,12.0,10.0
10/07/2020,Pacos Ferreira,Sp Braga,1.0,5.0,A,3.0,1.0,5.0,3.0,3.0,8.0,16.0,12.0,7.0,8.0
10/07/2020,Sp Lisbon,Santa Clara,1.0,0.0,H,8.0,3.0,4.0,2.0,1.0,0.0,12.0,15.0,12.0,4.0
11/07/2020,Belenenses,Moreirense,0.0,1.0,A,11.0,4.0,4.0,2.0,0.0,7.0,20.0,21.0,10.0,16.0
13/07/2020,Maritimo,Rio Ave,0.0,0.0,D,4.0,5.0,0.0,2.0,3.0,2.0,19.0,20.0,16.0,9.0
13/07/2020,Setubal,Famalicao,1.0,2.0,A,5.0,8.0,4.0,4.0,1.0,3.0,15.0,14.0,8.0,11.0
14/07/2020,Benfica,Guimaraes,2.0,0.0,H,4.0,6.0,2.0,0.0,5.0,3.0,23.0,12.0,12.0,12.0
14/07/2020,Gil Vicente,Tondela,3.0,2.0,H,8.0,10.0,2.0,4.0,6.0,7.0,13.0,19.0,11.0,15.0
14/07/2020,Portimonense,Boavista,2.0,1.0,H,9.0,3.0,1.0,5.0,6.0,5.0,18.0,22.0,15.0,16.0
14/07/2020,Santa Clara,Aves,3.0,0.0,H,4.0,11.0,0.0,1.0,4.0,3.0,13.0,19.0,12.0,9.0
15/07/2020,Moreirense,Pacos Ferreira,1.0,1.0,D,4.0,4.0,2.0,5.0,3.0,2.0,16.0,13.0,12.0,6.0
15/07/2020,Porto,Sp Lisbon,2.0,0.0,H,5.0,8.0,4.0,2.0,4.0,2.0,16.0,20.0,8.0,8.0
15/07/2020,Sp Braga,Belenenses,1.0,1.0,D,11.0,1.0,2.0,2.0,7.0,1.0,17.0,17.0,32.0,7.0
18/07/2020,Famalicao,Boavista,2.0,2.0,D,7.0,3.0,2.0,3.0,6.0,5.0,13.0,20.0,13.0,13.0
18/07/2020,Rio Ave,Santa Clara,2.0,2.0,D,9.0,4.0,3.0,2.0,6.0,7.0,23.0,15.0,18.0,11.0
19/07/2020,Belenenses,Gil Vicente,1.0,0.0,H,3.0,3.0,4.0,4.0,2.0,3.0,18.0,23.0,7.0,8.0
19/07/2020,Guimaraes,Maritimo,1.0,0.0,H,3.0,1.0,2.0,4.0,4.0,2.0,24.0,14.0,10.0,7.0
20/07/2020,Pacos Ferreira,Portimonense,2.0,1.0,H,0.0,5.0,2.0,3.0,2.0,3.0,14.0,22.0,10.0,9.0
20/07/2020,Porto,Moreirense,6.0,1.0,H,2.0,3.0,1.0,1.0,9.0,4.0,13.0,10.0,14.0,8.0
20/07/2020,Tondela,Sp Braga,1.0,0.0,H,4.0,5.0,5.0,0.0,2.0,1.0,22.0,18.0,8.0,7.0
21/07/2020,Aves,Benfica,0.0,4.0,A,1.0,6.0,1.0,0.0,2.0,11.0,12.0,22.0,8.0,21.0
21/07/2020,Sp Lisbon,Setubal,0.0,0.0,D,6.0,0.0,1.0,3.0,3.0,1.0,15.0,18.0,13.0,3.0
24/07/2020,Gil Vicente,Pacos Ferreira,3.0,3.0,D,7.0,5.0,3.0,2.0,5.0,7.0,22.0,20.0,13.0,13.0
24/07/2020,Santa Clara,Guimaraes,2.0,2.0,D,3.0,9.0,4.0,3.0,3.0,4.0,21.0,12.0,7.0,10.0
25/07/2020,Benfica,Sp Lisbon,2.0,1.0,H,8.0,3.0,4.0,3.0,4.0,5.0,21.0,14.0,17.0,12.0
25/07/2020,Boavista,Rio Ave,0.0,2.0,A,6.0,5.0,3.0,2.0,2.0,4.0,18.0,18.0,10.0,7.0
25/07/2020,Maritimo,Famalicao,3.0,3.0,D,1.0,10.0,5.0,3.0,5.0,5.0,19.0,17.0,8.0,17.0
25/07/2020,Sp Braga,Porto,2.0,1.0,H,8.0,3.0,6.0,3.0,5.0,5.0,16.0,13.0,11.0,10.0
26/07/2020,Moreirense,Tondela,1.0,2.0,A,5.0,4.0,3.0,2.0,5.0,6.0,19.0,18.0,10.0,14.0
26/07/2020,Portimonense,Aves,2.0,0.0,H,6.0,4.0,2.0,3.0,5.0,3.0,19.0,20.0,13.0,10.0
26/07/2020,Setubal,Belenenses,2.0,0.0,H,2.0,4.0,3.0,1.0,4.0,2.0,15.0,9.0,11.0,8.0
18/09/2020,Famalicao,Benfica,1.0,5.0,A,3.0,4.0,1.0,2.0,2.0,7.0,14.0,10.0,6.0,13.0
18/09/2020,Guimaraes,Belenenses,0.0,1.0,A,7.0,2.0,1.0,4.0,2.0,3.0,14.0,20.0,11.0,4.0
19/09/2020,Nacional,Boavista,3.0,3.0,D,6.0,4.0,4.0,3.0,7.0,3.0,24.0,21.0,14.0,8.0
19/09/2020,Porto,Sp Braga,3.0,1.0,H,5.0,1.0,0.0,0.0,4.0,1.0,17.0,18.0,11.0,7.0
20/09/2020,Moreirense,Farense,2.0,0.0,H,4.0,6.0,2.0,4.0,5.0,2.0,17.0,13.0,13.0,10.0
20/09/2020,Santa Clara,Maritimo,2.0,0.0,H,5.0,6.0,2.0,1.0,5.0,2.0,15.0,17.0,12.0,12.0
20/09/2020,Tondela,Rio Ave,1.0,1.0,D,1.0,6.0,1.0,0.0,2.0,4.0,15.0,11.0,7.0,14.0
21/09/2020,Portimonense,Pacos Ferreira,1.0,1.0,D,4.0,9.0,1.0,1.0,3.0,5.0,23.0,16.0,12.0,16.0
25/09/2020,Sp Braga,Santa Clara,0.0,1.0,A,8.0,0.0,2.0,4.0,4.0,1.0,13.0,17.0,22.0,6.0
26/09/2020,Benfica,Moreirense,2.0,0.0,H,10.0,1.0,2.0,0.0,10.0,1.0,11.0,15.0,29.0,5.0
26/09/2020,Boavista,Porto,0.0,5.0,A,3.0,2.0,1.0,0.0,4.0,6.0,19.0,19.0,11.0,15.0
26/09/2020,Maritimo,Tondela,2.0,1.0,H,0.0,8.0,4.0,2.0,6.0,6.0,19.0,16.0,8.0,21.0
27/09/2020,Farense,Nacional,0.0,1.0,A,11.0,5.0,1.0,4.0,4.0,4.0,11.0,15.0,18.0,9.0
27/09/2020,Gil Vicente,Portimonense,1.0,0.0,H,10.0,7.0,2.0,3.0,3.0,2.0,14.0,12.0,9.0,13.0
27/09/2020,Pacos Ferreira,Sp Lisbon,0.0,2.0,A,4.0,8.0,0.0,0.0,0.0,5.0,18.0,12.0,9.0,11.0
27/09/2020,Rio Ave,Guimaraes,0.0,0.0,D,4.0,4.0,2.0,3.0,3.0,3.0,13.0,16.0,7.0,10.0
28/09/2020,Belenenses,Famalicao,1.0,2.0,A,5.0,2.0,3.0,5.0,5.0,2.0,17.0,24.0,10.0,6.0
02/10/2020,Guimaraes,Pacos Ferreira,1.0,0.0,H,2.0,7.0,4.0,2.0,1.0,7.0,11.0,28.0,8.0,16.0
02/10/2020,Moreirense,Boavista,1.0,1.0,D,5.0,3.0,1.0,1.0,6.0,5.0,10.0,19.0,14.0,16.0
03/10/2020,Porto,Maritimo,2.0,3.0,A,9.0,0.0,2.0,4.0,10.0,4.0,19.0,16.0,32.0,11.0
03/10/2020,Santa Clara,Gil Vicente,0.0,0.0,D,8.0,3.0,1.0,3.0,3.0,1.0,14.0,18.0,12.0,8.0
03/10/2020,Tondela,Sp Braga,0.0,4.0,A,5.0,8.0,1.0,0.0,4.0,8.0,13.0,15.0,13.0,18.0
04/10/2020,Benfica,Farense,3.0,2.0,H,3.0,2.0,3.0,3.0,7.0,9.0,12.0,12.0,12.0,14.0
04/10/2020,Famalicao,Rio Ave,1.0,1.0,D,3.0,5.0,2.0,0.0,5.0,4.0,11.0,9.0,13.0,13.0
04/10/2020,Nacional,Belenenses,0.0,0.0,D,7.0,2.0,1.0,2.0,4.0,2.0,9.0,15.0,18.0,7.0
04/10/2020,Portimonense,Sp Lisbon,0.0,2.0,A,7.0,2.0,1.0,1.0,6.0,4.0,17.0,20.0,14.0,10.0
17/10/2020,Gil Vicente,Tondela,1.0,1.0,D,5.0,1.0,2.0,3.0,4.0,1.0,17.0,18.0,13.0,2.0
17/10/2020,Maritimo,Portimonense,1.0,2.0,A,10.0,6.0,4.0,2.0,4.0,3.0,23.0,20.0,10.0,10.0
17/10/2020,Sp Braga,Nacional,2.0,1.0,H,4.0,2.0,1.0,4.0,7.0,2.0,11.0,15.0,20.0,5.0
17/10/2020,Sp Lisbon,Porto,2.0,2.0,D,4.0,1.0,5.0,4.0,5.0,5.0,18.0,20.0,13.0,10.0
18/10/2020,Belenenses,Moreirense,0.0,0.0,D,7.0,3.0,2.0,2.0,5.0,4.0,22.0,14.0,15.0,8.0
18/10/2020,Farense,Famalicao,3.0,3.0,D,6.0,9.0,2.0,2.0,5.0,5.0,19.0,14.0,13.0,13.0
18/10/2020,Pacos Ferreira,Santa Clara,2.0,1.0,H,7.0,2.0,2.0,2.0,3.0,5.0,15.0,16.0,12.0,15.0
18/10/2020,Rio Ave,Benfica,0.0,3.0,A,4.0,4.0,1.0,3.0,2.0,6.0,14.0,17.0,4.0,13.0
19/10/2020,Boavista,Guimaraes,0.0,1.0,A,9.0,4.0,4.0,2.0,2.0,1.0,21.0,22.0,19.0,9.0
23/10/2020,Tondela,Portimonense,1.0,0.0,H,5.0,6.0,2.0,2.0,3.0,4.0,10.0,18.0,8.0,10.0
24/10/2020,Nacional,Pacos Ferreira,1.0,1.0,D,3.0,6.0,3.0,1.0,2.0,6.0,23.0,9.0,7.0,18.0
24/10/2020,Porto,Gil Vicente,1.0,0.0,H,8.0,3.0,6.0,2.0,7.0,2.0,17.0,15.0,18.0,13.0
24/10/2020,Santa Clara,Sp Lisbon,1.0,2.0,A,1.0,9.0,3.0,1.0,2.0,3.0,18.0,9.0,5.0,18.0
25/10/2020,Famalicao,Boavista,2.0,2.0,D,9.0,1.0,3.0,5.0,6.0,6.0,10.0,20.0,17.0,10.0
25/10/2020,Farense,Rio Ave,0.0,1.0,A,6.0,1.0,4.0,6.0,1.0,2.0,17.0,19.0,13.0,6.0
25/10/2020,Guimaraes,Sp Braga,0.0,1.0,A,4.0,9.0,3.0,2.0,1.0,8.0,11.0,20.0,11.0,16.0
25/10/2020,Moreirense,Maritimo,2.0,1.0,H,9.0,3.0,5.0,4.0,7.0,3.0,15.0,7.0,13.0,12.0
26/10/2020,Benfica,Belenenses,2.0,0.0,H,7.0,2.0,0.0,0.0,6.0,2.0,15.0,8.0,15.0,6.0
28/10/2020,Sp Lisbon,Gil Vicente,3.0,1.0,H,9.0,4.0,5.0,4.0,6.0,1.0,15.0,19.0,13.0,4.0
30/10/2020,Pacos Ferreira,Porto,3.0,2.0,H,5.0,4.0,1.0,1.0,7.0,3.0,22.0,20.0,16.0,10.0
31/10/2020,Belenenses,Farense,1.0,1.0,D,8.0,6.0,3.0,0.0,3.0,2.0,15.0,12.0,7.0,10.0
31/10/2020,Maritimo,Nacional,0.0,0.0,D,3.0,6.0,1.0,3.0,4.0,3.0,20.0,24.0,15.0,9.0
31/10/2020,Rio Ave,Moreirense,2.0,0.0,H,3.0,5.0,1.0,4.0,6.0,1.0,20.0,18.0,11.0,7.0
01/11/2020,Gil Vicente,Guimaraes,1.0,2.0,A,8.0,4.0,1.0,2.0,4.0,5.0,14.0,11.0,21.0,7.0
01/11/2020,Portimonense,Santa Clara,1.0,2.0,A,7.0,5.0,3.0,6.0,2.0,7.0,21.0,13.0,12.0,13.0
01/11/2020,Sp Lisbon,Tondela,4.0,0.0,H,8.0,1.0,3.0,2.0,15.0,0.0,14.0,20.0,26.0,3.0
02/11/2020,Boavista,Benfica,3.0,0.0,H,4.0,6.0,3.0,4.0,7.0,2.0,31.0,15.0,14.0,5.0
02/11/2020,Sp Braga,Famalicao,1.0,0.0,H,11.0,2.0,1.0,5.0,9.0,2.0,14.0,14.0,20.0,5.0
06/11/2020,Belenenses,Rio Ave,0.0,0.0,D,6.0,2.0,2.0,2.0,1.0,2.0,17.0,17.0,11.0,6.0
07/11/2020,Famalicao,Maritimo,2.0,1.0,H,4.0,2.0,3.0,2.0,8.0,4.0,18.0,18.0,18.0,10.0
07/11/2020,Guimaraes,Sp Lisbon,0.0,4.0,A,5.0,2.0,3.0,1.0,1.0,6.0,16.0,18.0,15.0,16.0
07/11/2020,Tondela,Santa Clara,2.0,0.0,H,3.0,3.0,2.0,3.0,5.0,4.0,19.0,13.0,11.0,20.0
08/11/2020,Benfica,Sp Braga,2.0,3.0,A,5.0,3.0,1.0,3.0,5.0,5.0,13.0,13.0,12.0,7.0
08/11/2020,Farense,Boavista,3.0,1.0,H,5.0,7.0,4.0,1.0,5.0,5.0,20.0,15.0,6.0,13.0
08/11/2020,Nacional,Gil Vicente,2.0,1.0,H,8.0,11.0,1.0,4.0,6.0,8.0,17.0,20.0,13.0,10.0
08/11/2020,Porto,Portimonense,3.0,1.0,H,11.0,4.0,3.0,3.0,7.0,1.0,15.0,21.0,18.0,8.0
27/11/2020,Pacos Ferreira,Famalicao,2.0,0.0,H,3.0,3.0,4.0,4.0,4.0,1.0,22.0,17.0,11.0,9.0
27/11/2020,Tondela,Guimaraes,0.0,2.0,A,5.0,2.0,1.0,2.0,4.0,5.0,14.0,15.0,13.0,10.0
28/11/2020,Santa Clara,Porto,0.0,1.0,A,2.0,7.0,2.0,1.0,2.0,2.0,12.0,14.0,7.0,4.0
28/11/2020,Sp Lisbon,Moreirense,2.0,1.0,H,9.0,0.0,1.0,2.0,5.0,0.0,17.0,13.0,13.0,2.0
29/11/2020,Boavista,Belenenses,0.0,0.0,D,4.0,7.0,1.0,4.0,6.0,4.0,6.0,11.0,15.0,14.0
29/11/2020,Gil Vicente,Rio Ave,2.0,0.0,H,2.0,8.0,1.0,1.0,2.0,3.0,19.0,10.0,4.0,12.0
29/11/2020,Portimonense,Nacional,1.0,0.0,H,7.0,3.0,3.0,2.0,4.0,1.0,17.0,10.0,14.0,12.0
29/11/2020,Sp Braga,Farense,1.0,0.0,H,7.0,3.0,3.0,3.0,7.0,0.0,19.0,17.0,16.0,6.0
30/11/2020,Maritimo,Benfica,1.0,2.0,A,1.0,12.0,0.0,1.0,2.0,2.0,21.0,9.0,5.0,12.0
01/12/2020,Moreirense,Pacos Ferreira,0.0,1.0,A,2.0,2.0,1.0,0.0,2.0,4.0,18.0,26.0,10.0,12.0
05/12/2020,Famalicao,Sp Lisbon,2.0,2.0,D,3.0,4.0,6.0,5.0,2.0,6.0,20.0,21.0,5.0,15.0
05/12/2020,Guimaraes,Portimonense,1.0,0.0,H,5.0,3.0,6.0,4.0,3.0,1.0,20.0,17.0,10.0,7.0
05/12/2020,Moreirense,Gil Vicente,1.0,1.0,D,1.0,2.0,3.0,2.0,2.0,2.0,17.0,18.0,4.0,6.0
05/12/2020,Porto,Tondela,4.0,3.0,H,5.0,2.0,3.0,5.0,9.0,4.0,16.0,12.0,16.0,8.0
06/12/2020,Belenenses,Sp Braga,2.0,1.0,H,5.0,9.0,2.0,1.0,5.0,6.0,11.0,15.0,11.0,16.0
06/12/2020,Benfica,Pacos Ferreira,2.0,1.0,H,6.0,4.0,1.0,3.0,4.0,5.0,21.0,19.0,13.0,16.0
06/12/2020,Nacional,Santa Clara,1.0,3.0,A,7.0,12.0,3.0,2.0,4.0,8.0,13.0,9.0,15.0,13.0
06/12/2020,Rio Ave,Boavista,0.0,0.0,D,7.0,0.0,2.0,0.0,3.0,2.0,14.0,15.0,7.0,6.0
07/12/2020,Farense,Maritimo,2.0,1.0,H,1.0,4.0,4.0,5.0,4.0,4.0,17.0,16.0,4.0,10.0
18/12/2020,Portimonense,Famalicao,0.0,0.0,D,4.0,1.0,3.0,3.0,6.0,4.0,23.0,17.0,19.0,8.0
19/12/2020,Maritimo,Belenenses,1.0,0.0,H,4.0,2.0,3.0,6.0,2.0,2.0,15.0,19.0,10.0,7.0
19/12/2020,Sp Lisbon,Farense,1.0,0.0,H,7.0,2.0,4.0,6.0,3.0,3.0,20.0,24.0,18.0,8.0
19/12/2020,Tondela,Moreirense,0.0,0.0,D,1.0,6.0,4.0,3.0,1.0,2.0,17.0,11.0,6.0,10.0
20/12/2020,Gil Vicente,Benfica,0.0,2.0,A,4.0,3.0,3.0,2.0,5.0,6.0,10.0,8.0,14.0,11.0
20/12/2020,Pacos Ferreira,Boavista,1.0,1.0,D,5.0,3.0,1.0,3.0,3.0,4.0,13.0,13.0,7.0,8.0
20/12/2020,Porto,Nacional,2.0,0.0,H,8.0,1.0,0.0,2.0,5.0,2.0,14.0,18.0,14.0,4.0
21/12/2020,Santa Clara,Guimaraes,0.0,4.0,A,7.0,3.0,1.0,0.0,2.0,5.0,18.0,13.0,11.0,7.0
22/12/2020,Sp Braga,Rio Ave,3.0,0.0,H,3.0,4.0,1.0,0.0,5.0,2.0,24.0,12.0,10.0,8.0
27/12/2020,Belenenses,Sp Lisbon,1.0,2.0,A,5.0,3.0,4.0,3.0,7.0,4.0,27.0,16.0,10.0,6.0
27/12/2020,Famalicao,Gil Vicente,0.0,1.0,A,4.0,6.0,1.0,1.0,1.0,3.0,13.0,9.0,7.0,8.0
27/12/2020,Farense,Pacos Ferreira,1.0,1.0,D,5.0,3.0,3.0,6.0,1.0,3.0,24.0,25.0,6.0,13.0
27/12/2020,Nacional,Tondela,2.0,0.0,H,2.0,6.0,1.0,6.0,4.0,2.0,16.0,18.0,10.0,13.0
28/12/2020,Boavista,Sp Braga,1.0,4.0,A,8.0,6.0,1.0,1.0,5.0,7.0,18.0,15.0,13.0,11.0
28/12/2020,Rio Ave,Maritimo,1.0,3.0,A,4.0,5.0,3.0,2.0,5.0,6.0,19.0,14.0,10.0,13.0
29/12/2020,Benfica,Portimonense,2.0,1.0,H,3.0,2.0,3.0,4.0,6.0,2.0,18.0,12.0,15.0,13.0
29/12/2020,Guimaraes,Porto,2.0,3.0,A,0.0,3.0,2.0,1.0,2.0,7.0,15.0,10.0,4.0,17.0
29/12/2020,Moreirense,Santa Clara,1.0,0.0,H,2.0,0.0,1.0,5.0,2.0,1.0,15.0,24.0,12.0,8.0
02/01/2021,Sp Lisbon,Sp Braga,2.0,0.0,H,5.0,4.0,3.0,4.0,4.0,3.0,17.0,17.0,6.0,12.0
03/01/2021,Maritimo,Boavista,0.0,0.0,D,2.0,3.0,3.0,4.0,4.0,3.0,16.0,21.0,9.0,10.0
03/01/2021,Pacos Ferreira,Rio Ave,2.0,0.0,H,3.0,4.0,0.0,0.0,4.0,2.0,14.0,9.0,15.0,12.0
03/01/2021,Porto,Moreirense,3.0,0.0,H,6.0,1.0,2.0,0.0,7.0,2.0,15.0,14.0,20.0,3.0
03/01/2021,Tondela,Famalicao,1.0,0.0,H,4.0,5.0,4.0,5.0,3.0,7.0,15.0,13.0,9.0,17.0
04/01/2021,Gil Vicente,Belenenses,0.0,0.0,D,8.0,3.0,2.0,1.0,5.0,1.0,10.0,19.0,13.0,7.0
04/01/2021,Portimonense,Farense,2.0,0.0,H,5.0,1.0,3.0,2.0,5.0,0.0,21.0,11.0,13.0,6.0
04/01/2021,Santa Clara,Benfica,1.0,1.0,D,3.0,10.0,3.0,1.0,4.0,2.0,15.0,14.0,12.0,7.0
07/01/2021,Sp Braga,Maritimo,2.0,1.0,H,4.0,1.0,3.0,4.0,3.0,2.0,18.0,9.0,18.0,9.0
08/01/2021,Benfica,Tondela,2.0,0.0,H,11.0,0.0,2.0,0.0,5.0,2.0,19.0,11.0,21.0,3.0
08/01/2021,Famalicao,Porto,1.0,4.0,A,3.0,3.0,5.0,1.0,3.0,5.0,21.0,9.0,8.0,9.0
08/01/2021,Nacional,Sp Lisbon,0.0,2.0,A,1.0,10.0,3.0,1.0,1.0,5.0,10.0,10.0,6.0,24.0
08/01/2021,Rio Ave,Portimonense,3.0,0.0,H,4.0,4.0,0.0,3.0,7.0,3.0,10.0,22.0,16.0,13.0
09/01/2021,Boavista,Santa Clara,1.0,1.0,D,3.0,4.0,3.0,4.0,5.0,2.0,18.0,27.0,13.0,7.0
09/01/2021,Moreirense,Guimaraes,2.0,2.0,D,2.0,3.0,2.0,3.0,6.0,3.0,19.0,12.0,7.0,9.0
10/01/2021,Belenenses,Pacos Ferreira,0.0,2.0,A,8.0,4.0,2.0,2.0,6.0,5.0,20.0,11.0,14.0,9.0
10/01/2021,Farense,Gil Vicente,3.0,1.0,H,7.0,6.0,1.0,2.0,4.0,3.0,15.0,18.0,10.0,7.0
15/01/2021,Porto,Benfica,1.0,1.0,D,1.0,3.0,4.0,4.0,4.0,4.0,17.0,26.0,9.0,12.0
15/01/2021,Sp Lisbon,Rio Ave,1.0,1.0,D,5.0,2.0,3.0,6.0,4.0,1.0,18.0,17.0,14.0,6.0
16/01/2021,Pacos Ferreira,Sp Braga,2.0,0.0,H,2.0,4.0,1.0,2.0,4.0,4.0,14.0,20.0,8.0,12.0
16/01/2021,Tondela,Boavista,3.0,1.0,H,7.0,5.0,1.0,0.0,7.0,2.0,16.0,7.0,18.0,8.0
17/01/2021,Gil Vicente,Maritimo,0.0,1.0,A,3.0,4.0,1.0,5.0,3.0,1.0,19.0,16.0,14.0,16.0
17/01/2021,Nacional,Moreirense,0.0,1.0,A,5.0,6.0,4.0,5.0,3.0,4.0,11.0,19.0,18.0,15.0
17/01/2021,Santa Clara,Famalicao,1.0,2.0,A,1.0,4.0,5.0,4.0,2.0,4.0,16.0,23.0,11.0,9.0
18/01/2021,Portimonense,Belenenses,1.0,0.0,H,7.0,2.0,3.0,3.0,7.0,2.0,19.0,15.0,15.0,7.0
21/01/2021,Guimaraes,Nacional,3.0,1.0,H,3.0,3.0,3.0,2.0,4.0,5.0,25.0,8.0,10.0,12.0
24/01/2021,Famalicao,Guimaraes,0.0,1.0,A,7.0,4.0,2.0,4.0,5.0,3.0,17.0,17.0,11.0,9.0
24/01/2021,Maritimo,Pacos Ferreira,0.0,3.0,A,5.0,2.0,2.0,3.0,4.0,5.0,15.0,27.0,13.0,11.0
24/01/2021,Moreirense,Portimonense,2.0,2.0,D,3.0,1.0,3.0,2.0,3.0,4.0,12.0,17.0,11.0,10.0
25/01/2021,Belenenses,Tondela,2.0,0.0,H,4.0,9.0,2.0,3.0,3.0,2.0,15.0,19.0,8.0,12.0
25/01/2021,Benfica,Nacional,1.0,1.0,D,7.0,3.0,1.0,2.0,3.0,2.0,21.0,15.0,11.0,7.0
25/01/2021,Farense,Porto,0.0,1.0,A,7.0,4.0,1.0,1.0,1.0,8.0,12.0,18.0,5.0,18.0
25/01/2021,Rio Ave,Santa Clara,1.0,2.0,A,6.0,2.0,6.0,1.0,5.0,5.0,13.0,16.0,11.0,12.0
26/01/2021,Boavista,Sp Lisbon,0.0,2.0,A,4.0,8.0,2.0,2.0,3.0,6.0,25.0,13.0,7.0,14.0
26/01/2021,Sp Braga,Gil Vicente,1.0,0.0,H,7.0,4.0,5.0,1.0,1.0,0.0,16.0,12.0,13.0,6.0
30/01/2021,Nacional,Famalicao,2.0,1.0,H,9.0,3.0,5.0,1.0,8.0,4.0,22.0,15.0,17.0,14.0
30/01/2021,Portimonense,Boavista,1.0,2.0,A,4.0,2.0,3.0,3.0,2.0,6.0,18.0,18.0,9.0,11.0
30/01/2021,Tondela,Farense,2.0,0.0,H,5.0,5.0,5.0,1.0,2.0,2.0,23.0,16.0,7.0,10.0
31/01/2021,Guimaraes,Maritimo,1.0,0.0,H,7.0,1.0,2.0,2.0,4.0,5.0,23.0,18.0,13.0,9.0
01/02/2021,Moreirense,Sp Braga,0.0,4.0,A,5.0,5.0,2.0,1.0,4.0,7.0,8.0,20.0,14.0,14.0
01/02/2021,Porto,Rio Ave,2.0,0.0,H,7.0,8.0,1.0,2.0,5.0,2.0,19.0,11.0,14.0,8.0
01/02/2021,Santa Clara,Belenenses,2.0,0.0,H,2.0,2.0,3.0,2.0,3.0,1.0,23.0,20.0,9.0,11.0
01/02/2021,Sp Lisbon,Benfica,1.0,0.0,H,8.0,1.0,3.0,5.0,2.0,2.0,12.0,17.0,10.0,5.0
02/02/2021,Gil Vicente,Pacos Ferreira,1.0,2.0,A,8.0,3.0,3.0,5.0,3.0,6.0,16.0,21.0,3.0,9.0
04/02/2021,Belenenses,Porto,0.0,0.0,D,2.0,10.0,4.0,2.0,0.0,6.0,12.0,13.0,6.0,16.0
04/02/2021,Famalicao,Moreirense,0.0,2.0,A,5.0,3.0,2.0,5.0,2.0,3.0,10.0,29.0,19.0,10.0
04/02/2021,Farense,Santa Clara,1.0,1.0,D,11.0,7.0,0.0,3.0,4.0,3.0,15.0,17.0,16.0,11.0
04/02/2021,Sp Braga,Portimonense,2.0,1.0,H,4.0,1.0,0.0,2.0,4.0,5.0,12.0,21.0,16.0,7.0
05/02/2021,Benfica,Guimaraes,0.0,0.0,D,9.0,2.0,1.0,2.0,5.0,2.0,14.0,19.0,22.0,5.0
05/02/2021,Boavista,Gil Vicente,1.0,2.0,A,3.0,5.0,2.0,3.0,5.0,5.0,11.0,24.0,16.0,12.0
05/02/2021,Maritimo,Sp Lisbon,0.0,2.0,A,2.0,5.0,2.0,1.0,0.0,4.0,19.0,22.0,5.0,19.0
05/02/2021,Pacos Ferreira,Tondela,2.0,1.0,H,3.0,3.0,2.0,1.0,3.0,3.0,23.0,14.0,9.0,8.0
05/02/2021,Rio Ave,Nacional,0.0,0.0,D,5.0,3.0,2.0,2.0,4.0,7.0,14.0,25.0,15.0,18.0
07/02/2021,Sp Braga,Porto,2.0,2.0,D,6.0,5.0,3.0,3.0,5.0,3.0,18.0,18.0,15.0,10.0
08/02/2021,Belenenses,Guimaraes,1.0,1.0,D,4.0,7.0,3.0,2.0,4.0,4.0,12.0,13.0,10.0,9.0
08/02/2021,Benfica,Famalicao,2.0,0.0,H,4.0,1.0,3.0,2.0,5.0,5.0,22.0,12.0,13.0,10.0
08/02/2021,Farense,Moreirense,1.0,2.0,A,10.0,1.0,4.0,3.0,4.0,3.0,19.0,13.0,15.0,6.0
08/02/2021,Maritimo,Santa Clara,1.0,2.0,A,3.0,5.0,1.0,3.0,5.0,3.0,20.0,22.0,16.0,8.0
09/02/2021,Boavista,Nacional,0.0,1.0,A,6.0,1.0,2.0,4.0,2.0,1.0,15.0,23.0,20.0,7.0
09/02/2021,Gil Vicente,Sp Lisbon,1.0,2.0,A,1.0,4.0,4.0,1.0,2.0,5.0,19.0,6.0,6.0,21.0
09/02/2021,Pacos Ferreira,Portimonense,0.0,0.0,D,3.0,2.0,2.0,1.0,1.0,3.0,12.0,9.0,6.0,14.0
09/02/2021,Rio Ave,Tondela,2.0,1.0,H,2.0,3.0,4.0,2.0,2.0,5.0,13.0,10.0,6.0,11.0
12/02/2021,Famalicao,Belenenses,0.0,0.0,D,4.0,5.0,3.0,4.0,5.0,11.0,14.0,21.0,8.0,20.0
13/02/2021,Guimaraes,Rio Ave,1.0,3.0,A,11.0,0.0,2.0,2.0,7.0,3.0,15.0,17.0,15.0,5.0
13/02/2021,Nacional,Farense,2.0,3.0,A,6.0,10.0,4.0,2.0,4.0,4.0,14.0,16.0,10.0,9.0
13/02/2021,Porto,Boavista,2.0,2.0,D,7.0,2.0,2.0,4.0,6.0,4.0,14.0,26.0,17.0,4.0
14/02/2021,Moreirense,Benfica,1.0,1.0,D,3.0,9.0,2.0,3.0,3.0,8.0,17.0,15.0,8.0,18.0
14/02/2021,Portimonense,Gil Vicente,4.0,1.0,H,6.0,4.0,2.0,0.0,4.0,3.0,22.0,13.0,11.0,9.0
14/02/2021,Santa Clara,Sp Braga,0.0,1.0,A,9.0,3.0,3.0,2.0,2.0,3.0,17.0,18.0,9.0,8.0
15/02/2021,Sp Lisbon,Pacos Ferreira,2.0,0.0,H,2.0,4.0,5.0,3.0,3.0,2.0,27.0,20.0,7.0,7.0
16/02/2021,Tondela,Maritimo,2.0,1.0,H,2.0,1.0,4.0,5.0,6.0,3.0,22.0,19.0,13.0,5.0
17/02/2021,Guimaraes,Farense,2.0,2.0,D,8.0,4.0,0.0,3.0,3.0,3.0,14.0,17.0,15.0,8.0
19/02/2021,Boavista,Moreirense,1.0,0.0,H,10.0,5.0,3.0,2.0,6.0,1.0,14.0,19.0,11.0,8.0
20/02/2021,Belenenses,Nacional,2.0,1.0,H,9.0,1.0,3.0,1.0,4.0,4.0,16.0,12.0,16.0,13.0
20/02/2021,Gil Vicente,Santa Clara,1.0,0.0,H,6.0,4.0,4.0,3.0,3.0,1.0,16.0,15.0,10.0,10.0
20/02/2021,Sp Lisbon,Portimonense,2.0,0.0,H,5.0,4.0,0.0,3.0,7.0,1.0,15.0,19.0,14.0,7.0
21/02/2021,Farense,Benfica,0.0,0.0,D,4.0,7.0,2.0,2.0,3.0,2.0,18.0,19.0,8.0,15.0
21/02/2021,Pacos Ferreira,Guimaraes,2.0,1.0,H,3.0,3.0,0.0,2.0,3.0,3.0,10.0,14.0,8.0,10.0
21/02/2021,Rio Ave,Famalicao,0.0,1.0,A,4.0,8.0,1.0,3.0,1.0,5.0,9.0,20.0,5.0,8.0
21/02/2021,Sp Braga,Tondela,4.0,2.0,H,8.0,2.0,0.0,2.0,7.0,3.0,15.0,12.0,19.0,8.0
22/02/2021,Maritimo,Porto,1.0,2.0,A,3.0,3.0,6.0,2.0,7.0,6.0,21.0,18.0,12.0,14.0
26/02/2021,Guimaraes,Boavista,2.0,1.0,H,10.0,1.0,2.0,4.0,9.0,2.0,26.0,13.0,18.0,7.0
27/02/2021,Famalicao,Farense,0.0,0.0,D,5.0,4.0,2.0,6.0,3.0,1.0,18.0,17.0,11.0,10.0
27/02/2021,Porto,Sp Lisbon,0.0,0.0,D,3.0,1.0,1.0,2.0,3.0,0.0,20.0,16.0,14.0,4.0
27/02/2021,Santa Clara,Pacos Ferreira,3.0,0.0,H,2.0,13.0,1.0,0.0,4.0,4.0,11.0,10.0,7.0,17.0
28/02/2021,Nacional,Sp Braga,1.0,2.0,A,2.0,5.0,1.0,0.0,2.0,4.0,7.0,11.0,8.0,15.0
28/02/2021,Portimonense,Maritimo,0.0,0.0,D,6.0,4.0,1.0,2.0,1.0,4.0,22.0,11.0,7.0,11.0
28/02/2021,Tondela,Gil Vicente,1.0,0.0,H,6.0,8.0,1.0,0.0,6.0,2.0,13.0,10.0,16.0,13.0
01/03/2021,Benfica,Rio Ave,2.0,0.0,H,6.0,6.0,1.0,0.0,6.0,5.0,17.0,10.0,17.0,11.0
01/03/2021,Moreirense,Belenenses,2.0,2.0,D,4.0,5.0,3.0,2.0,5.0,5.0,14.0,12.0,11.0,13.0
05/03/2021,Pacos Ferreira,Nacional,2.0,1.0,H,5.0,4.0,3.0,4.0,3.0,4.0,20.0,18.0,12.0,10.0
05/03/2021,Sp Lisbon,Santa Clara,2.0,1.0,H,4.0,8.0,1.0,2.0,4.0,2.0,18.0,24.0,6.0,6.0
06/03/2021,Boavista,Famalicao,3.0,0.0,H,2.0,7.0,2.0,2.0,4.0,2.0,12.0,18.0,11.0,12.0
06/03/2021,Gil Vicente,Porto,0.0,2.0,A,4.0,10.0,0.0,0.0,1.0,6.0,14.0,11.0,9.0,11.0
06/03/2021,Portimonense,Tondela,3.0,0.0,H,3.0,3.0,1.0,1.0,5.0,3.0,9.0,7.0,10.0,12.0
07/03/2021,Maritimo,Moreirense,0.0,2.0,A,5.0,2.0,3.0,2.0,6.0,5.0,19.0,13.0,15.0,16.0
07/03/2021,Rio Ave,Farense,2.0,0.0,H,4.0,6.0,2.0,2.0,4.0,1.0,19.0,18.0,10.0,6.0
08/03/2021,Belenenses,Benfica,0.0,3.0,A,4.0,5.0,1.0,0.0,3.0,6.0,9.0,12.0,10.0,11.0
09/03/2021,Sp Braga,Guimaraes,3.0,0.0,H,3.0,12.0,1.0,2.0,4.0,1.0,16.0,14.0,8.0,14.0
12/03/2021,Nacional,Maritimo,1.0,2.0,A,8.0,6.0,4.0,4.0,7.0,3.0,20.0,21.0,17.0,14.0
13/03/2021,Benfica,Boavista,2.0,0.0,H,13.0,3.0,2.0,0.0,7.0,0.0,12.0,7.0,17.0,3.0
13/03/2021,Farense,Belenenses,0.0,1.0,A,6.0,2.0,1.0,4.0,4.0,4.0,18.0,13.0,13.0,8.0
13/03/2021,Santa Clara,Portimonense,2.0,0.0,H,6.0,2.0,2.0,4.0,5.0,4.0,12.0,21.0,18.0,11.0
13/03/2021,Tondela,Sp Lisbon,0.0,1.0,A,3.0,5.0,3.0,1.0,2.0,4.0,17.0,14.0,4.0,14.0
14/03/2021,Guimaraes,Gil Vicente,2.0,4.0,A,8.0,6.0,3.0,3.0,8.0,8.0,20.0,13.0,20.0,11.0
14/03/2021,Moreirense,Rio Ave,1.0,1.0,D,7.0,5.0,2.0,4.0,2.0,2.0,12.0,15.0,9.0,13.0
14/03/2021,Porto,Pacos Ferreira,2.0,0.0,H,10.0,2.0,1.0,2.0,5.0,2.0,11.0,13.0,16.0,2.0
15/03/2021,Famalicao,Sp Braga,2.0,2.0,D,2.0,4.0,3.0,2.0,5.0,3.0,20.0,12.0,17.0,9.0
19/03/2021,Gil Vicente,Nacional,2.0,0.0,H,3.0,3.0,3.0,3.0,4.0,1.0,19.0,15.0,10.0,9.0
20/03/2021,Pacos Ferreira,Moreirense,3.0,0.0,H,5.0,10.0,4.0,1.0,8.0,0.0,15.0,6.0,14.0,9.0
20/03/2021,Portimonense,Porto,1.0,2.0,A,2.0,4.0,4.0,2.0,3.0,3.0,14.0,10.0,8.0,12.0
20/03/2021,Santa Clara,Tondela,1.0,1.0,D,6.0,4.0,4.0,1.0,5.0,4.0,15.0,15.0,16.0,5.0
20/03/2021,Sp Lisbon,Guimaraes,1.0,0.0,H,5.0,6.0,2.0,1.0,4.0,1.0,10.0,14.0,10.0,4.0
21/03/2021,Boavista,Farense,0.0,1.0,A,5.0,9.0,2.0,1.0,5.0,8.0,23.0,21.0,14.0,19.0
21/03/2021,Maritimo,Famalicao,0.0,4.0,A,5.0,1.0,3.0,2.0,2.0,7.0,13.0,15.0,8.0,13.0
21/03/2021,Rio Ave,Belenenses,0.0,0.0,D,9.0,2.0,3.0,0.0,7.0,3.0,18.0,14.0,19.0,6.0
21/03/2021,Sp Braga,Benfica,0.0,2.0,A,2.0,1.0,2.0,4.0,3.0,5.0,9.0,17.0,8.0,10.0
02/04/2021,Nacional,Portimonense,1.0,5.0,A,6.0,6.0,3.0,1.0,2.0,10.0,7.0,17.0,12.0,18.0
03/04/2021,Porto,Santa Clara,2.0,1.0,H,7.0,5.0,3.0,3.0,6.0,3.0,17.0,23.0,17.0,5.0
03/04/2021,Rio Ave,Gil Vicente,0.0,2.0,A,4.0,6.0,3.0,3.0,3.0,3.0,12.0,15.0,10.0,8.0
04/04/2021,Belenenses,Boavista,0.0,2.0,A,5.0,4.0,3.0,4.0,2.0,6.0,12.0,17.0,10.0,10.0
04/04/2021,Famalicao,Pacos Ferreira,2.0,0.0,H,6.0,3.0,2.0,5.0,6.0,0.0,15.0,15.0,16.0,3.0
04/04/2021,Guimaraes,Tondela,1.0,2.0,A,11.0,5.0,2.0,0.0,6.0,3.0,12.0,10.0,16.0,10.0
05/04/2021,Benfica,Maritimo,1.0,0.0,H,4.0,3.0,3.0,3.0,6.0,2.0,17.0,19.0,15.0,8.0
05/04/2021,Farense,Sp Braga,1.0,2.0,A,4.0,5.0,0.0,1.0,9.0,2.0,12.0,14.0,18.0,14.0
05/04/2021,Moreirense,Sp Lisbon,1.0,1.0,D,2.0,4.0,2.0,2.0,1.0,3.0,16.0,13.0,5.0,10.0
09/04/2021,Portimonense,Guimaraes,3.0,0.0,H,3.0,8.0,2.0,2.0,3.0,3.0,16.0,10.0,7.0,10.0
10/04/2021,Boavista,Rio Ave,3.0,3.0,D,6.0,5.0,5.0,1.0,4.0,5.0,21.0,18.0,13.0,10.0
10/04/2021,Maritimo,Farense,1.0,0.0,H,6.0,12.0,4.0,3.0,2.0,2.0,15.0,19.0,9.0,14.0
10/04/2021,Pacos Ferreira,Benfica,0.0,5.0,A,1.0,11.0,1.0,5.0,1.0,9.0,8.0,14.0,2.0,15.0
10/04/2021,Tondela,Porto,0.0,2.0,A,1.0,6.0,4.0,1.0,2.0,6.0,19.0,21.0,7.0,13.0
11/04/2021,Gil Vicente,Moreirense,1.0,2.0,A,7.0,2.0,2.0,1.0,6.0,4.0,18.0,11.0,18.0,10.0
11/04/2021,Santa Clara,Nacional,5.0,1.0,H,3.0,3.0,2.0,3.0,9.0,3.0,18.0,18.0,16.0,10.0
11/04/2021,Sp Braga,Belenenses,1.0,1.0,D,9.0,7.0,4.0,3.0,4.0,2.0,12.0,13.0,14.0,9.0
11/04/2021,Sp Lisbon,Famalicao,1.0,1.0,D,6.0,5.0,3.0,3.0,5.0,2.0,13.0,18.0,16.0,2.0
16/04/2021,Boavista,Pacos Ferreira,2.0,0.0,H,0.0,8.0,3.0,1.0,4.0,2.0,8.0,10.0,9.0,13.0
16/04/2021,Farense,Sp Lisbon,0.0,1.0,A,7.0,9.0,1.0,2.0,3.0,4.0,13.0,11.0,8.0,12.0
17/04/2021,Belenenses,Maritimo,2.0,0.0,H,2.0,11.0,4.0,3.0,4.0,6.0,26.0,12.0,6.0,21.0
17/04/2021,Benfica,Gil Vicente,1.0,2.0,A,5.0,5.0,1.0,1.0,1.0,2.0,7.0,10.0,19.0,8.0
17/04/2021,Guimaraes,Santa Clara,1.0,0.0,H,4.0,5.0,1.0,1.0,2.0,1.0,17.0,19.0,5.0,9.0
17/04/2021,Moreirense,Tondela,2.0,3.0,A,5.0,3.0,5.0,4.0,3.0,5.0,17.0,13.0,12.0,7.0
17/04/2021,Rio Ave,Sp Braga,0.0,0.0,D,2.0,5.0,3.0,2.0,4.0,6.0,19.0,20.0,10.0,13.0
18/04/2021,Famalicao,Portimonense,0.0,1.0,A,5.0,4.0,1.0,5.0,2.0,4.0,15.0,19.0,18.0,9.0
18/04/2021,Nacional,Porto,0.0,1.0,A,2.0,2.0,3.0,1.0,3.0,3.0,13.0,16.0,7.0,9.0
20/04/2021,Pacos Ferreira,Farense,0.0,2.0,A,6.0,6.0,1.0,1.0,1.0,6.0,10.0,8.0,5.0,13.0
21/04/2021,Maritimo,Rio Ave,1.0,0.0,H,4.0,10.0,0.0,0.0,2.0,1.0,13.0,15.0,6.0,15.0
21/04/2021,Santa Clara,Moreirense,0.0,0.0,D,8.0,5.0,5.0,3.0,5.0,3.0,17.0,9.0,18.0,6.0
21/04/2021,Sp Braga,Boavista,2.0,1.0,H,15.0,2.0,0.0,3.0,10.0,2.0,14.0,17.0,25.0,5.0
21/04/2021,Sp Lisbon,Belenenses,2.0,2.0,D,9.0,0.0,1.0,3.0,9.0,3.0,14.0,14.0,28.0,3.0
22/04/2021,Gil Vicente,Famalicao,0.0,3.0,A,6.0,5.0,1.0,2.0,5.0,5.0,11.0,11.0,10.0,14.0
22/04/2021,Portimonense,Benfica,1.0,5.0,A,5.0,4.0,1.0,2.0,3.0,6.0,10.0,15.0,8.0,15.0
22/04/2021,Porto,Guimaraes,1.0,0.0,H,8.0,4.0,1.0,0.0,7.0,1.0,9.0,7.0,15.0,4.0
22/04/2021,Tondela,Nacional,2.0,1.0,H,6.0,7.0,2.0,4.0,5.0,5.0,14.0,20.0,6.0,11.0
25/04/2021,Boavista,Maritimo,0.0,1.0,A,3.0,8.0,2.0,1.0,3.0,3.0,10.0,17.0,9.0,10.0
25/04/2021,Rio Ave,Pacos Ferreira,1.0,1.0,D,5.0,2.0,2.0,1.0,2.0,3.0,13.0,17.0,7.0,9.0
25/04/2021,Sp Braga,Sp Lisbon,0.0,1.0,A,6.0,2.0,4.0,5.0,4.0,1.0,22.0,9.0,17.0,5.0
26/04/2021,Belenenses,Gil Vicente,2.0,1.0,H,4.0,5.0,3.0,2.0,3.0,4.0,6.0,9.0,8.0,16.0
26/04/2021,Benfica,Santa Clara,2.0,1.0,H,5.0,4.0,2.0,0.0,1.0,7.0,14.0,11.0,10.0,16.0
26/04/2021,Famalicao,Tondela,2.0,2.0,D,8.0,9.0,3.0,1.0,4.0,2.0,15.0,14.0,11.0,11.0
26/04/2021,Moreirense,Porto,1.0,1.0,D,6.0,11.0,2.0,4.0,4.0,7.0,19.0,12.0,10.0,20.0
26/04/2021,Nacional,Guimaraes,1.0,0.0,H,6.0,4.0,3.0,3.0,6.0,1.0,20.0,16.0,8.0,6.0
27/04/2021,Farense,Portimonense,1.0,1.0,D,8.0,5.0,2.0,2.0,3.0,6.0,12.0,16.0,10.0,17.0
29/04/2021,Maritimo,Sp Braga,1.0,0.0,H,2.0,8.0,5.0,2.0,2.0,4.0,13.0,11.0,7.0,12.0
30/04/2021,Guimaraes,Moreirense,2.0,0.0,H,4.0,10.0,3.0,1.0,7.0,2.0,13.0,11.0,15.0,14.0
30/04/2021,Pacos Ferreira,Belenenses,1.0,0.0,H,3.0,5.0,3.0,2.0,6.0,1.0,17.0,20.0,13.0,7.0
30/04/2021,Porto,Famalicao,3.0,2.0,H,5.0,4.0,1.0,3.0,4.0,3.0,18.0,19.0,10.0,9.0
30/04/2021,Tondela,Benfica,0.0,2.0,A,3.0,6.0,0.0,1.0,3.0,6.0,12.0,4.0,7.0,13.0
01/05/2021,Gil Vicente,Farense,0.0,0.0,D,5.0,4.0,3.0,2.0,3.0,3.0,15.0,18.0,11.0,11.0
01/05/2021,Portimonense,Rio Ave,0.0,0.0,D,6.0,10.0,2.0,0.0,1.0,2.0,21.0,10.0,6.0,11.0
01/05/2021,Santa Clara,Boavista,3.0,3.0,D,5.0,4.0,3.0,2.0,6.0,5.0,18.0,15.0,15.0,10.0
01/05/2021,Sp Lisbon,Nacional,2.0,0.0,H,7.0,4.0,2.0,5.0,8.0,1.0,10.0,30.0,19.0,2.0
05/05/2021,Maritimo,Gil Vicente,0.0,1.0,A,9.0,3.0,7.0,3.0,2.0,5.0,16.0,24.0,9.0,8.0
05/05/2021,Rio Ave,Sp Lisbon,0.0,2.0,A,2.0,9.0,4.0,5.0,1.0,5.0,16.0,17.0,5.0,17.0
05/05/2021,Sp Braga,Pacos Ferreira,1.0,1.0,D,7.0,5.0,1.0,3.0,3.0,1.0,13.0,16.0,11.0,13.0
06/05/2021,Belenenses,Portimonense,1.0,0.0,H,3.0,4.0,3.0,1.0,3.0,2.0,11.0,12.0,13.0,10.0
06/05/2021,Benfica,Porto,1.0,1.0,D,7.0,11.0,8.0,3.0,3.0,2.0,21.0,13.0,5.0,15.0
06/05/2021,Farense,Guimaraes,2.0,2.0,D,3.0,6.0,3.0,4.0,8.0,3.0,30.0,11.0,13.0,13.0
06/05/2021,Moreirense,Nacional,2.0,2.0,D,3.0,7.0,5.0,5.0,6.0,3.0,22.0,17.0,12.0,17.0
07/05/2021,Boavista,Tondela,1.0,1.0,D,8.0,2.0,1.0,3.0,8.0,3.0,10.0,15.0,22.0,7.0
07/05/2021,Famalicao,Santa Clara,1.0,0.0,H,5.0,2.0,4.0,6.0,4.0,3.0,14.0,14.0,14.0,6.0
09/05/2021,Gil Vicente,Sp Braga,1.0,1.0,D,2.0,4.0,1.0,2.0,2.0,3.0,11.0,7.0,5.0,12.0
09/05/2021,Pacos Ferreira,Maritimo,1.0,1.0,D,7.0,4.0,3.0,1.0,5.0,1.0,16.0,13.0,17.0,7.0
10/05/2021,Portimonense,Moreirense,1.0,2.0,A,2.0,6.0,1.0,1.0,3.0,3.0,11.0,10.0,13.0,8.0
10/05/2021,Porto,Farense,5.0,1.0,H,3.0,1.0,4.0,4.0,7.0,1.0,18.0,12.0,13.0,6.0
11/05/2021,Nacional,Benfica,1.0,3.0,A,5.0,6.0,1.0,3.0,4.0,3.0,15.0,17.0,15.0,14.0
11/05/2021,Santa Clara,Rio Ave,1.0,0.0,H,8.0,6.0,4.0,4.0,6.0,5.0,17.0,20.0,14.0,7.0
11/05/2021,Sp Lisbon,Boavista,1.0,0.0,H,12.0,1.0,2.0,3.0,3.0,2.0,13.0,20.0,17.0,5.0
11/05/2021,Tondela,Belenenses,1.0,3.0,A,11.0,3.0,3.0,1.0,3.0,7.0,11.0,11.0,18.0,8.0
12/05/2021,Guimaraes,Famalicao,1.0,2.0,A,7.0,8.0,3.0,4.0,1.0,5.0,12.0,15.0,7.0,12.0
14/05/2021,Pacos Ferreira,Gil Vicente,0.0,2.0,A,2.0,9.0,2.0,0.0,4.0,7.0,10.0,14.0,8.0,13.0
14/05/2021,Sp Braga,Moreirense,2.0,1.0,H,10.0,1.0,2.0,4.0,5.0,3.0,13.0,17.0,15.0,10.0
15/05/2021,Benfica,Sp Lisbon,4.0,3.0,H,5.0,5.0,6.0,4.0,9.0,5.0,20.0,19.0,12.0,11.0
15/05/2021,Boavista,Portimonense,1.0,0.0,H,2.0,5.0,4.0,4.0,2.0,0.0,18.0,27.0,10.0,8.0
15/05/2021,Farense,Tondela,1.0,0.0,H,5.0,3.0,4.0,2.0,5.0,4.0,18.0,15.0,15.0,12.0
15/05/2021,Rio Ave,Porto,0.0,3.0,A,5.0,5.0,3.0,1.0,2.0,4.0,17.0,23.0,12.0,15.0
16/05/2021,Belenenses,Santa Clara,0.0,2.0,A,10.0,5.0,1.0,1.0,3.0,4.0,16.0,19.0,11.0,10.0
16/05/2021,Famalicao,Nacional,3.0,0.0,H,5.0,2.0,2.0,1.0,6.0,2.0,12.0,14.0,15.0,9.0
16/05/2021,Maritimo,Guimaraes,0.0,0.0,D,2.0,2.0,4.0,2.0,1.0,1.0,21.0,23.0,6.0,9.0
18/05/2021,Tondela,Pacos Ferreira,2.0,3.0,A,3.0,6.0,3.0,1.0,3.0,8.0,17.0,14.0,14.0,16.0
19/05/2021,Gil Vicente,Boavista,1.0,2.0,A,7.0,8.0,2.0,2.0,4.0,6.0,6.0,11.0,13.0,15.0
19/05/2021,Guimaraes,Benfica,1.0,3.0,A,7.0,4.0,1.0,1.0,7.0,9.0,17.0,16.0,10.0,17.0
19/05/2021,Moreirense,Famalicao,3.0,0.0,H,6.0,3.0,3.0,3.0,3.0,3.0,13.0,21.0,11.0,14.0
19/05/2021,Nacional,Rio Ave,1.0,2.0,A,1.0,16.0,1.0,1.0,2.0,14.0,13.0,6.0,11.0,30.0
19/05/2021,Portimonense,Sp Braga,0.0,0.0,D,4.0,5.0,4.0,0.0,2.0,1.0,24.0,12.0,8.0,4.0
19/05/2021,Porto,Belenenses,4.0,0.0,H,6.0,6.0,2.0,1.0,6.0,3.0,16.0,14.0,12.0,13.0
19/05/2021,Santa Clara,Farense,4.0,0.0,H,1.0,4.0,3.0,3.0,5.0,1.0,25.0,14.0,8.0,6.0
19/05/2021,Sp Lisbon,Maritimo,5.0,1.0,H,4.0,3.0,3.0,1.0,6.0,1.0,25.0,13.0,18.0,5.0
06/08/2021,Sp Lisbon,Vizela,3.0,0.0,H,3.0,5.0,1.0,3.0,5.0,1.0,9.0,16.0,15.0,6.0
07/08/2021,Arouca,Estoril,0.0,2.0,A,3.0,2.0,1.0,3.0,3.0,6.0,14.0,13.0,11.0,12.0
07/08/2021,Maritimo,Sp Braga,0.0,2.0,A,3.0,6.0,3.0,3.0,0.0,5.0,23.0,12.0,7.0,12.0
07/08/2021,Moreirense,Benfica,1.0,2.0,A,0.0,6.0,4.0,4.0,3.0,6.0,20.0,18.0,8.0,9.0
08/08/2021,Guimaraes,Portimonense,0.0,1.0,A,10.0,5.0,2.0,3.0,3.0,1.0,15.0,12.0,18.0,7.0
08/08/2021,Pacos Ferreira,Famalicao,2.0,0.0,H,6.0,3.0,2.0,4.0,3.0,2.0,33.0,20.0,20.0,10.0
08/08/2021,Porto,Belenenses,2.0,0.0,H,8.0,3.0,2.0,3.0,7.0,3.0,11.0,15.0,21.0,7.0
08/08/2021,Tondela,Santa Clara,3.0,0.0,H,3.0,5.0,1.0,3.0,5.0,5.0,18.0,12.0,10.0,23.0
09/08/2021,Gil Vicente,Boavista,3.0,0.0,H,1.0,5.0,3.0,3.0,6.0,5.0,21.0,10.0,9.0,13.0
13/08/2021,Estoril,Guimaraes,0.0,0.0,D,4.0,9.0,1.0,4.0,1.0,2.0,15.0,14.0,7.0,12.0
14/08/2021,Benfica,Arouca,2.0,0.0,H,4.0,2.0,1.0,0.0,5.0,1.0,17.0,2.0,17.0,3.0
14/08/2021,Sp Braga,Sp Lisbon,1.0,2.0,A,6.0,5.0,3.0,4.0,6.0,3.0,18.0,14.0,16.0,5.0
14/08/2021,Vizela,Tondela,2.0,1.0,H,11.0,4.0,2.0,3.0,6.0,2.0,18.0,11.0,20.0,8.0
15/08/2021,Famalicao,Porto,1.0,2.0,A,3.0,2.0,3.0,1.0,1.0,4.0,16.0,14.0,7.0,12.0
15/08/2021,Portimonense,Gil Vicente,0.0,1.0,A,5.0,4.0,3.0,2.0,5.0,4.0,11.0,18.0,18.0,7.0
15/08/2021,Santa Clara,Moreirense,2.0,2.0,D,5.0,4.0,5.0,4.0,4.0,4.0,13.0,21.0,17.0,10.0
16/08/2021,Belenenses,Maritimo,1.0,2.0,A,3.0,4.0,4.0,5.0,2.0,4.0,22.0,21.0,5.0,13.0
16/08/2021,Boavista,Pacos Ferreira,3.0,0.0,H,2.0,8.0,3.0,2.0,4.0,5.0,16.0,15.0,8.0,17.0
20/08/2021,Arouca,Famalicao,2.0,1.0,H,10.0,9.0,4.0,4.0,6.0,5.0,18.0,22.0,22.0,10.0
20/08/2021,Moreirense,Sp Braga,2.0,3.0,A,6.0,0.0,4.0,2.0,5.0,7.0,14.0,10.0,13.0,16.0
21/08/2021,Gil Vicente,Benfica,0.0,2.0,A,3.0,9.0,3.0,2.0,2.0,7.0,7.0,13.0,5.0,21.0
21/08/2021,Sp Lisbon,Belenenses,2.0,0.0,H,10.0,0.0,2.0,2.0,7.0,0.0,15.0,12.0,26.0,3.0
22/08/2021,Guimaraes,Vizela,4.0,0.0,H,8.0,2.0,4.0,4.0,8.0,2.0,15.0,17.0,20.0,4.0
22/08/2021,Maritimo,Porto,1.0,1.0,D,3.0,4.0,4.0,1.0,1.0,5.0,21.0,18.0,5.0,16.0
22/08/2021,Tondela,Portimonense,0.0,3.0,A,6.0,5.0,4.0,4.0,3.0,5.0,14.0,18.0,11.0,7.0
23/08/2021,Boavista,Santa Clara,2.0,0.0,H,5.0,5.0,3.0,3.0,4.0,2.0,16.0,12.0,9.0,11.0
23/08/2021,Pacos Ferreira,Estoril,1.0,3.0,A,5.0,4.0,3.0,3.0,2.0,4.0,24.0,12.0,10.0,14.0
27/08/2021,Belenenses,Moreirense,1.0,1.0,D,3.0,11.0,5.0,4.0,1.0,6.0,12.0,13.0,4.0,18.0
27/08/2021,Estoril,Maritimo,2.0,1.0,H,1.0,4.0,7.0,6.0,3.0,2.0,21.0,24.0,9.0,7.0
28/08/2021,Famalicao,Sp Lisbon,1.0,1.0,D,2.0,9.0,4.0,5.0,5.0,5.0,12.0,17.0,14.0,15.0
28/08/2021,Porto,Arouca,3.0,0.0,H,4.0,5.0,4.0,3.0,4.0,1.0,16.0,14.0,15.0,8.0
28/08/2021,Vizela,Boavista,1.0,1.0,D,11.0,2.0,3.0,3.0,4.0,1.0,17.0,10.0,16.0,5.0
29/08/2021,Benfica,Tondela,2.0,1.0,H,11.0,0.0,2.0,3.0,8.0,2.0,11.0,19.0,20.0,3.0
29/08/2021,Portimonense,Pacos Ferreira,0.0,1.0,A,7.0,3.0,2.0,5.0,5.0,2.0,12.0,16.0,18.0,6.0
29/08/2021,Santa Clara,Gil Vicente,1.0,0.0,H,5.0,4.0,3.0,5.0,4.0,2.0,20.0,13.0,10.0,5.0
29/08/2021,Sp Braga,Guimaraes,0.0,0.0,D,6.0,6.0,2.0,5.0,6.0,2.0,14.0,16.0,20.0,11.0
11/09/2021,Pacos Ferreira,Sp Braga,0.0,0.0,D,11.0,5.0,2.0,0.0,3.0,2.0,14.0,16.0,12.0,10.0
11/09/2021,Santa Clara,Benfica,0.0,5.0,A,7.0,2.0,2.0,1.0,5.0,5.0,20.0,20.0,11.0,8.0
11/09/2021,Sp Lisbon,Porto,1.0,1.0,D,5.0,4.0,6.0,6.0,5.0,1.0,19.0,21.0,9.0,5.0
12/09/2021,Boavista,Portimonense,1.0,1.0,D,8.0,2.0,3.0,5.0,3.0,3.0,17.0,14.0,11.0,7.0
12/09/2021,Gil Vicente,Vizela,2.0,2.0,D,9.0,7.0,3.0,3.0,6.0,6.0,12.0,19.0,21.0,19.0
12/09/2021,Guimaraes,Belenenses,0.0,0.0,D,5.0,7.0,5.0,4.0,3.0,6.0,18.0,17.0,10.0,16.0
12/09/2021,Moreirense,Famalicao,2.0,2.0,D,6.0,4.0,2.0,3.0,3.0,8.0,14.0,10.0,7.0,15.0
13/09/2021,Maritimo,Arouca,2.0,2.0,D,5.0,2.0,5.0,6.0,6.0,3.0,18.0,19.0,14.0,17.0
13/09/2021,Tondela,Estoril,1.0,2.0,A,6.0,5.0,2.0,7.0,5.0,4.0,18.0,24.0,20.0,11.0
17/09/2021,Portimonense,Santa Clara,2.0,1.0,H,4.0,2.0,4.0,3.0,4.0,2.0,21.0,11.0,10.0,13.0
18/09/2021,Arouca,Guimaraes,2.0,2.0,D,6.0,4.0,1.0,2.0,5.0,4.0,17.0,10.0,11.0,11.0
18/09/2021,Belenenses,Gil Vicente,1.0,1.0,D,4.0,7.0,3.0,3.0,4.0,4.0,19.0,15.0,11.0,8.0
18/09/2021,Famalicao,Maritimo,0.0,0.0,D,7.0,5.0,3.0,3.0,4.0,0.0,20.0,20.0,16.0,2.0
19/09/2021,Estoril,Sp Lisbon,0.0,1.0,A,7.0,9.0,3.0,2.0,3.0,4.0,10.0,6.0,7.0,11.0
19/09/2021,Porto,Moreirense,5.0,0.0,H,6.0,5.0,2.0,3.0,7.0,0.0,11.0,11.0,18.0,5.0
19/09/2021,Vizela,Pacos Ferreira,1.0,1.0,D,5.0,4.0,5.0,2.0,4.0,3.0,14.0,10.0,21.0,12.0
20/09/2021,Benfica,Boavista,3.0,1.0,H,5.0,4.0,1.0,3.0,6.0,6.0,16.0,13.0,8.0,10.0
20/09/2021,Sp Braga,Tondela,3.0,1.0,H,5.0,0.0,2.0,4.0,7.0,1.0,9.0,6.0,20.0,3.0
24/09/2021,Gil Vicente,Porto,1.0,2.0,A,2.0,6.0,5.0,4.0,4.0,8.0,15.0,17.0,8.0,16.0
24/09/2021,Sp Lisbon,Maritimo,1.0,0.0,H,9.0,0.0,4.0,6.0,7.0,0.0,14.0,14.0,25.0,4.0
25/09/2021,Guimaraes,Benfica,1.0,3.0,A,5.0,5.0,0.0,1.0,3.0,4.0,16.0,12.0,13.0,16.0
25/09/2021,Moreirense,Arouca,2.0,1.0,H,5.0,9.0,5.0,2.0,3.0,5.0,20.0,8.0,8.0,17.0
25/09/2021,Tondela,Famalicao,3.0,2.0,H,4.0,3.0,5.0,5.0,4.0,7.0,21.0,11.0,11.0,14.0
26/09/2021,Portimonense,Vizela,0.0,0.0,D,7.0,5.0,4.0,2.0,4.0,2.0,17.0,14.0,14.0,14.0
26/09/2021,Santa Clara,Sp Braga,1.0,1.0,D,5.0,5.0,3.0,1.0,3.0,4.0,12.0,19.0,15.0,10.0
27/09/2021,Boavista,Estoril,1.0,1.0,D,2.0,13.0,3.0,2.0,3.0,1.0,15.0,12.0,9.0,9.0
27/09/2021,Pacos Ferreira,Belenenses,2.0,2.0,D,3.0,2.0,3.0,1.0,5.0,2.0,15.0,21.0,20.0,11.0
01/10/2021,Famalicao,Guimaraes,1.0,2.0,A,8.0,0.0,2.0,5.0,2.0,5.0,15.0,23.0,15.0,9.0
01/10/2021,Maritimo,Moreirense,0.0,0.0,D,3.0,7.0,5.0,3.0,0.0,6.0,19.0,21.0,6.0,18.0
02/10/2021,Arouca,Sp Lisbon,1.0,2.0,A,4.0,5.0,3.0,5.0,5.0,8.0,21.0,14.0,10.0,10.0
02/10/2021,Porto,Pacos Ferreira,2.0,1.0,H,11.0,3.0,4.0,5.0,8.0,2.0,9.0,19.0,23.0,7.0
02/10/2021,Vizela,Santa Clara,1.0,1.0,D,6.0,4.0,6.0,4.0,4.0,1.0,19.0,13.0,16.0,10.0
03/10/2021,Belenenses,Tondela,0.0,2.0,A,1.0,4.0,5.0,2.0,2.0,5.0,21.0,11.0,13.0,11.0
03/10/2021,Benfica,Portimonense,0.0,1.0,A,13.0,4.0,2.0,5.0,7.0,3.0,14.0,22.0,24.0,5.0
03/10/2021,Estoril,Gil Vicente,2.0,2.0,D,1.0,5.0,2.0,4.0,4.0,9.0,10.0,18.0,14.0,23.0
03/10/2021,Sp Braga,Boavista,2.0,2.0,D,3.0,1.0,2.0,5.0,8.0,2.0,11.0,14.0,13.0,7.0
22/10/2021,Guimaraes,Maritimo,2.0,1.0,H,14.0,2.0,1.0,1.0,10.0,3.0,21.0,15.0,27.0,7.0
23/10/2021,Santa Clara,Famalicao,0.0,2.0,A,1.0,5.0,4.0,2.0,0.0,5.0,12.0,18.0,9.0,12.0
23/10/2021,Sp Lisbon,Moreirense,1.0,0.0,H,7.0,1.0,3.0,3.0,4.0,1.0,14.0,14.0,14.0,5.0
23/10/2021,Tondela,Porto,1.0,3.0,A,3.0,10.0,2.0,4.0,2.0,6.0,9.0,23.0,3.0,24.0
24/10/2021,Pacos Ferreira,Arouca,0.0,0.0,D,3.0,9.0,7.0,2.0,0.0,6.0,13.0,21.0,3.0,15.0
24/10/2021,Portimonense,Estoril,0.0,2.0,A,6.0,1.0,1.0,3.0,3.0,2.0,18.0,16.0,24.0,6.0
24/10/2021,Vizela,Benfica,0.0,1.0,A,7.0,12.0,3.0,3.0,4.0,7.0,12.0,9.0,15.0,14.0
25/10/2021,Boavista,Belenenses,0.0,0.0,D,5.0,1.0,4.0,4.0,5.0,0.0,19.0,17.0,15.0,4.0
25/10/2021,Gil Vicente,Sp Braga,0.0,1.0,A,11.0,2.0,1.0,4.0,7.0,4.0,10.0,12.0,21.0,13.0
29/10/2021,Arouca,Tondela,2.0,0.0,H,4.0,6.0,5.0,4.0,2.0,6.0,20.0,13.0,4.0,15.0
30/10/2021,Estoril,Benfica,1.0,1.0,D,4.0,10.0,3.0,2.0,2.0,7.0,14.0,13.0,8.0,15.0
30/10/2021,Porto,Boavista,4.0,1.0,H,4.0,6.0,4.0,4.0,11.0,3.0,9.0,10.0,18.0,8.0
30/10/2021,Sp Lisbon,Guimaraes,1.0,0.0,H,7.0,2.0,2.0,2.0,4.0,2.0,14.0,10.0,12.0,12.0
31/10/2021,Belenenses,Santa Clara,2.0,1.0,H,8.0,7.0,0.0,0.0,4.0,4.0,15.0,10.0,10.0,12.0
31/10/2021,Famalicao,Vizela,1.0,1.0,D,5.0,2.0,1.0,1.0,5.0,3.0,17.0,15.0,14.0,9.0
31/10/2021,Maritimo,Gil Vicente,1.0,2.0,A,4.0,5.0,1.0,4.0,7.0,5.0,14.0,21.0,19.0,14.0
01/11/2021,Moreirense,Pacos Ferreira,1.0,1.0,D,4.0,7.0,1.0,1.0,1.0,4.0,13.0,13.0,7.0,11.0
01/11/2021,Sp Braga,Portimonense,3.0,0.0,H,3.0,5.0,3.0,6.0,5.0,2.0,13.0,15.0,18.0,5.0
05/11/2021,Boavista,Famalicao,2.0,5.0,A,6.0,2.0,5.0,3.0,5.0,10.0,13.0,13.0,16.0,15.0
05/11/2021,Gil Vicente,Arouca,1.0,1.0,D,8.0,1.0,1.0,5.0,5.0,1.0,14.0,18.0,16.0,9.0
06/11/2021,Guimaraes,Moreirense,2.0,1.0,H,5.0,9.0,2.0,1.0,5.0,8.0,13.0,10.0,11.0,20.0
06/11/2021,Portimonense,Belenenses,2.0,0.0,H,6.0,5.0,5.0,4.0,6.0,4.0,21.0,13.0,14.0,17.0
06/11/2021,Vizela,Estoril,1.0,1.0,D,3.0,1.0,2.0,3.0,3.0,6.0,13.0,16.0,12.0,8.0
07/11/2021,Benfica,Sp Braga,6.0,1.0,H,2.0,6.0,3.0,2.0,9.0,4.0,13.0,12.0,12.0,8.0
07/11/2021,Pacos Ferreira,Sp Lisbon,0.0,2.0,A,4.0,10.0,2.0,0.0,1.0,8.0,14.0,12.0,9.0,20.0
07/11/2021,Santa Clara,Porto,0.0,3.0,A,1.0,8.0,3.0,2.0,1.0,10.0,13.0,14.0,3.0,23.0
07/11/2021,Tondela,Maritimo,4.0,2.0,H,3.0,4.0,3.0,8.0,7.0,11.0,22.0,24.0,15.0,20.0
26/11/2021,Moreirense,Gil Vicente,2.0,2.0,D,5.0,5.0,3.0,6.0,4.0,8.0,19.0,13.0,15.0,14.0
27/11/2021,Arouca,Boavista,2.0,1.0,H,2.0,1.0,3.0,4.0,6.0,2.0,14.0,23.0,8.0,13.0
27/11/2021,Belenenses,Benfica,0.0,7.0,A,2.0,4.0,0.0,0.0,0.0,11.0,2.0,3.0,0.0,17.0
27/11/2021,Famalicao,Portimonense,0.0,3.0,A,8.0,3.0,1.0,3.0,2.0,2.0,17.0,10.0,20.0,6.0
28/11/2021,Maritimo,Pacos Ferreira,2.0,0.0,H,2.0,8.0,2.0,3.0,4.0,3.0,15.0,19.0,9.0,16.0
28/11/2021,Porto,Guimaraes,2.0,1.0,H,5.0,2.0,3.0,6.0,9.0,2.0,16.0,15.0,17.0,9.0
28/11/2021,Sp Lisbon,Tondela,2.0,0.0,H,1.0,4.0,3.0,3.0,8.0,1.0,16.0,10.0,14.0,5.0
29/11/2021,Estoril,Santa Clara,2.0,2.0,D,4.0,3.0,2.0,2.0,7.0,5.0,11.0,15.0,11.0,10.0
30/11/2021,Sp Braga,Vizela,4.0,1.0,H,10.0,1.0,1.0,0.0,9.0,2.0,11.0,10.0,17.0,8.0
03/12/2021,Benfica,Sp Lisbon,1.0,3.0,A,3.0,3.0,3.0,6.0,3.0,5.0,15.0,19.0,11.0,14.0
03/12/2021,Portimonense,Porto,0.0,3.0,A,3.0,6.0,3.0,1.0,4.0,6.0,11.0,14.0,7.0,23.0
04/12/2021,Boavista,Maritimo,1.0,1.0,D,2.0,6.0,5.0,6.0,4.0,3.0,23.0,14.0,6.0,10.0
04/12/2021,Pacos Ferreira,Guimaraes,1.0,2.0,A,4.0,6.0,2.0,4.0,3.0,8.0,12.0,16.0,7.0,17.0
05/12/2021,Gil Vicente,Famalicao,4.0,0.0,H,4.0,1.0,3.0,3.0,10.0,1.0,16.0,11.0,18.0,9.0
05/12/2021,Santa Clara,Arouca,2.0,1.0,H,1.0,8.0,4.0,4.0,4.0,4.0,16.0,16.0,5.0,13.0
05/12/2021,Sp Braga,Estoril,2.0,0.0,H,2.0,7.0,6.0,3.0,4.0,5.0,15.0,19.0,14.0,11.0
10/12/2021,Pacos Ferreira,Gil Vicente,0.0,1.0,A,7.0,5.0,3.0,2.0,2.0,5.0,17.0,10.0,11.0,13.0
11/12/2021,Guimaraes,Tondela,5.0,2.0,H,0.0,8.0,3.0,4.0,10.0,3.0,21.0,18.0,18.0,8.0
11/12/2021,Maritimo,Santa Clara,4.0,1.0,H,4.0,2.0,1.0,3.0,4.0,3.0,15.0,15.0,9.0,10.0
11/12/2021,Sp Lisbon,Boavista,2.0,0.0,H,10.0,3.0,0.0,1.0,6.0,2.0,12.0,16.0,19.0,4.0
12/12/2021,Belenenses,Estoril,0.0,1.0,A,0.0,14.0,2.0,1.0,0.0,7.0,11.0,10.0,7.0,21.0
12/12/2021,Famalicao,Benfica,1.0,4.0,A,5.0,2.0,2.0,2.0,2.0,4.0,13.0,13.0,13.0,6.0
12/12/2021,Moreirense,Portimonense,0.0,1.0,A,6.0,1.0,2.0,2.0,4.0,4.0,14.0,16.0,11.0,7.0
12/12/2021,Porto,Sp Braga,1.0,0.0,H,6.0,3.0,3.0,5.0,4.0,1.0,12.0,14.0,20.0,7.0
13/12/2021,Arouca,Vizela,1.0,4.0,A,6.0,4.0,2.0,4.0,2.0,4.0,11.0,18.0,15.0,10.0
17/12/2021,Estoril,Famalicao,2.0,2.0,D,7.0,2.0,3.0,5.0,4.0,3.0,11.0,18.0,11.0,7.0
17/12/2021,Santa Clara,Guimaraes,1.0,0.0,H,8.0,2.0,2.0,3.0,6.0,2.0,12.0,16.0,15.0,10.0
18/12/2021,Gil Vicente,Sp Lisbon,0.0,3.0,A,1.0,5.0,1.0,5.0,4.0,9.0,9.0,10.0,7.0,17.0
18/12/2021,Portimonense,Arouca,1.0,1.0,D,5.0,6.0,3.0,4.0,5.0,6.0,15.0,15.0,12.0,19.0
18/12/2021,Tondela,Pacos Ferreira,0.0,1.0,A,7.0,6.0,2.0,4.0,9.0,5.0,9.0,18.0,12.0,9.0
19/12/2021,Benfica,Maritimo,7.0,1.0,H,1.0,3.0,1.0,2.0,9.0,2.0,20.0,12.0,17.0,9.0
19/12/2021,Boavista,Moreirense,1.0,0.0,H,5.0,7.0,2.0,2.0,5.0,3.0,14.0,13.0,14.0,9.0
19/12/2021,Sp Braga,Belenenses,1.0,0.0,H,6.0,3.0,4.0,4.0,5.0,2.0,22.0,14.0,18.0,6.0
19/12/2021,Vizela,Porto,0.0,4.0,A,3.0,11.0,1.0,1.0,4.0,7.0,12.0,8.0,9.0,15.0
28/12/2021,Maritimo,Vizela,2.0,0.0,H,2.0,4.0,2.0,4.0,5.0,1.0,18.0,15.0,11.0,7.0
28/12/2021,Moreirense,Estoril,1.0,0.0,H,7.0,11.0,2.0,4.0,3.0,4.0,13.0,11.0,5.0,13.0
28/12/2021,Tondela,Gil Vicente,0.0,3.0,A,6.0,2.0,5.0,2.0,2.0,6.0,21.0,10.0,7.0,12.0
29/12/2021,Guimaraes,Boavista,1.0,1.0,D,11.0,4.0,6.0,2.0,2.0,4.0,23.0,16.0,17.0,11.0
29/12/2021,Sp Lisbon,Portimonense,3.0,2.0,H,5.0,0.0,4.0,3.0,12.0,2.0,17.0,10.0,24.0,6.0
30/12/2021,Arouca,Sp Braga,0.0,6.0,A,1.0,1.0,1.0,2.0,0.0,8.0,14.0,16.0,6.0,11.0
30/12/2021,Pacos Ferreira,Santa Clara,2.0,1.0,H,2.0,4.0,4.0,4.0,3.0,4.0,15.0,23.0,9.0,11.0
30/12/2021,Porto,Benfica,3.0,1.0,H,5.0,7.0,3.0,5.0,6.0,5.0,13.0,13.0,15.0,13.0
02/01/2022,Vizela,Belenenses,2.0,0.0,H,4.0,10.0,2.0,4.0,4.0,7.0,12.0,21.0,12.0,19.0
03/01/2022,Tondela,Moreirense,2.0,1.0,H,1.0,3.0,2.0,2.0,5.0,5.0,12.0,21.0,10.0,9.0
07/01/2022,Santa Clara,Sp Lisbon,3.0,2.0,H,3.0,3.0,6.0,3.0,5.0,5.0,32.0,12.0,9.0,19.0
08/01/2022,Boavista,Tondela,1.0,1.0,D,9.0,4.0,3.0,1.0,4.0,2.0,21.0,16.0,18.0,5.0
08/01/2022,Estoril,Porto,2.0,3.0,A,2.0,7.0,4.0,2.0,2.0,10.0,15.0,18.0,7.0,23.0
08/01/2022,Vizela,Moreirense,0.0,1.0,A,8.0,5.0,0.0,6.0,3.0,4.0,10.0,19.0,15.0,14.0
09/01/2022,Belenenses,Arouca,2.0,1.0,H,4.0,2.0,8.0,3.0,5.0,2.0,20.0,24.0,15.0,10.0
09/01/2022,Benfica,Pacos Ferreira,2.0,0.0,H,9.0,1.0,2.0,3.0,6.0,1.0,17.0,12.0,22.0,6.0
09/01/2022,Portimonense,Maritimo,1.0,2.0,A,7.0,4.0,4.0,3.0,4.0,8.0,11.0,15.0,18.0,17.0
09/01/2022,Sp Braga,Famalicao,2.0,2.0,D,5.0,2.0,2.0,4.0,8.0,7.0,12.0,12.0,17.0,10.0
10/01/2022,Gil Vicente,Guimaraes,3.0,2.0,H,6.0,1.0,2.0,5.0,10.0,2.0,15.0,16.0,17.0,8.0
13/01/2022,Famalicao,Belenenses,1.0,0.0,H,5.0,5.0,1.0,2.0,2.0,4.0,20.0,20.0,11.0,8.0
15/01/2022,Benfica,Moreirense,1.0,1.0,D,9.0,1.0,3.0,5.0,5.0,2.0,13.0,11.0,16.0,9.0
15/01/2022,Boavista,Gil Vicente,1.0,1.0,D,8.0,5.0,3.0,2.0,5.0,2.0,9.0,13.0,17.0,4.0
15/01/2022,Sp Braga,Maritimo,0.0,1.0,A,7.0,4.0,2.0,1.0,4.0,3.0,19.0,8.0,16.0,8.0
16/01/2022,Belenenses,Porto,1.0,4.0,A,3.0,8.0,5.0,3.0,2.0,9.0,13.0,16.0,4.0,24.0
16/01/2022,Famalicao,Pacos Ferreira,0.0,0.0,D,2.0,8.0,4.0,3.0,6.0,3.0,15.0,21.0,10.0,11.0
16/01/2022,Santa Clara,Tondela,2.0,2.0,D,11.0,5.0,1.0,1.0,9.0,7.0,12.0,16.0,18.0,12.0
16/01/2022,Vizela,Sp Lisbon,0.0,2.0,A,2.0,4.0,3.0,3.0,1.0,6.0,15.0,13.0,8.0,14.0
17/01/2022,Portimonense,Guimaraes,1.0,1.0,D,6.0,4.0,4.0,5.0,4.0,6.0,14.0,18.0,15.0,12.0
21/01/2022,Arouca,Benfica,0.0,2.0,A,2.0,2.0,5.0,1.0,2.0,6.0,21.0,16.0,8.0,8.0
21/01/2022,Pacos Ferreira,Boavista,1.0,1.0,D,7.0,0.0,4.0,6.0,3.0,9.0,16.0,19.0,11.0,18.0
22/01/2022,Moreirense,Santa Clara,0.0,2.0,A,2.0,3.0,2.0,2.0,3.0,3.0,12.0,14.0,11.0,10.0
22/01/2022,Sp Lisbon,Sp Braga,1.0,2.0,A,3.0,4.0,3.0,3.0,4.0,3.0,20.0,12.0,13.0,9.0
22/01/2022,Tondela,Vizela,2.0,3.0,A,6.0,10.0,4.0,6.0,3.0,8.0,16.0,18.0,12.0,21.0
23/01/2022,Gil Vicente,Portimonense,1.0,0.0,H,12.0,2.0,3.0,6.0,6.0,1.0,13.0,7.0,28.0,3.0
23/01/2022,Guimaraes,Estoril,3.0,1.0,H,4.0,4.0,4.0,3.0,7.0,3.0,11.0,11.0,20.0,7.0
23/01/2022,Maritimo,Belenenses,1.0,1.0,D,7.0,2.0,0.0,4.0,2.0,9.0,10.0,26.0,16.0,15.0
23/01/2022,Porto,Famalicao,3.0,1.0,H,7.0,4.0,0.0,4.0,9.0,1.0,13.0,14.0,18.0,6.0
27/01/2022,Estoril,Arouca,1.0,2.0,A,4.0,9.0,3.0,2.0,4.0,5.0,15.0,18.0,11.0,21.0
30/01/2022,Portimonense,Tondela,1.0,2.0,A,6.0,2.0,5.0,0.0,6.0,4.0,15.0,11.0,11.0,10.0
30/01/2022,Porto,Maritimo,2.0,1.0,H,1.0,3.0,4.0,5.0,5.0,3.0,24.0,15.0,14.0,8.0
30/01/2022,Sp Braga,Moreirense,2.0,0.0,H,9.0,2.0,3.0,1.0,5.0,1.0,21.0,13.0,11.0,15.0
30/01/2022,Vizela,Guimaraes,3.0,2.0,H,6.0,10.0,3.0,3.0,6.0,4.0,17.0,16.0,16.0,11.0
31/01/2022,Estoril,Pacos Ferreira,0.0,0.0,D,3.0,1.0,6.0,2.0,6.0,4.0,20.0,13.0,12.0,11.0
31/01/2022,Famalicao,Arouca,0.0,0.0,D,4.0,4.0,2.0,3.0,1.0,2.0,14.0,26.0,3.0,7.0
01/02/2022,Santa Clara,Boavista,2.0,1.0,H,2.0,5.0,3.0,4.0,3.0,5.0,15.0,15.0,12.0,12.0
02/02/2022,Belenenses,Sp Lisbon,1.0,4.0,A,1.0,4.0,5.0,1.0,2.0,6.0,23.0,19.0,6.0,15.0
02/02/2022,Benfica,Gil Vicente,1.0,2.0,A,13.0,3.0,4.0,3.0,5.0,6.0,15.0,6.0,23.0,12.0
05/02/2022,Guimaraes,Sp Braga,2.0,1.0,H,3.0,5.0,4.0,1.0,5.0,4.0,13.0,14.0,10.0,11.0
05/02/2022,Maritimo,Estoril,0.0,0.0,D,13.0,2.0,3.0,2.0,4.0,0.0,11.0,16.0,28.0,7.0
05/02/2022,Pacos Ferreira,Portimonense,1.0,1.0,D,8.0,7.0,5.0,5.0,3.0,8.0,24.0,23.0,14.0,19.0
06/02/2022,Arouca,Porto,0.0,2.0,A,3.0,3.0,5.0,4.0,1.0,4.0,14.0,18.0,6.0,15.0
06/02/2022,Boavista,Vizela,2.0,2.0,D,7.0,5.0,5.0,6.0,4.0,4.0,14.0,17.0,12.0,20.0
06/02/2022,Gil Vicente,Santa Clara,2.0,2.0,D,1.0,9.0,3.0,5.0,3.0,4.0,20.0,18.0,8.0,11.0
06/02/2022,Sp Lisbon,Famalicao,2.0,0.0,H,4.0,4.0,2.0,2.0,4.0,5.0,16.0,20.0,8.0,8.0
07/02/2022,Moreirense,Belenenses,4.0,1.0,H,2.0,0.0,2.0,1.0,10.0,1.0,14.0,17.0,18.0,3.0
07/02/2022,Tondela,Benfica,1.0,3.0,A,4.0,9.0,2.0,1.0,3.0,8.0,15.0,17.0,12.0,19.0
11/02/2022,Porto,Sp Lisbon,2.0,2.0,D,9.0,0.0,4.0,7.0,7.0,3.0,18.0,13.0,21.0,7.0
12/02/2022,Benfica,Santa Clara,2.0,1.0,H,7.0,2.0,3.0,5.0,4.0,4.0,12.0,17.0,16.0,7.0
12/02/2022,Estoril,Tondela,1.0,0.0,H,1.0,2.0,2.0,2.0,8.0,3.0,21.0,14.0,15.0,8.0
12/02/2022,Portimonense,Boavista,1.0,1.0,D,6.0,6.0,4.0,3.0,4.0,3.0,12.0,10.0,21.0,17.0
12/02/2022,Sp Braga,Pacos Ferreira,2.0,1.0,H,3.0,8.0,4.0,2.0,5.0,3.0,22.0,17.0,17.0,9.0
13/02/2022,Belenenses,Guimaraes,1.0,0.0,H,5.0,3.0,6.0,4.0,4.0,2.0,11.0,23.0,13.0,19.0
13/02/2022,Famalicao,Moreirense,5.0,0.0,H,4.0,5.0,4.0,4.0,9.0,4.0,15.0,11.0,13.0,6.0
13/02/2022,Vizela,Gil Vicente,0.0,1.0,A,12.0,2.0,3.0,4.0,3.0,3.0,13.0,14.0,19.0,6.0
14/02/2022,Arouca,Maritimo,0.0,3.0,A,9.0,2.0,2.0,4.0,4.0,6.0,18.0,16.0,20.0,9.0
18/02/2022,Boavista,Benfica,2.0,2.0,D,9.0,4.0,5.0,3.0,4.0,3.0,15.0,14.0,14.0,8.0
19/02/2022,Gil Vicente,Belenenses,2.0,0.0,H,6.0,3.0,2.0,4.0,5.0,1.0,11.0,15.0,13.0,8.0
19/02/2022,Guimaraes,Arouca,1.0,3.0,A,4.0,9.0,3.0,4.0,5.0,7.0,19.0,15.0,11.0,14.0
19/02/2022,Pacos Ferreira,Vizela,2.0,1.0,H,10.0,5.0,7.0,4.0,4.0,2.0,15.0,16.0,20.0,10.0
20/02/2022,Maritimo,Famalicao,0.0,1.0,A,5.0,6.0,3.0,3.0,2.0,8.0,12.0,19.0,5.0,17.0
20/02/2022,Moreirense,Porto,0.0,1.0,A,2.0,9.0,7.0,4.0,1.0,5.0,16.0,14.0,9.0,16.0
20/02/2022,Sp Lisbon,Estoril,3.0,0.0,H,7.0,1.0,3.0,3.0,7.0,0.0,16.0,15.0,22.0,5.0
20/02/2022,Tondela,Sp Braga,0.0,1.0,A,3.0,4.0,2.0,1.0,2.0,2.0,11.0,13.0,7.0,8.0
21/02/2022,Santa Clara,Portimonense,1.0,1.0,D,3.0,2.0,1.0,1.0,4.0,7.0,11.0,8.0,13.0,13.0
25/02/2022,Belenenses,Pacos Ferreira,0.0,2.0,A,10.0,6.0,2.0,4.0,1.0,7.0,16.0,18.0,12.0,15.0
26/02/2022,Arouca,Moreirense,1.0,1.0,D,7.0,2.0,3.0,3.0,4.0,3.0,12.0,16.0,17.0,5.0
26/02/2022,Famalicao,Tondela,2.0,1.0,H,7.0,3.0,5.0,3.0,3.0,3.0,17.0,18.0,12.0,10.0
26/02/2022,Maritimo,Sp Lisbon,1.0,1.0,D,4.0,7.0,3.0,2.0,2.0,4.0,16.0,15.0,6.0,17.0
27/02/2022,Benfica,Guimaraes,3.0,0.0,H,5.0,9.0,1.0,2.0,6.0,7.0,11.0,15.0,9.0,17.0
27/02/2022,Estoril,Boavista,2.0,3.0,A,5.0,1.0,2.0,4.0,2.0,4.0,19.0,10.0,11.0,14.0
27/02/2022,Porto,Gil Vicente,1.0,1.0,D,10.0,1.0,2.0,1.0,8.0,1.0,12.0,4.0,30.0,5.0
27/02/2022,Vizela,Portimonense,1.0,1.0,D,11.0,2.0,1.0,2.0,2.0,1.0,15.0,21.0,18.0,10.0
28/02/2022,Sp Braga,Santa Clara,0.0,0.0,D,2.0,8.0,3.0,5.0,4.0,1.0,14.0,12.0,16.0,9.0
04/03/2022,Gil Vicente,Estoril,0.0,0.0,D,6.0,2.0,2.0,1.0,3.0,1.0,12.0,21.0,14.0,10.0
05/03/2022,Boavista,Sp Braga,1.0,1.0,D,4.0,1.0,5.0,3.0,5.0,5.0,14.0,17.0,10.0,8.0
05/03/2022,Portimonense,Benfica,1.0,2.0,A,2.0,8.0,5.0,3.0,1.0,4.0,18.0,15.0,6.0,16.0
05/03/2022,Sp Lisbon,Arouca,2.0,0.0,H,5.0,1.0,2.0,4.0,6.0,2.0,13.0,14.0,15.0,5.0
06/03/2022,Guimaraes,Famalicao,2.0,1.0,H,7.0,2.0,5.0,2.0,5.0,3.0,18.0,15.0,14.0,7.0
06/03/2022,Moreirense,Maritimo,0.0,1.0,A,8.0,4.0,2.0,4.0,5.0,2.0,14.0,15.0,18.0,12.0
06/03/2022,Pacos Ferreira,Porto,2.0,4.0,A,1.0,7.0,0.0,2.0,4.0,9.0,4.0,19.0,6.0,12.0
06/03/2022,Santa Clara,Vizela,3.0,1.0,H,6.0,1.0,0.0,2.0,4.0,2.0,16.0,15.0,14.0,6.0
07/03/2022,Tondela,Belenenses,1.0,1.0,D,4.0,5.0,4.0,3.0,2.0,3.0,18.0,16.0,7.0,9.0
11/03/2022,Benfica,Vizela,1.0,1.0,D,9.0,8.0,2.0,6.0,9.0,4.0,8.0,18.0,22.0,20.0
12/03/2022,Arouca,Pacos Ferreira,0.0,1.0,A,6.0,9.0,4.0,5.0,4.0,4.0,16.0,14.0,14.0,11.0
12/03/2022,Belenenses,Boavista,0.0,0.0,D,3.0,4.0,4.0,3.0,2.0,1.0,17.0,20.0,9.0,15.0
12/03/2022,Estoril,Portimonense,2.0,0.0,H,6.0,10.0,3.0,3.0,6.0,4.0,14.0,11.0,14.0,17.0
12/03/2022,Famalicao,Santa Clara,0.0,0.0,D,6.0,5.0,1.0,4.0,3.0,4.0,13.0,19.0,7.0,10.0
13/03/2022,Maritimo,Guimaraes,0.0,1.0,A,3.0,3.0,2.0,3.0,4.0,6.0,14.0,23.0,7.0,22.0
13/03/2022,Porto,Tondela,4.0,0.0,H,5.0,4.0,1.0,3.0,9.0,2.0,21.0,16.0,17.0,9.0
13/03/2022,Sp Braga,Gil Vicente,0.0,1.0,A,7.0,2.0,3.0,3.0,4.0,2.0,16.0,9.0,12.0,12.0
14/03/2022,Moreirense,Sp Lisbon,0.0,2.0,A,3.0,7.0,4.0,4.0,3.0,4.0,20.0,16.0,12.0,14.0
18/03/2022,Vizela,Famalicao,1.0,1.0,D,7.0,4.0,0.0,4.0,7.0,4.0,11.0,14.0,22.0,11.0
19/03/2022,Guimaraes,Sp Lisbon,1.0,3.0,A,2.0,3.0,4.0,2.0,4.0,6.0,15.0,7.0,12.0,15.0
19/03/2022,Santa Clara,Belenenses,0.0,0.0,D,7.0,8.0,3.0,5.0,3.0,1.0,16.0,20.0,10.0,7.0
19/03/2022,Tondela,Arouca,2.0,2.0,D,4.0,3.0,1.0,3.0,4.0,5.0,13.0,16.0,6.0,12.0
20/03/2022,Benfica,Estoril,2.0,1.0,H,7.0,4.0,1.0,2.0,6.0,3.0,13.0,12.0,18.0,16.0
20/03/2022,Boavista,Porto,0.0,1.0,A,3.0,5.0,2.0,2.0,1.0,4.0,18.0,16.0,9.0,10.0
20/03/2022,Gil Vicente,Maritimo,1.0,1.0,D,8.0,6.0,3.0,3.0,8.0,3.0,16.0,10.0,15.0,12.0
20/03/2022,Pacos Ferreira,Moreirense,2.0,1.0,H,7.0,3.0,2.0,4.0,6.0,5.0,18.0,21.0,10.0,16.0
20/03/2022,Portimonense,Sp Braga,1.0,2.0,A,7.0,9.0,1.0,1.0,7.0,6.0,10.0,16.0,13.0,17.0
01/04/2022,Sp Braga,Benfica,3.0,2.0,H,2.0,9.0,2.0,1.0,5.0,4.0,15.0,7.0,12.0,11.0
02/04/2022,Arouca,Gil Vicente,2.0,1.0,H,2.0,12.0,2.0,5.0,2.0,5.0,14.0,12.0,6.0,13.0
02/04/2022,Belenenses,Portimonense,2.0,0.0,H,1.0,8.0,5.0,3.0,6.0,4.0,25.0,15.0,10.0,19.0
02/04/2022,Estoril,Vizela,1.0,2.0,A,7.0,2.0,2.0,2.0,3.0,4.0,12.0,14.0,11.0,7.0
02/04/2022,Famalicao,Boavista,1.0,2.0,A,11.0,1.0,3.0,4.0,6.0,3.0,7.0,13.0,13.0,9.0
03/04/2022,Maritimo,Tondela,1.0,3.0,A,9.0,4.0,3.0,2.0,3.0,6.0,9.0,15.0,9.0,14.0
03/04/2022,Moreirense,Guimaraes,0.0,1.0,A,5.0,3.0,2.0,5.0,3.0,4.0,20.0,10.0,11.0,16.0
03/04/2022,Sp Lisbon,Pacos Ferreira,2.0,0.0,H,5.0,2.0,2.0,4.0,6.0,0.0,19.0,14.0,17.0,1.0
04/04/2022,Porto,Santa Clara,3.0,0.0,H,7.0,3.0,0.0,0.0,6.0,1.0,12.0,11.0,16.0,5.0
08/04/2022,Gil Vicente,Moreirense,1.0,2.0,A,11.0,3.0,1.0,4.0,5.0,7.0,12.0,14.0,23.0,14.0
09/04/2022,Benfica,Belenenses,3.0,1.0,H,11.0,6.0,1.0,7.0,8.0,2.0,18.0,18.0,27.0,8.0
09/04/2022,Boavista,Arouca,1.0,0.0,H,3.0,3.0,4.0,3.0,5.0,1.0,17.0,12.0,14.0,16.0
09/04/2022,Pacos Ferreira,Maritimo,2.0,0.0,H,5.0,2.0,0.0,1.0,6.0,4.0,17.0,20.0,14.0,15.0
09/04/2022,Tondela,Sp Lisbon,1.0,3.0,A,1.0,9.0,3.0,2.0,2.0,9.0,14.0,13.0,3.0,17.0
10/04/2022,Guimaraes,Porto,0.0,1.0,A,3.0,1.0,6.0,2.0,1.0,4.0,15.0,20.0,4.0,13.0
10/04/2022,Portimonense,Famalicao,1.0,0.0,H,7.0,2.0,7.0,4.0,6.0,2.0,15.0,15.0,15.0,7.0
10/04/2022,Santa Clara,Estoril,2.0,0.0,H,5.0,1.0,2.0,1.0,4.0,4.0,19.0,17.0,7.0,14.0
10/04/2022,Vizela,Sp Braga,0.0,1.0,A,2.0,8.0,3.0,4.0,2.0,4.0,12.0,11.0,14.0,10.0
15/04/2022,Arouca,Santa Clara,1.0,1.0,D,7.0,7.0,3.0,4.0,7.0,2.0,17.0,14.0,17.0,9.0
15/04/2022,Famalicao,Gil Vicente,2.0,2.0,D,3.0,7.0,6.0,4.0,3.0,5.0,16.0,14.0,10.0,16.0
15/04/2022,Guimaraes,Pacos Ferreira,4.0,0.0,H,2.0,4.0,0.0,5.0,8.0,0.0,14.0,15.0,18.0,7.0
16/04/2022,Belenenses,Vizela,1.0,0.0,H,2.0,7.0,2.0,2.0,3.0,3.0,15.0,14.0,6.0,15.0
16/04/2022,Maritimo,Boavista,4.0,0.0,H,1.0,1.0,4.0,5.0,5.0,0.0,17.0,21.0,8.0,4.0
16/04/2022,Moreirense,Tondela,2.0,0.0,H,4.0,1.0,6.0,5.0,3.0,1.0,18.0,15.0,12.0,3.0
16/04/2022,Porto,Portimonense,7.0,0.0,H,9.0,1.0,0.0,2.0,12.0,2.0,10.0,7.0,26.0,3.0
17/04/2022,Sp Lisbon,Benfica,0.0,2.0,A,7.0,5.0,2.0,3.0,4.0,4.0,7.0,9.0,16.0,10.0
18/04/2022,Estoril,Sp Braga,0.0,0.0,D,7.0,5.0,1.0,0.0,6.0,2.0,5.0,9.0,15.0,13.0
22/04/2022,Vizela,Arouca,2.0,1.0,H,6.0,2.0,4.0,1.0,6.0,5.0,19.0,9.0,16.0,14.0
23/04/2022,Benfica,Famalicao,0.0,0.0,D,8.0,5.0,2.0,4.0,5.0,0.0,18.0,10.0,25.0,4.0
23/04/2022,Gil Vicente,Pacos Ferreira,1.0,1.0,D,6.0,2.0,2.0,5.0,3.0,2.0,15.0,19.0,16.0,10.0
23/04/2022,Portimonense,Moreirense,1.0,0.0,H,6.0,6.0,2.0,5.0,7.0,7.0,14.0,19.0,19.0,15.0
23/04/2022,Santa Clara,Maritimo,2.0,2.0,D,3.0,10.0,2.0,3.0,3.0,3.0,23.0,14.0,10.0,10.0
24/04/2022,Estoril,Belenenses,2.0,2.0,D,2.0,8.0,7.0,3.0,2.0,4.0,18.0,10.0,6.0,23.0
24/04/2022,Tondela,Guimaraes,1.0,1.0,D,4.0,3.0,2.0,4.0,5.0,3.0,15.0,18.0,11.0,10.0
25/04/2022,Boavista,Sp Lisbon,0.0,3.0,A,2.0,3.0,2.0,2.0,1.0,5.0,7.0,9.0,10.0,10.0
25/04/2022,Sp Braga,Porto,1.0,0.0,H,2.0,10.0,2.0,2.0,5.0,3.0,13.0,7.0,9.0,19.0
29/04/2022,Famalicao,Estoril,3.0,1.0,H,7.0,3.0,3.0,1.0,7.0,3.0,18.0,9.0,25.0,9.0
30/04/2022,Arouca,Portimonense,1.0,0.0,H,5.0,7.0,1.0,2.0,6.0,4.0,12.0,15.0,15.0,7.0
30/04/2022,Belenenses,Sp Braga,0.0,1.0,A,2.0,6.0,3.0,3.0,1.0,9.0,7.0,16.0,9.0,25.0
30/04/2022,Maritimo,Benfica,0.0,1.0,A,5.0,6.0,2.0,4.0,5.0,4.0,8.0,24.0,14.0,15.0
30/04/2022,Porto,Vizela,4.0,2.0,H,8.0,2.0,1.0,1.0,8.0,2.0,12.0,7.0,17.0,3.0
01/05/2022,Guimaraes,Santa Clara,1.0,1.0,D,4.0,3.0,3.0,5.0,1.0,1.0,21.0,11.0,7.0,3.0
01/05/2022,Moreirense,Boavista,1.0,2.0,A,5.0,3.0,4.0,5.0,2.0,2.0,8.0,17.0,14.0,8.0
01/05/2022,Sp Lisbon,Gil Vicente,4.0,1.0,H,13.0,2.0,4.0,2.0,13.0,1.0,18.0,15.0,22.0,3.0
02/05/2022,Pacos Ferreira,Tondela,1.0,1.0,D,7.0,0.0,1.0,6.0,5.0,3.0,14.0,12.0,19.0,8.0
06/05/2022,Boavista,Guimaraes,1.0,1.0,D,5.0,7.0,2.0,4.0,6.0,5.0,9.0,16.0,16.0,13.0
07/05/2022,Benfica,Porto,0.0,1.0,A,5.0,3.0,10.0,4.0,2.0,5.0,23.0,15.0,9.0,10.0
07/05/2022,Estoril,Moreirense,1.0,0.0,H,2.0,8.0,6.0,3.0,2.0,5.0,17.0,10.0,6.0,18.0
07/05/2022,Portimonense,Sp Lisbon,2.0,3.0,A,1.0,8.0,2.0,2.0,3.0,8.0,7.0,13.0,5.0,28.0
08/05/2022,Gil Vicente,Tondela,3.0,0.0,H,8.0,0.0,1.0,2.0,4.0,3.0,13.0,3.0,8.0,5.0
08/05/2022,Santa Clara,Pacos Ferreira,2.0,0.0,H,10.0,0.0,3.0,3.0,7.0,0.0,24.0,17.0,20.0,3.0
08/05/2022,Sp Braga,Arouca,1.0,0.0,H,4.0,8.0,0.0,1.0,2.0,4.0,12.0,8.0,12.0,14.0
08/05/2022,Vizela,Maritimo,1.0,1.0,D,2.0,8.0,4.0,2.0,3.0,3.0,12.0,4.0,11.0,10.0
09/05/2022,Belenenses,Famalicao,2.0,3.0,A,7.0,5.0,3.0,1.0,5.0,4.0,17.0,21.0,14.0,14.0
13/05/2022,Pacos Ferreira,Benfica,0.0,2.0,A,6.0,4.0,1.0,1.0,4.0,8.0,11.0,23.0,12.0,15.0
14/05/2022,Arouca,Belenenses,0.0,0.0,D,8.0,4.0,2.0,2.0,7.0,3.0,13.0,12.0,22.0,10.0
14/05/2022,Maritimo,Portimonense,0.0,1.0,A,4.0,2.0,3.0,2.0,6.0,4.0,16.0,21.0,11.0,15.0
14/05/2022,Moreirense,Vizela,4.0,1.0,H,4.0,7.0,3.0,3.0,6.0,2.0,16.0,10.0,12.0,6.0
14/05/2022,Porto,Estoril,2.0,0.0,H,12.0,6.0,0.0,0.0,5.0,1.0,13.0,11.0,21.0,7.0
14/05/2022,Sp Lisbon,Santa Clara,4.0,0.0,H,10.0,5.0,1.0,2.0,9.0,1.0,11.0,12.0,23.0,10.0
14/05/2022,Tondela,Boavista,2.0,2.0,D,4.0,5.0,1.0,3.0,8.0,5.0,13.0,16.0,11.0,14.0
15/05/2022,Famalicao,Sp Braga,3.0,2.0,H,6.0,4.0,3.0,3.0,11.0,6.0,8.0,11.0,21.0,11.0
15/05/2022,Guimaraes,Gil Vicente,5.0,0.0,H,1.0,3.0,1.0,0.0,8.0,4.0,13.0,16.0,15.0,8.0
05/08/2022,Benfica,Arouca,4.0,0.0,H,6.0,1.0,3.0,1.0,6.0,2.0,7.0,6.0,20.0,3.0
06/08/2022,Estoril,Famalicao,2.0,0.0,H,1.0,2.0,4.0,1.0,5.0,5.0,13.0,11.0,10.0,15.0
06/08/2022,Porto,Maritimo,5.0,1.0,H,4.0,4.0,3.0,2.0,7.0,3.0,13.0,11.0,22.0,9.0
06/08/2022,Rio Ave,Vizela,0.0,1.0,A,6.0,7.0,7.0,4.0,0.0,7.0,19.0,16.0,7.0,12.0
07/08/2022,Chaves,Guimaraes,0.0,1.0,A,2.0,5.0,2.0,9.0,2.0,6.0,10.0,20.0,14.0,15.0
07/08/2022,Portimonense,Boavista,0.0,1.0,A,7.0,1.0,3.0,1.0,8.0,5.0,13.0,11.0,18.0,10.0
07/08/2022,Santa Clara,Casa Pia,0.0,0.0,D,7.0,6.0,1.0,3.0,3.0,3.0,15.0,12.0,7.0,11.0
07/08/2022,Sp Braga,Sp Lisbon,3.0,3.0,D,3.0,3.0,2.0,2.0,7.0,4.0,14.0,17.0,15.0,11.0
08/08/2022,Gil Vicente,Pacos Ferreira,1.0,0.0,H,8.0,6.0,1.0,6.0,7.0,5.0,17.0,19.0,16.0,12.0
12/08/2022,Famalicao,Sp Braga,0.0,3.0,A,7.0,7.0,3.0,1.0,5.0,9.0,11.0,14.0,11.0,24.0
13/08/2022,Casa Pia,Benfica,0.0,1.0,A,4.0,9.0,6.0,4.0,2.0,4.0,10.0,9.0,8.0,14.0
13/08/2022,Sp Lisbon,Rio Ave,3.0,0.0,H,7.0,1.0,1.0,2.0,6.0,1.0,15.0,6.0,20.0,3.0
14/08/2022,Boavista,Santa Clara,2.0,1.0,H,8.0,6.0,3.0,7.0,5.0,1.0,13.0,8.0,16.0,3.0
14/08/2022,Guimaraes,Estoril,1.0,0.0,H,5.0,7.0,3.0,5.0,3.0,4.0,13.0,8.0,8.0,7.0
14/08/2022,Vizela,Porto,0.0,1.0,A,1.0,10.0,6.0,2.0,1.0,4.0,18.0,13.0,4.0,13.0
15/08/2022,Arouca,Gil Vicente,1.0,0.0,H,4.0,4.0,4.0,2.0,4.0,2.0,22.0,18.0,8.0,10.0
15/08/2022,Maritimo,Chaves,1.0,2.0,A,3.0,6.0,1.0,1.0,6.0,8.0,12.0,11.0,13.0,21.0
15/08/2022,Pacos Ferreira,Portimonense,0.0,3.0,A,2.0,7.0,3.0,5.0,4.0,3.0,12.0,16.0,14.0,13.0
19/08/2022,Estoril,Rio Ave,2.0,2.0,D,1.0,5.0,4.0,3.0,4.0,7.0,22.0,13.0,9.0,17.0
20/08/2022,Chaves,Vizela,1.0,1.0,D,5.0,4.0,5.0,5.0,3.0,4.0,8.0,19.0,18.0,17.0
20/08/2022,Porto,Sp Lisbon,3.0,0.0,H,3.0,4.0,1.0,4.0,5.0,4.0,23.0,11.0,11.0,8.0
20/08/2022,Santa Clara,Arouca,1.0,2.0,A,4.0,2.0,2.0,3.0,3.0,4.0,19.0,21.0,12.0,10.0
21/08/2022,Casa Pia,Boavista,2.0,0.0,H,2.0,2.0,1.0,3.0,4.0,4.0,11.0,13.0,6.0,11.0
21/08/2022,Portimonense,Guimaraes,2.0,1.0,H,6.0,11.0,4.0,2.0,5.0,6.0,18.0,15.0,15.0,17.0
21/08/2022,Sp Braga,Maritimo,5.0,0.0,H,5.0,5.0,3.0,1.0,9.0,1.0,16.0,7.0,20.0,7.0
22/08/2022,Gil Vicente,Famalicao,0.0,0.0,D,8.0,4.0,1.0,5.0,5.0,2.0,12.0,13.0,15.0,10.0
26/08/2022,Pacos Ferreira,Estoril,0.0,3.0,A,4.0,5.0,3.0,0.0,4.0,7.0,13.0,21.0,10.0,11.0
27/08/2022,Boavista,Benfica,0.0,3.0,A,7.0,8.0,4.0,2.0,0.0,6.0,12.0,15.0,4.0,16.0
27/08/2022,Maritimo,Portimonense,0.0,1.0,A,8.0,7.0,2.0,1.0,4.0,6.0,12.0,16.0,19.0,9.0
27/08/2022,Sp Lisbon,Chaves,0.0,2.0,A,13.0,3.0,5.0,2.0,10.0,5.0,19.0,16.0,22.0,8.0
28/08/2022,Arouca,Sp Braga,0.0,6.0,A,5.0,4.0,3.0,3.0,4.0,10.0,18.0,13.0,12.0,15.0
28/08/2022,Famalicao,Santa Clara,1.0,0.0,H,6.0,4.0,3.0,3.0,4.0,2.0,22.0,11.0,12.0,13.0
28/08/2022,Rio Ave,Porto,3.0,1.0,H,2.0,7.0,1.0,2.0,4.0,10.0,11.0,8.0,6.0,27.0
29/08/2022,Guimaraes,Casa Pia,0.0,1.0,A,9.0,1.0,3.0,3.0,2.0,2.0,15.0,16.0,15.0,8.0
29/08/2022,Vizela,Gil Vicente,2.0,2.0,D,5.0,10.0,2.0,5.0,9.0,4.0,9.0,15.0,18.0,12.0
30/08/2022,Benfica,Pacos Ferreira,3.0,2.0,H,13.0,3.0,2.0,4.0,6.0,2.0,13.0,13.0,27.0,3.0
02/09/2022,Benfica,Vizela,2.0,1.0,H,15.0,4.0,7.0,4.0,6.0,2.0,9.0,10.0,28.0,7.0
02/09/2022,Estoril,Sp Lisbon,0.0,2.0,A,2.0,7.0,5.0,7.0,0.0,4.0,16.0,18.0,5.0,18.0
03/09/2022,Gil Vicente,Porto,0.0,2.0,A,6.0,4.0,1.0,0.0,2.0,4.0,15.0,9.0,6.0,16.0
03/09/2022,Sp Braga,Guimaraes,1.0,0.0,H,5.0,0.0,2.0,7.0,2.0,3.0,16.0,21.0,18.0,7.0
04/09/2022,Casa Pia,Arouca,0.0,0.0,D,9.0,2.0,2.0,0.0,1.0,1.0,13.0,10.0,6.0,8.0
04/09/2022,Portimonense,Famalicao,1.0,0.0,H,7.0,5.0,5.0,2.0,1.0,1.0,20.0,10.0,9.0,13.0
04/09/2022,Santa Clara,Maritimo,2.0,1.0,H,2.0,3.0,3.0,4.0,4.0,5.0,22.0,16.0,9.0,17.0
05/09/2022,Boavista,Pacos Ferreira,1.0,0.0,H,5.0,1.0,4.0,3.0,3.0,1.0,16.0,18.0,12.0,7.0
05/09/2022,Chaves,Rio Ave,1.0,1.0,D,8.0,11.0,5.0,3.0,6.0,3.0,14.0,13.0,21.0,13.0
09/09/2022,Guimaraes,Santa Clara,1.0,0.0,H,6.0,5.0,4.0,5.0,3.0,4.0,11.0,17.0,9.0,9.0
10/09/2022,Famalicao,Benfica,0.0,1.0,A,1.0,5.0,2.0,0.0,2.0,7.0,19.0,12.0,4.0,13.0
10/09/2022,Porto,Chaves,3.0,0.0,H,9.0,3.0,1.0,3.0,7.0,1.0,13.0,11.0,19.0,8.0
10/09/2022,Sp Lisbon,Portimonense,4.0,0.0,H,8.0,3.0,3.0,3.0,7.0,1.0,7.0,14.0,17.0,4.0
11/09/2022,Arouca,Boavista,1.0,2.0,A,2.0,5.0,2.0,2.0,1.0,4.0,11.0,15.0,6.0,10.0
11/09/2022,Maritimo,Gil Vicente,1.0,2.0,A,10.0,8.0,2.0,0.0,4.0,5.0,13.0,13.0,18.0,22.0
11/09/2022,Pacos Ferreira,Casa Pia,2.0,3.0,A,7.0,2.0,2.0,4.0,8.0,5.0,8.0,17.0,19.0,12.0
11/09/2022,Rio Ave,Sp Braga,2.0,3.0,A,7.0,8.0,1.0,1.0,5.0,11.0,12.0,10.0,17.0,24.0
12/09/2022,Vizela,Estoril,0.0,1.0,A,16.0,2.0,4.0,4.0,7.0,2.0,11.0,12.0,22.0,10.0
16/09/2022,Portimonense,Chaves,1.0,0.0,H,9.0,7.0,4.0,2.0,6.0,4.0,20.0,15.0,15.0,17.0
17/09/2022,Boavista,Sp Lisbon,2.0,1.0,H,4.0,9.0,3.0,1.0,3.0,3.0,11.0,5.0,7.0,11.0
17/09/2022,Estoril,Porto,1.0,1.0,D,4.0,11.0,8.0,3.0,4.0,4.0,12.0,19.0,9.0,19.0
17/09/2022,Gil Vicente,Rio Ave,2.0,2.0,D,7.0,4.0,4.0,6.0,7.0,5.0,14.0,16.0,18.0,8.0
17/09/2022,Santa Clara,Pacos Ferreira,1.0,1.0,D,5.0,8.0,4.0,3.0,2.0,4.0,18.0,16.0,8.0,7.0
18/09/2022,Arouca,Guimaraes,2.0,2.0,D,3.0,6.0,6.0,3.0,6.0,5.0,12.0,12.0,10.0,12.0
18/09/2022,Benfica,Maritimo,5.0,0.0,H,7.0,2.0,1.0,3.0,12.0,1.0,16.0,5.0,23.0,4.0
18/09/2022,Casa Pia,Famalicao,1.0,0.0,H,8.0,4.0,1.0,1.0,6.0,1.0,18.0,13.0,17.0,10.0
18/09/2022,Sp Braga,Vizela,2.0,0.0,H,8.0,4.0,6.0,4.0,10.0,6.0,14.0,14.0,22.0,17.0
30/09/2022,Porto,Sp Braga,4.0,1.0,H,6.0,5.0,2.0,4.0,7.0,0.0,14.0,17.0,16.0,9.0
30/09/2022,Sp Lisbon,Gil Vicente,3.0,1.0,H,3.0,2.0,4.0,1.0,7.0,4.0,9.0,6.0,16.0,11.0
01/10/2022,Chaves,Estoril,1.0,1.0,D,4.0,8.0,3.0,3.0,3.0,3.0,12.0,15.0,12.0,14.0
01/10/2022,Guimaraes,Benfica,0.0,0.0,D,5.0,6.0,4.0,1.0,1.0,1.0,17.0,22.0,6.0,6.0
01/10/2022,Vizela,Portimonense,1.0,0.0,H,5.0,9.0,3.0,3.0,6.0,7.0,10.0,12.0,15.0,18.0
02/10/2022,Famalicao,Boavista,4.0,0.0,H,1.0,5.0,1.0,3.0,4.0,1.0,17.0,17.0,8.0,10.0
02/10/2022,Pacos Ferreira,Arouca,1.0,1.0,D,3.0,5.0,3.0,2.0,3.0,4.0,16.0,15.0,6.0,12.0
02/10/2022,Rio Ave,Santa Clara,1.0,0.0,H,1.0,8.0,2.0,3.0,3.0,1.0,11.0,11.0,6.0,6.0
03/10/2022,Maritimo,Casa Pia,1.0,2.0,A,10.0,3.0,2.0,4.0,3.0,2.0,14.0,19.0,19.0,10.0
07/10/2022,Gil Vicente,Estoril,0.0,1.0,A,7.0,3.0,4.0,4.0,3.0,3.0,22.0,12.0,12.0,11.0
08/10/2022,Benfica,Rio Ave,4.0,2.0,H,8.0,3.0,1.0,2.0,10.0,3.0,3.0,10.0,32.0,8.0
08/10/2022,Pacos Ferreira,Guimaraes,0.0,1.0,A,14.0,3.0,7.0,7.0,7.0,2.0,22.0,17.0,23.0,11.0
08/10/2022,Portimonense,Porto,0.0,2.0,A,1.0,5.0,4.0,2.0,3.0,7.0,12.0,7.0,12.0,18.0
08/10/2022,Santa Clara,Sp Lisbon,1.0,2.0,A,3.0,5.0,4.0,3.0,6.0,3.0,11.0,15.0,9.0,11.0
09/10/2022,Boavista,Maritimo,1.0,1.0,D,8.0,8.0,2.0,5.0,5.0,3.0,20.0,17.0,20.0,14.0
09/10/2022,Casa Pia,Vizela,0.0,1.0,A,8.0,1.0,3.0,1.0,5.0,5.0,12.0,15.0,12.0,8.0
09/10/2022,Sp Braga,Chaves,0.0,1.0,A,13.0,1.0,6.0,5.0,5.0,1.0,13.0,12.0,30.0,6.0
10/10/2022,Arouca,Famalicao,4.0,1.0,H,3.0,5.0,0.0,4.0,7.0,5.0,17.0,15.0,14.0,11.0
21/10/2022,Porto,Benfica,0.0,1.0,A,4.0,4.0,5.0,7.0,4.0,4.0,14.0,19.0,11.0,13.0
22/10/2022,Estoril,Sp Braga,0.0,2.0,A,5.0,7.0,3.0,1.0,2.0,7.0,16.0,12.0,4.0,14.0
22/10/2022,Famalicao,Pacos Ferreira,2.0,1.0,H,3.0,8.0,2.0,3.0,2.0,1.0,10.0,14.0,10.0,12.0
22/10/2022,Sp Lisbon,Casa Pia,3.0,1.0,H,7.0,3.0,2.0,5.0,10.0,3.0,16.0,15.0,25.0,10.0
23/10/2022,Chaves,Gil Vicente,3.0,1.0,H,5.0,1.0,1.0,2.0,9.0,3.0,7.0,12.0,18.0,10.0
23/10/2022,Guimaraes,Boavista,3.0,2.0,H,9.0,1.0,3.0,6.0,9.0,2.0,18.0,19.0,18.0,4.0
23/10/2022,Maritimo,Arouca,1.0,1.0,D,5.0,5.0,1.0,3.0,4.0,5.0,13.0,13.0,16.0,16.0
23/10/2022,Vizela,Santa Clara,0.0,1.0,A,5.0,2.0,3.0,5.0,3.0,2.0,14.0,23.0,18.0,12.0
24/10/2022,Rio Ave,Portimonense,1.0,0.0,H,3.0,2.0,3.0,1.0,4.0,3.0,13.0,15.0,11.0,12.0
28/10/2022,Pacos Ferreira,Maritimo,0.0,1.0,A,6.0,10.0,2.0,4.0,4.0,7.0,26.0,12.0,10.0,16.0
29/10/2022,Arouca,Sp Lisbon,1.0,0.0,H,4.0,11.0,5.0,3.0,5.0,7.0,12.0,6.0,10.0,21.0
29/10/2022,Benfica,Chaves,5.0,0.0,H,13.0,2.0,2.0,2.0,9.0,2.0,16.0,12.0,18.0,7.0
29/10/2022,Santa Clara,Porto,1.0,1.0,D,5.0,6.0,4.0,1.0,5.0,4.0,13.0,13.0,9.0,15.0
30/10/2022,Boavista,Vizela,2.0,2.0,D,6.0,1.0,3.0,7.0,4.0,5.0,8.0,20.0,12.0,7.0
30/10/2022,Casa Pia,Rio Ave,1.0,0.0,H,3.0,4.0,2.0,3.0,2.0,0.0,18.0,21.0,11.0,9.0
30/10/2022,Gil Vicente,Sp Braga,0.0,1.0,A,5.0,8.0,4.0,3.0,3.0,6.0,17.0,16.0,8.0,14.0
30/10/2022,Portimonense,Estoril,1.0,1.0,D,11.0,7.0,5.0,7.0,7.0,5.0,22.0,15.0,23.0,10.0
31/10/2022,Guimaraes,Famalicao,3.0,2.0,H,1.0,7.0,4.0,5.0,6.0,4.0,19.0,20.0,13.0,9.0
04/11/2022,Gil Vicente,Portimonense,1.0,2.0,A,4.0,3.0,2.0,1.0,6.0,7.0,12.0,12.0,19.0,17.0
05/11/2022,Porto,Pacos Ferreira,4.0,0.0,H,4.0,6.0,2.0,3.0,7.0,3.0,16.0,8.0,18.0,9.0
05/11/2022,Sp Lisbon,Guimaraes,3.0,0.0,H,11.0,3.0,1.0,5.0,6.0,0.0,17.0,10.0,17.0,3.0
05/11/2022,Vizela,Arouca,0.0,1.0,A,11.0,2.0,1.0,4.0,6.0,2.0,5.0,14.0,25.0,7.0
06/11/2022,Estoril,Benfica,1.0,5.0,A,2.0,11.0,0.0,0.0,3.0,7.0,13.0,9.0,8.0,18.0
06/11/2022,Maritimo,Famalicao,0.0,0.0,D,7.0,6.0,2.0,2.0,3.0,3.0,19.0,14.0,17.0,13.0
06/11/2022,Rio Ave,Boavista,1.0,0.0,H,4.0,4.0,3.0,2.0,1.0,1.0,11.0,13.0,7.0,7.0
06/11/2022,Sp Braga,Casa Pia,0.0,1.0,A,7.0,1.0,2.0,3.0,8.0,3.0,14.0,14.0,28.0,12.0
07/11/2022,Chaves,Santa Clara,0.0,0.0,D,4.0,6.0,4.0,4.0,4.0,2.0,12.0,12.0,13.0,18.0
12/11/2022,Arouca,Rio Ave,0.0,1.0,A,10.0,4.0,5.0,4.0,0.0,5.0,12.0,15.0,11.0,9.0
12/11/2022,Boavista,Porto,1.0,4.0,A,5.0,4.0,5.0,1.0,0.0,9.0,16.0,15.0,6.0,24.0
13/11/2022,Benfica,Gil Vicente,3.0,1.0,H,6.0,0.0,1.0,1.0,6.0,2.0,13.0,12.0,17.0,4.0
13/11/2022,Casa Pia,Chaves,1.0,2.0,A,2.0,0.0,4.0,1.0,4.0,4.0,15.0,12.0,14.0,13.0
13/11/2022,Famalicao,Sp Lisbon,1.0,2.0,A,3.0,5.0,4.0,7.0,2.0,8.0,14.0,17.0,11.0,21.0
13/11/2022,Guimaraes,Maritimo,1.0,0.0,H,1.0,6.0,1.0,2.0,4.0,3.0,12.0,16.0,12.0,6.0
13/11/2022,Pacos Ferreira,Vizela,0.0,2.0,A,9.0,7.0,1.0,4.0,5.0,9.0,12.0,17.0,14.0,21.0
13/11/2022,Portimonense,Sp Braga,1.0,2.0,A,2.0,8.0,2.0,5.0,5.0,10.0,9.0,8.0,14.0,22.0
14/11/2022,Santa Clara,Estoril,3.0,1.0,H,6.0,7.0,3.0,1.0,9.0,1.0,19.0,15.0,15.0,16.0
23/12/2022,Rio Ave,Maritimo,1.0,1.0,D,5.0,5.0,1.0,1.0,5.0,1.0,18.0,19.0,19.0,8.0
28/12/2022,Portimonense,Casa Pia,1.0,2.0,A,1.0,11.0,4.0,3.0,2.0,7.0,22.0,10.0,6.0,20.0
28/12/2022,Porto,Arouca,5.0,1.0,H,5.0,3.0,1.0,3.0,11.0,2.0,13.0,14.0,16.0,8.0
29/12/2022,Gil Vicente,Santa Clara,1.0,0.0,H,4.0,9.0,3.0,2.0,5.0,1.0,17.0,14.0,14.0,10.0
29/12/2022,Sp Lisbon,Pacos Ferreira,3.0,0.0,H,4.0,3.0,1.0,4.0,5.0,1.0,18.0,14.0,15.0,6.0
30/12/2022,Chaves,Famalicao,0.0,2.0,A,5.0,3.0,4.0,5.0,3.0,6.0,18.0,19.0,19.0,15.0
30/12/2022,Sp Braga,Benfica,3.0,0.0,H,4.0,8.0,1.0,3.0,6.0,3.0,11.0,13.0,15.0,10.0
30/12/2022,Vizela,Guimaraes,3.0,0.0,H,1.0,5.0,5.0,3.0,4.0,3.0,18.0,12.0,9.0,16.0
05/01/2023,Santa Clara,Sp Braga,0.0,4.0,A,1.0,6.0,1.0,1.0,0.0,13.0,15.0,14.0,3.0,26.0
06/01/2023,Benfica,Portimonense,1.0,0.0,H,12.0,2.0,0.0,2.0,12.0,0.0,11.0,15.0,27.0,1.0
06/01/2023,Famalicao,Vizela,2.0,1.0,H,6.0,4.0,3.0,6.0,3.0,4.0,14.0,11.0,9.0,7.0
07/01/2023,Arouca,Estoril,2.0,0.0,H,2.0,5.0,2.0,1.0,7.0,3.0,19.0,18.0,17.0,14.0
07/01/2023,Casa Pia,Porto,0.0,0.0,D,5.0,6.0,3.0,0.0,0.0,9.0,10.0,11.0,2.0,25.0
07/01/2023,Guimaraes,Rio Ave,0.0,0.0,D,5.0,2.0,3.0,2.0,2.0,0.0,21.0,21.0,9.0,9.0
08/01/2023,Boavista,Gil Vicente,1.0,0.0,H,6.0,9.0,4.0,2.0,5.0,4.0,18.0,10.0,13.0,18.0
08/01/2023,Maritimo,Sp Lisbon,1.0,0.0,H,3.0,8.0,4.0,4.0,2.0,1.0,24.0,12.0,9.0,10.0
08/01/2023,Pacos Ferreira,Chaves,1.0,1.0,D,9.0,6.0,6.0,5.0,4.0,2.0,19.0,20.0,18.0,12.0
13/01/2023,Portimonense,Santa Clara,0.0,0.0,D,6.0,1.0,2.0,5.0,4.0,2.0,17.0,13.0,24.0,10.0
14/01/2023,Rio Ave,Pacos Ferreira,0.0,1.0,A,6.0,2.0,5.0,6.0,6.0,2.0,22.0,16.0,16.0,5.0
14/01/2023,Sp Braga,Boavista,1.0,0.0,H,1.0,7.0,2.0,3.0,4.0,0.0,11.0,14.0,9.0,10.0
14/01/2023,Vizela,Maritimo,3.0,0.0,H,7.0,4.0,1.0,4.0,9.0,1.0,15.0,10.0,18.0,8.0
15/01/2023,Benfica,Sp Lisbon,2.0,2.0,D,5.0,2.0,2.0,5.0,8.0,3.0,14.0,16.0,14.0,8.0
15/01/2023,Chaves,Arouca,1.0,1.0,D,5.0,10.0,0.0,1.0,5.0,6.0,6.0,14.0,15.0,18.0
15/01/2023,Porto,Famalicao,4.0,1.0,H,2.0,5.0,3.0,1.0,9.0,2.0,22.0,15.0,17.0,10.0
16/01/2023,Estoril,Casa Pia,2.0,0.0,H,4.0,4.0,2.0,5.0,3.0,0.0,13.0,21.0,11.0,6.0
16/01/2023,Gil Vicente,Guimaraes,2.0,1.0,H,3.0,0.0,2.0,4.0,6.0,2.0,14.0,12.0,9.0,11.0
20/01/2023,Arouca,Portimonense,4.0,0.0,H,3.0,7.0,0.0,5.0,12.0,0.0,9.0,11.0,17.0,3.0
20/01/2023,Sp Lisbon,Vizela,2.0,1.0,H,8.0,1.0,2.0,1.0,8.0,3.0,10.0,8.0,21.0,8.0
21/01/2023,Guimaraes,Porto,0.0,1.0,A,3.0,6.0,6.0,4.0,0.0,2.0,20.0,17.0,9.0,14.0
21/01/2023,Pacos Ferreira,Sp Braga,1.0,2.0,A,4.0,10.0,2.0,4.0,5.0,10.0,6.0,13.0,11.0,15.0
21/01/2023,Santa Clara,Benfica,0.0,3.0,A,8.0,9.0,1.0,2.0,1.0,5.0,14.0,13.0,8.0,12.0
22/01/2023,Casa Pia,Gil Vicente,1.0,3.0,A,6.0,4.0,2.0,1.0,5.0,7.0,17.0,18.0,14.0,12.0
22/01/2023,Famalicao,Rio Ave,0.0,0.0,D,4.0,3.0,0.0,3.0,5.0,2.0,13.0,16.0,19.0,14.0
22/01/2023,Maritimo,Estoril,1.0,0.0,H,4.0,5.0,8.0,2.0,2.0,2.0,21.0,14.0,11.0,11.0
23/01/2023,Boavista,Chaves,1.0,1.0,D,11.0,5.0,2.0,4.0,3.0,3.0,11.0,13.0,18.0,7.0
26/01/2023,Pacos Ferreira,Benfica,0.0,2.0,A,1.0,10.0,0.0,2.0,3.0,6.0,15.0,19.0,12.0,13.0
29/01/2023,Boavista,Portimonense,4.0,2.0,H,7.0,6.0,2.0,2.0,10.0,3.0,10.0,15.0,18.0,7.0
29/01/2023,Casa Pia,Santa Clara,2.0,1.0,H,8.0,3.0,5.0,4.0,8.0,3.0,12.0,20.0,19.0,6.0
29/01/2023,Famalicao,Estoril,1.0,0.0,H,5.0,7.0,3.0,4.0,6.0,6.0,15.0,14.0,16.0,16.0
29/01/2023,Vizela,Rio Ave,3.0,1.0,H,3.0,8.0,4.0,2.0,7.0,2.0,14.0,15.0,12.0,13.0
30/01/2023,Guimaraes,Chaves,2.0,1.0,H,7.0,6.0,3.0,3.0,6.0,4.0,19.0,10.0,18.0,16.0
31/01/2023,Arouca,Benfica,0.0,3.0,A,3.0,3.0,3.0,1.0,0.0,3.0,10.0,11.0,6.0,5.0
31/01/2023,Pacos Ferreira,Gil Vicente,2.0,1.0,H,11.0,12.0,2.0,2.0,8.0,4.0,14.0,12.0,21.0,10.0
01/02/2023,Maritimo,Porto,0.0,2.0,A,5.0,1.0,6.0,3.0,2.0,4.0,28.0,15.0,10.0,9.0
01/02/2023,Sp Lisbon,Sp Braga,5.0,0.0,H,10.0,1.0,1.0,2.0,9.0,4.0,13.0,13.0,22.0,4.0
04/02/2023,Benfica,Casa Pia,3.0,0.0,H,4.0,4.0,0.0,1.0,5.0,0.0,16.0,7.0,16.0,7.0
04/02/2023,Estoril,Guimaraes,0.0,1.0,A,4.0,5.0,1.0,1.0,4.0,3.0,15.0,23.0,15.0,12.0
04/02/2023,Santa Clara,Boavista,2.0,2.0,D,7.0,7.0,2.0,3.0,3.0,4.0,13.0,12.0,11.0,6.0
05/02/2023,Chaves,Maritimo,2.0,1.0,H,3.0,6.0,6.0,5.0,5.0,3.0,19.0,12.0,5.0,15.0
05/02/2023,Gil Vicente,Arouca,1.0,1.0,D,13.0,4.0,2.0,3.0,7.0,6.0,14.0,10.0,17.0,12.0
05/02/2023,Porto,Vizela,2.0,0.0,H,7.0,5.0,2.0,2.0,4.0,3.0,15.0,9.0,15.0,10.0
05/02/2023,Sp Braga,Famalicao,4.0,1.0,H,6.0,2.0,3.0,3.0,4.0,1.0,16.0,9.0,14.0,6.0
06/02/2023,Portimonense,Pacos Ferreira,1.0,0.0,H,10.0,2.0,1.0,3.0,3.0,4.0,15.0,16.0,15.0,8.0
06/02/2023,Rio Ave,Sp Lisbon,0.0,1.0,A,4.0,2.0,1.0,3.0,1.0,1.0,10.0,14.0,5.0,8.0
09/02/2023,Estoril,Boavista,2.0,1.0,H,11.0,0.0,2.0,2.0,13.0,4.0,13.0,15.0,27.0,5.0
10/02/2023,Vizela,Chaves,0.0,0.0,D,5.0,6.0,3.0,3.0,4.0,5.0,14.0,15.0,15.0,15.0
11/02/2023,Arouca,Santa Clara,1.0,0.0,H,3.0,3.0,2.0,4.0,4.0,0.0,18.0,11.0,9.0,4.0
11/02/2023,Guimaraes,Portimonense,1.0,0.0,H,5.0,2.0,2.0,2.0,4.0,3.0,19.0,13.0,9.0,8.0
12/02/2023,Famalicao,Gil Vicente,0.0,1.0,A,4.0,6.0,1.0,6.0,3.0,3.0,17.0,24.0,16.0,16.0
12/02/2023,Maritimo,Sp Braga,1.0,2.0,A,5.0,5.0,3.0,3.0,6.0,3.0,10.0,15.0,18.0,9.0
12/02/2023,Sp Lisbon,Porto,1.0,2.0,A,8.0,4.0,4.0,1.0,5.0,3.0,11.0,12.0,15.0,10.0
13/02/2023,Boavista,Casa Pia,0.0,0.0,D,7.0,3.0,3.0,2.0,3.0,2.0,10.0,13.0,10.0,6.0
13/02/2023,Rio Ave,Estoril,2.0,0.0,H,2.0,9.0,4.0,2.0,3.0,3.0,26.0,15.0,10.0,16.0
17/02/2023,Gil Vicente,Vizela,1.0,1.0,D,10.0,2.0,5.0,4.0,6.0,4.0,16.0,11.0,16.0,13.0
18/02/2023,Estoril,Pacos Ferreira,1.0,3.0,A,5.0,7.0,0.0,3.0,4.0,5.0,16.0,19.0,13.0,17.0
18/02/2023,Portimonense,Maritimo,2.0,1.0,H,8.0,1.0,3.0,3.0,3.0,2.0,19.0,20.0,11.0,8.0
18/02/2023,Porto,Rio Ave,1.0,0.0,H,8.0,2.0,2.0,3.0,4.0,4.0,19.0,17.0,14.0,11.0
19/02/2023,Casa Pia,Guimaraes,0.0,0.0,D,3.0,4.0,3.0,2.0,2.0,0.0,16.0,12.0,11.0,9.0
19/02/2023,Santa Clara,Famalicao,1.0,3.0,A,3.0,6.0,2.0,3.0,7.0,7.0,22.0,19.0,16.0,17.0
19/02/2023,Sp Braga,Arouca,2.0,0.0,H,4.0,3.0,1.0,4.0,4.0,3.0,14.0,10.0,7.0,13.0
20/02/2023,Benfica,Boavista,3.0,1.0,H,8.0,5.0,1.0,5.0,10.0,2.0,11.0,13.0,18.0,5.0
20/02/2023,Chaves,Sp Lisbon,2.0,3.0,A,4.0,4.0,2.0,3.0,5.0,8.0,13.0,16.0,13.0,16.0
24/02/2023,Famalicao,Portimonense,1.0,0.0,H,7.0,8.0,1.0,3.0,6.0,7.0,20.0,16.0,21.0,17.0
25/02/2023,Arouca,Casa Pia,2.0,0.0,H,1.0,11.0,2.0,4.0,3.0,3.0,11.0,12.0,9.0,11.0
25/02/2023,Maritimo,Santa Clara,3.0,1.0,H,9.0,4.0,3.0,5.0,7.0,6.0,9.0,19.0,26.0,11.0
25/02/2023,Vizela,Benfica,0.0,2.0,A,6.0,5.0,4.0,2.0,3.0,6.0,14.0,10.0,9.0,11.0
26/02/2023,Pacos Ferreira,Boavista,1.0,3.0,A,9.0,10.0,4.0,7.0,6.0,4.0,17.0,19.0,15.0,12.0
26/02/2023,Porto,Gil Vicente,1.0,2.0,A,3.0,0.0,5.0,5.0,4.0,4.0,9.0,8.0,11.0,9.0
26/02/2023,Rio Ave,Chaves,1.0,0.0,H,4.0,8.0,5.0,3.0,3.0,6.0,17.0,12.0,10.0,11.0
27/02/2023,Guimaraes,Sp Braga,2.0,1.0,H,3.0,5.0,6.0,4.0,2.0,4.0,16.0,13.0,9.0,13.0
27/02/2023,Sp Lisbon,Estoril,2.0,0.0,H,14.0,5.0,0.0,0.0,8.0,0.0,9.0,6.0,17.0,3.0
03/03/2023,Benfica,Famalicao,2.0,0.0,H,7.0,2.0,1.0,3.0,7.0,0.0,13.0,13.0,19.0,7.0
03/03/2023,Boavista,Arouca,0.0,0.0,D,6.0,1.0,2.0,5.0,2.0,1.0,8.0,18.0,10.0,8.0
04/03/2023,Chaves,Porto,1.0,3.0,A,4.0,8.0,9.0,5.0,4.0,5.0,19.0,19.0,13.0,13.0
04/03/2023,Estoril,Vizela,0.0,3.0,A,8.0,0.0,3.0,0.0,2.0,3.0,11.0,15.0,10.0,6.0
04/03/2023,Portimonense,Sp Lisbon,0.0,1.0,A,3.0,7.0,4.0,2.0,4.0,7.0,10.0,15.0,6.0,21.0
05/03/2023,Gil Vicente,Maritimo,2.0,0.0,H,12.0,8.0,3.0,3.0,5.0,6.0,16.0,11.0,11.0,19.0
05/03/2023,Santa Clara,Guimaraes,1.0,3.0,A,7.0,6.0,3.0,2.0,5.0,6.0,16.0,9.0,16.0,11.0
05/03/2023,Sp Braga,Rio Ave,2.0,0.0,H,9.0,4.0,1.0,0.0,11.0,4.0,9.0,9.0,21.0,10.0
06/03/2023,Casa Pia,Pacos Ferreira,2.0,1.0,H,4.0,2.0,3.0,2.0,4.0,2.0,14.0,20.0,9.0,14.0
10/03/2023,Porto,Estoril,3.0,2.0,H,6.0,3.0,3.0,5.0,5.0,3.0,22.0,11.0,12.0,9.0
11/03/2023,Chaves,Portimonense,2.0,0.0,H,3.0,7.0,5.0,1.0,8.0,2.0,11.0,11.0,13.0,19.0
11/03/2023,Guimaraes,Arouca,0.0,2.0,A,12.0,0.0,3.0,3.0,8.0,4.0,8.0,7.0,25.0,9.0
11/03/2023,Pacos Ferreira,Santa Clara,1.0,0.0,H,9.0,2.0,5.0,6.0,4.0,4.0,15.0,13.0,15.0,11.0
11/03/2023,Vizela,Sp Braga,0.0,4.0,A,3.0,3.0,2.0,2.0,1.0,7.0,7.0,10.0,13.0,13.0
12/03/2023,Maritimo,Benfica,0.0,3.0,A,2.0,10.0,2.0,2.0,2.0,10.0,8.0,12.0,8.0,21.0
12/03/2023,Rio Ave,Gil Vicente,2.0,1.0,H,3.0,11.0,5.0,3.0,5.0,6.0,10.0,13.0,14.0,17.0
12/03/2023,Sp Lisbon,Boavista,3.0,0.0,H,4.0,1.0,2.0,1.0,5.0,0.0,10.0,8.0,16.0,2.0
13/03/2023,Famalicao,Casa Pia,1.0,0.0,H,3.0,5.0,4.0,3.0,4.0,2.0,14.0,15.0,16.0,11.0
17/03/2023,Santa Clara,Rio Ave,0.0,2.0,A,2.0,7.0,4.0,2.0,1.0,8.0,13.0,21.0,9.0,17.0
18/03/2023,Arouca,Pacos Ferreira,1.0,1.0,D,6.0,7.0,3.0,3.0,5.0,4.0,16.0,14.0,17.0,14.0
18/03/2023,Benfica,Guimaraes,5.0,1.0,H,7.0,3.0,1.0,3.0,5.0,4.0,12.0,15.0,12.0,6.0
18/03/2023,Estoril,Chaves,0.0,2.0,A,3.0,7.0,3.0,2.0,3.0,5.0,18.0,18.0,9.0,15.0
18/03/2023,Portimonense,Vizela,0.0,1.0,A,4.0,6.0,2.0,2.0,3.0,2.0,12.0,17.0,15.0,9.0
19/03/2023,Boavista,Famalicao,1.0,2.0,A,9.0,1.0,1.0,1.0,6.0,3.0,29.0,15.0,16.0,7.0
19/03/2023,Casa Pia,Maritimo,2.0,0.0,H,5.0,10.0,2.0,0.0,5.0,3.0,13.0,15.0,16.0,17.0
19/03/2023,Sp Braga,Porto,0.0,0.0,D,5.0,5.0,3.0,2.0,4.0,2.0,15.0,17.0,14.0,5.0
31/03/2023,Estoril,Gil Vicente,1.0,0.0,H,5.0,5.0,5.0,2.0,2.0,4.0,22.0,17.0,7.0,14.0
01/04/2023,Guimaraes,Pacos Ferreira,0.0,0.0,D,5.0,4.0,2.0,5.0,3.0,4.0,19.0,11.0,17.0,9.0
01/04/2023,Sp Lisbon,Santa Clara,3.0,0.0,H,6.0,2.0,0.0,5.0,5.0,4.0,11.0,16.0,14.0,10.0
01/04/2023,Vizela,Casa Pia,3.0,1.0,H,10.0,3.0,3.0,2.0,8.0,4.0,8.0,12.0,11.0,10.0
02/04/2023,Chaves,Sp Braga,1.0,2.0,A,7.0,5.0,5.0,3.0,8.0,8.0,12.0,9.0,14.0,17.0
02/04/2023,Maritimo,Boavista,4.0,2.0,H,3.0,9.0,3.0,2.0,6.0,6.0,14.0,19.0,11.0,11.0
02/04/2023,Porto,Portimonense,1.0,0.0,H,10.0,3.0,2.0,3.0,6.0,0.0,15.0,12.0,17.0,6.0
02/04/2023,Rio Ave,Benfica,0.0,1.0,A,3.0,6.0,3.0,3.0,4.0,5.0,12.0,17.0,10.0,12.0
03/04/2023,Famalicao,Arouca,0.0,1.0,A,7.0,1.0,1.0,1.0,1.0,2.0,11.0,17.0,18.0,9.0
05/04/2023,Gil Vicente,Sp Lisbon,0.0,0.0,D,1.0,3.0,1.0,2.0,2.0,7.0,18.0,13.0,8.0,12.0
07/04/2023,Benfica,Porto,1.0,2.0,A,4.0,5.0,3.0,5.0,1.0,3.0,13.0,15.0,7.0,7.0
07/04/2023,Boavista,Guimaraes,2.0,1.0,H,7.0,7.0,7.0,6.0,4.0,4.0,20.0,17.0,12.0,10.0
07/04/2023,Santa Clara,Vizela,0.0,1.0,A,2.0,4.0,3.0,2.0,2.0,3.0,11.0,20.0,10.0,5.0
08/04/2023,Arouca,Maritimo,1.0,0.0,H,7.0,11.0,2.0,2.0,2.0,6.0,11.0,10.0,11.0,15.0
08/04/2023,Pacos Ferreira,Famalicao,1.0,3.0,A,10.0,4.0,2.0,0.0,2.0,5.0,16.0,17.0,13.0,9.0
08/04/2023,Portimonense,Rio Ave,2.0,2.0,D,8.0,4.0,5.0,1.0,6.0,8.0,21.0,14.0,17.0,18.0
08/04/2023,Sp Braga,Estoril,4.0,1.0,H,7.0,2.0,3.0,2.0,6.0,3.0,14.0,5.0,16.0,6.0
09/04/2023,Casa Pia,Sp Lisbon,3.0,4.0,A,1.0,18.0,3.0,0.0,5.0,12.0,12.0,6.0,8.0,20.0
10/04/2023,Gil Vicente,Chaves,0.0,0.0,D,14.0,5.0,1.0,1.0,4.0,5.0,13.0,13.0,15.0,16.0
14/04/2023,Famalicao,Guimaraes,2.0,1.0,H,3.0,10.0,1.0,3.0,3.0,5.0,14.0,14.0,10.0,16.0
15/04/2023,Chaves,Benfica,1.0,0.0,H,3.0,19.0,4.0,0.0,2.0,4.0,13.0,7.0,9.0,19.0
15/04/2023,Estoril,Portimonense,0.0,1.0,A,10.0,5.0,0.0,4.0,3.0,5.0,14.0,14.0,13.0,15.0
15/04/2023,Maritimo,Pacos Ferreira,3.0,1.0,H,2.0,5.0,4.0,4.0,6.0,3.0,19.0,15.0,12.0,7.0
15/04/2023,Porto,Santa Clara,2.0,1.0,H,4.0,4.0,2.0,5.0,4.0,2.0,13.0,13.0,12.0,8.0
16/04/2023,Rio Ave,Casa Pia,1.0,1.0,D,5.0,8.0,1.0,3.0,4.0,2.0,10.0,20.0,10.0,7.0
16/04/2023,Sp Braga,Gil Vicente,1.0,0.0,H,10.0,5.0,2.0,1.0,10.0,3.0,11.0,9.0,19.0,10.0
16/04/2023,Sp Lisbon,Arouca,1.0,1.0,D,7.0,0.0,0.0,0.0,5.0,2.0,8.0,11.0,26.0,4.0
17/04/2023,Vizela,Boavista,1.0,1.0,D,8.0,3.0,2.0,4.0,5.0,6.0,9.0,16.0,9.0,14.0
21/04/2023,Casa Pia,Sp Braga,0.0,1.0,A,3.0,6.0,3.0,2.0,1.0,6.0,13.0,8.0,6.0,15.0
22/04/2023,Boavista,Rio Ave,3.0,2.0,H,2.0,2.0,1.0,2.0,6.0,3.0,19.0,18.0,14.0,7.0
22/04/2023,Famalicao,Maritimo,3.0,2.0,H,9.0,4.0,3.0,3.0,7.0,6.0,12.0,15.0,25.0,8.0
22/04/2023,Pacos Ferreira,Porto,0.0,2.0,A,2.0,5.0,5.0,1.0,0.0,4.0,18.0,14.0,8.0,10.0
23/04/2023,Arouca,Vizela,1.0,0.0,H,0.0,14.0,0.0,1.0,2.0,8.0,16.0,10.0,7.0,15.0
23/04/2023,Benfica,Estoril,1.0,0.0,H,11.0,2.0,2.0,2.0,5.0,0.0,18.0,16.0,19.0,4.0
23/04/2023,Portimonense,Gil Vicente,1.0,0.0,H,1.0,12.0,1.0,2.0,4.0,4.0,12.0,8.0,10.0,20.0
23/04/2023,Santa Clara,Chaves,1.0,1.0,D,2.0,12.0,3.0,3.0,6.0,5.0,12.0,8.0,19.0,13.0
24/04/2023,Guimaraes,Sp Lisbon,0.0,2.0,A,5.0,5.0,1.0,0.0,0.0,5.0,13.0,15.0,7.0,13.0
28/04/2023,Rio Ave,Arouca,1.0,0.0,H,4.0,4.0,4.0,3.0,2.0,2.0,16.0,16.0,11.0,11.0
29/04/2023,Chaves,Casa Pia,1.0,0.0,H,10.0,3.0,3.0,4.0,5.0,4.0,17.0,14.0,16.0,16.0
29/04/2023,Gil Vicente,Benfica,0.0,2.0,A,7.0,11.0,3.0,2.0,5.0,7.0,17.0,8.0,13.0,17.0
29/04/2023,Maritimo,Guimaraes,1.0,2.0,A,5.0,3.0,4.0,3.0,6.0,5.0,15.0,18.0,21.0,11.0
29/04/2023,Sp Braga,Portimonense,4.0,1.0,H,4.0,0.0,1.0,5.0,11.0,2.0,9.0,12.0,18.0,8.0
29/04/2023,Vizela,Pacos Ferreira,1.0,2.0,A,7.0,8.0,2.0,3.0,3.0,2.0,12.0,16.0,14.0,7.0
30/04/2023,Estoril,Santa Clara,3.0,0.0,H,3.0,4.0,4.0,3.0,3.0,3.0,16.0,14.0,7.0,10.0
30/04/2023,Porto,Boavista,1.0,0.0,H,6.0,4.0,2.0,5.0,1.0,2.0,13.0,25.0,10.0,7.0
30/04/2023,Sp Lisbon,Famalicao,2.0,1.0,H,8.0,4.0,2.0,3.0,5.0,2.0,13.0,15.0,11.0,10.0
05/05/2023,Casa Pia,Portimonense,1.0,1.0,D,4.0,4.0,2.0,0.0,3.0,2.0,18.0,11.0,17.0,10.0
06/05/2023,Benfica,Sp Braga,1.0,0.0,H,7.0,1.0,3.0,4.0,4.0,0.0,8.0,10.0,20.0,5.0
06/05/2023,Boavista,Estoril,1.0,0.0,H,6.0,3.0,2.0,4.0,3.0,2.0,13.0,12.0,13.0,6.0
06/05/2023,Santa Clara,Gil Vicente,3.0,2.0,H,4.0,5.0,0.0,3.0,8.0,3.0,12.0,9.0,14.0,15.0
07/05/2023,Guimaraes,Vizela,3.0,0.0,H,6.0,4.0,1.0,2.0,5.0,0.0,24.0,16.0,13.0,6.0
07/05/2023,Maritimo,Rio Ave,2.0,2.0,D,13.0,1.0,3.0,0.0,6.0,3.0,21.0,10.0,28.0,7.0
07/05/2023,Pacos Ferreira,Sp Lisbon,0.0,4.0,A,0.0,6.0,1.0,1.0,0.0,8.0,12.0,11.0,7.0,16.0
08/05/2023,Arouca,Porto,0.0,1.0,A,1.0,8.0,1.0,2.0,2.0,4.0,17.0,12.0,8.0,12.0
08/05/2023,Famalicao,Chaves,1.0,2.0,A,11.0,6.0,2.0,3.0,6.0,3.0,15.0,15.0,19.0,12.0
12/05/2023,Gil Vicente,Boavista,3.0,1.0,H,7.0,6.0,3.0,6.0,3.0,5.0,18.0,13.0,15.0,16.0
13/05/2023,Chaves,Pacos Ferreira,2.0,0.0,H,5.0,8.0,0.0,4.0,0.0,3.0,12.0,14.0,16.0,16.0
13/05/2023,Portimonense,Benfica,1.0,5.0,A,3.0,5.0,2.0,1.0,1.0,10.0,12.0,12.0,5.0,24.0
13/05/2023,Sp Lisbon,Maritimo,2.0,1.0,H,9.0,1.0,6.0,7.0,3.0,1.0,11.0,10.0,15.0,2.0
13/05/2023,Vizela,Famalicao,0.0,0.0,D,2.0,7.0,3.0,5.0,4.0,3.0,18.0,17.0,10.0,15.0
14/05/2023,Porto,Casa Pia,2.0,1.0,H,13.0,3.0,1.0,3.0,8.0,2.0,8.0,11.0,19.0,8.0
14/05/2023,Rio Ave,Guimaraes,0.0,1.0,A,9.0,8.0,0.0,0.0,3.0,3.0,15.0,14.0,12.0,9.0
14/05/2023,Sp Braga,Santa Clara,5.0,3.0,H,11.0,6.0,3.0,4.0,9.0,8.0,15.0,16.0,17.0,12.0
15/05/2023,Estoril,Arouca,2.0,0.0,H,4.0,2.0,1.0,2.0,4.0,4.0,16.0,23.0,10.0,16.0
19/05/2023,Maritimo,Vizela,1.0,0.0,H,5.0,6.0,2.0,4.0,5.0,3.0,19.0,9.0,18.0,9.0
20/05/2023,Arouca,Chaves,1.0,0.0,H,4.0,6.0,2.0,3.0,6.0,3.0,16.0,11.0,11.0,9.0
20/05/2023,Boavista,Sp Braga,1.0,1.0,D,2.0,3.0,1.0,5.0,1.0,1.0,11.0,13.0,6.0,10.0
20/05/2023,Famalicao,Porto,2.0,4.0,A,1.0,1.0,5.0,3.0,5.0,7.0,14.0,22.0,7.0,11.0
20/05/2023,Santa Clara,Portimonense,1.0,0.0,H,9.0,6.0,2.0,4.0,3.0,0.0,15.0,17.0,21.0,2.0
21/05/2023,Casa Pia,Estoril,2.0,2.0,D,3.0,3.0,5.0,6.0,10.0,3.0,11.0,18.0,25.0,12.0
21/05/2023,Guimaraes,Gil Vicente,1.0,0.0,H,3.0,6.0,3.0,2.0,5.0,2.0,10.0,15.0,15.0,11.0
21/05/2023,Pacos Ferreira,Rio Ave,3.0,1.0,H,5.0,6.0,3.0,3.0,5.0,7.0,16.0,13.0,9.0,14.0
21/05/2023,Sp Lisbon,Benfica,2.0,2.0,D,7.0,7.0,2.0,2.0,7.0,4.0,13.0,15.0,13.0,19.0
26/05/2023,Rio Ave,Famalicao,2.0,2.0,D,8.0,4.0,4.0,4.0,5.0,2.0,22.0,10.0,22.0,11.0
26/05/2023,Vizela,Sp Lisbon,1.0,2.0,A,2.0,8.0,2.0,4.0,3.0,2.0,8.0,9.0,6.0,13.0
27/05/2023,Benfica,Santa Clara,3.0,0.0,H,4.0,4.0,1.0,1.0,4.0,6.0,14.0,14.0,9.0,9.0
27/05/2023,Chaves,Boavista,1.0,4.0,A,1.0,4.0,5.0,1.0,5.0,3.0,11.0,10.0,10.0,20.0
27/05/2023,Estoril,Maritimo,3.0,1.0,H,4.0,5.0,2.0,5.0,3.0,6.0,19.0,18.0,12.0,18.0
27/05/2023,Gil Vicente,Casa Pia,1.0,0.0,H,4.0,1.0,1.0,1.0,5.0,6.0,11.0,12.0,11.0,13.0
27/05/2023,Portimonense,Arouca,0.0,2.0,A,3.0,7.0,1.0,0.0,3.0,6.0,13.0,9.0,10.0,16.0
27/05/2023,Porto,Guimaraes,3.0,0.0,H,8.0,2.0,2.0,6.0,6.0,0.0,14.0,14.0,20.0,4.0
27/05/2023,Sp Braga,Pacos Ferreira,3.0,0.0,H,6.0,9.0,0.0,1.0,4.0,1.0,9.0,10.0,20.0,12.0
11/08/2023,Sp Braga,Famalicao,1.0,2.0,A,3.0,4.0,4.0,4.0,2.0,4.0,17.0,12.0,13.0,12.0
12/08/2023,Farense,Casa Pia,0.0,3.0,A,5.0,6.0,2.0,4.0,5.0,5.0,13.0,13.0,12.0,14.0
12/08/2023,Gil Vicente,Portimonense,5.0,0.0,H,1.0,1.0,0.0,0.0,5.0,3.0,11.0,14.0,8.0,9.0
12/08/2023,Sp Lisbon,Vizela,3.0,2.0,H,8.0,3.0,4.0,0.0,6.0,4.0,16.0,9.0,19.0,10.0
13/08/2023,Arouca,Estoril,4.0,3.0,H,2.0,6.0,4.0,2.0,5.0,8.0,11.0,17.0,11.0,12.0
13/08/2023,Estrela,Guimaraes,0.0,1.0,A,3.0,10.0,3.0,3.0,0.0,3.0,13.0,18.0,5.0,11.0
13/08/2023,Rio Ave,Chaves,2.0,0.0,H,14.0,3.0,3.0,4.0,8.0,1.0,12.0,20.0,21.0,6.0
14/08/2023,Boavista,Benfica,3.0,2.0,H,3.0,3.0,6.0,4.0,3.0,5.0,18.0,15.0,11.0,15.0
14/08/2023,Moreirense,Porto,1.0,2.0,A,5.0,10.0,4.0,7.0,1.0,7.0,22.0,15.0,8.0,18.0
18/08/2023,Casa Pia,Sp Lisbon,1.0,2.0,A,4.0,5.0,4.0,1.0,3.0,5.0,14.0,11.0,13.0,17.0
19/08/2023,Benfica,Estrela,2.0,0.0,H,9.0,4.0,3.0,3.0,10.0,1.0,8.0,14.0,27.0,6.0
19/08/2023,Chaves,Sp Braga,2.0,4.0,A,5.0,6.0,2.0,2.0,4.0,6.0,12.0,12.0,15.0,13.0
19/08/2023,Guimaraes,Gil Vicente,2.0,1.0,H,6.0,4.0,3.0,3.0,3.0,3.0,14.0,14.0,15.0,11.0
19/08/2023,Portimonense,Boavista,1.0,4.0,A,11.0,2.0,3.0,2.0,5.0,6.0,19.0,13.0,10.0,9.0
20/08/2023,Estoril,Rio Ave,2.0,0.0,H,3.0,3.0,4.0,2.0,4.0,3.0,14.0,13.0,5.0,9.0
20/08/2023,Porto,Farense,2.0,1.0,H,17.0,3.0,2.0,3.0,8.0,1.0,9.0,11.0,26.0,7.0
20/08/2023,Vizela,Arouca,2.0,2.0,D,6.0,3.0,6.0,6.0,7.0,2.0,24.0,11.0,13.0,9.0
21/08/2023,Famalicao,Moreirense,0.0,0.0,D,3.0,6.0,4.0,3.0,2.0,3.0,15.0,10.0,4.0,12.0
25/08/2023,Estrela,Estoril,2.0,1.0,H,8.0,8.0,1.0,1.0,3.0,4.0,8.0,6.0,15.0,11.0
26/08/2023,Arouca,Portimonense,1.0,1.0,D,16.0,2.0,1.0,2.0,4.0,2.0,12.0,19.0,21.0,5.0
26/08/2023,Farense,Chaves,5.0,0.0,H,7.0,4.0,2.0,1.0,10.0,7.0,24.0,15.0,18.0,19.0
26/08/2023,Gil Vicente,Benfica,2.0,3.0,A,1.0,5.0,3.0,3.0,7.0,7.0,15.0,14.0,11.0,14.0
27/08/2023,Boavista,Casa Pia,1.0,1.0,D,11.0,4.0,1.0,0.0,5.0,7.0,18.0,14.0,10.0,10.0
27/08/2023,Guimaraes,Vizela,2.0,0.0,H,3.0,4.0,1.0,3.0,3.0,4.0,11.0,9.0,6.0,9.0
27/08/2023,Sp Lisbon,Famalicao,1.0,0.0,H,8.0,1.0,3.0,2.0,6.0,1.0,17.0,13.0,10.0,7.0
28/08/2023,Rio Ave,Porto,1.0,2.0,A,1.0,7.0,4.0,3.0,1.0,5.0,22.0,17.0,4.0,9.0
01/09/2023,Vizela,Gil Vicente,1.0,0.0,H,4.0,3.0,0.0,3.0,5.0,1.0,20.0,16.0,13.0,5.0
02/09/2023,Benfica,Guimaraes,4.0,0.0,H,11.0,2.0,2.0,4.0,9.0,1.0,9.0,14.0,20.0,7.0
02/09/2023,Casa Pia,Rio Ave,1.0,1.0,D,12.0,0.0,1.0,2.0,5.0,5.0,18.0,15.0,10.0,11.0
02/09/2023,Famalicao,Farense,1.0,0.0,H,12.0,4.0,1.0,3.0,4.0,1.0,16.0,14.0,21.0,6.0
02/09/2023,Portimonense,Estrela,1.0,1.0,D,3.0,7.0,3.0,6.0,4.0,1.0,12.0,16.0,15.0,10.0
03/09/2023,Chaves,Moreirense,1.0,2.0,A,3.0,4.0,3.0,4.0,3.0,2.0,14.0,21.0,13.0,9.0
03/09/2023,Estoril,Boavista,1.0,2.0,A,10.0,5.0,3.0,1.0,4.0,8.0,21.0,12.0,13.0,14.0
03/09/2023,Porto,Arouca,1.0,1.0,D,5.0,2.0,3.0,2.0,3.0,2.0,9.0,14.0,12.0,10.0
03/09/2023,Sp Braga,Sp Lisbon,1.0,1.0,D,4.0,2.0,2.0,5.0,2.0,2.0,16.0,9.0,6.0,4.0
09/09/2023,Moreirense,Sp Braga,2.0,3.0,A,4.0,5.0,2.0,2.0,3.0,5.0,12.0,11.0,11.0,12.0
15/09/2023,Estrela,Porto,0.0,1.0,A,10.0,6.0,3.0,5.0,1.0,4.0,12.0,21.0,9.0,10.0
16/09/2023,Farense,Sp Braga,3.0,1.0,H,7.0,3.0,4.0,5.0,4.0,7.0,16.0,10.0,16.0,17.0
16/09/2023,Rio Ave,Famalicao,1.0,1.0,D,3.0,3.0,1.0,3.0,0.0,4.0,15.0,20.0,5.0,12.0
16/09/2023,Vizela,Benfica,1.0,2.0,A,2.0,3.0,2.0,1.0,2.0,7.0,15.0,6.0,12.0,17.0
17/09/2023,Arouca,Casa Pia,0.0,1.0,A,2.0,7.0,2.0,3.0,5.0,2.0,12.0,7.0,11.0,12.0
17/09/2023,Gil Vicente,Estoril,5.0,3.0,H,5.0,8.0,3.0,2.0,7.0,6.0,11.0,15.0,12.0,14.0
17/09/2023,Guimaraes,Portimonense,1.0,2.0,A,10.0,3.0,2.0,4.0,3.0,2.0,16.0,13.0,11.0,9.0
17/09/2023,Sp Lisbon,Moreirense,3.0,0.0,H,8.0,2.0,3.0,3.0,9.0,1.0,10.0,16.0,20.0,7.0
18/09/2023,Boavista,Chaves,4.0,1.0,H,3.0,12.0,1.0,3.0,4.0,10.0,12.0,15.0,7.0,21.0
22/09/2023,Famalicao,Arouca,1.0,0.0,H,6.0,8.0,5.0,2.0,4.0,6.0,15.0,23.0,7.0,13.0
23/09/2023,Casa Pia,Guimaraes,0.0,0.0,D,8.0,9.0,3.0,2.0,2.0,3.0,16.0,11.0,10.0,14.0
23/09/2023,Estoril,Vizela,2.0,2.0,D,5.0,3.0,1.0,2.0,6.0,7.0,13.0,15.0,16.0,11.0
23/09/2023,Moreirense,Farense,1.0,0.0,H,11.0,3.0,1.0,2.0,3.0,2.0,10.0,17.0,15.0,10.0
23/09/2023,Porto,Gil Vicente,2.0,1.0,H,6.0,3.0,1.0,3.0,7.0,4.0,15.0,12.0,20.0,12.0
24/09/2023,Chaves,Estrela,2.0,2.0,D,9.0,5.0,4.0,4.0,8.0,3.0,11.0,11.0,17.0,10.0
24/09/2023,Portimonense,Benfica,1.0,3.0,A,3.0,4.0,1.0,0.0,2.0,7.0,7.0,7.0,9.0,13.0
24/09/2023,Sp Braga,Boavista,4.0,1.0,H,6.0,2.0,2.0,3.0,9.0,2.0,8.0,9.0,24.0,6.0
25/09/2023,Sp Lisbon,Rio Ave,2.0,0.0,H,4.0,2.0,1.0,5.0,6.0,2.0,14.0,12.0,10.0,7.0
28/09/2023,Estrela,Sp Braga,2.0,4.0,A,8.0,6.0,1.0,3.0,9.0,9.0,9.0,13.0,17.0,17.0
29/09/2023,Benfica,Porto,1.0,0.0,H,9.0,5.0,4.0,5.0,2.0,3.0,18.0,10.0,12.0,6.0
30/09/2023,Boavista,Famalicao,2.0,2.0,D,2.0,4.0,5.0,4.0,6.0,3.0,23.0,21.0,10.0,7.0
30/09/2023,Farense,Sp Lisbon,2.0,3.0,A,2.0,8.0,5.0,6.0,4.0,10.0,13.0,12.0,9.0,23.0
30/09/2023,Vizela,Portimonense,2.0,3.0,A,13.0,2.0,3.0,3.0,4.0,7.0,11.0,16.0,14.0,9.0
01/10/2023,Arouca,Chaves,0.0,2.0,A,5.0,3.0,3.0,5.0,2.0,3.0,16.0,10.0,11.0,5.0
01/10/2023,Guimaraes,Estoril,3.0,2.0,H,11.0,2.0,4.0,4.0,8.0,5.0,16.0,13.0,25.0,10.0
01/10/2023,Rio Ave,Moreirense,0.0,4.0,A,4.0,2.0,3.0,5.0,4.0,6.0,13.0,26.0,10.0,11.0
02/10/2023,Gil Vicente,Casa Pia,2.0,0.0,H,5.0,5.0,3.0,3.0,9.0,1.0,10.0,15.0,16.0,8.0
06/10/2023,Moreirense,Boavista,1.0,1.0,D,6.0,1.0,0.0,3.0,6.0,1.0,13.0,13.0,11.0,8.0
07/10/2023,Chaves,Gil Vicente,4.0,2.0,H,6.0,1.0,3.0,3.0,9.0,5.0,17.0,14.0,15.0,9.0
07/10/2023,Estoril,Benfica,0.0,1.0,A,4.0,7.0,3.0,2.0,4.0,5.0,15.0,8.0,16.0,21.0
07/10/2023,Farense,Vizela,0.0,0.0,D,14.0,6.0,1.0,1.0,6.0,6.0,21.0,11.0,20.0,17.0
07/10/2023,Sp Braga,Rio Ave,2.0,1.0,H,16.0,1.0,1.0,2.0,11.0,3.0,8.0,11.0,33.0,9.0
08/10/2023,Casa Pia,Estrela,0.0,1.0,A,3.0,6.0,1.0,1.0,2.0,6.0,16.0,8.0,7.0,11.0
08/10/2023,Famalicao,Guimaraes,1.0,3.0,A,11.0,3.0,4.0,3.0,6.0,4.0,15.0,20.0,13.0,12.0
08/10/2023,Porto,Portimonense,1.0,0.0,H,10.0,5.0,4.0,6.0,7.0,2.0,12.0,19.0,18.0,4.0
08/10/2023,Sp Lisbon,Arouca,2.0,1.0,H,5.0,2.0,4.0,7.0,5.0,5.0,7.0,18.0,10.0,11.0
27/10/2023,Arouca,Moreirense,0.0,1.0,A,7.0,5.0,2.0,2.0,3.0,5.0,11.0,14.0,13.0,12.0
28/10/2023,Benfica,Casa Pia,1.0,1.0,D,10.0,2.0,1.0,2.0,7.0,3.0,12.0,20.0,13.0,6.0
28/10/2023,Gil Vicente,Sp Braga,3.0,3.0,D,4.0,9.0,4.0,2.0,6.0,7.0,14.0,21.0,13.0,18.0
28/10/2023,Guimaraes,Chaves,5.0,0.0,H,4.0,3.0,0.0,3.0,6.0,3.0,16.0,6.0,13.0,7.0
28/10/2023,Portimonense,Estoril,1.0,0.0,H,6.0,4.0,6.0,1.0,8.0,4.0,14.0,8.0,14.0,14.0
29/10/2023,Estrela,Famalicao,1.0,0.0,H,3.0,2.0,3.0,3.0,4.0,1.0,18.0,15.0,12.0,9.0
29/10/2023,Rio Ave,Farense,3.0,4.0,A,5.0,6.0,3.0,3.0,4.0,7.0,19.0,12.0,11.0,13.0
29/10/2023,Vizela,Porto,0.0,2.0,A,4.0,4.0,3.0,4.0,1.0,3.0,16.0,17.0,8.0,13.0
30/10/2023,Boavista,Sp Lisbon,0.0,2.0,A,4.0,8.0,3.0,2.0,2.0,6.0,16.0,13.0,7.0,14.0
03/11/2023,Porto,Estoril,0.0,1.0,A,9.0,6.0,5.0,7.0,4.0,3.0,16.0,16.0,16.0,7.0
04/11/2023,Chaves,Benfica,0.0,2.0,A,3.0,8.0,5.0,2.0,0.0,5.0,13.0,11.0,8.0,14.0
04/11/2023,Famalicao,Gil Vicente,3.0,1.0,H,7.0,2.0,3.0,3.0,5.0,4.0,11.0,10.0,12.0,9.0
04/11/2023,Sp Braga,Portimonense,6.0,1.0,H,5.0,5.0,1.0,2.0,10.0,3.0,10.0,10.0,19.0,8.0
05/11/2023,Casa Pia,Vizela,0.0,1.0,A,6.0,6.0,3.0,3.0,2.0,4.0,16.0,17.0,11.0,14.0
05/11/2023,Moreirense,Guimaraes,1.0,0.0,H,4.0,12.0,1.0,2.0,3.0,2.0,10.0,11.0,12.0,10.0
05/11/2023,Rio Ave,Boavista,2.0,0.0,H,3.0,3.0,3.0,2.0,3.0,2.0,17.0,15.0,9.0,10.0
05/11/2023,Sp Lisbon,Estrela,3.0,2.0,H,6.0,1.0,1.0,1.0,8.0,4.0,7.0,5.0,23.0,6.0
06/11/2023,Farense,Arouca,2.0,0.0,H,6.0,6.0,1.0,1.0,2.0,5.0,16.0,14.0,7.0,15.0
10/11/2023,Estoril,Casa Pia,4.0,0.0,H,4.0,7.0,3.0,4.0,6.0,3.0,15.0,16.0,18.0,12.0
11/11/2023,Estrela,Moreirense,0.0,1.0,A,2.0,5.0,3.0,6.0,3.0,2.0,22.0,17.0,8.0,12.0
11/11/2023,Guimaraes,Porto,1.0,2.0,A,10.0,6.0,3.0,3.0,8.0,4.0,19.0,17.0,14.0,7.0
11/11/2023,Portimonense,Chaves,2.0,1.0,H,3.0,8.0,4.0,2.0,7.0,8.0,15.0,12.0,12.0,19.0
11/11/2023,Vizela,Famalicao,0.0,0.0,D,5.0,7.0,1.0,3.0,4.0,2.0,17.0,17.0,9.0,13.0
12/11/2023,Arouca,Sp Braga,0.0,1.0,A,3.0,8.0,2.0,4.0,7.0,5.0,14.0,14.0,12.0,17.0
12/11/2023,Benfica,Sp Lisbon,2.0,1.0,H,6.0,4.0,2.0,5.0,4.0,3.0,10.0,12.0,11.0,8.0
12/11/2023,Boavista,Farense,1.0,3.0,A,9.0,2.0,3.0,1.0,2.0,7.0,19.0,9.0,15.0,13.0
12/11/2023,Gil Vicente,Rio Ave,1.0,1.0,D,4.0,7.0,1.0,1.0,2.0,5.0,10.0,18.0,8.0,16.0
01/12/2023,Chaves,Vizela,2.0,1.0,H,2.0,1.0,5.0,3.0,5.0,2.0,14.0,16.0,15.0,8.0
02/12/2023,Casa Pia,Portimonense,1.0,0.0,H,5.0,5.0,3.0,3.0,3.0,2.0,20.0,15.0,11.0,10.0
02/12/2023,Famalicao,Porto,0.0,3.0,A,7.0,2.0,4.0,5.0,0.0,5.0,16.0,22.0,12.0,9.0
02/12/2023,Farense,Guimaraes,1.0,2.0,A,1.0,7.0,3.0,3.0,2.0,5.0,12.0,14.0,5.0,16.0
02/12/2023,Rio Ave,Estrela,1.0,1.0,D,7.0,0.0,4.0,1.0,3.0,0.0,15.0,13.0,13.0,8.0
03/12/2023,Boavista,Arouca,0.0,4.0,A,8.0,1.0,5.0,4.0,2.0,7.0,12.0,10.0,8.0,12.0
03/12/2023,Moreirense,Benfica,0.0,0.0,D,2.0,7.0,4.0,1.0,4.0,3.0,13.0,13.0,11.0,12.0
03/12/2023,Sp Braga,Estoril,3.0,1.0,H,5.0,2.0,2.0,2.0,6.0,1.0,13.0,14.0,18.0,4.0
04/12/2023,Sp Lisbon,Gil Vicente,3.0,1.0,H,9.0,0.0,4.0,1.0,4.0,1.0,14.0,9.0,12.0,5.0
08/12/2023,Benfica,Farense,1.0,1.0,D,15.0,3.0,2.0,3.0,13.0,5.0,10.0,11.0,37.0,8.0
08/12/2023,Vizela,Sp Braga,1.0,3.0,A,7.0,6.0,3.0,1.0,5.0,4.0,19.0,9.0,11.0,13.0
09/12/2023,Guimaraes,Sp Lisbon,3.0,2.0,H,1.0,6.0,4.0,1.0,5.0,4.0,14.0,5.0,7.0,11.0
09/12/2023,Portimonense,Famalicao,1.0,1.0,D,2.0,5.0,4.0,1.0,4.0,8.0,14.0,19.0,8.0,16.0
09/12/2023,Porto,Casa Pia,3.0,1.0,H,4.0,1.0,3.0,1.0,6.0,3.0,11.0,9.0,16.0,7.0
10/12/2023,Arouca,Rio Ave,2.0,2.0,D,5.0,3.0,1.0,5.0,5.0,9.0,11.0,14.0,16.0,12.0
10/12/2023,Estoril,Chaves,4.0,0.0,H,3.0,6.0,4.0,3.0,10.0,2.0,16.0,11.0,14.0,7.0
10/12/2023,Estrela,Boavista,3.0,1.0,H,2.0,4.0,4.0,2.0,2.0,6.0,18.0,11.0,4.0,9.0
11/12/2023,Gil Vicente,Moreirense,1.0,1.0,D,3.0,6.0,5.0,3.0,4.0,4.0,15.0,19.0,11.0,11.0
15/12/2023,Farense,Estrela,0.0,0.0,D,6.0,9.0,2.0,1.0,1.0,2.0,11.0,8.0,12.0,9.0
16/12/2023,Arouca,Gil Vicente,3.0,0.0,H,4.0,6.0,2.0,0.0,7.0,5.0,11.0,8.0,10.0,9.0
16/12/2023,Boavista,Guimaraes,1.0,1.0,D,7.0,8.0,6.0,2.0,4.0,3.0,17.0,9.0,10.0,14.0
16/12/2023,Rio Ave,Vizela,1.0,1.0,D,7.0,2.0,3.0,3.0,4.0,4.0,16.0,15.0,13.0,6.0
17/12/2023,Chaves,Casa Pia,1.0,3.0,A,4.0,2.0,1.0,1.0,5.0,6.0,16.0,14.0,15.0,9.0
17/12/2023,Famalicao,Estoril,1.0,1.0,D,1.0,7.0,3.0,1.0,3.0,5.0,9.0,19.0,10.0,12.0
17/12/2023,Moreirense,Portimonense,5.0,2.0,H,7.0,7.0,2.0,2.0,5.0,3.0,12.0,12.0,16.0,9.0
17/12/2023,Sp Braga,Benfica,0.0,1.0,A,5.0,2.0,3.0,3.0,6.0,6.0,11.0,9.0,16.0,11.0
18/12/2023,Sp Lisbon,Porto,2.0,0.0,H,2.0,2.0,4.0,4.0,6.0,3.0,21.0,15.0,11.0,5.0
23/12/2023,Guimaraes,Rio Ave,1.0,0.0,H,4.0,8.0,4.0,3.0,3.0,4.0,13.0,18.0,5.0,9.0
23/12/2023,Vizela,Moreirense,0.0,0.0,D,3.0,9.0,3.0,1.0,3.0,5.0,16.0,8.0,9.0,10.0
28/12/2023,Estrela,Arouca,1.0,4.0,A,3.0,5.0,0.0,2.0,2.0,5.0,6.0,12.0,6.0,18.0
29/12/2023,Benfica,Famalicao,3.0,0.0,H,6.0,4.0,2.0,3.0,10.0,3.0,21.0,14.0,17.0,12.0
29/12/2023,Porto,Chaves,1.0,0.0,H,8.0,3.0,3.0,5.0,10.0,2.0,20.0,11.0,17.0,5.0
30/12/2023,Casa Pia,Sp Braga,1.0,3.0,A,2.0,3.0,1.0,0.0,3.0,6.0,9.0,7.0,7.0,11.0
30/12/2023,Estoril,Farense,4.0,0.0,H,10.0,8.0,2.0,2.0,7.0,4.0,8.0,18.0,12.0,14.0
30/12/2023,Gil Vicente,Boavista,1.0,0.0,H,4.0,3.0,0.0,1.0,3.0,1.0,15.0,15.0,11.0,8.0
30/12/2023,Portimonense,Sp Lisbon,1.0,2.0,A,0.0,12.0,4.0,3.0,3.0,6.0,11.0,12.0,7.0,14.0
05/01/2024,Boavista,Porto,1.0,1.0,D,1.0,6.0,5.0,1.0,2.0,7.0,18.0,14.0,7.0,24.0
05/01/2024,Sp Lisbon,Estoril,5.0,1.0,H,5.0,7.0,1.0,3.0,8.0,3.0,6.0,10.0,21.0,11.0
06/01/2024,Arouca,Benfica,0.0,3.0,A,1.0,3.0,2.0,2.0,1.0,5.0,12.0,5.0,11.0,11.0
06/01/2024,Estrela,Vizela,1.0,1.0,D,6.0,4.0,0.0,1.0,4.0,7.0,14.0,13.0,12.0,16.0
06/01/2024,Farense,Gil Vicente,1.0,0.0,H,6.0,5.0,2.0,2.0,5.0,6.0,9.0,7.0,11.0,14.0
06/01/2024,Sp Braga,Guimaraes,1.0,1.0,D,5.0,6.0,2.0,0.0,4.0,4.0,7.0,9.0,11.0,13.0
07/01/2024,Famalicao,Chaves,2.0,2.0,D,5.0,8.0,3.0,2.0,7.0,5.0,17.0,23.0,17.0,10.0
07/01/2024,Rio Ave,Portimonense,2.0,0.0,H,3.0,6.0,1.0,3.0,3.0,3.0,9.0,13.0,9.0,7.0
08/01/2024,Moreirense,Casa Pia,1.0,4.0,A,4.0,3.0,2.0,2.0,4.0,7.0,15.0,24.0,13.0,10.0
12/01/2024,Portimonense,Farense,1.0,0.0,H,4.0,4.0,2.0,3.0,4.0,3.0,19.0,9.0,12.0,8.0
13/01/2024,Casa Pia,Famalicao,0.0,2.0,A,6.0,3.0,1.0,1.0,1.0,4.0,13.0,15.0,8.0,13.0
13/01/2024,Chaves,Sp Lisbon,0.0,3.0,A,2.0,5.0,1.0,2.0,0.0,10.0,11.0,14.0,5.0,17.0
13/01/2024,Estoril,Moreirense,1.0,3.0,A,8.0,1.0,2.0,3.0,5.0,7.0,15.0,11.0,9.0,12.0
14/01/2024,Benfica,Rio Ave,4.0,1.0,H,5.0,3.0,1.0,3.0,12.0,5.0,12.0,11.0,15.0,9.0
14/01/2024,Gil Vicente,Estrela,1.0,1.0,D,7.0,5.0,2.0,4.0,2.0,6.0,14.0,10.0,9.0,15.0
14/01/2024,Porto,Sp Braga,2.0,0.0,H,5.0,5.0,3.0,5.0,4.0,5.0,12.0,15.0,8.0,10.0
14/01/2024,Vizela,Boavista,1.0,4.0,A,11.0,1.0,2.0,2.0,7.0,7.0,19.0,4.0,27.0,10.0
15/01/2024,Guimaraes,Arouca,2.0,1.0,H,10.0,1.0,0.0,3.0,6.0,2.0,8.0,7.0,15.0,9.0
18/01/2024,Famalicao,Sp Braga,1.0,2.0,A,3.0,4.0,4.0,4.0,3.0,7.0,9.0,11.0,11.0,12.0
18/01/2024,Vizela,Sp Lisbon,2.0,5.0,A,0.0,6.0,3.0,1.0,3.0,9.0,16.0,13.0,4.0,18.0
19/01/2024,Benfica,Boavista,2.0,0.0,H,12.0,4.0,3.0,3.0,7.0,1.0,15.0,11.0,20.0,5.0
20/01/2024,Casa Pia,Farense,1.0,3.0,A,14.0,3.0,0.0,1.0,6.0,4.0,10.0,13.0,21.0,7.0
20/01/2024,Estoril,Arouca,1.0,2.0,A,7.0,4.0,3.0,2.0,4.0,7.0,16.0,13.0,13.0,15.0
20/01/2024,Porto,Moreirense,5.0,0.0,H,5.0,1.0,0.0,3.0,8.0,1.0,13.0,16.0,16.0,5.0
21/01/2024,Chaves,Rio Ave,0.0,0.0,D,11.0,0.0,2.0,3.0,6.0,1.0,15.0,13.0,19.0,6.0
21/01/2024,Guimaraes,Estrela,3.0,0.0,H,8.0,5.0,1.0,1.0,4.0,1.0,13.0,10.0,12.0,5.0
21/01/2024,Portimonense,Gil Vicente,0.0,2.0,A,3.0,8.0,3.0,1.0,0.0,8.0,19.0,15.0,8.0,15.0
28/01/2024,Arouca,Vizela,5.0,0.0,H,1.0,2.0,1.0,2.0,7.0,3.0,15.0,11.0,13.0,9.0
28/01/2024,Boavista,Portimonense,1.0,4.0,A,11.0,1.0,2.0,2.0,5.0,5.0,14.0,14.0,20.0,12.0
28/01/2024,Farense,Porto,1.0,3.0,A,4.0,10.0,1.0,0.0,4.0,4.0,16.0,7.0,9.0,18.0
28/01/2024,Gil Vicente,Guimaraes,1.0,0.0,H,4.0,4.0,1.0,2.0,4.0,2.0,12.0,14.0,7.0,8.0
28/01/2024,Moreirense,Famalicao,1.0,0.0,H,3.0,4.0,3.0,2.0,2.0,1.0,14.0,13.0,7.0,8.0
29/01/2024,Estrela,Benfica,1.0,4.0,A,5.0,6.0,2.0,1.0,5.0,7.0,10.0,10.0,9.0,16.0
29/01/2024,Sp Lisbon,Casa Pia,8.0,0.0,H,9.0,0.0,1.0,1.0,11.0,2.0,10.0,14.0,21.0,2.0
31/01/2024,Rio Ave,Estoril,1.0,1.0,D,4.0,3.0,4.0,3.0,4.0,5.0,10.0,9.0,8.0,12.0
31/01/2024,Sp Braga,Chaves,1.0,1.0,D,9.0,1.0,1.0,5.0,10.0,2.0,11.0,10.0,27.0,7.0
03/02/2024,Portimonense,Arouca,1.0,2.0,A,3.0,2.0,4.0,1.0,4.0,3.0,17.0,10.0,11.0,8.0
03/02/2024,Porto,Rio Ave,0.0,0.0,D,23.0,0.0,4.0,5.0,5.0,0.0,15.0,24.0,17.0,3.0
04/02/2024,Benfica,Gil Vicente,3.0,0.0,H,6.0,4.0,0.0,1.0,5.0,3.0,11.0,5.0,10.0,5.0
04/02/2024,Chaves,Farense,1.0,1.0,D,3.0,6.0,2.0,4.0,2.0,7.0,19.0,15.0,2.0,15.0
04/02/2024,Estoril,Estrela,1.0,0.0,H,6.0,1.0,3.0,2.0,5.0,6.0,15.0,10.0,10.0,11.0
04/02/2024,Sp Braga,Moreirense,1.0,0.0,H,6.0,1.0,1.0,2.0,5.0,1.0,13.0,16.0,13.0,8.0
04/02/2024,Vizela,Guimaraes,0.0,1.0,A,4.0,9.0,4.0,2.0,2.0,3.0,15.0,15.0,10.0,19.0
05/02/2024,Casa Pia,Boavista,0.0,0.0,D,4.0,3.0,3.0,1.0,0.0,0.0,13.0,14.0,5.0,4.0
09/02/2024,Estrela,Portimonense,3.0,0.0,H,4.0,7.0,4.0,3.0,3.0,1.0,7.0,13.0,10.0,11.0
10/02/2024,Boavista,Estoril,2.0,1.0,H,7.0,5.0,5.0,5.0,3.0,4.0,16.0,10.0,7.0,14.0
10/02/2024,Farense,Famalicao,1.0,1.0,D,7.0,6.0,0.0,6.0,7.0,4.0,17.0,20.0,17.0,18.0
10/02/2024,Moreirense,Chaves,1.0,0.0,H,11.0,4.0,3.0,2.0,5.0,4.0,12.0,10.0,15.0,10.0
11/02/2024,Guimaraes,Benfica,2.0,2.0,D,6.0,11.0,4.0,3.0,6.0,3.0,15.0,9.0,8.0,6.0
11/02/2024,Rio Ave,Casa Pia,1.0,0.0,H,5.0,3.0,1.0,3.0,3.0,1.0,14.0,20.0,8.0,6.0
11/02/2024,Sp Lisbon,Sp Braga,5.0,0.0,H,3.0,7.0,0.0,0.0,5.0,1.0,10.0,10.0,12.0,7.0
12/02/2024,Arouca,Porto,3.0,2.0,H,3.0,7.0,3.0,4.0,6.0,6.0,20.0,9.0,10.0,14.0
13/02/2024,Gil Vicente,Vizela,0.0,1.0,A,8.0,3.0,3.0,5.0,4.0,2.0,13.0,15.0,16.0,8.0
16/02/2024,Famalicao,Rio Ave,2.0,1.0,H,4.0,7.0,4.0,6.0,6.0,4.0,18.0,20.0,15.0,9.0
17/02/2024,Chaves,Boavista,2.0,1.0,H,4.0,3.0,6.0,1.0,3.0,3.0,17.0,16.0,7.0,14.0
17/02/2024,Portimonense,Guimaraes,1.0,1.0,D,9.0,6.0,3.0,5.0,6.0,2.0,10.0,17.0,10.0,10.0
17/02/2024,Porto,Estrela,2.0,0.0,H,8.0,6.0,0.0,2.0,6.0,2.0,12.0,13.0,16.0,8.0
18/02/2024,Benfica,Vizela,6.0,1.0,H,6.0,1.0,0.0,4.0,8.0,4.0,14.0,9.0,14.0,8.0
18/02/2024,Casa Pia,Arouca,1.0,0.0,H,2.0,6.0,0.0,2.0,2.0,4.0,5.0,12.0,10.0,14.0
18/02/2024,Estoril,Gil Vicente,1.0,3.0,A,2.0,4.0,2.0,3.0,4.0,7.0,15.0,15.0,8.0,11.0
18/02/2024,Sp Braga,Farense,2.0,1.0,H,6.0,1.0,5.0,3.0,8.0,2.0,19.0,15.0,17.0,5.0
19/02/2024,Moreirense,Sp Lisbon,0.0,2.0,A,5.0,4.0,0.0,1.0,0.0,7.0,12.0,13.0,4.0,16.0
23/02/2024,Arouca,Famalicao,3.0,2.0,H,3.0,4.0,2.0,5.0,4.0,8.0,20.0,14.0,14.0,11.0
24/02/2024,Estrela,Chaves,1.0,1.0,D,7.0,6.0,2.0,2.0,4.0,2.0,13.0,18.0,10.0,9.0
24/02/2024,Farense,Moreirense,0.0,1.0,A,5.0,5.0,1.0,0.0,1.0,2.0,14.0,14.0,6.0,11.0
24/02/2024,Guimaraes,Casa Pia,0.0,2.0,A,8.0,2.0,1.0,3.0,5.0,5.0,12.0,13.0,25.0,9.0
25/02/2024,Benfica,Portimonense,4.0,0.0,H,8.0,1.0,0.0,1.0,13.0,2.0,13.0,6.0,19.0,10.0
25/02/2024,Gil Vicente,Porto,1.0,1.0,D,2.0,4.0,3.0,3.0,1.0,5.0,16.0,14.0,7.0,14.0
25/02/2024,Rio Ave,Sp Lisbon,3.0,3.0,D,2.0,5.0,6.0,3.0,3.0,6.0,17.0,10.0,8.0,13.0
25/02/2024,Vizela,Estoril,3.0,3.0,D,4.0,7.0,2.0,3.0,7.0,4.0,9.0,14.0,12.0,18.0
26/02/2024,Boavista,Sp Braga,0.0,4.0,A,1.0,3.0,1.0,3.0,3.0,5.0,12.0,14.0,8.0,11.0
01/03/2024,Chaves,Arouca,1.0,5.0,A,4.0,2.0,1.0,2.0,5.0,5.0,15.0,15.0,11.0,7.0
02/03/2024,Estoril,Guimaraes,1.0,3.0,A,9.0,4.0,1.0,5.0,4.0,4.0,12.0,20.0,14.0,9.0
02/03/2024,Moreirense,Rio Ave,0.0,0.0,D,6.0,2.0,1.0,1.0,5.0,1.0,13.0,10.0,14.0,4.0
02/03/2024,Sp Braga,Estrela,3.0,0.0,H,6.0,4.0,2.0,1.0,8.0,1.0,11.0,13.0,15.0,7.0
03/03/2024,Casa Pia,Gil Vicente,0.0,0.0,D,2.0,4.0,1.0,2.0,3.0,2.0,12.0,7.0,11.0,9.0
03/03/2024,Portimonense,Vizela,0.0,0.0,D,1.0,8.0,3.0,1.0,4.0,3.0,18.0,10.0,11.0,13.0
03/03/2024,Porto,Benfica,5.0,0.0,H,6.0,2.0,1.0,3.0,8.0,1.0,12.0,16.0,16.0,3.0
03/03/2024,Sp Lisbon,Farense,3.0,2.0,H,12.0,1.0,1.0,3.0,5.0,5.0,7.0,11.0,17.0,8.0
04/03/2024,Famalicao,Boavista,1.0,1.0,D,9.0,5.0,2.0,2.0,1.0,3.0,14.0,19.0,7.0,5.0
08/03/2024,Estrela,Casa Pia,3.0,1.0,H,8.0,4.0,0.0,2.0,6.0,3.0,16.0,9.0,14.0,6.0
08/03/2024,Portimonense,Porto,0.0,3.0,A,1.0,13.0,2.0,0.0,2.0,6.0,16.0,11.0,7.0,16.0
09/03/2024,Boavista,Moreirense,1.0,0.0,H,4.0,4.0,4.0,2.0,3.0,3.0,13.0,19.0,9.0,8.0
09/03/2024,Guimaraes,Famalicao,1.0,0.0,H,10.0,4.0,1.0,3.0,6.0,0.0,12.0,18.0,12.0,13.0
09/03/2024,Rio Ave,Sp Braga,0.0,0.0,D,6.0,5.0,1.0,4.0,5.0,4.0,13.0,10.0,8.0,10.0
09/03/2024,Vizela,Farense,2.0,1.0,H,10.0,3.0,1.0,3.0,6.0,4.0,17.0,12.0,15.0,8.0
10/03/2024,Arouca,Sp Lisbon,0.0,3.0,A,2.0,0.0,2.0,0.0,2.0,6.0,13.0,11.0,10.0,10.0
10/03/2024,Benfica,Estoril,3.0,1.0,H,6.0,4.0,0.0,0.0,6.0,5.0,10.0,7.0,13.0,10.0
11/03/2024,Gil Vicente,Chaves,0.0,0.0,D,12.0,1.0,4.0,2.0,6.0,0.0,13.0,8.0,20.0,5.0
15/03/2024,Estoril,Portimonense,1.0,0.0,H,2.0,7.0,1.0,2.0,3.0,2.0,15.0,10.0,9.0,15.0
16/03/2024,Famalicao,Estrela,0.0,0.0,D,4.0,7.0,1.0,4.0,3.0,2.0,15.0,19.0,12.0,9.0
16/03/2024,Farense,Rio Ave,1.0,1.0,D,5.0,2.0,2.0,1.0,7.0,3.0,17.0,15.0,14.0,13.0
16/03/2024,Porto,Vizela,4.0,1.0,H,12.0,3.0,0.0,3.0,9.0,0.0,19.0,12.0,36.0,3.0
16/03/2024,Sp Braga,Gil Vicente,2.0,1.0,H,8.0,2.0,0.0,3.0,5.0,4.0,12.0,9.0,19.0,10.0
17/03/2024,Casa Pia,Benfica,0.0,1.0,A,4.0,13.0,0.0,2.0,3.0,6.0,8.0,5.0,6.0,19.0
17/03/2024,Chaves,Guimaraes,1.0,2.0,A,3.0,10.0,3.0,3.0,2.0,5.0,15.0,14.0,6.0,16.0
17/03/2024,Moreirense,Arouca,1.0,0.0,H,2.0,3.0,1.0,1.0,3.0,1.0,11.0,9.0,12.0,9.0
17/03/2024,Sp Lisbon,Boavista,6.0,1.0,H,8.0,1.0,2.0,3.0,12.0,2.0,9.0,14.0,22.0,3.0
29/03/2024,Benfica,Chaves,1.0,0.0,H,11.0,2.0,1.0,8.0,7.0,0.0,12.0,12.0,19.0,7.0
29/03/2024,Estrela,Sp Lisbon,1.0,2.0,A,3.0,7.0,3.0,1.0,3.0,6.0,20.0,8.0,6.0,21.0
29/03/2024,Gil Vicente,Famalicao,1.0,2.0,A,2.0,5.0,1.0,3.0,3.0,3.0,8.0,18.0,10.0,12.0
30/03/2024,Arouca,Farense,2.0,1.0,H,13.0,4.0,4.0,3.0,17.0,4.0,15.0,13.0,28.0,10.0
30/03/2024,Boavista,Rio Ave,0.0,0.0,D,2.0,5.0,3.0,4.0,2.0,1.0,21.0,10.0,9.0,8.0
30/03/2024,Estoril,Porto,1.0,0.0,H,1.0,10.0,5.0,8.0,2.0,2.0,21.0,14.0,5.0,13.0
30/03/2024,Guimaraes,Moreirense,1.0,0.0,H,7.0,2.0,5.0,2.0,4.0,2.0,16.0,13.0,12.0,9.0
31/03/2024,Vizela,Casa Pia,0.0,4.0,A,6.0,3.0,2.0,6.0,3.0,9.0,8.0,18.0,13.0,11.0
01/04/2024,Portimonense,Sp Braga,3.0,5.0,A,4.0,6.0,0.0,1.0,5.0,9.0,11.0,6.0,13.0,15.0
05/04/2024,Farense,Boavista,2.0,0.0,H,5.0,12.0,3.0,3.0,8.0,7.0,18.0,11.0,15.0,17.0
06/04/2024,Famalicao,Vizela,3.0,2.0,H,1.0,5.0,6.0,1.0,9.0,4.0,16.0,19.0,17.0,8.0
06/04/2024,Rio Ave,Gil Vicente,3.0,0.0,H,1.0,8.0,2.0,4.0,7.0,3.0,18.0,14.0,13.0,5.0
06/04/2024,Sp Braga,Arouca,0.0,3.0,A,10.0,9.0,1.0,3.0,10.0,6.0,11.0,15.0,17.0,11.0
06/04/2024,Sp Lisbon,Benfica,2.0,1.0,H,7.0,13.0,3.0,6.0,4.0,3.0,12.0,9.0,13.0,15.0
07/04/2024,Chaves,Portimonense,2.0,3.0,A,4.0,4.0,3.0,2.0,3.0,4.0,15.0,15.0,9.0,11.0
07/04/2024,Moreirense,Estrela,2.0,2.0,D,2.0,6.0,3.0,3.0,3.0,4.0,14.0,14.0,7.0,10.0
07/04/2024,Porto,Guimaraes,1.0,2.0,A,6.0,1.0,2.0,6.0,6.0,2.0,6.0,23.0,12.0,4.0
08/04/2024,Casa Pia,Estoril,0.0,0.0,D,2.0,6.0,0.0,2.0,4.0,2.0,9.0,11.0,12.0,11.0
12/04/2024,Gil Vicente,Sp Lisbon,0.0,4.0,A,6.0,4.0,2.0,0.0,1.0,6.0,11.0,14.0,5.0,13.0
13/04/2024,Estoril,Sp Braga,0.0,1.0,A,2.0,3.0,0.0,1.0,0.0,5.0,8.0,12.0,4.0,12.0
13/04/2024,Guimaraes,Farense,1.0,1.0,D,8.0,1.0,2.0,4.0,6.0,6.0,6.0,12.0,24.0,10.0
13/04/2024,Porto,Famalicao,2.0,2.0,D,10.0,0.0,4.0,3.0,8.0,3.0,19.0,16.0,20.0,8.0
14/04/2024,Arouca,Boavista,2.0,1.0,H,1.0,4.0,3.0,4.0,5.0,5.0,17.0,9.0,14.0,8.0
14/04/2024,Benfica,Moreirense,3.0,0.0,H,6.0,2.0,2.0,1.0,6.0,0.0,11.0,11.0,19.0,8.0
14/04/2024,Estrela,Rio Ave,2.0,2.0,D,10.0,1.0,2.0,1.0,5.0,4.0,12.0,12.0,15.0,6.0
14/04/2024,Portimonense,Casa Pia,2.0,2.0,D,5.0,8.0,2.0,4.0,3.0,4.0,10.0,14.0,11.0,11.0
15/04/2024,Vizela,Chaves,0.0,1.0,A,10.0,5.0,3.0,2.0,4.0,2.0,17.0,13.0,12.0,7.0
16/04/2024,Famalicao,Sp Lisbon,0.0,1.0,A,4.0,6.0,2.0,4.0,0.0,1.0,10.0,15.0,5.0,10.0
19/04/2024,Rio Ave,Arouca,1.0,1.0,D,4.0,6.0,3.0,3.0,3.0,5.0,15.0,13.0,6.0,17.0
20/04/2024,Boavista,Estrela,1.0,1.0,D,6.0,5.0,2.0,0.0,5.0,3.0,16.0,7.0,15.0,11.0
20/04/2024,Moreirense,Gil Vicente,0.0,1.0,A,8.0,1.0,0.0,0.0,4.0,3.0,10.0,8.0,15.0,5.0
20/04/2024,Sp Braga,Vizela,2.0,1.0,H,4.0,4.0,1.0,3.0,5.0,2.0,15.0,16.0,15.0,5.0
21/04/2024,Casa Pia,Porto,1.0,2.0,A,8.0,4.0,3.0,1.0,4.0,5.0,18.0,15.0,11.0,16.0
21/04/2024,Chaves,Estoril,2.0,2.0,D,7.0,5.0,1.0,1.0,7.0,6.0,11.0,12.0,14.0,10.0
21/04/2024,Famalicao,Portimonense,2.0,2.0,D,9.0,6.0,2.0,4.0,3.0,7.0,11.0,18.0,13.0,14.0
21/04/2024,Sp Lisbon,Guimaraes,3.0,0.0,H,5.0,3.0,1.0,1.0,4.0,1.0,10.0,10.0,10.0,6.0
22/04/2024,Farense,Benfica,1.0,3.0,A,3.0,7.0,1.0,2.0,3.0,9.0,12.0,10.0,12.0,20.0
26/04/2024,Gil Vicente,Arouca,2.0,2.0,D,2.0,5.0,3.0,1.0,3.0,7.0,7.0,9.0,9.0,15.0
27/04/2024,Benfica,Sp Braga,3.0,1.0,H,6.0,3.0,2.0,3.0,6.0,7.0,13.0,12.0,21.0,11.0
27/04/2024,Casa Pia,Chaves,3.0,1.0,H,4.0,5.0,3.0,4.0,6.0,7.0,14.0,12.0,11.0,11.0
27/04/2024,Guimaraes,Boavista,1.0,0.0,H,4.0,3.0,3.0,5.0,2.0,1.0,15.0,14.0,9.0,7.0
27/04/2024,Vizela,Rio Ave,1.0,1.0,D,7.0,0.0,2.0,2.0,4.0,2.0,16.0,14.0,16.0,11.0
28/04/2024,Estoril,Famalicao,1.0,0.0,H,3.0,6.0,0.0,2.0,3.0,3.0,13.0,12.0,8.0,13.0
28/04/2024,Portimonense,Moreirense,0.0,2.0,A,5.0,5.0,3.0,3.0,4.0,6.0,13.0,9.0,10.0,13.0
28/04/2024,Porto,Sp Lisbon,2.0,2.0,D,2.0,6.0,2.0,2.0,5.0,5.0,9.0,11.0,11.0,9.0
29/04/2024,Estrela,Farense,0.0,3.0,A,11.0,4.0,2.0,2.0,7.0,5.0,8.0,9.0,20.0,11.0
03/05/2024,Moreirense,Vizela,1.0,0.0,H,4.0,5.0,3.0,2.0,5.0,2.0,22.0,22.0,11.0,8.0
04/05/2024,Boavista,Gil Vicente,1.0,1.0,D,2.0,4.0,1.0,1.0,3.0,6.0,19.0,12.0,7.0,11.0
04/05/2024,Chaves,Porto,0.0,3.0,A,2.0,8.0,4.0,2.0,0.0,3.0,5.0,15.0,4.0,9.0
04/05/2024,Rio Ave,Guimaraes,2.0,1.0,H,6.0,6.0,4.0,6.0,3.0,5.0,20.0,18.0,7.0,9.0
04/05/2024,Sp Lisbon,Portimonense,3.0,0.0,H,15.0,1.0,3.0,3.0,12.0,0.0,10.0,13.0,22.0,2.0
05/05/2024,Arouca,Estrela,0.0,0.0,D,6.0,3.0,1.0,4.0,1.0,2.0,13.0,9.0,21.0,7.0
05/05/2024,Famalicao,Benfica,2.0,0.0,H,3.0,10.0,2.0,1.0,4.0,12.0,9.0,11.0,11.0,19.0
05/05/2024,Farense,Estoril,3.0,2.0,H,3.0,3.0,3.0,0.0,5.0,2.0,14.0,13.0,13.0,9.0
05/05/2024,Sp Braga,Casa Pia,4.0,3.0,H,7.0,7.0,4.0,3.0,7.0,6.0,7.0,9.0,15.0,15.0
10/05/2024,Chaves,Famalicao,0.0,1.0,A,3.0,3.0,3.0,1.0,2.0,4.0,18.0,21.0,8.0,11.0
11/05/2024,Estoril,Sp Lisbon,0.0,1.0,A,2.0,9.0,2.0,1.0,1.0,5.0,16.0,10.0,7.0,19.0
11/05/2024,Guimaraes,Sp Braga,2.0,3.0,A,6.0,8.0,4.0,3.0,4.0,8.0,13.0,15.0,12.0,14.0
11/05/2024,Portimonense,Rio Ave,2.0,2.0,D,12.0,4.0,3.0,2.0,8.0,4.0,12.0,16.0,19.0,9.0
11/05/2024,Vizela,Estrela,4.0,0.0,H,4.0,7.0,3.0,2.0,7.0,3.0,16.0,11.0,15.0,10.0
12/05/2024,Benfica,Arouca,5.0,0.0,H,3.0,3.0,2.0,2.0,9.0,1.0,10.0,14.0,17.0,6.0
12/05/2024,Casa Pia,Moreirense,0.0,1.0,A,5.0,1.0,2.0,2.0,0.0,5.0,15.0,17.0,11.0,12.0
12/05/2024,Gil Vicente,Farense,2.0,0.0,H,4.0,4.0,4.0,0.0,6.0,3.0,12.0,11.0,9.0,16.0
12/05/2024,Porto,Boavista,2.0,1.0,H,11.0,2.0,2.0,9.0,4.0,2.0,14.0,12.0,20.0,3.0
17/05/2024,Famalicao,Casa Pia,1.0,2.0,A,3.0,5.0,4.0,5.0,5.0,5.0,11.0,14.0,13.0,10.0
17/05/2024,Rio Ave,Benfica,1.0,1.0,D,2.0,8.0,4.0,2.0,3.0,7.0,13.0,12.0,8.0,15.0
18/05/2024,Arouca,Guimaraes,1.0,3.0,A,3.0,7.0,3.0,5.0,2.0,4.0,13.0,19.0,5.0,9.0
18/05/2024,Boavista,Vizela,2.0,2.0,D,9.0,2.0,4.0,1.0,5.0,4.0,17.0,7.0,15.0,14.0
18/05/2024,Estrela,Gil Vicente,1.0,0.0,H,4.0,3.0,3.0,0.0,2.0,2.0,17.0,13.0,6.0,5.0
18/05/2024,Farense,Portimonense,1.0,3.0,A,2.0,4.0,3.0,1.0,3.0,6.0,14.0,14.0,7.0,15.0
18/05/2024,Moreirense,Estoril,2.0,1.0,H,2.0,6.0,0.0,0.0,3.0,2.0,8.0,8.0,13.0,9.0
18/05/2024,Sp Braga,Porto,0.0,1.0,A,4.0,8.0,4.0,1.0,1.0,5.0,13.0,11.0,4.0,19.0
18/05/2024,Sp Lisbon,Chaves,3.0,0.0,H,5.0,3.0,2.0,1.0,7.0,0.0,16.0,7.0,15.0,10.0
09/08/2024,Sp Lisbon,Rio Ave,3.0,1.0,H,6.0,1.0,2.0,2.0,6.0,1.0,9.0,14.0,23.0,3.0
10/08/2024,AVS,Nacional,1.0,1.0,D,4.0,2.0,1.0,1.0,3.0,2.0,8.0,13.0,17.0,6.0
10/08/2024,Casa Pia,Boavista,0.0,1.0,A,3.0,1.0,2.0,1.0,4.0,2.0,12.0,6.0,15.0,5.0
10/08/2024,Porto,Gil Vicente,3.0,0.0,H,6.0,2.0,0.0,3.0,7.0,2.0,18.0,10.0,16.0,3.0
11/08/2024,Estoril,Santa Clara,1.0,4.0,A,1.0,3.0,6.0,3.0,2.0,8.0,11.0,20.0,4.0,9.0
11/08/2024,Famalicao,Benfica,2.0,0.0,H,0.0,7.0,3.0,4.0,5.0,1.0,8.0,13.0,9.0,10.0
11/08/2024,Farense,Moreirense,1.0,2.0,A,5.0,4.0,0.0,4.0,5.0,6.0,14.0,11.0,10.0,10.0
11/08/2024,Sp Braga,Estrela,1.0,1.0,D,13.0,4.0,3.0,5.0,5.0,4.0,14.0,9.0,13.0,6.0
12/08/2024,Arouca,Guimaraes,0.0,1.0,A,6.0,5.0,7.0,2.0,0.0,4.0,13.0,11.0,8.0,11.0
16/08/2024,Gil Vicente,AVS,4.0,2.0,H,2.0,3.0,1.0,4.0,6.0,5.0,6.0,12.0,16.0,10.0
16/08/2024,Santa Clara,Porto,0.0,2.0,A,2.0,2.0,2.0,3.0,2.0,6.0,19.0,12.0,5.0,8.0
17/08/2024,Benfica,Casa Pia,3.0,0.0,H,12.0,2.0,0.0,1.0,7.0,1.0,6.0,14.0,26.0,5.0
17/08/2024,Nacional,Sp Lisbon,1.0,6.0,A,4.0,3.0,1.0,1.0,6.0,10.0,9.0,10.0,12.0,20.0
17/08/2024,Rio Ave,Farense,1.0,0.0,H,7.0,14.0,0.0,1.0,3.0,4.0,8.0,16.0,9.0,14.0
18/08/2024,Boavista,Sp Braga,0.0,1.0,A,3.0,8.0,3.0,1.0,1.0,3.0,8.0,9.0,7.0,12.0
18/08/2024,Guimaraes,Estoril,1.0,0.0,H,9.0,3.0,2.0,1.0,5.0,1.0,15.0,17.0,14.0,3.0
18/08/2024,Moreirense,Arouca,3.0,1.0,H,7.0,5.0,1.0,2.0,6.0,3.0,14.0,12.0,14.0,15.0
19/08/2024,Estrela,Famalicao,0.0,3.0,A,2.0,4.0,3.0,1.0,2.0,8.0,10.0,10.0,8.0,11.0
23/08/2024,Farense,Sp Lisbon,0.0,5.0,A,1.0,5.0,4.0,1.0,1.0,8.0,18.0,5.0,4.0,28.0
24/08/2024,Benfica,Estrela,1.0,0.0,H,12.0,2.0,4.0,3.0,9.0,0.0,19.0,12.0,16.0,5.0
24/08/2024,Casa Pia,Santa Clara,0.0,2.0,A,7.0,1.0,4.0,4.0,3.0,4.0,14.0,21.0,10.0,7.0
24/08/2024,Famalicao,Boavista,1.0,0.0,H,7.0,3.0,1.0,3.0,4.0,2.0,18.0,16.0,10.0,5.0
24/08/2024,Porto,Rio Ave,2.0,0.0,H,9.0,3.0,0.0,2.0,12.0,0.0,14.0,15.0,23.0,0.0
25/08/2024,AVS,Guimaraes,1.0,0.0,H,3.0,6.0,3.0,3.0,2.0,5.0,15.0,13.0,9.0,13.0
25/08/2024,Arouca,Nacional,1.0,0.0,H,9.0,2.0,2.0,6.0,4.0,1.0,17.0,11.0,10.0,11.0
25/08/2024,Estoril,Gil Vicente,0.0,0.0,D,8.0,1.0,4.0,1.0,2.0,4.0,19.0,6.0,12.0,10.0
25/08/2024,Sp Braga,Moreirense,3.0,1.0,H,6.0,1.0,0.0,2.0,7.0,5.0,11.0,7.0,19.0,12.0
30/08/2024,Moreirense,Benfica,1.0,1.0,D,0.0,8.0,3.0,5.0,6.0,4.0,17.0,7.0,8.0,12.0
31/08/2024,Boavista,Estoril,0.0,0.0,D,8.0,3.0,2.0,5.0,5.0,1.0,12.0,19.0,19.0,7.0
31/08/2024,Estrela,Casa Pia,0.0,1.0,A,2.0,7.0,1.0,1.0,4.0,6.0,9.0,22.0,14.0,15.0
31/08/2024,Santa Clara,AVS,2.0,1.0,H,3.0,2.0,1.0,2.0,6.0,2.0,12.0,9.0,15.0,9.0
31/08/2024,Sp Lisbon,Porto,2.0,0.0,H,2.0,3.0,1.0,5.0,4.0,2.0,14.0,18.0,11.0,8.0
01/09/2024,Gil Vicente,Sp Braga,0.0,0.0,D,4.0,5.0,4.0,1.0,5.0,2.0,8.0,18.0,10.0,8.0
01/09/2024,Guimaraes,Famalicao,2.0,1.0,H,5.0,7.0,5.0,3.0,4.0,4.0,18.0,12.0,8.0,8.0
01/09/2024,Nacional,Farense,2.0,0.0,H,4.0,4.0,3.0,3.0,4.0,2.0,19.0,16.0,17.0,14.0
01/09/2024,Rio Ave,Arouca,1.0,0.0,H,8.0,8.0,1.0,3.0,3.0,3.0,16.0,19.0,11.0,13.0
13/09/2024,Arouca,Sp Lisbon,0.0,3.0,A,2.0,8.0,3.0,0.0,2.0,6.0,14.0,11.0,6.0,21.0
14/09/2024,AVS,Rio Ave,1.0,0.0,H,4.0,11.0,4.0,2.0,3.0,3.0,13.0,12.0,11.0,17.0
14/09/2024,Benfica,Santa Clara,4.0,1.0,H,5.0,1.0,1.0,3.0,7.0,2.0,14.0,7.0,15.0,6.0
14/09/2024,Casa Pia,Moreirense,3.0,1.0,H,4.0,5.0,5.0,2.0,4.0,2.0,23.0,10.0,16.0,12.0
14/09/2024,Famalicao,Gil Vicente,1.0,1.0,D,8.0,1.0,1.0,0.0,4.0,3.0,11.0,16.0,13.0,8.0
15/09/2024,Estoril,Nacional,1.0,0.0,H,3.0,4.0,2.0,1.0,3.0,3.0,22.0,14.0,11.0,15.0
15/09/2024,Porto,Farense,2.0,1.0,H,11.0,0.0,2.0,3.0,11.0,5.0,7.0,19.0,23.0,12.0
15/09/2024,Sp Braga,Guimaraes,0.0,2.0,A,6.0,4.0,3.0,3.0,2.0,4.0,20.0,17.0,5.0,10.0
16/09/2024,Estrela,Boavista,2.0,2.0,D,9.0,2.0,3.0,4.0,3.0,4.0,8.0,17.0,20.0,12.0
20/09/2024,Nacional,Sp Braga,0.0,3.0,A,6.0,6.0,3.0,3.0,2.0,5.0,12.0,17.0,12.0,15.0
21/09/2024,Guimaraes,Porto,0.0,3.0,A,5.0,6.0,4.0,4.0,1.0,4.0,7.0,18.0,6.0,12.0
21/09/2024,Moreirense,Famalicao,0.0,0.0,D,4.0,3.0,5.0,3.0,3.0,1.0,24.0,15.0,8.0,6.0
21/09/2024,Rio Ave,Estoril,2.0,2.0,D,7.0,4.0,2.0,2.0,7.0,3.0,16.0,9.0,15.0,8.0
21/09/2024,Santa Clara,Estrela,1.0,0.0,H,3.0,8.0,2.0,3.0,4.0,4.0,17.0,18.0,8.0,11.0
22/09/2024,Farense,Arouca,0.0,1.0,A,10.0,6.0,1.0,4.0,2.0,2.0,22.0,16.0,16.0,11.0
22/09/2024,Gil Vicente,Casa Pia,1.0,1.0,D,9.0,2.0,2.0,5.0,4.0,4.0,7.0,24.0,15.0,8.0
22/09/2024,Sp Lisbon,AVS,3.0,0.0,H,9.0,1.0,0.0,3.0,9.0,0.0,11.0,12.0,22.0,3.0
23/09/2024,Boavista,Benfica,0.0,3.0,A,4.0,5.0,2.0,0.0,3.0,9.0,9.0,9.0,7.0,16.0
27/09/2024,Estoril,Sp Lisbon,0.0,3.0,A,1.0,14.0,2.0,0.0,2.0,5.0,13.0,8.0,5.0,22.0
28/09/2024,Benfica,Gil Vicente,5.0,1.0,H,11.0,2.0,1.0,2.0,6.0,4.0,10.0,6.0,18.0,10.0
28/09/2024,Casa Pia,Guimaraes,1.0,1.0,D,7.0,9.0,2.0,0.0,4.0,7.0,13.0,9.0,9.0,19.0
28/09/2024,Estrela,Moreirense,2.0,1.0,H,2.0,7.0,3.0,3.0,2.0,2.0,27.0,18.0,4.0,13.0
29/09/2024,Famalicao,Nacional,0.0,0.0,D,8.0,4.0,1.0,4.0,5.0,4.0,13.0,22.0,16.0,11.0
29/09/2024,Porto,Arouca,4.0,0.0,H,8.0,2.0,2.0,3.0,7.0,0.0,17.0,7.0,26.0,4.0
29/09/2024,Santa Clara,Boavista,1.0,0.0,H,3.0,0.0,4.0,3.0,5.0,2.0,11.0,9.0,15.0,4.0
29/09/2024,Sp Braga,Rio Ave,4.0,0.0,H,4.0,5.0,0.0,2.0,8.0,4.0,13.0,11.0,18.0,13.0
30/09/2024,AVS,Farense,0.0,0.0,D,6.0,3.0,4.0,3.0,1.0,3.0,14.0,11.0,12.0,9.0
04/10/2024,Rio Ave,Famalicao,1.0,1.0,D,11.0,7.0,4.0,3.0,6.0,3.0,17.0,13.0,15.0,8.0
05/10/2024,Arouca,AVS,1.0,1.0,D,5.0,7.0,3.0,2.0,2.0,2.0,9.0,12.0,10.0,16.0
05/10/2024,Gil Vicente,Estrela,3.0,0.0,H,0.0,8.0,2.0,1.0,5.0,2.0,14.0,15.0,6.0,11.0
05/10/2024,Moreirense,Santa Clara,1.0,0.0,H,1.0,7.0,0.0,0.0,2.0,3.0,10.0,14.0,11.0,12.0
05/10/2024,Sp Lisbon,Casa Pia,2.0,0.0,H,5.0,3.0,1.0,2.0,6.0,3.0,9.0,12.0,22.0,5.0
06/10/2024,Farense,Estoril,1.0,0.0,H,5.0,4.0,4.0,3.0,2.0,2.0,18.0,11.0,15.0,7.0
06/10/2024,Guimaraes,Boavista,2.0,2.0,D,6.0,5.0,4.0,5.0,4.0,5.0,18.0,16.0,12.0,8.0
06/10/2024,Porto,Sp Braga,2.0,1.0,H,1.0,5.0,2.0,2.0,3.0,3.0,14.0,9.0,6.0,17.0
25/10/2024,Casa Pia,Nacional,1.0,0.0,H,7.0,7.0,3.0,3.0,5.0,6.0,17.0,12.0,14.0,19.0
25/10/2024,Santa Clara,Gil Vicente,2.0,1.0,H,6.0,4.0,2.0,4.0,3.0,1.0,16.0,17.0,15.0,10.0
26/10/2024,Boavista,Moreirense,0.0,2.0,A,4.0,3.0,1.0,3.0,3.0,8.0,17.0,14.0,10.0,17.0
26/10/2024,Estoril,Arouca,4.0,1.0,H,6.0,9.0,4.0,2.0,5.0,4.0,19.0,14.0,12.0,13.0
26/10/2024,Famalicao,Sp Lisbon,0.0,3.0,A,4.0,8.0,1.0,1.0,1.0,13.0,7.0,10.0,6.0,33.0
27/10/2024,Benfica,Rio Ave,5.0,0.0,H,8.0,2.0,1.0,1.0,14.0,0.0,12.0,10.0,29.0,4.0
27/10/2024,Estrela,Guimaraes,2.0,2.0,D,3.0,4.0,2.0,3.0,2.0,3.0,17.0,17.0,7.0,10.0
27/10/2024,Sp Braga,Farense,2.0,0.0,H,10.0,3.0,1.0,2.0,6.0,2.0,12.0,12.0,18.0,4.0
28/10/2024,AVS,Porto,0.0,5.0,A,2.0,3.0,2.0,1.0,1.0,7.0,8.0,11.0,5.0,12.0
01/11/2024,Sp Lisbon,Estrela,5.0,1.0,H,12.0,2.0,0.0,0.0,8.0,5.0,13.0,15.0,20.0,9.0
02/11/2024,Farense,Benfica,1.0,2.0,A,3.0,8.0,1.0,0.0,4.0,7.0,10.0,5.0,9.0,18.0
02/11/2024,Gil Vicente,Boavista,1.0,2.0,A,7.0,2.0,3.0,2.0,2.0,5.0,14.0,11.0,17.0,13.0
02/11/2024,Rio Ave,Casa Pia,2.0,2.0,D,3.0,2.0,3.0,3.0,5.0,2.0,14.0,19.0,13.0,10.0
03/11/2024,AVS,Famalicao,2.0,3.0,A,4.0,0.0,4.0,1.0,6.0,6.0,18.0,11.0,13.0,18.0
03/11/2024,Arouca,Sp Braga,1.0,2.0,A,12.0,4.0,3.0,2.0,3.0,3.0,10.0,15.0,13.0,16.0
03/11/2024,Guimaraes,Moreirense,1.0,0.0,H,9.0,4.0,0.0,1.0,4.0,2.0,17.0,16.0,10.0,9.0
03/11/2024,Porto,Estoril,4.0,0.0,H,9.0,5.0,0.0,2.0,9.0,5.0,7.0,9.0,16.0,12.0
04/11/2024,Nacional,Santa Clara,2.0,0.0,H,2.0,6.0,4.0,7.0,4.0,6.0,15.0,14.0,8.0,22.0
08/11/2024,Moreirense,Gil Vicente,3.0,2.0,H,3.0,4.0,2.0,5.0,8.0,5.0,19.0,22.0,12.0,11.0
09/11/2024,Boavista,Rio Ave,0.0,2.0,A,7.0,2.0,5.0,3.0,4.0,1.0,10.0,17.0,24.0,5.0
09/11/2024,Casa Pia,Farense,1.0,1.0,D,4.0,2.0,4.0,3.0,2.0,3.0,13.0,16.0,13.0,8.0
09/11/2024,Estoril,AVS,0.0,0.0,D,10.0,6.0,2.0,0.0,2.0,2.0,13.0,14.0,9.0,11.0
09/11/2024,Famalicao,Arouca,0.0,0.0,D,4.0,8.0,5.0,3.0,2.0,1.0,19.0,13.0,6.0,9.0
10/11/2024,Benfica,Porto,4.0,1.0,H,2.0,2.0,2.0,6.0,7.0,3.0,10.0,13.0,16.0,8.0
10/11/2024,Estrela,Nacional,2.0,0.0,H,10.0,4.0,1.0,1.0,3.0,4.0,10.0,12.0,17.0,15.0
10/11/2024,Santa Clara,Guimaraes,1.0,0.0,H,9.0,4.0,5.0,6.0,7.0,2.0,17.0,19.0,21.0,5.0
10/11/2024,Sp Braga,Sp Lisbon,2.0,4.0,A,0.0,5.0,5.0,4.0,2.0,6.0,20.0,13.0,3.0,13.0
29/11/2024,Farense,Estrela,1.0,0.0,H,3.0,6.0,4.0,2.0,2.0,3.0,20.0,19.0,11.0,13.0
30/11/2024,Nacional,Boavista,0.0,0.0,D,4.0,7.0,1.0,2.0,8.0,2.0,14.0,15.0,22.0,9.0
30/11/2024,Rio Ave,Moreirense,3.0,2.0,H,2.0,4.0,3.0,3.0,4.0,2.0,15.0,17.0,12.0,11.0
30/11/2024,Sp Lisbon,Santa Clara,0.0,1.0,A,8.0,2.0,2.0,8.0,4.0,3.0,9.0,18.0,21.0,4.0
01/12/2024,AVS,Sp Braga,0.0,1.0,A,2.0,9.0,3.0,1.0,1.0,8.0,12.0,16.0,6.0,20.0
01/12/2024,Arouca,Benfica,0.0,2.0,A,5.0,6.0,2.0,3.0,5.0,8.0,15.0,10.0,12.0,14.0
01/12/2024,Estoril,Famalicao,2.0,1.0,H,5.0,7.0,2.0,4.0,4.0,1.0,19.0,18.0,12.0,7.0
02/12/2024,Guimaraes,Gil Vicente,4.0,0.0,H,9.0,2.0,1.0,2.0,5.0,0.0,19.0,10.0,19.0,3.0
02/12/2024,Porto,Casa Pia,2.0,0.0,H,8.0,6.0,3.0,0.0,9.0,3.0,14.0,13.0,17.0,10.0
05/12/2024,Moreirense,Sp Lisbon,2.0,1.0,H,4.0,6.0,3.0,1.0,4.0,2.0,17.0,15.0,8.0,16.0
06/12/2024,Sp Braga,Estoril,2.0,2.0,D,3.0,2.0,3.0,5.0,7.0,3.0,18.0,21.0,16.0,11.0
07/12/2024,Benfica,Guimaraes,1.0,0.0,H,6.0,9.0,3.0,1.0,1.0,2.0,9.0,13.0,8.0,10.0
07/12/2024,Famalicao,Porto,1.0,1.0,D,3.0,5.0,2.0,3.0,2.0,4.0,13.0,19.0,4.0,16.0
07/12/2024,Gil Vicente,Nacional,2.0,1.0,H,6.0,7.0,3.0,4.0,4.0,6.0,13.0,17.0,17.0,19.0
07/12/2024,Santa Clara,Rio Ave,1.0,0.0,H,6.0,2.0,2.0,4.0,4.0,2.0,18.0,17.0,10.0,4.0
08/12/2024,Boavista,Farense,1.0,1.0,D,5.0,4.0,3.0,4.0,4.0,6.0,7.0,17.0,13.0,11.0
08/12/2024,Casa Pia,AVS,1.0,1.0,D,6.0,3.0,0.0,4.0,5.0,3.0,13.0,14.0,11.0,7.0
09/12/2024,Estrela,Arouca,2.0,1.0,H,2.0,7.0,4.0,2.0,2.0,4.0,13.0,19.0,10.0,10.0
14/12/2024,Farense,Gil Vicente,0.0,1.0,A,7.0,1.0,3.0,2.0,2.0,2.0,13.0,15.0,15.0,7.0
14/12/2024,Nacional,Moreirense,1.0,0.0,H,10.0,2.0,0.0,3.0,5.0,1.0,14.0,16.0,12.0,4.0
14/12/2024,Sp Lisbon,Boavista,3.0,2.0,H,10.0,1.0,3.0,3.0,7.0,2.0,16.0,11.0,20.0,8.0
15/12/2024,AVS,Benfica,1.0,1.0,D,0.0,3.0,2.0,2.0,7.0,4.0,8.0,13.0,18.0,13.0
15/12/2024,Arouca,Santa Clara,1.0,0.0,H,7.0,2.0,2.0,2.0,3.0,1.0,17.0,18.0,12.0,5.0
15/12/2024,Estoril,Casa Pia,0.0,2.0,A,5.0,4.0,4.0,3.0,5.0,4.0,14.0,16.0,14.0,10.0
16/12/2024,Porto,Estrela,2.0,0.0,H,11.0,4.0,0.0,3.0,4.0,0.0,17.0,19.0,12.0,3.0
16/12/2024,Rio Ave,Guimaraes,2.0,2.0,D,0.0,2.0,2.0,1.0,4.0,5.0,9.0,13.0,5.0,16.0
16/12/2024,Sp Braga,Famalicao,3.0,3.0,D,10.0,3.0,0.0,1.0,8.0,8.0,12.0,14.0,21.0,10.0
19/12/2024,Nacional,Benfica,0.0,2.0,A,4.0,11.0,2.0,4.0,1.0,7.0,12.0,9.0,5.0,16.0
20/12/2024,Casa Pia,Arouca,3.0,1.0,H,3.0,4.0,2.0,3.0,6.0,4.0,9.0,12.0,10.0,9.0
21/12/2024,Boavista,AVS,0.0,0.0,D,5.0,1.0,1.0,2.0,4.0,1.0,9.0,14.0,15.0,7.0
21/12/2024,Famalicao,Farense,1.0,2.0,A,7.0,4.0,3.0,6.0,1.0,5.0,5.0,19.0,11.0,7.0
21/12/2024,Moreirense,Porto,0.0,3.0,A,2.0,4.0,3.0,4.0,1.0,7.0,17.0,12.0,7.0,12.0
22/12/2024,Gil Vicente,Sp Lisbon,0.0,0.0,D,3.0,8.0,3.0,1.0,1.0,7.0,12.0,11.0,3.0,14.0
22/12/2024,Santa Clara,Sp Braga,0.0,2.0,A,2.0,2.0,3.0,5.0,6.0,5.0,14.0,15.0,12.0,12.0
23/12/2024,Benfica,Estoril,3.0,0.0,H,4.0,1.0,1.0,1.0,6.0,2.0,11.0,13.0,15.0,10.0
23/12/2024,Estrela,Rio Ave,1.0,0.0,H,5.0,6.0,4.0,3.0,4.0,6.0,17.0,16.0,8.0,19.0
23/12/2024,Guimaraes,Nacional,2.0,2.0,D,7.0,1.0,1.0,1.0,3.0,2.0,15.0,11.0,16.0,8.0
27/12/2024,Arouca,Gil Vicente,1.0,1.0,D,5.0,7.0,0.0,1.0,5.0,3.0,21.0,11.0,10.0,7.0
28/12/2024,AVS,Estrela,1.0,1.0,D,7.0,6.0,2.0,2.0,6.0,5.0,13.0,12.0,12.0,16.0
28/12/2024,Estoril,Moreirense,2.0,2.0,D,6.0,2.0,2.0,2.0,7.0,5.0,17.0,14.0,15.0,8.0
28/12/2024,Porto,Boavista,4.0,0.0,H,4.0,1.0,4.0,2.0,7.0,1.0,12.0,15.0,13.0,4.0
29/12/2024,Farense,Guimaraes,2.0,2.0,D,6.0,9.0,2.0,3.0,2.0,12.0,12.0,15.0,6.0,27.0
29/12/2024,Rio Ave,Nacional,2.0,1.0,H,11.0,6.0,0.0,1.0,7.0,2.0,10.0,14.0,20.0,13.0
29/12/2024,Sp Braga,Casa Pia,1.0,2.0,A,10.0,2.0,2.0,3.0,6.0,4.0,9.0,14.0,16.0,8.0
29/12/2024,Sp Lisbon,Benfica,1.0,0.0,H,4.0,8.0,2.0,3.0,6.0,2.0,13.0,14.0,12.0,14.0
30/12/2024,Famalicao,Santa Clara,1.0,2.0,A,5.0,4.0,3.0,3.0,5.0,3.0,11.0,13.0,18.0,7.0
03/01/2025,Guimaraes,Sp Lisbon,4.0,4.0,D,6.0,2.0,4.0,5.0,5.0,5.0,12.0,14.0,15.0,9.0
04/01/2025,Benfica,Sp Braga,1.0,2.0,A,8.0,2.0,4.0,3.0,5.0,2.0,8.0,11.0,21.0,6.0
04/01/2025,Boavista,Arouca,1.0,3.0,A,3.0,3.0,5.0,7.0,2.0,5.0,8.0,18.0,14.0,14.0
04/01/2025,Moreirense,AVS,1.0,1.0,D,3.0,9.0,3.0,5.0,5.0,2.0,13.0,18.0,11.0,17.0
05/01/2025,Casa Pia,Famalicao,1.0,1.0,D,5.0,7.0,3.0,3.0,3.0,14.0,11.0,6.0,6.0,19.0
05/01/2025,Estrela,Estoril,2.0,4.0,A,3.0,3.0,2.0,1.0,4.0,8.0,20.0,18.0,8.0,14.0
05/01/2025,Santa Clara,Farense,0.0,0.0,D,13.0,2.0,3.0,4.0,6.0,1.0,16.0,15.0,17.0,2.0
06/01/2025,Gil Vicente,Rio Ave,1.0,1.0,D,4.0,4.0,2.0,3.0,4.0,4.0,8.0,13.0,13.0,14.0
12/01/2025,Nacional,Porto,2.0,0.0,H,1.0,10.0,3.0,6.0,4.0,3.0,8.0,11.0,7.0,13.0
17/01/2025,Benfica,Famalicao,4.0,0.0,H,7.0,2.0,3.0,0.0,12.0,0.0,13.0,8.0,21.0,1.0
18/01/2025,Guimaraes,Arouca,2.0,2.0,D,9.0,5.0,1.0,3.0,7.0,6.0,13.0,9.0,17.0,19.0
18/01/2025,Rio Ave,Sp Lisbon,0.0,3.0,A,0.0,8.0,1.0,1.0,0.0,13.0,16.0,11.0,2.0,29.0
18/01/2025,Santa Clara,Estoril,2.0,3.0,A,7.0,1.0,2.0,2.0,5.0,3.0,14.0,16.0,15.0,8.0
19/01/2025,Estrela,Sp Braga,0.0,1.0,A,1.0,8.0,3.0,1.0,3.0,5.0,21.0,9.0,7.0,13.0
19/01/2025,Gil Vicente,Porto,3.0,1.0,H,4.0,6.0,3.0,6.0,3.0,3.0,10.0,18.0,8.0,18.0
19/01/2025,Moreirense,Farense,0.0,0.0,D,6.0,3.0,2.0,4.0,4.0,0.0,16.0,14.0,14.0,5.0
19/01/2025,Nacional,AVS,3.0,1.0,H,4.0,6.0,2.0,4.0,7.0,3.0,12.0,14.0,17.0,13.0
20/01/2025,Boavista,Casa Pia,2.0,3.0,A,2.0,3.0,3.0,2.0,5.0,6.0,13.0,14.0,10.0,9.0
24/01/2025,Arouca,Moreirense,1.0,0.0,H,10.0,2.0,3.0,0.0,5.0,1.0,18.0,11.0,16.0,7.0
25/01/2025,Casa Pia,Benfica,3.0,1.0,H,2.0,9.0,2.0,0.0,3.0,7.0,12.0,10.0,8.0,19.0
25/01/2025,Famalicao,Estrela,0.0,0.0,D,5.0,2.0,1.0,3.0,2.0,1.0,14.0,15.0,10.0,4.0
25/01/2025,Farense,Rio Ave,1.0,2.0,A,9.0,2.0,5.0,4.0,5.0,2.0,16.0,10.0,15.0,9.0
25/01/2025,Sp Lisbon,Nacional,2.0,0.0,H,6.0,2.0,1.0,1.0,5.0,1.0,12.0,16.0,15.0,3.0
26/01/2025,Estoril,Guimaraes,1.0,0.0,H,2.0,5.0,3.0,3.0,5.0,2.0,17.0,20.0,13.0,7.0
26/01/2025,Porto,Santa Clara,1.0,1.0,D,7.0,2.0,0.0,0.0,7.0,1.0,12.0,23.0,21.0,2.0
26/01/2025,Sp Braga,Boavista,3.0,0.0,H,11.0,3.0,2.0,0.0,5.0,3.0,12.0,7.0,15.0,9.0
27/01/2025,AVS,Gil Vicente,1.0,0.0,H,1.0,8.0,3.0,1.0,1.0,0.0,17.0,10.0,8.0,10.0
31/01/2025,Boavista,Famalicao,0.0,2.0,A,2.0,7.0,3.0,1.0,1.0,4.0,12.0,16.0,4.0,20.0
01/02/2025,Gil Vicente,Estoril,1.0,2.0,A,3.0,3.0,0.0,1.0,6.0,6.0,12.0,14.0,9.0,19.0
01/02/2025,Guimaraes,AVS,2.0,0.0,H,8.0,2.0,1.0,5.0,8.0,1.0,14.0,20.0,14.0,4.0
01/02/2025,Nacional,Arouca,1.0,2.0,A,3.0,3.0,5.0,1.0,4.0,6.0,15.0,20.0,19.0,11.0
01/02/2025,Santa Clara,Casa Pia,2.0,1.0,H,5.0,2.0,2.0,2.0,6.0,2.0,10.0,10.0,16.0,5.0
02/02/2025,Estrela,Benfica,2.0,3.0,A,0.0,7.0,3.0,2.0,3.0,8.0,14.0,17.0,7.0,14.0
02/02/2025,Sp Lisbon,Farense,3.0,1.0,H,9.0,1.0,1.0,0.0,7.0,2.0,12.0,8.0,21.0,6.0
03/02/2025,Moreirense,Sp Braga,1.0,2.0,A,1.0,9.0,2.0,1.0,6.0,5.0,18.0,11.0,10.0,13.0
03/02/2025,Rio Ave,Porto,2.0,2.0,D,3.0,5.0,1.0,3.0,3.0,8.0,18.0,8.0,9.0,23.0
07/02/2025,Porto,Sp Lisbon,1.0,1.0,D,6.0,3.0,3.0,4.0,2.0,3.0,16.0,14.0,17.0,13.0
08/02/2025,AVS,Santa Clara,1.0,2.0,A,2.0,3.0,0.0,0.0,3.0,4.0,11.0,15.0,9.0,8.0
08/02/2025,Benfica,Moreirense,3.0,2.0,H,6.0,6.0,0.0,1.0,6.0,4.0,14.0,10.0,11.0,8.0
08/02/2025,Famalicao,Guimaraes,0.0,0.0,D,4.0,11.0,3.0,2.0,2.0,2.0,16.0,19.0,8.0,7.0
09/02/2025,Casa Pia,Estrela,1.0,0.0,H,5.0,2.0,4.0,4.0,4.0,3.0,17.0,16.0,15.0,13.0
09/02/2025,Estoril,Boavista,2.0,1.0,H,5.0,3.0,2.0,1.0,5.0,5.0,25.0,12.0,13.0,9.0
09/02/2025,Farense,Nacional,0.0,2.0,A,12.0,3.0,1.0,4.0,6.0,4.0,16.0,15.0,21.0,11.0
09/02/2025,Sp Braga,Gil Vicente,2.0,0.0,H,4.0,2.0,0.0,0.0,6.0,4.0,18.0,9.0,14.0,6.0
10/02/2025,Arouca,Rio Ave,1.0,1.0,D,6.0,3.0,0.0,1.0,4.0,4.0,20.0,10.0,16.0,12.0
14/02/2025,Boavista,Estrela,0.0,1.0,A,7.0,4.0,2.0,2.0,1.0,6.0,23.0,17.0,14.0,9.0
15/02/2025,Moreirense,Casa Pia,3.0,2.0,H,4.0,5.0,0.0,0.0,5.0,4.0,17.0,16.0,10.0,15.0
15/02/2025,Nacional,Estoril,2.0,2.0,D,7.0,3.0,3.0,3.0,6.0,4.0,15.0,14.0,18.0,7.0
15/02/2025,Santa Clara,Benfica,0.0,1.0,A,2.0,5.0,6.0,3.0,3.0,6.0,21.0,17.0,10.0,17.0
15/02/2025,Sp Lisbon,Arouca,2.0,2.0,D,9.0,9.0,3.0,3.0,8.0,7.0,6.0,13.0,21.0,15.0
16/02/2025,Farense,Porto,0.0,1.0,A,2.0,4.0,4.0,2.0,2.0,2.0,15.0,10.0,8.0,11.0
16/02/2025,Guimaraes,Sp Braga,0.0,0.0,D,7.0,4.0,5.0,3.0,3.0,3.0,11.0,15.0,16.0,6.0
16/02/2025,Rio Ave,AVS,1.0,1.0,D,2.0,4.0,0.0,0.0,3.0,3.0,14.0,19.0,16.0,11.0
17/02/2025,Gil Vicente,Famalicao,0.0,2.0,A,5.0,11.0,2.0,2.0,2.0,6.0,11.0,19.0,14.0,20.0
21/02/2025,Sp Braga,Nacional,1.0,0.0,H,7.0,6.0,1.0,2.0,7.0,3.0,14.0,14.0,20.0,8.0
22/02/2025,Benfica,Boavista,3.0,0.0,H,13.0,2.0,0.0,3.0,14.0,2.0,10.0,7.0,31.0,6.0
22/02/2025,Casa Pia,Gil Vicente,1.0,0.0,H,2.0,5.0,1.0,2.0,1.0,0.0,14.0,10.0,10.0,4.0
22/02/2025,Estoril,Rio Ave,2.0,1.0,H,0.0,4.0,2.0,1.0,4.0,4.0,14.0,9.0,11.0,9.0
23/02/2025,AVS,Sp Lisbon,2.0,2.0,D,4.0,5.0,5.0,5.0,4.0,3.0,22.0,13.0,11.0,9.0
23/02/2025,Arouca,Farense,2.0,2.0,D,4.0,9.0,2.0,3.0,6.0,7.0,16.0,16.0,12.0,17.0
23/02/2025,Estrela,Santa Clara,0.0,0.0,D,5.0,2.0,3.0,1.0,2.0,1.0,13.0,19.0,10.0,4.0
23/02/2025,Famalicao,Moreirense,2.0,0.0,H,3.0,1.0,3.0,3.0,4.0,6.0,19.0,17.0,17.0,8.0
24/02/2025,Porto,Guimaraes,1.0,1.0,D,6.0,7.0,2.0,2.0,2.0,5.0,20.0,16.0,13.0,11.0
01/03/2025,Arouca,Porto,0.0,2.0,A,4.0,2.0,2.0,2.0,2.0,2.0,13.0,12.0,6.0,9.0
01/03/2025,Guimaraes,Casa Pia,1.0,0.0,H,7.0,2.0,3.0,1.0,6.0,2.0,9.0,18.0,18.0,10.0
01/03/2025,Nacional,Famalicao,2.0,1.0,H,1.0,6.0,3.0,4.0,5.0,3.0,18.0,12.0,15.0,15.0
02/03/2025,Boavista,Santa Clara,1.0,0.0,H,9.0,5.0,4.0,3.0,5.0,1.0,10.0,19.0,12.0,11.0
02/03/2025,Farense,AVS,0.0,1.0,A,7.0,1.0,2.0,2.0,4.0,3.0,24.0,12.0,17.0,6.0
02/03/2025,Moreirense,Estrela,1.0,1.0,D,4.0,1.0,2.0,4.0,2.0,1.0,20.0,13.0,11.0,7.0
02/03/2025,Rio Ave,Sp Braga,2.0,1.0,H,2.0,5.0,2.0,5.0,7.0,7.0,9.0,13.0,13.0,14.0
03/03/2025,Sp Lisbon,Estoril,3.0,1.0,H,6.0,6.0,1.0,1.0,6.0,2.0,10.0,10.0,13.0,8.0
07/03/2025,Estrela,Gil Vicente,1.0,1.0,D,7.0,7.0,5.0,2.0,3.0,2.0,22.0,10.0,8.0,10.0
08/03/2025,AVS,Arouca,0.0,1.0,A,1.0,7.0,1.0,1.0,1.0,8.0,15.0,17.0,9.0,20.0
08/03/2025,Benfica,Nacional,3.0,0.0,H,5.0,3.0,0.0,3.0,12.0,3.0,11.0,11.0,18.0,12.0
08/03/2025,Estoril,Farense,2.0,2.0,D,4.0,7.0,2.0,1.0,4.0,4.0,17.0,18.0,13.0,14.0
08/03/2025,Sp Braga,Porto,1.0,0.0,H,7.0,3.0,2.0,4.0,4.0,3.0,16.0,14.0,7.0,7.0
09/03/2025,Boavista,Guimaraes,1.0,2.0,A,2.0,7.0,2.0,1.0,4.0,8.0,17.0,16.0,7.0,19.0
09/03/2025,Casa Pia,Sp Lisbon,1.0,3.0,A,4.0,4.0,4.0,3.0,3.0,6.0,9.0,10.0,10.0,17.0
09/03/2025,Santa Clara,Moreirense,1.0,1.0,D,4.0,3.0,1.0,2.0,5.0,3.0,15.0,11.0,13.0,9.0
10/03/2025,Famalicao,Rio Ave,1.0,0.0,H,5.0,1.0,1.0,2.0,7.0,4.0,22.0,13.0,16.0,13.0
15/03/2025,Farense,Sp Braga,0.0,1.0,A,12.0,4.0,2.0,1.0,3.0,4.0,19.0,14.0,11.0,10.0
15/03/2025,Gil Vicente,Santa Clara,0.0,1.0,A,5.0,0.0,2.0,2.0,2.0,1.0,12.0,21.0,12.0,3.0
15/03/2025,Porto,AVS,2.0,0.0,H,4.0,3.0,3.0,4.0,10.0,2.0,19.0,8.0,20.0,8.0
15/03/2025,Sp Lisbon,Famalicao,3.0,1.0,H,11.0,4.0,4.0,1.0,9.0,3.0,10.0,13.0,18.0,9.0
16/03/2025,Arouca,Estoril,1.0,1.0,D,3.0,4.0,0.0,1.0,1.0,3.0,14.0,14.0,3.0,12.0
16/03/2025,Guimaraes,Estrela,2.0,0.0,H,8.0,2.0,1.0,2.0,6.0,0.0,15.0,17.0,12.0,9.0
16/03/2025,Moreirense,Boavista,1.0,0.0,H,6.0,3.0,4.0,6.0,3.0,4.0,14.0,16.0,21.0,9.0
16/03/2025,Nacional,Casa Pia,3.0,1.0,H,2.0,5.0,2.0,1.0,6.0,3.0,11.0,13.0,14.0,10.0
16/03/2025,Rio Ave,Benfica,2.0,3.0,A,3.0,11.0,3.0,1.0,2.0,8.0,16.0,12.0,7.0,20.0
28/03/2025,Gil Vicente,Benfica,0.0,3.0,A,5.0,2.0,4.0,2.0,2.0,7.0,9.0,16.0,7.0,18.0
29/03/2025,Casa Pia,Rio Ave,2.0,1.0,H,7.0,4.0,5.0,1.0,3.0,5.0,19.0,12.0,11.0,12.0
29/03/2025,Estrela,Sp Lisbon,0.0,3.0,A,3.0,2.0,7.0,1.0,0.0,7.0,18.0,18.0,7.0,13.0
29/03/2025,Sp Braga,Arouca,2.0,1.0,H,7.0,1.0,2.0,2.0,5.0,1.0,12.0,9.0,14.0,8.0
30/03/2025,Estoril,Porto,1.0,2.0,A,1.0,6.0,4.0,2.0,2.0,6.0,19.0,13.0,3.0,14.0
30/03/2025,Famalicao,AVS,4.0,1.0,H,4.0,2.0,2.0,2.0,4.0,1.0,15.0,21.0,16.0,6.0
30/03/2025,Moreirense,Guimaraes,2.0,2.0,D,2.0,3.0,2.0,2.0,3.0,3.0,11.0,15.0,11.0,11.0
30/03/2025,Santa Clara,Nacional,1.0,0.0,H,3.0,4.0,3.0,3.0,5.0,4.0,23.0,16.0,13.0,9.0
01/04/2025,Boavista,Gil Vicente,1.0,3.0,A,3.0,3.0,1.0,3.0,3.0,9.0,21.0,13.0,7.0,14.0
02/04/2025,Benfica,Farense,3.0,2.0,H,5.0,4.0,1.0,1.0,7.0,6.0,13.0,13.0,13.0,12.0
04/04/2025,AVS,Estoril,0.0,3.0,A,4.0,3.0,3.0,1.0,2.0,8.0,13.0,18.0,9.0,14.0
05/04/2025,Arouca,Famalicao,1.0,2.0,A,3.0,7.0,3.0,5.0,8.0,4.0,17.0,16.0,15.0,6.0
05/04/2025,Guimaraes,Santa Clara,2.0,0.0,H,7.0,6.0,1.0,2.0,3.0,5.0,11.0,16.0,9.0,15.0
06/04/2025,Gil Vicente,Moreirense,0.0,1.0,A,7.0,0.0,3.0,4.0,4.0,3.0,15.0,14.0,12.0,8.0
06/04/2025,Nacional,Estrela,0.0,1.0,A,7.0,5.0,1.0,2.0,4.0,3.0,15.0,14.0,19.0,12.0
06/04/2025,Porto,Benfica,1.0,4.0,A,2.0,6.0,3.0,1.0,3.0,5.0,17.0,11.0,14.0,14.0
07/04/2025,Farense,Casa Pia,0.0,0.0,D,13.0,3.0,4.0,2.0,5.0,0.0,18.0,21.0,11.0,2.0
07/04/2025,Rio Ave,Boavista,0.0,2.0,A,9.0,2.0,3.0,2.0,2.0,4.0,15.0,12.0,17.0,6.0
07/04/2025,Sp Lisbon,Sp Braga,1.0,1.0,D,4.0,0.0,3.0,5.0,7.0,3.0,11.0,21.0,15.0,9.0
11/04/2025,Gil Vicente,Guimaraes,0.0,1.0,A,1.0,5.0,1.0,6.0,1.0,1.0,12.0,18.0,7.0,7.0
12/04/2025,Boavista,Nacional,0.0,1.0,A,7.0,7.0,3.0,4.0,8.0,5.0,16.0,12.0,21.0,15.0
12/04/2025,Casa Pia,Porto,0.0,1.0,A,4.0,3.0,2.0,2.0,2.0,3.0,12.0,16.0,5.0,10.0
12/04/2025,Famalicao,Estoril,3.0,0.0,H,3.0,8.0,3.0,4.0,4.0,2.0,20.0,22.0,9.0,6.0
12/04/2025,Santa Clara,Sp Lisbon,0.0,1.0,A,3.0,3.0,4.0,2.0,1.0,4.0,18.0,11.0,10.0,7.0
13/04/2025,Benfica,Arouca,2.0,2.0,D,11.0,5.0,1.0,3.0,8.0,5.0,6.0,12.0,26.0,8.0
13/04/2025,Estrela,Farense,0.0,1.0,A,7.0,3.0,1.0,0.0,3.0,5.0,22.0,11.0,13.0,10.0
13/04/2025,Moreirense,Rio Ave,0.0,2.0,A,2.0,2.0,4.0,5.0,1.0,4.0,13.0,26.0,8.0,10.0
13/04/2025,Sp Braga,AVS,4.0,1.0,H,7.0,3.0,2.0,2.0,8.0,2.0,13.0,8.0,18.0,4.0
18/04/2025,Farense,Boavista,0.0,1.0,A,4.0,4.0,0.0,5.0,4.0,2.0,8.0,15.0,12.0,6.0
18/04/2025,Porto,Famalicao,2.0,1.0,H,4.0,5.0,2.0,3.0,6.0,4.0,17.0,13.0,8.0,12.0
18/04/2025,Rio Ave,Santa Clara,1.0,1.0,D,6.0,4.0,2.0,2.0,3.0,5.0,15.0,14.0,8.0,17.0
18/04/2025,Sp Lisbon,Moreirense,3.0,1.0,H,4.0,2.0,2.0,3.0,10.0,2.0,8.0,17.0,20.0,6.0
19/04/2025,AVS,Casa Pia,1.0,1.0,D,3.0,4.0,7.0,2.0,3.0,4.0,14.0,11.0,10.0,6.0
19/04/2025,Arouca,Estrela,1.0,0.0,H,4.0,4.0,4.0,4.0,6.0,4.0,17.0,16.0,19.0,8.0
19/04/2025,Estoril,Sp Braga,0.0,2.0,A,1.0,2.0,1.0,0.0,3.0,3.0,11.0,15.0,6.0,5.0
19/04/2025,Guimaraes,Benfica,0.0,3.0,A,7.0,3.0,2.0,4.0,6.0,7.0,10.0,12.0,17.0,8.0
19/04/2025,Nacional,Gil Vicente,0.0,3.0,A,9.0,0.0,0.0,3.0,7.0,4.0,8.0,12.0,22.0,8.0
25/04/2025,Famalicao,Sp Braga,1.0,1.0,D,6.0,9.0,1.0,4.0,4.0,3.0,16.0,15.0,9.0,13.0
26/04/2025,Estrela,Porto,2.0,0.0,H,5.0,11.0,5.0,3.0,5.0,3.0,17.0,14.0,11.0,12.0
26/04/2025,Gil Vicente,Farense,1.0,0.0,H,4.0,1.0,1.0,3.0,3.0,2.0,16.0,12.0,14.0,8.0
26/04/2025,Santa Clara,Arouca,2.0,0.0,H,3.0,5.0,4.0,5.0,4.0,5.0,14.0,14.0,9.0,15.0
27/04/2025,Benfica,AVS,6.0,0.0,H,10.0,4.0,1.0,3.0,11.0,3.0,11.0,12.0,23.0,10.0
27/04/2025,Boavista,Sp Lisbon,0.0,5.0,A,3.0,5.0,3.0,4.0,0.0,12.0,14.0,14.0,6.0,23.0
27/04/2025,Guimaraes,Rio Ave,3.0,0.0,H,9.0,1.0,1.0,2.0,6.0,5.0,16.0,7.0,25.0,10.0
27/04/2025,Moreirense,Nacional,1.0,1.0,D,2.0,5.0,1.0,0.0,3.0,4.0,10.0,13.0,8.0,18.0
29/04/2025,Casa Pia,Estoril,1.0,3.0,A,4.0,4.0,2.0,1.0,4.0,4.0,12.0,14.0,8.0,11.0
02/05/2025,Porto,Moreirense,3.0,1.0,H,9.0,2.0,3.0,3.0,4.0,4.0,14.0,12.0,15.0,5.0
03/05/2025,Estoril,Benfica,1.0,2.0,A,2.0,4.0,2.0,2.0,2.0,3.0,15.0,13.0,10.0,10.0
03/05/2025,Farense,Famalicao,2.0,1.0,H,4.0,10.0,7.0,3.0,6.0,4.0,22.0,19.0,14.0,9.0
03/05/2025,Nacional,Guimaraes,1.0,2.0,A,6.0,3.0,2.0,3.0,1.0,4.0,15.0,13.0,16.0,11.0
03/05/2025,Sp Braga,Santa Clara,1.0,1.0,D,8.0,0.0,0.0,6.0,4.0,3.0,15.0,15.0,17.0,5.0
04/05/2025,Arouca,Casa Pia,0.0,0.0,D,5.0,0.0,2.0,6.0,3.0,1.0,14.0,14.0,15.0,4.0
04/05/2025,Sp Lisbon,Gil Vicente,2.0,1.0,H,9.0,2.0,3.0,3.0,3.0,1.0,13.0,11.0,16.0,1.0
05/05/2025,AVS,Boavista,1.0,2.0,A,4.0,5.0,4.0,2.0,5.0,3.0,21.0,12.0,13.0,14.0
05/05/2025,Rio Ave,Estrela,2.0,0.0,H,5.0,3.0,4.0,6.0,6.0,3.0,17.0,16.0,19.0,8.0
10/05/2025,Benfica,Sp Lisbon,1.0,1.0,D,6.0,2.0,4.0,2.0,1.0,4.0,24.0,14.0,14.0,7.0
10/05/2025,Casa Pia,Sp Braga,2.0,1.0,H,2.0,7.0,0.0,0.0,3.0,6.0,19.0,13.0,5.0,21.0
10/05/2025,Gil Vicente,Arouca,1.0,1.0,D,4.0,1.0,1.0,3.0,5.0,4.0,17.0,15.0,15.0,8.0
10/05/2025,Nacional,Rio Ave,3.0,3.0,D,4.0,5.0,1.0,4.0,5.0,7.0,11.0,12.0,12.0,13.0
10/05/2025,Santa Clara,Famalicao,2.0,1.0,H,3.0,6.0,7.0,2.0,5.0,4.0,23.0,14.0,16.0,12.0
11/05/2025,Boavista,Porto,1.0,2.0,A,0.0,4.0,4.0,2.0,4.0,7.0,13.0,19.0,9.0,16.0
11/05/2025,Estrela,AVS,0.0,1.0,A,1.0,6.0,0.0,3.0,3.0,2.0,9.0,11.0,11.0,18.0
11/05/2025,Guimaraes,Farense,1.0,2.0,A,16.0,3.0,4.0,4.0,4.0,3.0,15.0,7.0,21.0,7.0
11/05/2025,Moreirense,Estoril,2.0,2.0,D,2.0,7.0,4.0,4.0,5.0,5.0,20.0,16.0,9.0,7.0
16/05/2025,Famalicao,Casa Pia,2.0,1.0,H,13.0,4.0,2.0,6.0,4.0,1.0,14.0,15.0,18.0,5.0
16/05/2025,Rio Ave,Gil Vicente,1.0,1.0,D,6.0,7.0,1.0,0.0,3.0,3.0,11.0,8.0,6.0,11.0
17/05/2025,AVS,Moreirense,0.0,3.0,A,2.0,4.0,7.0,3.0,3.0,11.0,24.0,10.0,8.0,19.0
17/05/2025,Arouca,Boavista,4.0,1.0,H,2.0,11.0,1.0,2.0,7.0,5.0,16.0,16.0,14.0,21.0
17/05/2025,Estoril,Estrela,4.0,0.0,H,4.0,4.0,2.0,2.0,6.0,3.0,18.0,13.0,10.0,11.0
17/05/2025,Farense,Santa Clara,1.0,2.0,A,3.0,6.0,2.0,5.0,2.0,5.0,13.0,20.0,12.0,16.0
17/05/2025,Porto,Nacional,3.0,0.0,H,2.0,8.0,1.0,7.0,4.0,5.0,11.0,15.0,10.0,11.0
17/05/2025,Sp Braga,Benfica,1.0,1.0,D,6.0,6.0,4.0,2.0,7.0,2.0,15.0,8.0,17.0,13.0
17/05/2025,Sp Lisbon,Guimaraes,2.0,0.0,H,7.0,1.0,3.0,4.0,7.0,0.0,14.0,17.0,18.0,2.0
08/08/2025,Casa Pia,Sp Lisbon,0.0,2.0,A,2.0,9.0,4.0,1.0,2.0,12.0,14.0,11.0,7.0,27.0
09/08/2025,Arouca,AVS,3.0,1.0,H,4.0,5.0,2.0,0.0,4.0,2.0,13.0,17.0,9.0,15.0
09/08/2025,Nacional,Gil Vicente,0.0,2.0,A,14.0,6.0,3.0,6.0,4.0,2.0,21.0,16.0,15.0,12.0
10/08/2025,Famalicao,Santa Clara,3.0,0.0,H,2.0,3.0,4.0,2.0,3.0,2.0,20.0,15.0,6.0,8.0
10/08/2025,Moreirense,Alverca,2.0,1.0,H,6.0,2.0,3.0,1.0,3.0,2.0,15.0,5.0,10.0,7.0
10/08/2025,Sp Braga,Tondela,3.0,0.0,H,5.0,3.0,1.0,3.0,6.0,3.0,10.0,9.0,8.0,7.0
11/08/2025,Estoril,Estrela,1.0,1.0,D,4.0,4.0,4.0,1.0,3.0,5.0,13.0,16.0,8.0,9.0
11/08/2025,Porto,Guimaraes,3.0,0.0,H,7.0,4.0,1.0,3.0,9.0,2.0,18.0,9.0,17.0,10.0
15/08/2025,AVS,Casa Pia,0.0,2.0,A,1.0,3.0,4.0,5.0,3.0,5.0,20.0,20.0,10.0,10.0
16/08/2025,Estrela,Benfica,0.0,1.0,A,5.0,4.0,3.0,3.0,2.0,3.0,14.0,23.0,15.0,14.0
16/08/2025,Guimaraes,Estoril,3.0,2.0,H,4.0,2.0,4.0,3.0,4.0,5.0,18.0,17.0,16.0,11.0
16/08/2025,Tondela,Famalicao,0.0,1.0,A,2.0,7.0,0.0,1.0,4.0,5.0,17.0,19.0,15.0,14.0
17/08/2025,Alverca,Sp Braga,0.0,3.0,A,1.0,5.0,2.0,1.0,3.0,6.0,15.0,6.0,12.0,12.0
17/08/2025,Rio Ave,Nacional,1.0,1.0,D,6.0,6.0,2.0,4.0,9.0,6.0,16.0,18.0,20.0,13.0
17/08/2025,Santa Clara,Moreirense,0.0,1.0,A,3.0,0.0,4.0,5.0,3.0,2.0,20.0,18.0,12.0,6.0
17/08/2025,Sp Lisbon,Arouca,6.0,0.0,H,6.0,1.0,1.0,0.0,10.0,1.0,7.0,7.0,19.0,7.0
18/08/2025,Gil Vicente,Porto,0.0,2.0,A,1.0,5.0,2.0,4.0,2.0,4.0,9.0,20.0,14.0,15.0
23/08/2025,Arouca,Rio Ave,3.0,3.0,D,4.0,2.0,3.0,2.0,6.0,7.0,13.0,17.0,14.0,15.0
23/08/2025,Benfica,Tondela,3.0,0.0,H,13.0,2.0,2.0,2.0,12.0,4.0,10.0,12.0,21.0,9.0
23/08/2025,Moreirense,Guimaraes,2.0,0.0,H,3.0,7.0,5.0,2.0,4.0,4.0,17.0,17.0,10.0,11.0
23/08/2025,Nacional,Sp Lisbon,1.0,4.0,A,3.0,13.0,3.0,2.0,1.0,7.0,18.0,7.0,3.0,27.0
24/08/2025,Famalicao,Gil Vicente,0.0,0.0,D,2.0,9.0,3.0,1.0,3.0,8.0,17.0,18.0,11.0,20.0
24/08/2025,Porto,Casa Pia,4.0,0.0,H,7.0,2.0,3.0,1.0,7.0,0.0,11.0,8.0,20.0,7.0
24/08/2025,Sp Braga,AVS,2.0,2.0,D,11.0,3.0,2.0,3.0,5.0,2.0,9.0,12.0,21.0,4.0
25/08/2025,Estrela,Alverca,2.0,2.0,D,6.0,2.0,4.0,5.0,6.0,2.0,18.0,24.0,19.0,6.0
29/08/2025,Gil Vicente,Moreirense,2.0,0.0,H,4.0,3.0,1.0,2.0,4.0,0.0,18.0,12.0,12.0,10.0
30/08/2025,AVS,Famalicao,0.0,1.0,A,5.0,9.0,1.0,5.0,3.0,3.0,16.0,18.0,13.0,11.0
30/08/2025,Casa Pia,Nacional,0.0,2.0,A,2.0,3.0,2.0,3.0,3.0,2.0,13.0,22.0,9.0,9.0
30/08/2025,Guimaraes,Arouca,1.0,1.0,D,2.0,2.0,4.0,4.0,3.0,3.0,15.0,17.0,12.0,9.0
30/08/2025,Sp Lisbon,Porto,1.0,2.0,A,5.0,3.0,3.0,5.0,3.0,7.0,8.0,15.0,20.0,14.0
31/08/2025,Alverca,Benfica,1.0,2.0,A,5.0,2.0,4.0,6.0,7.0,2.0,12.0,18.0,11.0,6.0
31/08/2025,Rio Ave,Sp Braga,2.0,2.0,D,1.0,7.0,3.0,2.0,3.0,9.0,13.0,12.0,5.0,20.0
31/08/2025,Santa Clara,Estrela,0.0,0.0,D,8.0,0.0,2.0,2.0,3.0,0.0,13.0,11.0,13.0,3.0
31/08/2025,Tondela,Estoril,2.0,2.0,D,3.0,4.0,1.0,3.0,4.0,5.0,8.0,11.0,14.0,21.0
06/09/2025,Estoril,Santa Clara,0.0,1.0,A,5.0,7.0,4.0,1.0,4.0,4.0,16.0,11.0,15.0,16.0
12/09/2025,Alverca,Tondela,1.0,0.0,H,5.0,6.0,1.0,2.0,4.0,6.0,13.0,15.0,12.0,14.0
12/09/2025,Benfica,Santa Clara,1.0,1.0,D,4.0,5.0,1.0,1.0,7.0,5.0,8.0,11.0,19.0,9.0
13/09/2025,Estoril,AVS,3.0,1.0,H,1.0,5.0,5.0,2.0,5.0,4.0,11.0,11.0,15.0,12.0
13/09/2025,Famalicao,Sp Lisbon,1.0,2.0,A,5.0,4.0,4.0,3.0,3.0,4.0,22.0,17.0,9.0,9.0
13/09/2025,Moreirense,Rio Ave,3.0,1.0,H,7.0,3.0,1.0,0.0,8.0,4.0,12.0,13.0,15.0,15.0
13/09/2025,Porto,Nacional,1.0,0.0,H,5.0,5.0,2.0,4.0,5.0,1.0,6.0,14.0,11.0,5.0
14/09/2025,Arouca,Casa Pia,0.0,2.0,A,7.0,6.0,2.0,7.0,3.0,4.0,18.0,21.0,8.0,9.0
14/09/2025,Estrela,Guimaraes,0.0,2.0,A,3.0,2.0,2.0,0.0,1.0,6.0,10.0,11.0,10.0,14.0
14/09/2025,Sp Braga,Gil Vicente,0.0,1.0,A,5.0,7.0,2.0,3.0,7.0,5.0,7.0,12.0,11.0,12.0
19/09/2025,Rio Ave,Porto,0.0,3.0,A,2.0,10.0,2.0,1.0,2.0,7.0,11.0,18.0,7.0,19.0
20/09/2025,AVS,Benfica,0.0,3.0,A,2.0,1.0,1.0,1.0,1.0,6.0,17.0,11.0,8.0,19.0
20/09/2025,Guimaraes,Sp Braga,1.0,1.0,D,3.0,5.0,2.0,3.0,3.0,5.0,14.0,15.0,11.0,17.0
20/09/2025,Nacional,Arouca,1.0,2.0,A,3.0,5.0,2.0,2.0,6.0,3.0,10.0,18.0,15.0,10.0
20/09/2025,Santa Clara,Alverca,2.0,1.0,H,7.0,0.0,6.0,4.0,6.0,3.0,16.0,21.0,14.0,3.0
21/09/2025,Casa Pia,Famalicao,1.0,1.0,D,5.0,3.0,1.0,2.0,3.0,2.0,18.0,21.0,10.0,11.0
21/09/2025,Gil Vicente,Estoril,2.0,0.0,H,4.0,0.0,2.0,2.0,3.0,3.0,16.0,13.0,16.0,7.0
21/09/2025,Tondela,Estrela,0.0,0.0,D,5.0,2.0,4.0,3.0,8.0,3.0,16.0,13.0,17.0,8.0
22/09/2025,Sp Lisbon,Moreirense,3.0,0.0,H,6.0,4.0,1.0,1.0,14.0,1.0,16.0,18.0,25.0,4.0
23/09/2025,Benfica,Rio Ave,1.0,1.0,D,11.0,2.0,3.0,2.0,7.0,2.0,16.0,16.0,19.0,4.0
26/09/2025,Benfica,Gil Vicente,2.0,1.0,H,0.0,7.0,3.0,4.0,4.0,8.0,14.0,20.0,10.0,16.0
27/09/2025,Estoril,Sp Lisbon,0.0,1.0,A,3.0,9.0,4.0,2.0,2.0,2.0,13.0,12.0,7.0,9.0
27/09/2025,Estrela,AVS,3.0,0.0,H,6.0,6.0,3.0,2.0,6.0,2.0,11.0,20.0,11.0,11.0
27/09/2025,Moreirense,Casa Pia,2.0,1.0,H,6.0,8.0,5.0,4.0,4.0,4.0,13.0,15.0,12.0,20.0
27/09/2025,Santa Clara,Tondela,1.0,2.0,A,3.0,4.0,2.0,7.0,5.0,4.0,13.0,25.0,11.0,12.0
28/09/2025,Alverca,Guimaraes,2.0,0.0,H,1.0,5.0,3.0,0.0,4.0,3.0,15.0,17.0,11.0,19.0
28/09/2025,Famalicao,Rio Ave,0.0,0.0,D,11.0,6.0,4.0,5.0,5.0,3.0,19.0,15.0,28.0,6.0
28/09/2025,Sp Braga,Nacional,0.0,1.0,A,6.0,3.0,0.0,2.0,1.0,5.0,4.0,7.0,9.0,13.0
29/09/2025,Arouca,Porto,0.0,4.0,A,5.0,8.0,5.0,3.0,3.0,5.0,13.0,8.0,13.0,16.0
03/10/2025,Casa Pia,Estoril,2.0,2.0,D,6.0,7.0,3.0,3.0,5.0,3.0,14.0,12.0,11.0,10.0
04/10/2025,AVS,Alverca,1.0,3.0,A,0.0,5.0,3.0,2.0,2.0,6.0,16.0,6.0,5.0,12.0
04/10/2025,Gil Vicente,Estrela,2.0,0.0,H,5.0,7.0,2.0,3.0,7.0,5.0,12.0,15.0,15.0,15.0
04/10/2025,Guimaraes,Santa Clara,2.0,1.0,H,9.0,3.0,4.0,5.0,7.0,5.0,17.0,11.0,14.0,13.0
04/10/2025,Nacional,Moreirense,3.0,2.0,H,2.0,4.0,1.0,3.0,7.0,4.0,12.0,16.0,17.0,10.0
05/10/2025,Arouca,Famalicao,1.0,1.0,D,4.0,11.0,5.0,1.0,3.0,5.0,22.0,12.0,7.0,14.0
05/10/2025,Porto,Benfica,0.0,0.0,D,3.0,3.0,6.0,2.0,2.0,1.0,16.0,6.0,8.0,4.0
05/10/2025,Rio Ave,Tondela,3.0,0.0,H,6.0,7.0,7.0,4.0,7.0,3.0,15.0,15.0,13.0,13.0
05/10/2025,Sp Lisbon,Sp Braga,1.0,1.0,D,1.0,5.0,4.0,5.0,3.0,5.0,19.0,12.0,13.0,11.0
24/10/2025,Alverca,Gil Vicente,0.0,4.0,A,1.0,4.0,3.0,4.0,2.0,5.0,12.0,18.0,6.0,12.0
25/10/2025,Benfica,Arouca,5.0,0.0,H,9.0,1.0,2.0,2.0,8.0,0.0,13.0,18.0,17.0,5.0
25/10/2025,Estrela,Rio Ave,1.0,2.0,A,4.0,5.0,3.0,6.0,2.0,2.0,16.0,20.0,16.0,8.0
25/10/2025,Santa Clara,AVS,2.0,0.0,H,8.0,4.0,1.0,1.0,5.0,2.0,10.0,15.0,20.0,7.0
26/10/2025,Estoril,Nacional,1.0,1.0,D,6.0,5.0,3.0,3.0,4.0,4.0,13.0,15.0,13.0,9.0
26/10/2025,Famalicao,Guimaraes,2.0,0.0,H,5.0,4.0,1.0,2.0,10.0,3.0,20.0,14.0,15.0,13.0
26/10/2025,Sp Braga,Casa Pia,4.0,0.0,H,4.0,2.0,1.0,3.0,8.0,1.0,16.0,16.0,15.0,3.0
26/10/2025,Tondela,Sp Lisbon,0.0,3.0,A,2.0,9.0,3.0,1.0,2.0,15.0,12.0,12.0,9.0,29.0
27/10/2025,Moreirense,Porto,1.0,2.0,A,2.0,7.0,3.0,1.0,1.0,7.0,15.0,13.0,8.0,16.0
31/10/2025,Sp Lisbon,Alverca,2.0,0.0,H,10.0,0.0,1.0,1.0,8.0,0.0,9.0,10.0,27.0,8.0
01/11/2025,Casa Pia,Estrela,3.0,5.0,A,5.0,2.0,2.0,3.0,4.0,6.0,20.0,21.0,10.0,12.0
01/11/2025,Guimaraes,Benfica,0.0,3.0,A,3.0,6.0,3.0,4.0,3.0,10.0,12.0,11.0,10.0,24.0
01/11/2025,Nacional,Famalicao,0.0,1.0,A,3.0,10.0,4.0,6.0,3.0,4.0,15.0,18.0,8.0,20.0
01/11/2025,Rio Ave,Estoril,0.0,4.0,A,0.0,6.0,2.0,1.0,0.0,6.0,10.0,14.0,2.0,24.0
02/11/2025,AVS,Tondela,2.0,2.0,D,5.0,3.0,4.0,4.0,5.0,3.0,18.0,17.0,15.0,10.0
02/11/2025,Arouca,Moreirense,0.0,2.0,A,5.0,2.0,3.0,2.0,2.0,5.0,11.0,11.0,11.0,6.0
02/11/2025,Porto,Sp Braga,2.0,1.0,H,2.0,3.0,3.0,3.0,4.0,3.0,15.0,13.0,9.0,10.0
03/11/2025,Gil Vicente,Santa Clara,1.0,0.0,H,2.0,0.0,2.0,3.0,3.0,4.0,16.0,14.0,9.0,15.0
07/11/2025,Estoril,Arouca,4.0,3.0,H,10.0,2.0,1.0,1.0,7.0,4.0,9.0,13.0,19.0,10.0
08/11/2025,Alverca,Rio Ave,1.0,1.0,D,9.0,3.0,2.0,0.0,5.0,4.0,15.0,16.0,15.0,11.0
08/11/2025,Santa Clara,Sp Lisbon,1.0,2.0,A,2.0,12.0,7.0,4.0,2.0,7.0,11.0,12.0,5.0,21.0
08/11/2025,Tondela,Guimaraes,0.0,1.0,A,4.0,3.0,3.0,2.0,4.0,2.0,14.0,11.0,15.0,11.0
09/11/2025,AVS,Gil Vicente,1.0,1.0,D,1.0,4.0,1.0,5.0,8.0,5.0,12.0,19.0,16.0,12.0
09/11/2025,Benfica,Casa Pia,2.0,2.0,D,6.0,2.0,3.0,2.0,6.0,4.0,8.0,8.0,19.0,7.0
09/11/2025,Estrela,Nacional,1.0,1.0,D,2.0,6.0,3.0,4.0,4.0,4.0,12.0,15.0,14.0,17.0
09/11/2025,Famalicao,Porto,0.0,1.0,A,2.0,4.0,5.0,2.0,0.0,6.0,24.0,13.0,8.0,19.0
09/11/2025,Sp Braga,Moreirense,2.0,1.0,H,5.0,3.0,3.0,2.0,3.0,1.0,13.0,15.0,11.0,11.0
28/11/2025,Guimaraes,AVS,4.0,0.0,H,7.0,3.0,0.0,1.0,4.0,1.0,11.0,14.0,11.0,9.0
29/11/2025,Casa Pia,Alverca,0.0,2.0,A,6.0,4.0,4.0,4.0,0.0,5.0,9.0,17.0,5.0,10.0
29/11/2025,Gil Vicente,Tondela,0.0,1.0,A,12.0,3.0,2.0,0.0,2.0,2.0,10.0,20.0,15.0,5.0
29/11/2025,Moreirense,Famalicao,2.0,2.0,D,5.0,4.0,4.0,5.0,6.0,8.0,17.0,22.0,11.0,17.0
29/11/2025,Nacional,Benfica,1.0,2.0,A,2.0,11.0,4.0,2.0,2.0,8.0,10.0,8.0,6.0,31.0
30/11/2025,Porto,Estoril,1.0,0.0,H,5.0,4.0,1.0,3.0,6.0,2.0,14.0,11.0,12.0,11.0
30/11/2025,Rio Ave,Santa Clara,1.0,1.0,D,1.0,5.0,2.0,3.0,4.0,3.0,10.0,15.0,9.0,9.0
30/11/2025,Sp Lisbon,Estrela,4.0,0.0,H,5.0,1.0,1.0,0.0,6.0,3.0,12.0,12.0,19.0,5.0
01/12/2025,Arouca,Sp Braga,0.0,4.0,A,0.0,6.0,4.0,0.0,1.0,6.0,11.0,9.0,3.0,18.0
05/12/2025,Benfica,Sp Lisbon,1.0,1.0,D,3.0,2.0,2.0,5.0,4.0,2.0,15.0,20.0,10.0,5.0
06/12/2025,AVS,Rio Ave,1.0,2.0,A,3.0,11.0,6.0,6.0,5.0,8.0,16.0,16.0,9.0,17.0
06/12/2025,Famalicao,Sp Braga,1.0,2.0,A,3.0,9.0,1.0,3.0,4.0,7.0,10.0,19.0,8.0,21.0
06/12/2025,Santa Clara,Casa Pia,1.0,0.0,H,7.0,7.0,5.0,4.0,3.0,2.0,23.0,12.0,11.0,5.0
07/12/2025,Alverca,Nacional,1.0,0.0,H,2.0,2.0,1.0,1.0,4.0,3.0,10.0,19.0,10.0,17.0
07/12/2025,Estoril,Moreirense,3.0,3.0,D,1.0,5.0,2.0,3.0,5.0,5.0,16.0,14.0,9.0,8.0
07/12/2025,Estrela,Arouca,3.0,1.0,H,5.0,3.0,1.0,5.0,9.0,2.0,12.0,14.0,24.0,9.0
07/12/2025,Tondela,Porto,0.0,2.0,A,2.0,4.0,2.0,1.0,2.0,6.0,9.0,10.0,11.0,11.0
08/12/2025,Guimaraes,Gil Vicente,0.0,0.0,D,8.0,4.0,4.0,5.0,3.0,1.0,15.0,17.0,10.0,6.0
13/12/2025,Casa Pia,Gil Vicente,1.0,1.0,D,1.0,8.0,3.0,1.0,1.0,2.0,19.0,8.0,3.0,11.0
13/12/2025,Rio Ave,Guimaraes,0.0,1.0,A,6.0,6.0,4.0,4.0,2.0,3.0,15.0,15.0,8.0,16.0
13/12/2025,Sp Lisbon,AVS,6.0,0.0,H,8.0,1.0,1.0,2.0,14.0,3.0,11.0,9.0,24.0,7.0
14/12/2025,Arouca,Alverca,1.0,0.0,H,8.0,5.0,1.0,4.0,4.0,1.0,15.0,11.0,18.0,5.0
14/12/2025,Famalicao,Estoril,4.0,0.0,H,4.0,9.0,3.0,1.0,12.0,4.0,10.0,18.0,20.0,10.0
14/12/2025,Moreirense,Benfica,0.0,4.0,A,4.0,4.0,2.0,0.0,2.0,5.0,19.0,15.0,10.0,10.0
15/12/2025,Nacional,Tondela,3.0,1.0,H,3.0,10.0,5.0,6.0,4.0,5.0,11.0,17.0,8.0,21.0
15/12/2025,Porto,Estrela,3.0,1.0,H,4.0,0.0,1.0,5.0,6.0,1.0,13.0,17.0,20.0,6.0
15/12/2025,Sp Braga,Santa Clara,1.0,0.0,H,5.0,1.0,1.0,3.0,3.0,2.0,10.0,15.0,6.0,5.0
19/12/2025,Estoril,Sp Braga,1.0,0.0,H,9.0,5.0,5.0,2.0,7.0,5.0,12.0,8.0,13.0,12.0
20/12/2025,Estrela,Moreirense,0.0,0.0,D,3.0,7.0,2.0,1.0,3.0,7.0,15.0,19.0,13.0,16.0
20/12/2025,Gil Vicente,Rio Ave,2.0,2.0,D,10.0,1.0,3.0,5.0,5.0,2.0,16.0,16.0,23.0,3.0
21/12/2025,AVS,Nacional,2.0,2.0,D,9.0,2.0,1.0,0.0,3.0,6.0,10.0,11.0,16.0,19.0
21/12/2025,Santa Clara,Arouca,0.0,0.0,D,2.0,4.0,2.0,2.0,5.0,2.0,15.0,14.0,9.0,8.0
21/12/2025,Tondela,Casa Pia,1.0,2.0,A,6.0,4.0,2.0,3.0,4.0,5.0,10.0,16.0,11.0,12.0
22/12/2025,Alverca,Porto,0.0,3.0,A,4.0,1.0,1.0,1.0,5.0,6.0,8.0,12.0,8.0,14.0
22/12/2025,Benfica,Famalicao,1.0,0.0,H,5.0,2.0,0.0,1.0,6.0,2.0,11.0,21.0,9.0,4.0
23/12/2025,Guimaraes,Sp Lisbon,1.0,4.0,A,2.0,5.0,3.0,5.0,5.0,7.0,21.0,14.0,17.0,16.0
27/12/2025,Estoril,Alverca,4.0,1.0,H,3.0,7.0,2.0,3.0,4.0,7.0,12.0,11.0,9.0,12.0
27/12/2025,Famalicao,Estrela,2.0,3.0,A,9.0,4.0,3.0,5.0,5.0,4.0,18.0,16.0,22.0,6.0
28/12/2025,Arouca,Gil Vicente,2.0,2.0,D,4.0,8.0,5.0,2.0,5.0,5.0,13.0,5.0,9.0,17.0
28/12/2025,Casa Pia,Guimaraes,0.0,0.0,D,2.0,3.0,4.0,2.0,2.0,2.0,23.0,11.0,5.0,13.0
28/12/2025,Sp Braga,Benfica,2.0,2.0,D,1.0,5.0,4.0,2.0,3.0,6.0,14.0,9.0,11.0,14.0
28/12/2025,Sp Lisbon,Rio Ave,4.0,0.0,H,8.0,1.0,1.0,1.0,12.0,0.0,13.0,6.0,23.0,5.0
29/12/2025,Porto,AVS,2.0,0.0,H,7.0,0.0,1.0,1.0,4.0,1.0,8.0,7.0,18.0,7.0
02/01/2026,Gil Vicente,Sp Lisbon,1.0,1.0,D,8.0,7.0,4.0,4.0,9.0,4.0,17.0,14.0,19.0,14.0
02/01/2026,Guimaraes,Nacional,2.0,1.0,H,2.0,3.0,1.0,3.0,4.0,4.0,20.0,18.0,9.0,14.0
03/01/2026,AVS,Moreirense,0.0,2.0,A,2.0,4.0,5.0,3.0,4.0,5.0,23.0,11.0,9.0,12.0
03/01/2026,Benfica,Estoril,3.0,1.0,H,7.0,3.0,0.0,2.0,3.0,4.0,12.0,15.0,20.0,9.0
03/01/2026,Estrela,Sp Braga,3.0,3.0,D,5.0,7.0,2.0,1.0,4.0,6.0,14.0,8.0,11.0,10.0
03/01/2026,Tondela,Arouca,3.0,1.0,H,2.0,9.0,3.0,1.0,3.0,4.0,12.0,7.0,5.0,11.0
04/01/2026,Alverca,Famalicao,1.0,0.0,H,3.0,4.0,2.0,2.0,4.0,2.0,14.0,22.0,10.0,14.0
04/01/2026,Rio Ave,Casa Pia,3.0,1.0,H,9.0,4.0,0.0,1.0,8.0,5.0,10.0,23.0,12.0,15.0
04/01/2026,Santa Clara,Porto,0.0,1.0,A,2.0,7.0,2.0,4.0,0.0,5.0,20.0,22.0,12.0,8.0
11/01/2026,Moreirense,Tondela,1.0,0.0,H,4.0,2.0,1.0,1.0,2.0,2.0,7.0,13.0,7.0,8.0
11/01/2026,Nacional,Santa Clara,3.0,3.0,D,2.0,8.0,4.0,4.0,5.0,6.0,14.0,11.0,13.0,22.0
16/01/2026,Sp Lisbon,Casa Pia,3.0,0.0,H,4.0,6.0,0.0,2.0,4.0,1.0,12.0,12.0,16.0,6.0
17/01/2026,AVS,Arouca,0.0,1.0,A,2.0,3.0,3.0,6.0,3.0,3.0,11.0,12.0,12.0,18.0
17/01/2026,Alverca,Moreirense,2.0,1.0,H,4.0,0.0,3.0,1.0,3.0,4.0,16.0,6.0,15.0,10.0
17/01/2026,Gil Vicente,Nacional,2.0,1.0,H,7.0,5.0,1.0,2.0,4.0,4.0,7.0,18.0,16.0,13.0
17/01/2026,Rio Ave,Benfica,0.0,2.0,A,3.0,11.0,1.0,2.0,1.0,8.0,12.0,8.0,7.0,24.0
18/01/2026,Guimaraes,Porto,0.0,1.0,A,6.0,1.0,4.0,2.0,3.0,3.0,19.0,15.0,20.0,12.0
18/01/2026,Santa Clara,Famalicao,0.0,1.0,A,9.0,2.0,1.0,1.0,1.0,3.0,17.0,18.0,15.0,7.0
18/01/2026,Tondela,Sp Braga,0.0,1.0,A,1.0,5.0,3.0,3.0,2.0,4.0,19.0,14.0,7.0,11.0
19/01/2026,Estrela,Estoril,0.0,5.0,A,1.0,4.0,2.0,2.0,2.0,6.0,16.0,12.0,6.0,11.0
23/01/2026,Casa Pia,AVS,3.0,3.0,D,2.0,11.0,3.0,5.0,4.0,7.0,15.0,13.0,9.0,27.0
24/01/2026,Arouca,Sp Lisbon,1.0,2.0,A,4.0,7.0,3.0,4.0,5.0,4.0,11.0,12.0,11.0,15.0
24/01/2026,Estoril,Guimaraes,4.0,2.0,H,4.0,2.0,2.0,3.0,6.0,4.0,9.0,19.0,16.0,13.0
24/01/2026,Moreirense,Santa Clara,1.0,0.0,H,5.0,5.0,2.0,2.0,1.0,1.0,13.0,22.0,3.0,9.0
25/01/2026,Benfica,Estrela,4.0,0.0,H,6.0,1.0,3.0,4.0,8.0,1.0,10.0,24.0,15.0,4.0
25/01/2026,Famalicao,Tondela,3.0,0.0,H,3.0,4.0,0.0,1.0,4.0,0.0,9.0,20.0,9.0,2.0
25/01/2026,Nacional,Rio Ave,4.0,0.0,H,5.0,5.0,3.0,0.0,5.0,6.0,18.0,6.0,14.0,11.0
25/01/2026,Sp Braga,Alverca,5.0,0.0,H,7.0,0.0,2.0,2.0,7.0,0.0,9.0,11.0,17.0,3.0
26/01/2026,Porto,Gil Vicente,3.0,0.0,H,11.0,3.0,2.0,3.0,6.0,5.0,13.0,8.0,14.0,11.0
30/01/2026,Guimaraes,Moreirense,1.0,0.0,H,5.0,5.0,2.0,5.0,2.0,5.0,19.0,12.0,14.0,10.0
31/01/2026,Alverca,Estrela,1.0,1.0,D,9.0,2.0,1.0,2.0,4.0,2.0,17.0,17.0,8.0,5.0
31/01/2026,Rio Ave,Arouca,0.0,3.0,A,5.0,5.0,2.0,1.0,0.0,7.0,11.0,15.0,8.0,18.0
31/01/2026,Santa Clara,Estoril,2.0,4.0,A,6.0,5.0,7.0,3.0,4.0,6.0,16.0,11.0,14.0,11.0
01/02/2026,Gil Vicente,Famalicao,5.0,0.0,H,3.0,1.0,1.0,1.0,9.0,0.0,19.0,10.0,17.0,4.0
01/02/2026,Sp Lisbon,Nacional,2.0,1.0,H,11.0,0.0,0.0,3.0,7.0,4.0,12.0,15.0,16.0,6.0
01/02/2026,Tondela,Benfica,0.0,0.0,D,1.0,13.0,5.0,0.0,1.0,9.0,19.0,5.0,7.0,23.0
02/02/2026,AVS,Sp Braga,0.0,4.0,A,1.0,4.0,0.0,1.0,3.0,8.0,3.0,6.0,8.0,10.0
02/02/2026,Casa Pia,Porto,2.0,1.0,H,0.0,10.0,3.0,2.0,3.0,6.0,14.0,14.0,6.0,15.0
07/02/2026,Arouca,Guimaraes,3.0,2.0,H,1.0,6.0,1.0,4.0,6.0,6.0,19.0,15.0,10.0,14.0
07/02/2026,Estoril,Tondela,2.0,2.0,D,5.0,4.0,1.0,0.0,6.0,5.0,8.0,8.0,15.0,6.0
07/02/2026,Estrela,Santa Clara,1.0,0.0,H,3.0,6.0,4.0,1.0,4.0,5.0,15.0,9.0,12.0,17.0
07/02/2026,Moreirense,Gil Vicente,1.0,2.0,A,3.0,6.0,3.0,1.0,1.0,4.0,18.0,15.0,3.0,15.0
08/02/2026,Benfica,Alverca,2.0,1.0,H,9.0,1.0,3.0,2.0,10.0,2.0,11.0,18.0,29.0,6.0
08/02/2026,Nacional,Casa Pia,0.0,0.0,D,12.0,1.0,2.0,3.0,4.0,3.0,15.0,11.0,21.0,9.0
08/02/2026,Sp Braga,Rio Ave,3.0,0.0,H,9.0,1.0,1.0,1.0,7.0,2.0,14.0,8.0,15.0,7.0
09/02/2026,Famalicao,AVS,3.0,1.0,H,7.0,2.0,3.0,2.0,6.0,1.0,9.0,14.0,14.0,7.0
09/02/2026,Porto,Sp Lisbon,1.0,1.0,D,1.0,8.0,3.0,5.0,1.0,3.0,14.0,12.0,8.0,11.0
13/02/2026,Santa Clara,Benfica,1.0,2.0,A,1.0,7.0,6.0,2.0,2.0,3.0,23.0,5.0,9.0,11.0
13/02/2026,Tondela,Alverca,1.0,1.0,D,11.0,5.0,5.0,5.0,4.0,4.0,14.0,10.0,18.0,10.0
14/02/2026,Casa Pia,Arouca,3.0,2.0,H,2.0,3.0,5.0,2.0,4.0,4.0,21.0,8.0,11.0,8.0
14/02/2026,Gil Vicente,Sp Braga,2.0,1.0,H,5.0,6.0,2.0,1.0,5.0,2.0,7.0,18.0,15.0,11.0
14/02/2026,Guimaraes,Estrela,2.0,1.0,H,9.0,2.0,3.0,2.0,6.0,4.0,13.0,18.0,20.0,7.0
15/02/2026,AVS,Estoril,3.0,0.0,H,9.0,9.0,2.0,2.0,3.0,2.0,9.0,10.0,15.0,12.0
15/02/2026,Nacional,Porto,0.0,1.0,A,5.0,8.0,4.0,0.0,2.0,5.0,13.0,11.0,9.0,8.0
15/02/2026,Sp Lisbon,Famalicao,1.0,0.0,H,14.0,1.0,3.0,2.0,5.0,1.0,17.0,19.0,22.0,2.0
16/02/2026,Rio Ave,Moreirense,1.0,2.0,A,7.0,1.0,1.0,3.0,6.0,3.0,17.0,24.0,18.0,6.0
20/02/2026,Estrela,Tondela,0.0,2.0,A,5.0,3.0,2.0,3.0,3.0,5.0,12.0,17.0,15.0,11.0
21/02/2026,Alverca,Santa Clara,1.0,1.0,D,5.0,2.0,2.0,2.0,1.0,3.0,16.0,14.0,7.0,16.0
21/02/2026,Arouca,Nacional,3.0,0.0,H,4.0,1.0,5.0,3.0,7.0,5.0,13.0,13.0,10.0,15.0
21/02/2026,Benfica,AVS,3.0,0.0,H,10.0,1.0,0.0,0.0,9.0,0.0,7.0,14.0,22.0,3.0
21/02/2026,Moreirense,Sp Lisbon,0.0,3.0,A,1.0,8.0,1.0,1.0,2.0,8.0,12.0,14.0,6.0,15.0
21/02/2026,Sp Braga,Guimaraes,3.0,2.0,H,0.0,2.0,2.0,3.0,7.0,4.0,17.0,10.0,7.0,9.0
22/02/2026,Estoril,Gil Vicente,3.0,1.0,H,1.0,4.0,0.0,0.0,7.0,4.0,13.0,8.0,10.0,12.0
22/02/2026,Porto,Rio Ave,1.0,0.0,H,10.0,1.0,2.0,3.0,3.0,1.0,14.0,16.0,16.0,6.0
23/02/2026,Famalicao,Casa Pia,2.0,0.0,H,7.0,7.0,3.0,2.0,7.0,1.0,17.0,17.0,24.0,7.0
27/02/2026,Porto,Arouca,3.0,1.0,H,5.0,1.0,0.0,2.0,7.0,1.0,11.0,14.0,20.0,7.0
27/02/2026,Sp Lisbon,Estoril,3.0,0.0,H,4.0,1.0,2.0,3.0,7.0,3.0,9.0,16.0,14.0,8.0
28/02/2026,AVS,Estrela,0.0,0.0,D,7.0,9.0,2.0,1.0,3.0,6.0,17.0,9.0,11.0,16.0
28/02/2026,Guimaraes,Alverca,1.0,1.0,D,0.0,11.0,1.0,2.0,6.0,5.0,16.0,5.0,15.0,11.0
28/02/2026,Nacional,Sp Braga,1.0,2.0,A,3.0,6.0,2.0,3.0,5.0,8.0,15.0,15.0,14.0,20.0
01/03/2026,Casa Pia,Moreirense,1.0,1.0,D,1.0,7.0,2.0,3.0,2.0,6.0,22.0,12.0,7.0,12.0
01/03/2026,Rio Ave,Famalicao,0.0,0.0,D,5.0,5.0,4.0,2.0,4.0,4.0,19.0,15.0,16.0,10.0
01/03/2026,Tondela,Santa Clara,2.0,2.0,D,4.0,7.0,3.0,2.0,4.0,3.0,15.0,15.0,11.0,17.0
02/03/2026,Gil Vicente,Benfica,1.0,2.0,A,5.0,3.0,2.0,3.0,5.0,3.0,16.0,12.0,13.0,11.0
06/03/2026,Famalicao,Arouca,1.0,0.0,H,5.0,1.0,1.0,1.0,6.0,4.0,12.0,16.0,13.0,10.0
07/03/2026,Alverca,AVS,0.0,0.0,D,8.0,0.0,1.0,3.0,2.0,2.0,7.0,13.0,17.0,12.0
07/03/2026,Estoril,Casa Pia,0.0,0.0,D,4.0,5.0,2.0,2.0,1.0,2.0,10.0,12.0,9.0,9.0
07/03/2026,Moreirense,Nacional,1.0,1.0,D,4.0,7.0,4.0,2.0,2.0,7.0,13.0,13.0,7.0,20.0
07/03/2026,Sp Braga,Sp Lisbon,2.0,2.0,D,6.0,5.0,3.0,3.0,3.0,5.0,17.0,13.0,10.0,14.0
08/03/2026,Benfica,Porto,2.0,2.0,D,8.0,2.0,2.0,6.0,6.0,6.0,11.0,17.0,20.0,14.0
08/03/2026,Estrela,Gil Vicente,2.0,2.0,D,0.0,8.0,1.0,2.0,5.0,6.0,16.0,17.0,9.0,19.0
08/03/2026,Santa Clara,Guimaraes,2.0,0.0,H,2.0,4.0,3.0,2.0,4.0,6.0,26.0,15.0,6.0,14.0
09/03/2026,Tondela,Rio Ave,0.0,1.0,A,3.0,2.0,0.0,5.0,2.0,2.0,15.0,14.0,6.0,9.0
14/03/2026,Arouca,Benfica,1.0,2.0,A,2.0,15.0,5.0,5.0,6.0,5.0,17.0,11.0,12.0,22.0
14/03/2026,Gil Vicente,Alverca,2.0,2.0,D,3.0,7.0,3.0,1.0,6.0,6.0,15.0,8.0,10.0,17.0
14/03/2026,Guimaraes,Famalicao,1.0,2.0,A,3.0,11.0,1.0,1.0,6.0,3.0,22.0,13.0,12.0,13.0
15/03/2026,AVS,Santa Clara,0.0,1.0,A,4.0,6.0,2.0,1.0,2.0,3.0,16.0,10.0,10.0,12.0
15/03/2026,Nacional,Estoril,0.0,1.0,A,5.0,4.0,5.0,3.0,4.0,2.0,16.0,13.0,16.0,11.0
15/03/2026,Porto,Moreirense,3.0,0.0,H,4.0,1.0,1.0,1.0,9.0,2.0,14.0,15.0,17.0,3.0
15/03/2026,Rio Ave,Estrela,2.0,1.0,H,10.0,4.0,4.0,2.0,6.0,3.0,16.0,12.0,18.0,11.0
20/03/2026,Estrela,Casa Pia,4.0,0.0,H,6.0,1.0,3.0,2.0,8.0,2.0,18.0,20.0,23.0,8.0
21/03/2026,Benfica,Guimaraes,3.0,0.0,H,4.0,8.0,0.0,1.0,4.0,2.0,15.0,15.0,12.0,16.0
21/03/2026,Famalicao,Nacional,1.0,0.0,H,7.0,6.0,3.0,3.0,4.0,6.0,13.0,18.0,14.0,10.0
21/03/2026,Moreirense,Arouca,0.0,1.0,A,3.0,7.0,1.0,2.0,2.0,2.0,11.0,12.0,7.0,14.0
21/03/2026,Santa Clara,Gil Vicente,1.0,0.0,H,6.0,6.0,1.0,2.0,2.0,0.0,15.0,17.0,7.0,8.0
21/03/2026,Tondela,AVS,0.0,0.0,D,7.0,6.0,0.0,2.0,3.0,2.0,12.0,15.0,14.0,9.0
22/03/2026,Alverca,Sp Lisbon,1.0,4.0,A,3.0,1.0,1.0,2.0,4.0,9.0,13.0,9.0,12.0,15.0
22/03/2026,Estoril,Rio Ave,1.0,2.0,A,11.0,7.0,2.0,3.0,4.0,8.0,16.0,11.0,13.0,13.0
22/03/2026,Sp Braga,Porto,1.0,2.0,A,3.0,5.0,4.0,5.0,1.0,3.0,12.0,15.0,6.0,12.0
03/04/2026,Gil Vicente,AVS,3.0,0.0,H,3.0,1.0,2.0,1.0,6.0,3.0,8.0,15.0,16.0,11.0
03/04/2026,Guimaraes,Tondela,5.0,0.0,H,3.0,1.0,1.0,1.0,5.0,1.0,14.0,17.0,12.0,3.0
03/04/2026,Sp Lisbon,Santa Clara,4.0,2.0,H,9.0,5.0,4.0,4.0,8.0,4.0,12.0,22.0,22.0,7.0
04/04/2026,Moreirense,Sp Braga,0.0,1.0,A,4.0,9.0,0.0,3.0,2.0,7.0,9.0,14.0,12.0,10.0
04/04/2026,Nacional,Estrela,2.0,0.0,H,5.0,6.0,4.0,3.0,4.0,2.0,14.0,8.0,16.0,11.0
04/04/2026,Porto,Famalicao,2.0,2.0,D,4.0,3.0,5.0,4.0,3.0,6.0,20.0,14.0,8.0,11.0
04/04/2026,Rio Ave,Alverca,1.0,2.0,A,8.0,4.0,2.0,1.0,5.0,6.0,7.0,6.0,18.0,14.0
06/04/2026,Arouca,Estoril,3.0,2.0,H,3.0,3.0,3.0,2.0,4.0,3.0,13.0,18.0,12.0,12.0
06/04/2026,Casa Pia,Benfica,1.0,1.0,D,3.0,12.0,1.0,0.0,2.0,3.0,19.0,10.0,8.0,18.0
10/04/2026,Famalicao,Moreirense,1.0,1.0,D,13.0,0.0,5.0,6.0,7.0,1.0,15.0,15.0,18.0,2.0
11/04/2026,AVS,Guimaraes,1.0,1.0,D,5.0,4.0,5.0,1.0,4.0,6.0,16.0,9.0,17.0,14.0
11/04/2026,Estrela,Sp Lisbon,0.0,1.0,A,4.0,13.0,3.0,1.0,3.0,2.0,14.0,16.0,9.0,10.0
11/04/2026,Santa Clara,Rio Ave,0.0,2.0,A,3.0,3.0,2.0,3.0,4.0,3.0,18.0,12.0,13.0,4.0
12/04/2026,Alverca,Casa Pia,3.0,1.0,H,9.0,11.0,0.0,0.0,5.0,5.0,10.0,15.0,11.0,15.0
12/04/2026,Benfica,Nacional,2.0,0.0,H,15.0,1.0,1.0,5.0,8.0,4.0,13.0,18.0,24.0,7.0
12/04/2026,Estoril,Porto,1.0,3.0,A,1.0,8.0,3.0,1.0,3.0,5.0,13.0,15.0,8.0,20.0
12/04/2026,Sp Braga,Arouca,1.0,0.0,H,6.0,5.0,2.0,2.0,2.0,1.0,9.0,12.0,6.0,9.0
13/04/2026,Tondela,Gil Vicente,2.0,2.0,D,5.0,5.0,6.0,2.0,5.0,6.0,15.0,11.0,10.0,14.0
17/04/2026,Rio Ave,AVS,2.0,2.0,D,4.0,9.0,1.0,2.0,8.0,7.0,9.0,11.0,20.0,13.0
18/04/2026,Casa Pia,Santa Clara,0.0,0.0,D,4.0,6.0,3.0,2.0,3.0,2.0,20.0,12.0,10.0,5.0
18/04/2026,Gil Vicente,Guimaraes,0.0,1.0,A,10.0,3.0,2.0,2.0,6.0,3.0,11.0,16.0,12.0,11.0
18/04/2026,Nacional,Alverca,1.0,0.0,H,4.0,8.0,2.0,1.0,6.0,4.0,15.0,15.0,10.0,8.0
19/04/2026,Arouca,Estrela,1.0,0.0,H,4.0,3.0,5.0,1.0,3.0,3.0,15.0,11.0,11.0,15.0
19/04/2026,Porto,Tondela,2.0,0.0,H,8.0,3.0,4.0,6.0,8.0,3.0,12.0,11.0,22.0,5.0
19/04/2026,Sp Braga,Famalicao,2.0,2.0,D,5.0,2.0,2.0,5.0,4.0,3.0,10.0,11.0,10.0,6.0
19/04/2026,Sp Lisbon,Benfica,1.0,2.0,A,3.0,8.0,2.0,1.0,6.0,5.0,13.0,8.0,19.0,14.0
20/04/2026,Moreirense,Estoril,1.0,0.0,H,5.0,1.0,0.0,2.0,4.0,1.0,14.0,12.0,11.0,4.0
23/04/2026,Casa Pia,Sp Braga,0.0,1.0,A,4.0,5.0,2.0,3.0,1.0,2.0,9.0,9.0,7.0,8.0
24/04/2026,Alverca,Arouca,2.0,1.0,H,6.0,3.0,0.0,5.0,3.0,3.0,8.0,12.0,7.0,14.0
25/04/2026,Benfica,Moreirense,4.0,1.0,H,9.0,2.0,2.0,2.0,8.0,4.0,13.0,14.0,18.0,8.0
25/04/2026,Guimaraes,Rio Ave,2.0,0.0,H,3.0,5.0,4.0,4.0,3.0,4.0,7.0,13.0,11.0,5.0
25/04/2026,Tondela,Nacional,0.0,2.0,A,8.0,7.0,2.0,1.0,5.0,6.0,16.0,15.0,22.0,17.0
26/04/2026,AVS,Sp Lisbon,1.0,1.0,D,0.0,9.0,3.0,1.0,4.0,8.0,15.0,8.0,11.0,20.0
26/04/2026,Estoril,Famalicao,0.0,1.0,A,9.0,4.0,0.0,2.0,2.0,6.0,19.0,11.0,9.0,6.0
26/04/2026,Estrela,Porto,1.0,2.0,A,0.0,6.0,3.0,3.0,3.0,4.0,15.0,15.0,11.0,11.0
26/04/2026,Santa Clara,Sp Braga,2.0,1.0,H,4.0,1.0,4.0,4.0,3.0,2.0,15.0,11.0,14.0,3.0
27/04/2026,Gil Vicente,Casa Pia,2.0,1.0,H,4.0,3.0,5.0,3.0,4.0,2.0,15.0,18.0,12.0,7.0
29/04/2026,Sp Lisbon,Tondela,2.0,2.0,D,5.0,5.0,2.0,3.0,5.0,2.0,16.0,8.0,16.0,9.0
02/05/2026,Arouca,Santa Clara,2.0,2.0,D,5.0,6.0,3.0,3.0,5.0,4.0,15.0,8.0,9.0,12.0
02/05/2026,Famalicao,Benfica,2.0,2.0,D,6.0,4.0,2.0,2.0,5.0,3.0,20.0,14.0,15.0,8.0
02/05/2026,Moreirense,Estrela,3.0,2.0,H,1.0,4.0,4.0,4.0,5.0,3.0,18.0,18.0,14.0,10.0
02/05/2026,Nacional,AVS,1.0,2.0,A,8.0,6.0,4.0,2.0,6.0,3.0,8.0,14.0,24.0,19.0
02/05/2026,Porto,Alverca,1.0,0.0,H,5.0,4.0,1.0,4.0,3.0,4.0,21.0,19.0,12.0,10.0
03/05/2026,Casa Pia,Tondela,0.0,1.0,A,7.0,2.0,8.0,3.0,3.0,5.0,22.0,19.0,4.0,9.0
03/05/2026,Rio Ave,Gil Vicente,0.0,0.0,D,9.0,7.0,1.0,2.0,2.0,2.0,9.0,12.0,18.0,13.0
03/05/2026,Sp Braga,Estoril,1.0,1.0,D,5.0,4.0,3.0,3.0,3.0,4.0,15.0,10.0,10.0,10.0
04/05/2026,Sp Lisbon,Guimaraes,5.0,1.0,H,1.0,7.0,0.0,3.0,10.0,5.0,7.0,13.0,14.0,13.0
10/05/2026,AVS,Porto,3.0,1.0,H,3.0,7.0,2.0,2.0,5.0,4.0,7.0,9.0,9.0,20.0
10/05/2026,Alverca,Estoril,1.0,1.0,D,4.0,4.0,3.0,2.0,1.0,3.0,20.0,15.0,8.0,11.0
11/05/2026,Benfica,Sp Braga,2.0,2.0,D,8.0,2.0,1.0,4.0,8.0,2.0,6.0,11.0,24.0,5.0
11/05/2026,Estrela,Famalicao,0.0,0.0,D,3.0,10.0,3.0,1.0,1.0,4.0,16.0,9.0,4.0,15.0
11/05/2026,Gil Vicente,Arouca,1.0,3.0,A,6.0,2.0,2.0,1.0,5.0,6.0,13.0,17.0,15.0,13.0
11/05/2026,Guimaraes,Casa Pia,0.0,1.0,A,6.0,4.0,2.0,1.0,2.0,5.0,11.0,16.0,15.0,11.0
11/05/2026,Rio Ave,Sp Lisbon,1.0,4.0,A,5.0,6.0,5.0,2.0,3.0,5.0,9.0,7.0,12.0,16.0
11/05/2026,Santa Clara,Nacional,2.0,0.0,H,4.0,6.0,1.0,2.0,2.0,1.0,10.0,16.0,12.0,12.0
11/05/2026,Tondela,Moreirense,2.0,0.0,H,1.0,8.0,1.0,3.0,3.0,2.0,14.0,9.0,14.0,10.0
16/05/2026,Arouca,Tondela,3.0,1.0,H,5.0,6.0,3.0,1.0,4.0,2.0,12.0,12.0,16.0,11.0
16/05/2026,Casa Pia,Rio Ave,1.0,1.0,D,9.0,0.0,1.0,0.0,5.0,3.0,17.0,14.0,20.0,6.0
16/05/2026,Estoril,Benfica,1.0,3.0,A,2.0,9.0,3.0,2.0,6.0,8.0,9.0,12.0,16.0,19.0
16/05/2026,Famalicao,Alverca,1.0,0.0,H,6.0,5.0,1.0,2.0,2.0,1.0,9.0,8.0,11.0,7.0
16/05/2026,Moreirense,AVS,0.0,0.0,D,5.0,3.0,2.0,3.0,4.0,0.0,10.0,12.0,13.0,8.0
16/05/2026,Nacional,Guimaraes,2.0,0.0,H,2.0,6.0,4.0,3.0,3.0,4.0,17.0,13.0,5.0,13.0
16/05/2026,Porto,Santa Clara,1.0,0.0,H,8.0,5.0,0.0,0.0,6.0,0.0,11.0,9.0,14.0,11.0
16/05/2026,Sp Braga,Estrela,2.0,2.0,D,7.0,1.0,1.0,5.0,4.0,4.0,13.0,9.0,14.0,6.0
16/05/2026,Sp Lisbon,Gil Vicente,3.0,0.0,H,6.0,1.0,0.0,1.0,5.0,1.0,13.0,14.0,15.0,10.0
07/08/2026,Estoril,Famalicao,1.0,1.0,D,7.0,6.0,1.0,2.0,3.0,3.0,12.0,13.0,14.0,6.0
08/08/2026,Estrela,Sp Lisbon,2.0,2.0,D,5.0,4.0,2.0,2.0,4.0,8.0,13.0,14.0,9.0,15.0
08/08/2026,Guimaraes,Arouca,0.0,1.0,A,5.0,2.0,2.0,5.0,3.0,2.0,9.0,7.0,24.0,4.0
08/08/2026,Maritimo,Casa Pia,1.0,0.0,H,2.0,6.0,2.0,2.0,4.0,4.0,17.0,13.0,16.0,9.0
09/08/2026,Benfica,Academico Viseu,2.0,2.0,D,10.0,2.0,2.0,4.0,11.0,4.0,14.0,13.0,28.0,8.0
09/08/2026,Gil Vicente,Rio Ave,1.0,0.0,H,5.0,2.0,1.0,3.0,5.0,2.0,14.0,9.0,13.0,6.0
09/08/2026,Moreirense,Sp Braga,2.0,2.0,D,4.0,2.0,4.0,2.0,3.0,4.0,15.0,20.0,7.0,13.0
09/08/2026,Porto,Alverca,2.0,0.0,H,7.0,9.0,0.0,4.0,4.0,5.0,13.0,10.0,10.0,15.0
10/08/2026,Santa Clara,Nacional,2.0,2.0,D,4.0,4.0,2.0,2.0,7.0,4.0,15.0,14.0,19.0,10.0
14/08/2026,Sp Lisbon,Guimaraes,3.0,2.0,H,5.0,1.0,4.0,4.0,3.0,3.0,12.0,21.0,5.0,12.0
15/08/2026,Academico Viseu,Santa Clara,0.0,1.0,A,4.0,2.0,1.0,3.0,1.0,2.0,11.0,16.0,10.0,8.0
15/08/2026,Alverca,Estrela,2.0,2.0,D,2.0,0.0,2.0,4.0,4.0,7.0,10.0,12.0,14.0,10.0
15/08/2026,Rio Ave,Porto,0.0,2.0,A,6.0,6.0,0.0,0.0,1.0,6.0,1.0,10.0,13.0,14.0
16/08/2026,Arouca,Moreirense,4.0,0.0,H,5.0,3.0,3.0,4.0,6.0,1.0,10.0,9.0,14.0,5.0
16/08/2026,Famalicao,Maritimo,1.0,2.0,A,5.0,1.0,1.0,2.0,4.0,4.0,11.0,16.0,14.0,9.0
16/08/2026,Nacional,Estoril,2.0,0.0,H,7.0,4.0,2.0,4.0,3.0,5.0,13.0,13.0,20.0,9.0
17/08/2026,Casa Pia,Benfica,0.0,7.0,A,1.0,3.0,3.0,0.0,0.0,8.0,11.0,13.0,3.0,20.0
22/08/2026,Estoril,Rio Ave,0.0,2.0,A,6.0,3.0,1.0,1.0,6.0,3.0,11.0,14.0,18.0,3.0
22/08/2026,Maritimo,Academico Viseu,2.0,2.0,D,4.0,5.0,2.0,6.0,4.0,7.0,15.0,16.0,11.0,13.0
22/08/2026,Sp Lisbon,Alverca,3.0,1.0,H,3.0,4.0,1.0,3.0,7.0,3.0,13.0,17.0,15.0,10.0
23/08/2026,Guimaraes,Nacional,1.0,0.0,H,4.0,3.0,2.0,1.0,5.0,0.0,18.0,8.0,23.0,7.0
23/08/2026,Porto,Arouca,2.0,0.0,H,12.0,2.0,1.0,0.0,10.0,1.0,16.0,8.0,23.0,4.0
23/08/2026,Santa Clara,Famalicao,1.0,0.0,H,1.0,9.0,1.0,3.0,2.0,3.0,16.0,16.0,12.0,9.0
24/08/2026,Gil Vicente,Casa Pia,2.0,0.0,H,3.0,4.0,1.0,1.0,4.0,2.0,11.0,12.0,8.0,13.0
28/08/2026,Rio Ave,Sp Lisbon,0.0,4.0,A,2.0,3.0,1.0,1.0,0.0,7.0,7.0,14.0,6.0,14.0
29/08/2026,Academico Viseu,Porto,0.0,3.0,A,1.0,1.0,0.0,0.0,1.0,4.0,13.0,19.0,9.0,5.0
29/08/2026,Alverca,Santa Clara,1.0,1.0,D,10.0,4.0,1.0,2.0,1.0,3.0,14.0,9.0,5.0,15.0
29/08/2026,Arouca,Maritimo,2.0,1.0,H,2.0,3.0,2.0,1.0,7.0,4.0,8.0,9.0,17.0,12.0
30/08/2026,Casa Pia,Moreirense,0.0,1.0,A,5.0,1.0,1.0,3.0,2.0,5.0,14.0,18.0,14.0,6.0
30/08/2026,Famalicao,Gil Vicente,0.0,0.0,D,6.0,3.0,2.0,4.0,1.0,1.0,10.0,19.0,7.0,7.0
30/08/2026,Nacional,Estrela,2.0,3.0,A,4.0,3.0,2.0,1.0,5.0,4.0,12.0,9.0,10.0,14.0
31/08/2026,Benfica,Estoril,2.0,1.0,H,9.0,0.0,0.0,1.0,8.0,2.0,14.0,12.0,25.0,4.0
31/08/2026,Sp Braga,Guimaraes,1.0,0.0,H,2.0,2.0,2.0,3.0,4.0,2.0,11.0,18.0,9.0,8.0
04/09/2026,Porto,Moreirense,2.0,1.0,H,9.0,1.0,1.0,2.0,9.0,2.0,11.0,12.0,23.0,7.0
05/09/2026,Alverca,Sp Braga,1.0,2.0,A,2.0,2.0,1.0,4.0,2.0,6.0,11.0,15.0,6.0,16.0
05/09/2026,Estrela,Famalicao,2.0,2.0,D,5.0,5.0,3.0,2.0,4.0,4.0,11.0,9.0,14.0,14.0
05/09/2026,Maritimo,Benfica,0.0,3.0,A,3.0,5.0,2.0,3.0,1.0,6.0,22.0,14.0,6.0,11.0
05/09/2026,Sp Lisbon,Nacional,2.0,0.0,H,12.0,0.0,2.0,1.0,8.0,2.0,10.0,7.0,19.0,3.0
06/09/2026,Gil Vicente,Academico Viseu,0.0,1.0,A,7.0,1.0,0.0,2.0,7.0,1.0,11.0,13.0,33.0,6.0
06/09/2026,Guimaraes,Casa Pia,0.0,0.0,D,17.0,4.0,2.0,2.0,8.0,3.0,16.0,6.0,29.0,7.0
06/09/2026,Santa Clara,Rio Ave,4.0,0.0,H,8.0,2.0,1.0,1.0,6.0,3.0,12.0,9.0,16.0,5.0
07/09/2026,Estoril,Arouca,0.0,0.0,D,8.0,2.0,4.0,1.0,8.0,2.0,12.0,9.0,18.0,12.0
09/09/2026,Moreirense,Benfica,0.0,4.0,A,3.0,7.0,4.0,2.0,1.0,9.0,17.0,10.0,8.0,21.0
10/09/2026,Estrela,Sp Braga,2.0,1.0,H,5.0,9.0,2.0,1.0,5.0,4.0,12.0,14.0,9.0,9.0
12/09/2026,Academico Viseu,Guimaraes,2.0,1.0,H,4.0,8.0,4.0,3.0,4.0,7.0,14.0,11.0,11.0,22.0
12/09/2026,Casa Pia,Porto,1.0,4.0,A,5.0,10.0,4.0,1.0,5.0,4.0,13.0,10.0,15.0,17.0
12/09/2026,Nacional,Alverca,1.0,3.0,A,2.0,0.0,0.0,3.0,3.0,7.0,7.0,16.0,13.0,10.0
13/09/2026,Arouca,Santa Clara,1.0,2.0,A,5.0,2.0,3.0,5.0,4.0,5.0,14.0,12.0,10.0,12.0
13/09/2026,Benfica,Gil Vicente,3.0,1.0,H,14.0,0.0,2.0,3.0,5.0,2.0,11.0,18.0,17.0,4.0
13/09/2026,Famalicao,Sp Lisbon,1.0,1.0,D,4.0,4.0,2.0,4.0,2.0,5.0,14.0,11.0,5.0,16.0
14/09/2026,Moreirense,Maritimo,3.0,1.0,H,3.0,5.0,1.0,3.0,5.0,2.0,14.0,16.0,11.0,9.0
14/09/2026,Rio Ave,Estrela,3.0,3.0,D,4.0,5.0,2.0,3.0,6.0,6.0,16.0,12.0,11.0,20.0
14/09/2026,Sp Braga,Estoril,1.0,0.0,H,4.0,2.0,0.0,4.0,7.0,1.0,9.0,12.0,20.0,12.0
19/09/2026,Alverca,Rio Ave,1.0,0.0,H,,,,,,,,,,
19/09/2026,Gil Vicente,Maritimo,1.0,1.0,D,,,,,,,,,,
19/09/2026,Nacional,Famalicao,0.0,4.0,A,,,,,,,,,,
19/09/2026,Sp Lisbon,Arouca,2.0,2.0,D,,,,,,,,,,
20/09/2026,Guimaraes,Moreirense,1.0,1.0,D,,,,,,,,,,
20/09/2026,Estrela,Academico Viseu,0.0,2.0,A,,,,,,,,,,
20/09/2026,Estoril,Casa Pia,1.0,2.0,A,,,,,,,,,,
20/09/2026,Santa Clara,Sp Braga,0.0,0.0,D,,,,,,,,,,
